ISO-10303-21;
HEADER;
FILE_DESCRIPTION(('KiCad electronic assembly'),'2;1');
FILE_NAME('entrance_remote_pcb.step','2026-09-10T13:52:53',('Pcbnew'),(
    'Kicad'),'Open CASCADE STEP processor 8.0','KiCad to STEP converter'
  ,'Unknown');
FILE_SCHEMA(('AUTOMOTIVE_DESIGN { 1 0 10303 214 1 1 1 1 }'));
ENDSEC;
DATA;
#1 = APPLICATION_PROTOCOL_DEFINITION('international standard',
  'automotive_design',2000,#2);
#2 = APPLICATION_CONTEXT(
  'core data for automotive mechanical design processes');
#3 = SHAPE_DEFINITION_REPRESENTATION(#4,#10);
#4 = PRODUCT_DEFINITION_SHAPE('','',#5);
#5 = PRODUCT_DEFINITION('design','',#6,#9);
#6 = PRODUCT_DEFINITION_FORMATION('','',#7);
#7 = PRODUCT('entrance_remote_pcb 1','entrance_remote_pcb 1','',(#8));
#8 = PRODUCT_CONTEXT('',#2,'mechanical');
#9 = PRODUCT_DEFINITION_CONTEXT('part definition',#2,'design');
#10 = SHAPE_REPRESENTATION('',(#11,#15,#19,#23,#27,#31,#35,#39,#43,#47,
    #51,#55,#59,#63,#67,#71,#75,#79,#83,#87,#91,#95,#99,#103,#107,#111,
    #115,#119,#123,#127,#131,#135,#139,#143,#147),#151);
#11 = AXIS2_PLACEMENT_3D('',#12,#13,#14);
#12 = CARTESIAN_POINT('',(0.,0.,0.));
#13 = DIRECTION('',(0.,0.,1.));
#14 = DIRECTION('',(1.,0.,-0.));
#15 = AXIS2_PLACEMENT_3D('',#16,#17,#18);
#16 = CARTESIAN_POINT('',(35.,19.,1.595));
#17 = DIRECTION('',(0.,0.,1.));
#18 = DIRECTION('',(1.,0.,0.));
#19 = AXIS2_PLACEMENT_3D('',#20,#21,#22);
#20 = CARTESIAN_POINT('',(6.,-12.,1.595));
#21 = DIRECTION('',(0.,0.,1.));
#22 = DIRECTION('',(-1.,1.224646799147E-16,0.));
#23 = AXIS2_PLACEMENT_3D('',#24,#25,#26);
#24 = CARTESIAN_POINT('',(30.5,17.,1.595));
#25 = DIRECTION('',(0.,0.,1.));
#26 = DIRECTION('',(1.,0.,0.));
#27 = AXIS2_PLACEMENT_3D('',#28,#29,#30);
#28 = CARTESIAN_POINT('',(-4.5,-8.,1.595));
#29 = DIRECTION('',(0.,0.,1.));
#30 = DIRECTION('',(1.,0.,0.));
#31 = AXIS2_PLACEMENT_3D('',#32,#33,#34);
#32 = CARTESIAN_POINT('',(6.,-22.,1.595));
#33 = DIRECTION('',(0.,0.,1.));
#34 = DIRECTION('',(-1.,1.224646799147E-16,0.));
#35 = AXIS2_PLACEMENT_3D('',#36,#37,#38);
#36 = CARTESIAN_POINT('',(4.5,-8.,1.595));
#37 = DIRECTION('',(0.,-0.,1.));
#38 = DIRECTION('',(1.110223024625E-16,1.,0.));
#39 = AXIS2_PLACEMENT_3D('',#40,#41,#42);
#40 = CARTESIAN_POINT('',(0.,32.,1.595));
#41 = DIRECTION('',(0.,0.,1.));
#42 = DIRECTION('',(1.,0.,0.));
#43 = AXIS2_PLACEMENT_3D('',#44,#45,#46);
#44 = CARTESIAN_POINT('',(-30.5,21.,1.595));
#45 = DIRECTION('',(0.,0.,1.));
#46 = DIRECTION('',(1.,0.,0.));
#47 = AXIS2_PLACEMENT_3D('',#48,#49,#50);
#48 = CARTESIAN_POINT('',(5.,32.,1.595));
#49 = DIRECTION('',(0.,0.,1.));
#50 = DIRECTION('',(-1.,1.224646799147E-16,0.));
#51 = AXIS2_PLACEMENT_3D('',#52,#53,#54);
#52 = CARTESIAN_POINT('',(-35.,0.,1.595));
#53 = DIRECTION('',(0.,0.,1.));
#54 = DIRECTION('',(-1.,1.224646799147E-16,0.));
#55 = AXIS2_PLACEMENT_3D('',#56,#57,#58);
#56 = CARTESIAN_POINT('',(-12.5,-31.,1.595));
#57 = DIRECTION('',(0.,0.,1.));
#58 = DIRECTION('',(-1.,1.224646799147E-16,0.));
#59 = AXIS2_PLACEMENT_3D('',#60,#61,#62);
#60 = CARTESIAN_POINT('',(-12.5,-35.,1.595));
#61 = DIRECTION('',(0.,0.,1.));
#62 = DIRECTION('',(1.,0.,0.));
#63 = AXIS2_PLACEMENT_3D('',#64,#65,#66);
#64 = CARTESIAN_POINT('',(0.,-8.,1.595));
#65 = DIRECTION('',(-0.,0.,1.));
#66 = DIRECTION('',(1.110223024625E-16,-1.,0.));
#67 = AXIS2_PLACEMENT_3D('',#68,#69,#70);
#68 = CARTESIAN_POINT('',(7.62,4.38,1.595));
#69 = DIRECTION('',(0.,0.,1.));
#70 = DIRECTION('',(-1.,1.224646799147E-16,0.));
#71 = AXIS2_PLACEMENT_3D('',#72,#73,#74);
#72 = CARTESIAN_POINT('',(-17.,-31.,1.595));
#73 = DIRECTION('',(0.,0.,1.));
#74 = DIRECTION('',(-1.,1.224646799147E-16,0.));
#75 = AXIS2_PLACEMENT_3D('',#76,#77,#78);
#76 = CARTESIAN_POINT('',(-5.,32.,1.595));
#77 = DIRECTION('',(0.,0.,1.));
#78 = DIRECTION('',(1.,0.,0.));
#79 = AXIS2_PLACEMENT_3D('',#80,#81,#82);
#80 = CARTESIAN_POINT('',(-7.62,4.38,1.595));
#81 = DIRECTION('',(0.,0.,1.));
#82 = DIRECTION('',(-1.,1.224646799147E-16,0.));
#83 = AXIS2_PLACEMENT_3D('',#84,#85,#86);
#84 = CARTESIAN_POINT('',(-35.,19.,1.595));
#85 = DIRECTION('',(0.,0.,1.));
#86 = DIRECTION('',(-1.,1.224646799147E-16,0.));
#87 = AXIS2_PLACEMENT_3D('',#88,#89,#90);
#88 = CARTESIAN_POINT('',(35.,-19.,1.595));
#89 = DIRECTION('',(0.,0.,1.));
#90 = DIRECTION('',(1.,0.,0.));
#91 = AXIS2_PLACEMENT_3D('',#92,#93,#94);
#92 = CARTESIAN_POINT('',(-30.5,17.,1.595));
#93 = DIRECTION('',(0.,0.,1.));
#94 = DIRECTION('',(-1.,1.224646799147E-16,0.));
#95 = AXIS2_PLACEMENT_3D('',#96,#97,#98);
#96 = CARTESIAN_POINT('',(30.5,-21.,1.595));
#97 = DIRECTION('',(0.,0.,1.));
#98 = DIRECTION('',(1.,0.,0.));
#99 = AXIS2_PLACEMENT_3D('',#100,#101,#102);
#100 = CARTESIAN_POINT('',(35.,0.,1.595));
#101 = DIRECTION('',(0.,0.,1.));
#102 = DIRECTION('',(1.,0.,0.));
#103 = AXIS2_PLACEMENT_3D('',#104,#105,#106);
#104 = CARTESIAN_POINT('',(-30.5,-2.,1.595));
#105 = DIRECTION('',(0.,0.,1.));
#106 = DIRECTION('',(-1.,1.224646799147E-16,0.));
#107 = AXIS2_PLACEMENT_3D('',#108,#109,#110);
#108 = CARTESIAN_POINT('',(30.5,21.,1.595));
#109 = DIRECTION('',(0.,0.,1.));
#110 = DIRECTION('',(-1.,1.224646799147E-16,0.));
#111 = AXIS2_PLACEMENT_3D('',#112,#113,#114);
#112 = CARTESIAN_POINT('',(30.5,-17.,1.595));
#113 = DIRECTION('',(0.,0.,1.));
#114 = DIRECTION('',(-1.,1.224646799147E-16,0.));
#115 = AXIS2_PLACEMENT_3D('',#116,#117,#118);
#116 = CARTESIAN_POINT('',(-17.,-35.,1.595));
#117 = DIRECTION('',(0.,0.,1.));
#118 = DIRECTION('',(1.,0.,0.));
#119 = AXIS2_PLACEMENT_3D('',#120,#121,#122);
#120 = CARTESIAN_POINT('',(-35.,-19.,1.595));
#121 = DIRECTION('',(0.,0.,1.));
#122 = DIRECTION('',(-1.,1.224646799147E-16,0.));
#123 = AXIS2_PLACEMENT_3D('',#124,#125,#126);
#124 = CARTESIAN_POINT('',(6.,-17.,1.595));
#125 = DIRECTION('',(0.,0.,1.));
#126 = DIRECTION('',(1.,0.,0.));
#127 = AXIS2_PLACEMENT_3D('',#128,#129,#130);
#128 = CARTESIAN_POINT('',(30.5,2.,1.595));
#129 = DIRECTION('',(0.,0.,1.));
#130 = DIRECTION('',(-1.,1.224646799147E-16,0.));
#131 = AXIS2_PLACEMENT_3D('',#132,#133,#134);
#132 = CARTESIAN_POINT('',(30.5,-2.,1.595));
#133 = DIRECTION('',(0.,0.,1.));
#134 = DIRECTION('',(1.,0.,0.));
#135 = AXIS2_PLACEMENT_3D('',#136,#137,#138);
#136 = CARTESIAN_POINT('',(-30.5,-17.,1.595));
#137 = DIRECTION('',(0.,0.,1.));
#138 = DIRECTION('',(1.,0.,0.));
#139 = AXIS2_PLACEMENT_3D('',#140,#141,#142);
#140 = CARTESIAN_POINT('',(-30.5,-21.,1.595));
#141 = DIRECTION('',(0.,0.,1.));
#142 = DIRECTION('',(-1.,1.224646799147E-16,0.));
#143 = AXIS2_PLACEMENT_3D('',#144,#145,#146);
#144 = CARTESIAN_POINT('',(-30.5,2.,1.595));
#145 = DIRECTION('',(0.,0.,1.));
#146 = DIRECTION('',(1.,0.,0.));
#147 = AXIS2_PLACEMENT_3D('',#148,#149,#150);
#148 = CARTESIAN_POINT('',(0.,0.,0.));
#149 = DIRECTION('',(0.,0.,1.));
#150 = DIRECTION('',(1.,0.,-0.));
#151 = ( GEOMETRIC_REPRESENTATION_CONTEXT(3) 
GLOBAL_UNCERTAINTY_ASSIGNED_CONTEXT((#155)) GLOBAL_UNIT_ASSIGNED_CONTEXT
((#152,#153,#154)) REPRESENTATION_CONTEXT('Context #1',
  '3D Context with UNIT and UNCERTAINTY') );
#152 = ( LENGTH_UNIT() NAMED_UNIT(*) SI_UNIT(.MILLI.,.METRE.) );
#153 = ( NAMED_UNIT(*) PLANE_ANGLE_UNIT() SI_UNIT($,.RADIAN.) );
#154 = ( NAMED_UNIT(*) SI_UNIT($,.STERADIAN.) SOLID_ANGLE_UNIT() );
#155 = UNCERTAINTY_MEASURE_WITH_UNIT(LENGTH_MEASURE(1.E-07),#152,
  'distance_accuracy_value','confusion accuracy');
#156 = PRODUCT_RELATED_PRODUCT_CATEGORY('part',$,(#7));
#157 = SHAPE_DEFINITION_REPRESENTATION(#158,#164);
#158 = PRODUCT_DEFINITION_SHAPE('','',#159);
#159 = PRODUCT_DEFINITION('design','',#160,#163);
#160 = PRODUCT_DEFINITION_FORMATION('','',#161);
#161 = PRODUCT('D_SOD-123','D_SOD-123','',(#162));
#162 = PRODUCT_CONTEXT('',#2,'mechanical');
#163 = PRODUCT_DEFINITION_CONTEXT('part definition',#2,'design');
#164 = SHAPE_REPRESENTATION('',(#11,#165),#169);
#165 = AXIS2_PLACEMENT_3D('',#166,#167,#168);
#166 = CARTESIAN_POINT('',(0.,0.,0.));
#167 = DIRECTION('',(0.,0.,1.));
#168 = DIRECTION('',(1.,0.,-0.));
#169 = ( GEOMETRIC_REPRESENTATION_CONTEXT(3) 
GLOBAL_UNCERTAINTY_ASSIGNED_CONTEXT((#173)) GLOBAL_UNIT_ASSIGNED_CONTEXT
((#170,#171,#172)) REPRESENTATION_CONTEXT('Context #1',
  '3D Context with UNIT and UNCERTAINTY') );
#170 = ( LENGTH_UNIT() NAMED_UNIT(*) SI_UNIT(.MILLI.,.METRE.) );
#171 = ( NAMED_UNIT(*) PLANE_ANGLE_UNIT() SI_UNIT($,.RADIAN.) );
#172 = ( NAMED_UNIT(*) SI_UNIT($,.STERADIAN.) SOLID_ANGLE_UNIT() );
#173 = UNCERTAINTY_MEASURE_WITH_UNIT(LENGTH_MEASURE(1.E-07),#170,
  'distance_accuracy_value','confusion accuracy');
#174 = CONTEXT_DEPENDENT_SHAPE_REPRESENTATION(#175,#177);
#175 = ( REPRESENTATION_RELATIONSHIP('','',#164,#10) 
REPRESENTATION_RELATIONSHIP_WITH_TRANSFORMATION(#176) 
SHAPE_REPRESENTATION_RELATIONSHIP() );
#176 = ITEM_DEFINED_TRANSFORMATION('','',#11,#15);
#177 = PRODUCT_DEFINITION_SHAPE('Placement','Placement of an item',#178
  );
#178 = NEXT_ASSEMBLY_USAGE_OCCURRENCE('2','D1','',#5,#159,$);
#179 = PRODUCT_RELATED_PRODUCT_CATEGORY('part',$,(#161));
#180 = SHAPE_DEFINITION_REPRESENTATION(#181,#187);
#181 = PRODUCT_DEFINITION_SHAPE('','',#182);
#182 = PRODUCT_DEFINITION('design','',#183,#186);
#183 = PRODUCT_DEFINITION_FORMATION('','',#184);
#184 = PRODUCT('D_SOD-123','D_SOD-123','',(#185));
#185 = PRODUCT_CONTEXT('',#2,'mechanical');
#186 = PRODUCT_DEFINITION_CONTEXT('part definition',#2,'design');
#187 = ADVANCED_BREP_SHAPE_REPRESENTATION('',(#11,#188),#1876);
#188 = MANIFOLD_SOLID_BREP('',#189);
#189 = CLOSED_SHELL('',(#190,#244,#307,#330,#360,#393,#423,#446,#469,
    #492,#515,#538,#571,#594,#617,#705,#780,#804,#872,#960,#976,#992,
    #1008,#1024,#1041,#1074,#1091,#1113,#1144,#1167,#1190,#1213,#1243,
    #1260,#1277,#1294,#1311,#1328,#1345,#1362,#1374,#1397,#1420,#1437,
    #1512,#1536,#1604,#1621,#1671,#1688,#1705,#1722,#1739,#1756,#1768,
    #1799,#1823,#1847,#1864));
#190 = ADVANCED_FACE('',(#191),#239,.F.);
#191 = FACE_BOUND('',#192,.F.);
#192 = EDGE_LOOP('',(#193,#203,#210,#218,#226,#234));
#193 = ORIENTED_EDGE('',*,*,#194,.T.);
#194 = EDGE_CURVE('',#195,#197,#199,.T.);
#195 = VERTEX_POINT('',#196);
#196 = CARTESIAN_POINT('',(-1.308243103516,-0.671621551758,0.1));
#197 = VERTEX_POINT('',#198);
#198 = CARTESIAN_POINT('',(-1.308243103516,0.671621551758,0.1));
#199 = LINE('',#200,#201);
#200 = CARTESIAN_POINT('',(-1.308243103516,-0.671621551758,0.1));
#201 = VECTOR('',#202,1.);
#202 = DIRECTION('',(0.,1.,0.));
#203 = ORIENTED_EDGE('',*,*,#204,.T.);
#204 = EDGE_CURVE('',#197,#205,#207,.T.);
#205 = VERTEX_POINT('',#206);
#206 = CARTESIAN_POINT('',(-1.375,0.705,0.575));
#207 = B_SPLINE_CURVE_WITH_KNOTS('',1,(#208,#209),.UNSPECIFIED.,.F.,.F.,
  (2,2),(0.,1.),.PIECEWISE_BEZIER_KNOTS.);
#208 = CARTESIAN_POINT('',(-1.308243103516,0.671621551758,0.1));
#209 = CARTESIAN_POINT('',(-1.375,0.705,0.575));
#210 = ORIENTED_EDGE('',*,*,#211,.F.);
#211 = EDGE_CURVE('',#212,#205,#214,.T.);
#212 = VERTEX_POINT('',#213);
#213 = CARTESIAN_POINT('',(-1.375,0.325,0.575));
#214 = LINE('',#215,#216);
#215 = CARTESIAN_POINT('',(-1.375,-0.705,0.575));
#216 = VECTOR('',#217,1.);
#217 = DIRECTION('',(0.,1.,0.));
#218 = ORIENTED_EDGE('',*,*,#219,.F.);
#219 = EDGE_CURVE('',#220,#212,#222,.T.);
#220 = VERTEX_POINT('',#221);
#221 = CARTESIAN_POINT('',(-1.375,-0.325,0.575));
#222 = LINE('',#223,#224);
#223 = CARTESIAN_POINT('',(-1.375,-0.325,0.575));
#224 = VECTOR('',#225,1.);
#225 = DIRECTION('',(1.110223024625E-16,1.,0.));
#226 = ORIENTED_EDGE('',*,*,#227,.F.);
#227 = EDGE_CURVE('',#228,#220,#230,.T.);
#228 = VERTEX_POINT('',#229);
#229 = CARTESIAN_POINT('',(-1.375,-0.705,0.575));
#230 = LINE('',#231,#232);
#231 = CARTESIAN_POINT('',(-1.375,-0.705,0.575));
#232 = VECTOR('',#233,1.);
#233 = DIRECTION('',(0.,1.,0.));
#234 = ORIENTED_EDGE('',*,*,#235,.F.);
#235 = EDGE_CURVE('',#195,#228,#236,.T.);
#236 = B_SPLINE_CURVE_WITH_KNOTS('',1,(#237,#238),.UNSPECIFIED.,.F.,.F.,
  (2,2),(0.,1.),.PIECEWISE_BEZIER_KNOTS.);
#237 = CARTESIAN_POINT('',(-1.308243103516,-0.671621551758,0.1));
#238 = CARTESIAN_POINT('',(-1.375,-0.705,0.575));
#239 = B_SPLINE_SURFACE_WITH_KNOTS('',1,1,(
    (#240,#241)
    ,(#242,#243
    )),.UNSPECIFIED.,.F.,.F.,.F.,(2,2),(2,2),(0.,1.41),(0.,1.),
  .PIECEWISE_BEZIER_KNOTS.);
#240 = CARTESIAN_POINT('',(-1.308243103516,-0.671621551758,0.1));
#241 = CARTESIAN_POINT('',(-1.375,-0.705,0.575));
#242 = CARTESIAN_POINT('',(-1.308243103516,0.671621551758,0.1));
#243 = CARTESIAN_POINT('',(-1.375,0.705,0.575));
#244 = ADVANCED_FACE('',(#245),#302,.F.);
#245 = FACE_BOUND('',#246,.T.);
#246 = EDGE_LOOP('',(#247,#248,#256,#264,#272,#280,#288,#296));
#247 = ORIENTED_EDGE('',*,*,#194,.T.);
#248 = ORIENTED_EDGE('',*,*,#249,.T.);
#249 = EDGE_CURVE('',#197,#250,#252,.T.);
#250 = VERTEX_POINT('',#251);
#251 = CARTESIAN_POINT('',(-1.246621551758,0.733243103516,0.1));
#252 = LINE('',#253,#254);
#253 = CARTESIAN_POINT('',(-1.308243103516,0.671621551758,0.1));
#254 = VECTOR('',#255,1.);
#255 = DIRECTION('',(0.707106781187,0.707106781187,0.));
#256 = ORIENTED_EDGE('',*,*,#257,.T.);
#257 = EDGE_CURVE('',#250,#258,#260,.T.);
#258 = VERTEX_POINT('',#259);
#259 = CARTESIAN_POINT('',(1.246621551758,0.733243103516,0.1));
#260 = LINE('',#261,#262);
#261 = CARTESIAN_POINT('',(-1.246621551758,0.733243103516,0.1));
#262 = VECTOR('',#263,1.);
#263 = DIRECTION('',(1.,0.,0.));
#264 = ORIENTED_EDGE('',*,*,#265,.T.);
#265 = EDGE_CURVE('',#258,#266,#268,.T.);
#266 = VERTEX_POINT('',#267);
#267 = CARTESIAN_POINT('',(1.308243103516,0.671621551758,0.1));
#268 = LINE('',#269,#270);
#269 = CARTESIAN_POINT('',(1.246621551758,0.733243103516,0.1));
#270 = VECTOR('',#271,1.);
#271 = DIRECTION('',(0.707106781187,-0.707106781187,0.));
#272 = ORIENTED_EDGE('',*,*,#273,.T.);
#273 = EDGE_CURVE('',#266,#274,#276,.T.);
#274 = VERTEX_POINT('',#275);
#275 = CARTESIAN_POINT('',(1.308243103516,-0.671621551758,0.1));
#276 = LINE('',#277,#278);
#277 = CARTESIAN_POINT('',(1.308243103516,0.671621551758,0.1));
#278 = VECTOR('',#279,1.);
#279 = DIRECTION('',(0.,-1.,0.));
#280 = ORIENTED_EDGE('',*,*,#281,.T.);
#281 = EDGE_CURVE('',#274,#282,#284,.T.);
#282 = VERTEX_POINT('',#283);
#283 = CARTESIAN_POINT('',(1.246621551758,-0.733243103516,0.1));
#284 = LINE('',#285,#286);
#285 = CARTESIAN_POINT('',(1.308243103516,-0.671621551758,0.1));
#286 = VECTOR('',#287,1.);
#287 = DIRECTION('',(-0.707106781187,-0.707106781187,0.));
#288 = ORIENTED_EDGE('',*,*,#289,.T.);
#289 = EDGE_CURVE('',#282,#290,#292,.T.);
#290 = VERTEX_POINT('',#291);
#291 = CARTESIAN_POINT('',(-1.246621551758,-0.733243103516,0.1));
#292 = LINE('',#293,#294);
#293 = CARTESIAN_POINT('',(1.246621551758,-0.733243103516,0.1));
#294 = VECTOR('',#295,1.);
#295 = DIRECTION('',(-1.,0.,0.));
#296 = ORIENTED_EDGE('',*,*,#297,.T.);
#297 = EDGE_CURVE('',#290,#195,#298,.T.);
#298 = LINE('',#299,#300);
#299 = CARTESIAN_POINT('',(-1.246621551758,-0.733243103516,0.1));
#300 = VECTOR('',#301,1.);
#301 = DIRECTION('',(-0.707106781187,0.707106781187,0.));
#302 = PLANE('',#303);
#303 = AXIS2_PLACEMENT_3D('',#304,#305,#306);
#304 = CARTESIAN_POINT('',(-1.308243103516,-0.671621551758,0.1));
#305 = DIRECTION('',(0.,0.,1.));
#306 = DIRECTION('',(0.889616464678,0.456708381546,-0.));
#307 = ADVANCED_FACE('',(#308),#325,.F.);
#308 = FACE_BOUND('',#309,.F.);
#309 = EDGE_LOOP('',(#310,#311,#318,#324));
#310 = ORIENTED_EDGE('',*,*,#249,.T.);
#311 = ORIENTED_EDGE('',*,*,#312,.T.);
#312 = EDGE_CURVE('',#250,#313,#315,.T.);
#313 = VERTEX_POINT('',#314);
#314 = CARTESIAN_POINT('',(-1.28,0.8,0.575));
#315 = B_SPLINE_CURVE_WITH_KNOTS('',1,(#316,#317),.UNSPECIFIED.,.F.,.F.,
  (2,2),(0.,1.),.PIECEWISE_BEZIER_KNOTS.);
#316 = CARTESIAN_POINT('',(-1.246621551758,0.733243103516,0.1));
#317 = CARTESIAN_POINT('',(-1.28,0.8,0.575));
#318 = ORIENTED_EDGE('',*,*,#319,.F.);
#319 = EDGE_CURVE('',#205,#313,#320,.T.);
#320 = LINE('',#321,#322);
#321 = CARTESIAN_POINT('',(-1.375,0.705,0.575));
#322 = VECTOR('',#323,1.);
#323 = DIRECTION('',(0.707106781187,0.707106781187,0.));
#324 = ORIENTED_EDGE('',*,*,#204,.F.);
#325 = B_SPLINE_SURFACE_WITH_KNOTS('',1,1,(
    (#326,#327)
    ,(#328,#329
    )),.UNSPECIFIED.,.F.,.F.,.F.,(2,2),(2,2),(0.,0.134350288425),(0.,1.)
  ,.PIECEWISE_BEZIER_KNOTS.);
#326 = CARTESIAN_POINT('',(-1.308243103516,0.671621551758,0.1));
#327 = CARTESIAN_POINT('',(-1.375,0.705,0.575));
#328 = CARTESIAN_POINT('',(-1.246621551758,0.733243103516,0.1));
#329 = CARTESIAN_POINT('',(-1.28,0.8,0.575));
#330 = ADVANCED_FACE('',(#331),#355,.F.);
#331 = FACE_BOUND('',#332,.F.);
#332 = EDGE_LOOP('',(#333,#340,#341,#349));
#333 = ORIENTED_EDGE('',*,*,#334,.F.);
#334 = EDGE_CURVE('',#228,#335,#337,.T.);
#335 = VERTEX_POINT('',#336);
#336 = CARTESIAN_POINT('',(-1.375,-0.705,0.775));
#337 = B_SPLINE_CURVE_WITH_KNOTS('',1,(#338,#339),.UNSPECIFIED.,.F.,.F.,
  (2,2),(0.,1.),.PIECEWISE_BEZIER_KNOTS.);
#338 = CARTESIAN_POINT('',(-1.375,-0.705,0.575));
#339 = CARTESIAN_POINT('',(-1.375,-0.705,0.775));
#340 = ORIENTED_EDGE('',*,*,#227,.T.);
#341 = ORIENTED_EDGE('',*,*,#342,.T.);
#342 = EDGE_CURVE('',#220,#343,#345,.T.);
#343 = VERTEX_POINT('',#344);
#344 = CARTESIAN_POINT('',(-1.375,-0.325,0.775));
#345 = LINE('',#346,#347);
#346 = CARTESIAN_POINT('',(-1.375,-0.325,0.579830288983));
#347 = VECTOR('',#348,1.);
#348 = DIRECTION('',(0.,0.,1.));
#349 = ORIENTED_EDGE('',*,*,#350,.F.);
#350 = EDGE_CURVE('',#335,#343,#351,.T.);
#351 = LINE('',#352,#353);
#352 = CARTESIAN_POINT('',(-1.375,-0.705,0.775));
#353 = VECTOR('',#354,1.);
#354 = DIRECTION('',(0.,1.,0.));
#355 = PLANE('',#356);
#356 = AXIS2_PLACEMENT_3D('',#357,#358,#359);
#357 = CARTESIAN_POINT('',(-1.375,-0.705,0.775));
#358 = DIRECTION('',(1.,0.,0.));
#359 = DIRECTION('',(-0.,1.,0.));
#360 = ADVANCED_FACE('',(#361),#388,.F.);
#361 = FACE_BOUND('',#362,.F.);
#362 = EDGE_LOOP('',(#363,#364,#373,#381));
#363 = ORIENTED_EDGE('',*,*,#219,.T.);
#364 = ORIENTED_EDGE('',*,*,#365,.T.);
#365 = EDGE_CURVE('',#212,#366,#368,.T.);
#366 = VERTEX_POINT('',#367);
#367 = CARTESIAN_POINT('',(-1.493176930361,0.325,0.47583778132));
#368 = CIRCLE('',#369,0.12);
#369 = AXIS2_PLACEMENT_3D('',#370,#371,#372);
#370 = CARTESIAN_POINT('',(-1.375,0.325,0.455));
#371 = DIRECTION('',(-1.110223024625E-16,-1.,0.));
#372 = DIRECTION('',(9.251858538543E-16,-1.027162637006E-31,1.));
#373 = ORIENTED_EDGE('',*,*,#374,.F.);
#374 = EDGE_CURVE('',#375,#366,#377,.T.);
#375 = VERTEX_POINT('',#376);
#376 = CARTESIAN_POINT('',(-1.493176930361,-0.325,0.47583778132));
#377 = LINE('',#378,#379);
#378 = CARTESIAN_POINT('',(-1.493176930361,-0.325,0.47583778132));
#379 = VECTOR('',#380,1.);
#380 = DIRECTION('',(1.110223024625E-16,1.,0.));
#381 = ORIENTED_EDGE('',*,*,#382,.F.);
#382 = EDGE_CURVE('',#220,#375,#383,.T.);
#383 = CIRCLE('',#384,0.12);
#384 = AXIS2_PLACEMENT_3D('',#385,#386,#387);
#385 = CARTESIAN_POINT('',(-1.375,-0.325,0.455));
#386 = DIRECTION('',(-1.110223024625E-16,-1.,0.));
#387 = DIRECTION('',(9.251858538543E-16,-1.027162637006E-31,1.));
#388 = CYLINDRICAL_SURFACE('',#389,0.12);
#389 = AXIS2_PLACEMENT_3D('',#390,#391,#392);
#390 = CARTESIAN_POINT('',(-1.375,-0.325,0.455));
#391 = DIRECTION('',(-1.110223024625E-16,-1.,0.));
#392 = DIRECTION('',(9.251858538543E-16,-1.027162637006E-31,1.));
#393 = ADVANCED_FACE('',(#394),#418,.F.);
#394 = FACE_BOUND('',#395,.F.);
#395 = EDGE_LOOP('',(#396,#404,#405,#412));
#396 = ORIENTED_EDGE('',*,*,#397,.F.);
#397 = EDGE_CURVE('',#212,#398,#400,.T.);
#398 = VERTEX_POINT('',#399);
#399 = CARTESIAN_POINT('',(-1.375,0.325,0.775));
#400 = LINE('',#401,#402);
#401 = CARTESIAN_POINT('',(-1.375,0.325,0.579830288983));
#402 = VECTOR('',#403,1.);
#403 = DIRECTION('',(0.,0.,1.));
#404 = ORIENTED_EDGE('',*,*,#211,.T.);
#405 = ORIENTED_EDGE('',*,*,#406,.T.);
#406 = EDGE_CURVE('',#205,#407,#409,.T.);
#407 = VERTEX_POINT('',#408);
#408 = CARTESIAN_POINT('',(-1.375,0.705,0.775));
#409 = B_SPLINE_CURVE_WITH_KNOTS('',1,(#410,#411),.UNSPECIFIED.,.F.,.F.,
  (2,2),(0.,1.),.PIECEWISE_BEZIER_KNOTS.);
#410 = CARTESIAN_POINT('',(-1.375,0.705,0.575));
#411 = CARTESIAN_POINT('',(-1.375,0.705,0.775));
#412 = ORIENTED_EDGE('',*,*,#413,.F.);
#413 = EDGE_CURVE('',#398,#407,#414,.T.);
#414 = LINE('',#415,#416);
#415 = CARTESIAN_POINT('',(-1.375,-0.705,0.775));
#416 = VECTOR('',#417,1.);
#417 = DIRECTION('',(0.,1.,0.));
#418 = PLANE('',#419);
#419 = AXIS2_PLACEMENT_3D('',#420,#421,#422);
#420 = CARTESIAN_POINT('',(-1.375,-0.705,0.775));
#421 = DIRECTION('',(1.,0.,0.));
#422 = DIRECTION('',(-0.,1.,0.));
#423 = ADVANCED_FACE('',(#424),#441,.F.);
#424 = FACE_BOUND('',#425,.F.);
#425 = EDGE_LOOP('',(#426,#427,#428,#436));
#426 = ORIENTED_EDGE('',*,*,#297,.T.);
#427 = ORIENTED_EDGE('',*,*,#235,.T.);
#428 = ORIENTED_EDGE('',*,*,#429,.F.);
#429 = EDGE_CURVE('',#430,#228,#432,.T.);
#430 = VERTEX_POINT('',#431);
#431 = CARTESIAN_POINT('',(-1.28,-0.8,0.575));
#432 = LINE('',#433,#434);
#433 = CARTESIAN_POINT('',(-1.28,-0.8,0.575));
#434 = VECTOR('',#435,1.);
#435 = DIRECTION('',(-0.707106781187,0.707106781187,0.));
#436 = ORIENTED_EDGE('',*,*,#437,.F.);
#437 = EDGE_CURVE('',#290,#430,#438,.T.);
#438 = B_SPLINE_CURVE_WITH_KNOTS('',1,(#439,#440),.UNSPECIFIED.,.F.,.F.,
  (2,2),(0.,1.),.PIECEWISE_BEZIER_KNOTS.);
#439 = CARTESIAN_POINT('',(-1.246621551758,-0.733243103516,0.1));
#440 = CARTESIAN_POINT('',(-1.28,-0.8,0.575));
#441 = B_SPLINE_SURFACE_WITH_KNOTS('',1,1,(
    (#442,#443)
    ,(#444,#445
    )),.UNSPECIFIED.,.F.,.F.,.F.,(2,2),(2,2),(0.,0.134350288425),(0.,1.)
  ,.PIECEWISE_BEZIER_KNOTS.);
#442 = CARTESIAN_POINT('',(-1.246621551758,-0.733243103516,0.1));
#443 = CARTESIAN_POINT('',(-1.28,-0.8,0.575));
#444 = CARTESIAN_POINT('',(-1.308243103516,-0.671621551758,0.1));
#445 = CARTESIAN_POINT('',(-1.375,-0.705,0.575));
#446 = ADVANCED_FACE('',(#447),#464,.F.);
#447 = FACE_BOUND('',#448,.F.);
#448 = EDGE_LOOP('',(#449,#450,#451,#459));
#449 = ORIENTED_EDGE('',*,*,#289,.T.);
#450 = ORIENTED_EDGE('',*,*,#437,.T.);
#451 = ORIENTED_EDGE('',*,*,#452,.F.);
#452 = EDGE_CURVE('',#453,#430,#455,.T.);
#453 = VERTEX_POINT('',#454);
#454 = CARTESIAN_POINT('',(1.28,-0.8,0.575));
#455 = LINE('',#456,#457);
#456 = CARTESIAN_POINT('',(1.28,-0.8,0.575));
#457 = VECTOR('',#458,1.);
#458 = DIRECTION('',(-1.,0.,0.));
#459 = ORIENTED_EDGE('',*,*,#460,.F.);
#460 = EDGE_CURVE('',#282,#453,#461,.T.);
#461 = B_SPLINE_CURVE_WITH_KNOTS('',1,(#462,#463),.UNSPECIFIED.,.F.,.F.,
  (2,2),(0.,1.),.PIECEWISE_BEZIER_KNOTS.);
#462 = CARTESIAN_POINT('',(1.246621551758,-0.733243103516,0.1));
#463 = CARTESIAN_POINT('',(1.28,-0.8,0.575));
#464 = B_SPLINE_SURFACE_WITH_KNOTS('',1,1,(
    (#465,#466)
    ,(#467,#468
    )),.UNSPECIFIED.,.F.,.F.,.F.,(2,2),(2,2),(0.,2.56),(0.,1.),
  .PIECEWISE_BEZIER_KNOTS.);
#465 = CARTESIAN_POINT('',(1.246621551758,-0.733243103516,0.1));
#466 = CARTESIAN_POINT('',(1.28,-0.8,0.575));
#467 = CARTESIAN_POINT('',(-1.246621551758,-0.733243103516,0.1));
#468 = CARTESIAN_POINT('',(-1.28,-0.8,0.575));
#469 = ADVANCED_FACE('',(#470),#487,.F.);
#470 = FACE_BOUND('',#471,.F.);
#471 = EDGE_LOOP('',(#472,#473,#480,#486));
#472 = ORIENTED_EDGE('',*,*,#257,.T.);
#473 = ORIENTED_EDGE('',*,*,#474,.T.);
#474 = EDGE_CURVE('',#258,#475,#477,.T.);
#475 = VERTEX_POINT('',#476);
#476 = CARTESIAN_POINT('',(1.28,0.8,0.575));
#477 = B_SPLINE_CURVE_WITH_KNOTS('',1,(#478,#479),.UNSPECIFIED.,.F.,.F.,
  (2,2),(0.,1.),.PIECEWISE_BEZIER_KNOTS.);
#478 = CARTESIAN_POINT('',(1.246621551758,0.733243103516,0.1));
#479 = CARTESIAN_POINT('',(1.28,0.8,0.575));
#480 = ORIENTED_EDGE('',*,*,#481,.F.);
#481 = EDGE_CURVE('',#313,#475,#482,.T.);
#482 = LINE('',#483,#484);
#483 = CARTESIAN_POINT('',(-1.28,0.8,0.575));
#484 = VECTOR('',#485,1.);
#485 = DIRECTION('',(1.,0.,0.));
#486 = ORIENTED_EDGE('',*,*,#312,.F.);
#487 = B_SPLINE_SURFACE_WITH_KNOTS('',1,1,(
    (#488,#489)
    ,(#490,#491
    )),.UNSPECIFIED.,.F.,.F.,.F.,(2,2),(2,2),(0.,2.56),(0.,1.),
  .PIECEWISE_BEZIER_KNOTS.);
#488 = CARTESIAN_POINT('',(-1.246621551758,0.733243103516,0.1));
#489 = CARTESIAN_POINT('',(-1.28,0.8,0.575));
#490 = CARTESIAN_POINT('',(1.246621551758,0.733243103516,0.1));
#491 = CARTESIAN_POINT('',(1.28,0.8,0.575));
#492 = ADVANCED_FACE('',(#493),#510,.F.);
#493 = FACE_BOUND('',#494,.F.);
#494 = EDGE_LOOP('',(#495,#496,#497,#505));
#495 = ORIENTED_EDGE('',*,*,#281,.T.);
#496 = ORIENTED_EDGE('',*,*,#460,.T.);
#497 = ORIENTED_EDGE('',*,*,#498,.F.);
#498 = EDGE_CURVE('',#499,#453,#501,.T.);
#499 = VERTEX_POINT('',#500);
#500 = CARTESIAN_POINT('',(1.375,-0.705,0.575));
#501 = LINE('',#502,#503);
#502 = CARTESIAN_POINT('',(1.375,-0.705,0.575));
#503 = VECTOR('',#504,1.);
#504 = DIRECTION('',(-0.707106781187,-0.707106781187,0.));
#505 = ORIENTED_EDGE('',*,*,#506,.F.);
#506 = EDGE_CURVE('',#274,#499,#507,.T.);
#507 = B_SPLINE_CURVE_WITH_KNOTS('',1,(#508,#509),.UNSPECIFIED.,.F.,.F.,
  (2,2),(0.,1.),.PIECEWISE_BEZIER_KNOTS.);
#508 = CARTESIAN_POINT('',(1.308243103516,-0.671621551758,0.1));
#509 = CARTESIAN_POINT('',(1.375,-0.705,0.575));
#510 = B_SPLINE_SURFACE_WITH_KNOTS('',1,1,(
    (#511,#512)
    ,(#513,#514
    )),.UNSPECIFIED.,.F.,.F.,.F.,(2,2),(2,2),(0.,0.134350288425),(0.,1.)
  ,.PIECEWISE_BEZIER_KNOTS.);
#511 = CARTESIAN_POINT('',(1.308243103516,-0.671621551758,0.1));
#512 = CARTESIAN_POINT('',(1.375,-0.705,0.575));
#513 = CARTESIAN_POINT('',(1.246621551758,-0.733243103516,0.1));
#514 = CARTESIAN_POINT('',(1.28,-0.8,0.575));
#515 = ADVANCED_FACE('',(#516),#533,.F.);
#516 = FACE_BOUND('',#517,.F.);
#517 = EDGE_LOOP('',(#518,#519,#526,#532));
#518 = ORIENTED_EDGE('',*,*,#265,.T.);
#519 = ORIENTED_EDGE('',*,*,#520,.T.);
#520 = EDGE_CURVE('',#266,#521,#523,.T.);
#521 = VERTEX_POINT('',#522);
#522 = CARTESIAN_POINT('',(1.375,0.705,0.575));
#523 = B_SPLINE_CURVE_WITH_KNOTS('',1,(#524,#525),.UNSPECIFIED.,.F.,.F.,
  (2,2),(0.,1.),.PIECEWISE_BEZIER_KNOTS.);
#524 = CARTESIAN_POINT('',(1.308243103516,0.671621551758,0.1));
#525 = CARTESIAN_POINT('',(1.375,0.705,0.575));
#526 = ORIENTED_EDGE('',*,*,#527,.F.);
#527 = EDGE_CURVE('',#475,#521,#528,.T.);
#528 = LINE('',#529,#530);
#529 = CARTESIAN_POINT('',(1.28,0.8,0.575));
#530 = VECTOR('',#531,1.);
#531 = DIRECTION('',(0.707106781187,-0.707106781187,0.));
#532 = ORIENTED_EDGE('',*,*,#474,.F.);
#533 = B_SPLINE_SURFACE_WITH_KNOTS('',1,1,(
    (#534,#535)
    ,(#536,#537
    )),.UNSPECIFIED.,.F.,.F.,.F.,(2,2),(2,2),(0.,0.134350288425),(0.,1.)
  ,.PIECEWISE_BEZIER_KNOTS.);
#534 = CARTESIAN_POINT('',(1.246621551758,0.733243103516,0.1));
#535 = CARTESIAN_POINT('',(1.28,0.8,0.575));
#536 = CARTESIAN_POINT('',(1.308243103516,0.671621551758,0.1));
#537 = CARTESIAN_POINT('',(1.375,0.705,0.575));
#538 = ADVANCED_FACE('',(#539),#566,.F.);
#539 = FACE_BOUND('',#540,.F.);
#540 = EDGE_LOOP('',(#541,#542,#543,#551,#559,#565));
#541 = ORIENTED_EDGE('',*,*,#273,.T.);
#542 = ORIENTED_EDGE('',*,*,#506,.T.);
#543 = ORIENTED_EDGE('',*,*,#544,.F.);
#544 = EDGE_CURVE('',#545,#499,#547,.T.);
#545 = VERTEX_POINT('',#546);
#546 = CARTESIAN_POINT('',(1.375,-0.325,0.575));
#547 = LINE('',#548,#549);
#548 = CARTESIAN_POINT('',(1.375,0.705,0.575));
#549 = VECTOR('',#550,1.);
#550 = DIRECTION('',(0.,-1.,0.));
#551 = ORIENTED_EDGE('',*,*,#552,.F.);
#552 = EDGE_CURVE('',#553,#545,#555,.T.);
#553 = VERTEX_POINT('',#554);
#554 = CARTESIAN_POINT('',(1.375,0.325,0.575));
#555 = LINE('',#556,#557);
#556 = CARTESIAN_POINT('',(1.375,0.325,0.575));
#557 = VECTOR('',#558,1.);
#558 = DIRECTION('',(-2.22044604925E-16,-1.,0.));
#559 = ORIENTED_EDGE('',*,*,#560,.F.);
#560 = EDGE_CURVE('',#521,#553,#561,.T.);
#561 = LINE('',#562,#563);
#562 = CARTESIAN_POINT('',(1.375,0.705,0.575));
#563 = VECTOR('',#564,1.);
#564 = DIRECTION('',(0.,-1.,0.));
#565 = ORIENTED_EDGE('',*,*,#520,.F.);
#566 = B_SPLINE_SURFACE_WITH_KNOTS('',1,1,(
    (#567,#568)
    ,(#569,#570
    )),.UNSPECIFIED.,.F.,.F.,.F.,(2,2),(2,2),(0.,1.41),(0.,1.),
  .PIECEWISE_BEZIER_KNOTS.);
#567 = CARTESIAN_POINT('',(1.308243103516,0.671621551758,0.1));
#568 = CARTESIAN_POINT('',(1.375,0.705,0.575));
#569 = CARTESIAN_POINT('',(1.308243103516,-0.671621551758,0.1));
#570 = CARTESIAN_POINT('',(1.375,-0.705,0.575));
#571 = ADVANCED_FACE('',(#572),#589,.F.);
#572 = FACE_BOUND('',#573,.F.);
#573 = EDGE_LOOP('',(#574,#575,#582,#588));
#574 = ORIENTED_EDGE('',*,*,#319,.T.);
#575 = ORIENTED_EDGE('',*,*,#576,.T.);
#576 = EDGE_CURVE('',#313,#577,#579,.T.);
#577 = VERTEX_POINT('',#578);
#578 = CARTESIAN_POINT('',(-1.28,0.8,0.775));
#579 = B_SPLINE_CURVE_WITH_KNOTS('',1,(#580,#581),.UNSPECIFIED.,.F.,.F.,
  (2,2),(0.,1.),.PIECEWISE_BEZIER_KNOTS.);
#580 = CARTESIAN_POINT('',(-1.28,0.8,0.575));
#581 = CARTESIAN_POINT('',(-1.28,0.8,0.775));
#582 = ORIENTED_EDGE('',*,*,#583,.F.);
#583 = EDGE_CURVE('',#407,#577,#584,.T.);
#584 = LINE('',#585,#586);
#585 = CARTESIAN_POINT('',(-1.375,0.705,0.775));
#586 = VECTOR('',#587,1.);
#587 = DIRECTION('',(0.707106781187,0.707106781187,0.));
#588 = ORIENTED_EDGE('',*,*,#406,.F.);
#589 = PLANE('',#590);
#590 = AXIS2_PLACEMENT_3D('',#591,#592,#593);
#591 = CARTESIAN_POINT('',(-1.375,0.705,0.775));
#592 = DIRECTION('',(0.707106781187,-0.707106781187,0.));
#593 = DIRECTION('',(0.707106781187,0.707106781187,0.));
#594 = ADVANCED_FACE('',(#595),#612,.F.);
#595 = FACE_BOUND('',#596,.F.);
#596 = EDGE_LOOP('',(#597,#598,#599,#607));
#597 = ORIENTED_EDGE('',*,*,#429,.T.);
#598 = ORIENTED_EDGE('',*,*,#334,.T.);
#599 = ORIENTED_EDGE('',*,*,#600,.F.);
#600 = EDGE_CURVE('',#601,#335,#603,.T.);
#601 = VERTEX_POINT('',#602);
#602 = CARTESIAN_POINT('',(-1.28,-0.8,0.775));
#603 = LINE('',#604,#605);
#604 = CARTESIAN_POINT('',(-1.28,-0.8,0.775));
#605 = VECTOR('',#606,1.);
#606 = DIRECTION('',(-0.707106781187,0.707106781187,0.));
#607 = ORIENTED_EDGE('',*,*,#608,.F.);
#608 = EDGE_CURVE('',#430,#601,#609,.T.);
#609 = B_SPLINE_CURVE_WITH_KNOTS('',1,(#610,#611),.UNSPECIFIED.,.F.,.F.,
  (2,2),(0.,1.),.PIECEWISE_BEZIER_KNOTS.);
#610 = CARTESIAN_POINT('',(-1.28,-0.8,0.575));
#611 = CARTESIAN_POINT('',(-1.28,-0.8,0.775));
#612 = PLANE('',#613);
#613 = AXIS2_PLACEMENT_3D('',#614,#615,#616);
#614 = CARTESIAN_POINT('',(-1.28,-0.8,0.775));
#615 = DIRECTION('',(0.707106781187,0.707106781187,0.));
#616 = DIRECTION('',(-0.707106781187,0.707106781187,0.));
#617 = ADVANCED_FACE('',(#618),#700,.F.);
#618 = FACE_BOUND('',#619,.F.);
#619 = EDGE_LOOP('',(#620,#621,#622,#630,#638,#646,#654,#662,#670,#678,
    #686,#694));
#620 = ORIENTED_EDGE('',*,*,#600,.T.);
#621 = ORIENTED_EDGE('',*,*,#350,.T.);
#622 = ORIENTED_EDGE('',*,*,#623,.T.);
#623 = EDGE_CURVE('',#343,#624,#626,.T.);
#624 = VERTEX_POINT('',#625);
#625 = CARTESIAN_POINT('',(-1.35,-0.325,0.775));
#626 = LINE('',#627,#628);
#627 = CARTESIAN_POINT('',(-1.375,-0.325,0.775));
#628 = VECTOR('',#629,1.);
#629 = DIRECTION('',(1.,-1.110223024625E-16,0.));
#630 = ORIENTED_EDGE('',*,*,#631,.F.);
#631 = EDGE_CURVE('',#632,#624,#634,.T.);
#632 = VERTEX_POINT('',#633);
#633 = CARTESIAN_POINT('',(-1.35,-0.6925,0.775));
#634 = LINE('',#635,#636);
#635 = CARTESIAN_POINT('',(-1.35,-0.6925,0.775));
#636 = VECTOR('',#637,1.);
#637 = DIRECTION('',(0.,1.,0.));
#638 = ORIENTED_EDGE('',*,*,#639,.F.);
#639 = EDGE_CURVE('',#640,#632,#642,.T.);
#640 = VERTEX_POINT('',#641);
#641 = CARTESIAN_POINT('',(-1.2675,-0.775,0.775));
#642 = LINE('',#643,#644);
#643 = CARTESIAN_POINT('',(-1.2675,-0.775,0.775));
#644 = VECTOR('',#645,1.);
#645 = DIRECTION('',(-0.707106781187,0.707106781187,0.));
#646 = ORIENTED_EDGE('',*,*,#647,.F.);
#647 = EDGE_CURVE('',#648,#640,#650,.T.);
#648 = VERTEX_POINT('',#649);
#649 = CARTESIAN_POINT('',(1.2675,-0.775,0.775));
#650 = LINE('',#651,#652);
#651 = CARTESIAN_POINT('',(1.2675,-0.775,0.775));
#652 = VECTOR('',#653,1.);
#653 = DIRECTION('',(-1.,0.,0.));
#654 = ORIENTED_EDGE('',*,*,#655,.F.);
#655 = EDGE_CURVE('',#656,#648,#658,.T.);
#656 = VERTEX_POINT('',#657);
#657 = CARTESIAN_POINT('',(1.35,-0.6925,0.775));
#658 = LINE('',#659,#660);
#659 = CARTESIAN_POINT('',(1.35,-0.6925,0.775));
#660 = VECTOR('',#661,1.);
#661 = DIRECTION('',(-0.707106781187,-0.707106781187,0.));
#662 = ORIENTED_EDGE('',*,*,#663,.F.);
#663 = EDGE_CURVE('',#664,#656,#666,.T.);
#664 = VERTEX_POINT('',#665);
#665 = CARTESIAN_POINT('',(1.35,-0.325,0.775));
#666 = LINE('',#667,#668);
#667 = CARTESIAN_POINT('',(1.35,0.6925,0.775));
#668 = VECTOR('',#669,1.);
#669 = DIRECTION('',(0.,-1.,0.));
#670 = ORIENTED_EDGE('',*,*,#671,.F.);
#671 = EDGE_CURVE('',#672,#664,#674,.T.);
#672 = VERTEX_POINT('',#673);
#673 = CARTESIAN_POINT('',(1.375,-0.325,0.775));
#674 = LINE('',#675,#676);
#675 = CARTESIAN_POINT('',(1.375,-0.325,0.775));
#676 = VECTOR('',#677,1.);
#677 = DIRECTION('',(-1.,2.22044604925E-16,0.));
#678 = ORIENTED_EDGE('',*,*,#679,.T.);
#679 = EDGE_CURVE('',#672,#680,#682,.T.);
#680 = VERTEX_POINT('',#681);
#681 = CARTESIAN_POINT('',(1.375,-0.705,0.775));
#682 = LINE('',#683,#684);
#683 = CARTESIAN_POINT('',(1.375,0.705,0.775));
#684 = VECTOR('',#685,1.);
#685 = DIRECTION('',(0.,-1.,0.));
#686 = ORIENTED_EDGE('',*,*,#687,.T.);
#687 = EDGE_CURVE('',#680,#688,#690,.T.);
#688 = VERTEX_POINT('',#689);
#689 = CARTESIAN_POINT('',(1.28,-0.8,0.775));
#690 = LINE('',#691,#692);
#691 = CARTESIAN_POINT('',(1.375,-0.705,0.775));
#692 = VECTOR('',#693,1.);
#693 = DIRECTION('',(-0.707106781187,-0.707106781187,0.));
#694 = ORIENTED_EDGE('',*,*,#695,.T.);
#695 = EDGE_CURVE('',#688,#601,#696,.T.);
#696 = LINE('',#697,#698);
#697 = CARTESIAN_POINT('',(1.28,-0.8,0.775));
#698 = VECTOR('',#699,1.);
#699 = DIRECTION('',(-1.,0.,0.));
#700 = PLANE('',#701);
#701 = AXIS2_PLACEMENT_3D('',#702,#703,#704);
#702 = CARTESIAN_POINT('',(-1.3625,-4.954714324773E-17,0.775));
#703 = DIRECTION('',(-7.340317518656E-17,9.85275154485E-18,-1.));
#704 = DIRECTION('',(7.342878714278E-20,1.,9.85275154485E-18));
#705 = ADVANCED_FACE('',(#706),#775,.F.);
#706 = FACE_BOUND('',#707,.F.);
#707 = EDGE_LOOP('',(#708,#709,#710,#718,#727,#735,#743,#751,#760,#768)
  );
#708 = ORIENTED_EDGE('',*,*,#342,.F.);
#709 = ORIENTED_EDGE('',*,*,#382,.T.);
#710 = ORIENTED_EDGE('',*,*,#711,.T.);
#711 = EDGE_CURVE('',#375,#712,#714,.T.);
#712 = VERTEX_POINT('',#713);
#713 = CARTESIAN_POINT('',(-1.523665661432,-0.325,0.264432583147));
#714 = LINE('',#715,#716);
#715 = CARTESIAN_POINT('',(-1.493176930361,-0.325,0.47583778132));
#716 = VECTOR('',#717,1.);
#717 = DIRECTION('',(-0.142742572604,1.584760906992E-17,-0.989759848633)
  );
#718 = ORIENTED_EDGE('',*,*,#719,.T.);
#719 = EDGE_CURVE('',#712,#720,#722,.T.);
#720 = VERTEX_POINT('',#721);
#721 = CARTESIAN_POINT('',(-1.838804142396,-0.325,-5.551115123126E-17));
#722 = CIRCLE('',#723,0.32);
#723 = AXIS2_PLACEMENT_3D('',#724,#725,#726);
#724 = CARTESIAN_POINT('',(-1.838804142396,-0.325,0.32));
#725 = DIRECTION('',(1.110223024625E-16,1.,0.));
#726 = DIRECTION('',(0.984807753012,-1.093356242223E-16,-0.173648177667)
  );
#727 = ORIENTED_EDGE('',*,*,#728,.T.);
#728 = EDGE_CURVE('',#720,#729,#731,.T.);
#729 = VERTEX_POINT('',#730);
#730 = CARTESIAN_POINT('',(-1.9,-0.325,-5.551115123126E-17));
#731 = LINE('',#732,#733);
#732 = CARTESIAN_POINT('',(-1.838804142396,-0.325,-5.551115123126E-17));
#733 = VECTOR('',#734,1.);
#734 = DIRECTION('',(-1.,1.110223024625E-16,0.));
#735 = ORIENTED_EDGE('',*,*,#736,.T.);
#736 = EDGE_CURVE('',#729,#737,#739,.T.);
#737 = VERTEX_POINT('',#738);
#738 = CARTESIAN_POINT('',(-1.9,-0.325,0.2));
#739 = LINE('',#740,#741);
#740 = CARTESIAN_POINT('',(-1.9,-0.325,-5.551115123126E-17));
#741 = VECTOR('',#742,1.);
#742 = DIRECTION('',(0.,0.,1.));
#743 = ORIENTED_EDGE('',*,*,#744,.T.);
#744 = EDGE_CURVE('',#737,#745,#747,.T.);
#745 = VERTEX_POINT('',#746);
#746 = CARTESIAN_POINT('',(-1.838804142396,-0.325,0.2));
#747 = LINE('',#748,#749);
#748 = CARTESIAN_POINT('',(-1.9,-0.325,0.2));
#749 = VECTOR('',#750,1.);
#750 = DIRECTION('',(1.,-1.110223024625E-16,0.));
#751 = ORIENTED_EDGE('',*,*,#752,.T.);
#752 = EDGE_CURVE('',#745,#753,#755,.T.);
#753 = VERTEX_POINT('',#754);
#754 = CARTESIAN_POINT('',(-1.720627212034,-0.325,0.29916221868));
#755 = CIRCLE('',#756,0.12);
#756 = AXIS2_PLACEMENT_3D('',#757,#758,#759);
#757 = CARTESIAN_POINT('',(-1.838804142396,-0.325,0.32));
#758 = DIRECTION('',(-1.110223024625E-16,-1.,0.));
#759 = DIRECTION('',(1.850371707709E-15,-2.054325274013E-31,-1.));
#760 = ORIENTED_EDGE('',*,*,#761,.T.);
#761 = EDGE_CURVE('',#753,#762,#764,.T.);
#762 = VERTEX_POINT('',#763);
#763 = CARTESIAN_POINT('',(-1.690138480964,-0.325,0.510567416853));
#764 = LINE('',#765,#766);
#765 = CARTESIAN_POINT('',(-1.720627212034,-0.325,0.29916221868));
#766 = VECTOR('',#767,1.);
#767 = DIRECTION('',(0.142742572604,-1.584760906992E-17,0.989759848633)
  );
#768 = ORIENTED_EDGE('',*,*,#769,.T.);
#769 = EDGE_CURVE('',#762,#343,#770,.T.);
#770 = CIRCLE('',#771,0.32);
#771 = AXIS2_PLACEMENT_3D('',#772,#773,#774);
#772 = CARTESIAN_POINT('',(-1.375,-0.325,0.455));
#773 = DIRECTION('',(1.110223024625E-16,1.,0.));
#774 = DIRECTION('',(-0.984807753012,1.093356242223E-16,0.173648177667)
  );
#775 = PLANE('',#776);
#776 = AXIS2_PLACEMENT_3D('',#777,#778,#779);
#777 = CARTESIAN_POINT('',(-1.610729118287,-0.325,0.384660577966));
#778 = DIRECTION('',(1.110223024625E-16,1.,0.));
#779 = DIRECTION('',(0.,-0.,1.));
#780 = ADVANCED_FACE('',(#781),#799,.F.);
#781 = FACE_BOUND('',#782,.F.);
#782 = EDGE_LOOP('',(#783,#784,#792,#798));
#783 = ORIENTED_EDGE('',*,*,#374,.T.);
#784 = ORIENTED_EDGE('',*,*,#785,.T.);
#785 = EDGE_CURVE('',#366,#786,#788,.T.);
#786 = VERTEX_POINT('',#787);
#787 = CARTESIAN_POINT('',(-1.523665661432,0.325,0.264432583147));
#788 = LINE('',#789,#790);
#789 = CARTESIAN_POINT('',(-1.493176930361,0.325,0.47583778132));
#790 = VECTOR('',#791,1.);
#791 = DIRECTION('',(-0.142742572604,1.584760906992E-17,-0.989759848633)
  );
#792 = ORIENTED_EDGE('',*,*,#793,.F.);
#793 = EDGE_CURVE('',#712,#786,#794,.T.);
#794 = LINE('',#795,#796);
#795 = CARTESIAN_POINT('',(-1.523665661432,-0.325,0.264432583147));
#796 = VECTOR('',#797,1.);
#797 = DIRECTION('',(1.110223024625E-16,1.,0.));
#798 = ORIENTED_EDGE('',*,*,#711,.F.);
#799 = PLANE('',#800);
#800 = AXIS2_PLACEMENT_3D('',#801,#802,#803);
#801 = CARTESIAN_POINT('',(-1.493176930361,-0.325,0.47583778132));
#802 = DIRECTION('',(-0.989759848633,1.098854172802E-16,0.142742572604)
  );
#803 = DIRECTION('',(-0.142742572604,1.584760906992E-17,-0.989759848633)
  );
#804 = ADVANCED_FACE('',(#805),#867,.T.);
#805 = FACE_BOUND('',#806,.T.);
#806 = EDGE_LOOP('',(#807,#808,#809,#810,#819,#827,#835,#843,#852,#860)
  );
#807 = ORIENTED_EDGE('',*,*,#397,.F.);
#808 = ORIENTED_EDGE('',*,*,#365,.T.);
#809 = ORIENTED_EDGE('',*,*,#785,.T.);
#810 = ORIENTED_EDGE('',*,*,#811,.T.);
#811 = EDGE_CURVE('',#786,#812,#814,.T.);
#812 = VERTEX_POINT('',#813);
#813 = CARTESIAN_POINT('',(-1.838804142396,0.325,-5.551115123126E-17));
#814 = CIRCLE('',#815,0.32);
#815 = AXIS2_PLACEMENT_3D('',#816,#817,#818);
#816 = CARTESIAN_POINT('',(-1.838804142396,0.325,0.32));
#817 = DIRECTION('',(1.110223024625E-16,1.,0.));
#818 = DIRECTION('',(0.984807753012,-1.093356242223E-16,-0.173648177667)
  );
#819 = ORIENTED_EDGE('',*,*,#820,.T.);
#820 = EDGE_CURVE('',#812,#821,#823,.T.);
#821 = VERTEX_POINT('',#822);
#822 = CARTESIAN_POINT('',(-1.9,0.325,-5.551115123126E-17));
#823 = LINE('',#824,#825);
#824 = CARTESIAN_POINT('',(-1.838804142396,0.325,-5.551115123126E-17));
#825 = VECTOR('',#826,1.);
#826 = DIRECTION('',(-1.,1.110223024625E-16,0.));
#827 = ORIENTED_EDGE('',*,*,#828,.T.);
#828 = EDGE_CURVE('',#821,#829,#831,.T.);
#829 = VERTEX_POINT('',#830);
#830 = CARTESIAN_POINT('',(-1.9,0.325,0.2));
#831 = LINE('',#832,#833);
#832 = CARTESIAN_POINT('',(-1.9,0.325,-5.551115123126E-17));
#833 = VECTOR('',#834,1.);
#834 = DIRECTION('',(0.,0.,1.));
#835 = ORIENTED_EDGE('',*,*,#836,.T.);
#836 = EDGE_CURVE('',#829,#837,#839,.T.);
#837 = VERTEX_POINT('',#838);
#838 = CARTESIAN_POINT('',(-1.838804142396,0.325,0.2));
#839 = LINE('',#840,#841);
#840 = CARTESIAN_POINT('',(-1.9,0.325,0.2));
#841 = VECTOR('',#842,1.);
#842 = DIRECTION('',(1.,-1.110223024625E-16,0.));
#843 = ORIENTED_EDGE('',*,*,#844,.T.);
#844 = EDGE_CURVE('',#837,#845,#847,.T.);
#845 = VERTEX_POINT('',#846);
#846 = CARTESIAN_POINT('',(-1.720627212034,0.325,0.29916221868));
#847 = CIRCLE('',#848,0.12);
#848 = AXIS2_PLACEMENT_3D('',#849,#850,#851);
#849 = CARTESIAN_POINT('',(-1.838804142396,0.325,0.32));
#850 = DIRECTION('',(-1.110223024625E-16,-1.,0.));
#851 = DIRECTION('',(1.850371707709E-15,-2.054325274013E-31,-1.));
#852 = ORIENTED_EDGE('',*,*,#853,.T.);
#853 = EDGE_CURVE('',#845,#854,#856,.T.);
#854 = VERTEX_POINT('',#855);
#855 = CARTESIAN_POINT('',(-1.690138480964,0.325,0.510567416853));
#856 = LINE('',#857,#858);
#857 = CARTESIAN_POINT('',(-1.720627212034,0.325,0.29916221868));
#858 = VECTOR('',#859,1.);
#859 = DIRECTION('',(0.142742572604,-1.584760906992E-17,0.989759848633)
  );
#860 = ORIENTED_EDGE('',*,*,#861,.T.);
#861 = EDGE_CURVE('',#854,#398,#862,.T.);
#862 = CIRCLE('',#863,0.32);
#863 = AXIS2_PLACEMENT_3D('',#864,#865,#866);
#864 = CARTESIAN_POINT('',(-1.375,0.325,0.455));
#865 = DIRECTION('',(1.110223024625E-16,1.,0.));
#866 = DIRECTION('',(-0.984807753012,1.093356242223E-16,0.173648177667)
  );
#867 = PLANE('',#868);
#868 = AXIS2_PLACEMENT_3D('',#869,#870,#871);
#869 = CARTESIAN_POINT('',(-1.610729118287,0.325,0.384660577966));
#870 = DIRECTION('',(1.110223024625E-16,1.,0.));
#871 = DIRECTION('',(0.,-0.,1.));
#872 = ADVANCED_FACE('',(#873),#955,.F.);
#873 = FACE_BOUND('',#874,.F.);
#874 = EDGE_LOOP('',(#875,#883,#884,#885,#893,#901,#909,#917,#925,#933,
    #941,#949));
#875 = ORIENTED_EDGE('',*,*,#876,.F.);
#876 = EDGE_CURVE('',#398,#877,#879,.T.);
#877 = VERTEX_POINT('',#878);
#878 = CARTESIAN_POINT('',(-1.35,0.325,0.775));
#879 = LINE('',#880,#881);
#880 = CARTESIAN_POINT('',(-1.375,0.325,0.775));
#881 = VECTOR('',#882,1.);
#882 = DIRECTION('',(1.,-1.110223024625E-16,0.));
#883 = ORIENTED_EDGE('',*,*,#413,.T.);
#884 = ORIENTED_EDGE('',*,*,#583,.T.);
#885 = ORIENTED_EDGE('',*,*,#886,.T.);
#886 = EDGE_CURVE('',#577,#887,#889,.T.);
#887 = VERTEX_POINT('',#888);
#888 = CARTESIAN_POINT('',(1.28,0.8,0.775));
#889 = LINE('',#890,#891);
#890 = CARTESIAN_POINT('',(-1.28,0.8,0.775));
#891 = VECTOR('',#892,1.);
#892 = DIRECTION('',(1.,0.,0.));
#893 = ORIENTED_EDGE('',*,*,#894,.T.);
#894 = EDGE_CURVE('',#887,#895,#897,.T.);
#895 = VERTEX_POINT('',#896);
#896 = CARTESIAN_POINT('',(1.375,0.705,0.775));
#897 = LINE('',#898,#899);
#898 = CARTESIAN_POINT('',(1.28,0.8,0.775));
#899 = VECTOR('',#900,1.);
#900 = DIRECTION('',(0.707106781187,-0.707106781187,0.));
#901 = ORIENTED_EDGE('',*,*,#902,.T.);
#902 = EDGE_CURVE('',#895,#903,#905,.T.);
#903 = VERTEX_POINT('',#904);
#904 = CARTESIAN_POINT('',(1.375,0.325,0.775));
#905 = LINE('',#906,#907);
#906 = CARTESIAN_POINT('',(1.375,0.705,0.775));
#907 = VECTOR('',#908,1.);
#908 = DIRECTION('',(0.,-1.,0.));
#909 = ORIENTED_EDGE('',*,*,#910,.T.);
#910 = EDGE_CURVE('',#903,#911,#913,.T.);
#911 = VERTEX_POINT('',#912);
#912 = CARTESIAN_POINT('',(1.35,0.325,0.775));
#913 = LINE('',#914,#915);
#914 = CARTESIAN_POINT('',(1.375,0.325,0.775));
#915 = VECTOR('',#916,1.);
#916 = DIRECTION('',(-1.,2.22044604925E-16,0.));
#917 = ORIENTED_EDGE('',*,*,#918,.F.);
#918 = EDGE_CURVE('',#919,#911,#921,.T.);
#919 = VERTEX_POINT('',#920);
#920 = CARTESIAN_POINT('',(1.35,0.6925,0.775));
#921 = LINE('',#922,#923);
#922 = CARTESIAN_POINT('',(1.35,0.6925,0.775));
#923 = VECTOR('',#924,1.);
#924 = DIRECTION('',(0.,-1.,0.));
#925 = ORIENTED_EDGE('',*,*,#926,.F.);
#926 = EDGE_CURVE('',#927,#919,#929,.T.);
#927 = VERTEX_POINT('',#928);
#928 = CARTESIAN_POINT('',(1.2675,0.775,0.775));
#929 = LINE('',#930,#931);
#930 = CARTESIAN_POINT('',(1.2675,0.775,0.775));
#931 = VECTOR('',#932,1.);
#932 = DIRECTION('',(0.707106781187,-0.707106781187,0.));
#933 = ORIENTED_EDGE('',*,*,#934,.F.);
#934 = EDGE_CURVE('',#935,#927,#937,.T.);
#935 = VERTEX_POINT('',#936);
#936 = CARTESIAN_POINT('',(-1.2675,0.775,0.775));
#937 = LINE('',#938,#939);
#938 = CARTESIAN_POINT('',(-1.2675,0.775,0.775));
#939 = VECTOR('',#940,1.);
#940 = DIRECTION('',(1.,0.,0.));
#941 = ORIENTED_EDGE('',*,*,#942,.F.);
#942 = EDGE_CURVE('',#943,#935,#945,.T.);
#943 = VERTEX_POINT('',#944);
#944 = CARTESIAN_POINT('',(-1.35,0.6925,0.775));
#945 = LINE('',#946,#947);
#946 = CARTESIAN_POINT('',(-1.35,0.6925,0.775));
#947 = VECTOR('',#948,1.);
#948 = DIRECTION('',(0.707106781187,0.707106781187,0.));
#949 = ORIENTED_EDGE('',*,*,#950,.F.);
#950 = EDGE_CURVE('',#877,#943,#951,.T.);
#951 = LINE('',#952,#953);
#952 = CARTESIAN_POINT('',(-1.35,-0.6925,0.775));
#953 = VECTOR('',#954,1.);
#954 = DIRECTION('',(0.,1.,0.));
#955 = PLANE('',#956);
#956 = AXIS2_PLACEMENT_3D('',#957,#958,#959);
#957 = CARTESIAN_POINT('',(-1.3625,-4.954714324773E-17,0.775));
#958 = DIRECTION('',(-7.340317518656E-17,9.85275154485E-18,-1.));
#959 = DIRECTION('',(7.342878714278E-20,1.,9.85275154485E-18));
#960 = ADVANCED_FACE('',(#961),#971,.F.);
#961 = FACE_BOUND('',#962,.F.);
#962 = EDGE_LOOP('',(#963,#964,#965,#966));
#963 = ORIENTED_EDGE('',*,*,#452,.T.);
#964 = ORIENTED_EDGE('',*,*,#608,.T.);
#965 = ORIENTED_EDGE('',*,*,#695,.F.);
#966 = ORIENTED_EDGE('',*,*,#967,.F.);
#967 = EDGE_CURVE('',#453,#688,#968,.T.);
#968 = B_SPLINE_CURVE_WITH_KNOTS('',1,(#969,#970),.UNSPECIFIED.,.F.,.F.,
  (2,2),(0.,1.),.PIECEWISE_BEZIER_KNOTS.);
#969 = CARTESIAN_POINT('',(1.28,-0.8,0.575));
#970 = CARTESIAN_POINT('',(1.28,-0.8,0.775));
#971 = PLANE('',#972);
#972 = AXIS2_PLACEMENT_3D('',#973,#974,#975);
#973 = CARTESIAN_POINT('',(1.28,-0.8,0.775));
#974 = DIRECTION('',(0.,1.,0.));
#975 = DIRECTION('',(-1.,0.,0.));
#976 = ADVANCED_FACE('',(#977),#987,.F.);
#977 = FACE_BOUND('',#978,.F.);
#978 = EDGE_LOOP('',(#979,#980,#985,#986));
#979 = ORIENTED_EDGE('',*,*,#481,.T.);
#980 = ORIENTED_EDGE('',*,*,#981,.T.);
#981 = EDGE_CURVE('',#475,#887,#982,.T.);
#982 = B_SPLINE_CURVE_WITH_KNOTS('',1,(#983,#984),.UNSPECIFIED.,.F.,.F.,
  (2,2),(0.,1.),.PIECEWISE_BEZIER_KNOTS.);
#983 = CARTESIAN_POINT('',(1.28,0.8,0.575));
#984 = CARTESIAN_POINT('',(1.28,0.8,0.775));
#985 = ORIENTED_EDGE('',*,*,#886,.F.);
#986 = ORIENTED_EDGE('',*,*,#576,.F.);
#987 = PLANE('',#988);
#988 = AXIS2_PLACEMENT_3D('',#989,#990,#991);
#989 = CARTESIAN_POINT('',(-1.28,0.8,0.775));
#990 = DIRECTION('',(0.,-1.,0.));
#991 = DIRECTION('',(1.,0.,0.));
#992 = ADVANCED_FACE('',(#993),#1003,.F.);
#993 = FACE_BOUND('',#994,.F.);
#994 = EDGE_LOOP('',(#995,#996,#997,#998));
#995 = ORIENTED_EDGE('',*,*,#498,.T.);
#996 = ORIENTED_EDGE('',*,*,#967,.T.);
#997 = ORIENTED_EDGE('',*,*,#687,.F.);
#998 = ORIENTED_EDGE('',*,*,#999,.F.);
#999 = EDGE_CURVE('',#499,#680,#1000,.T.);
#1000 = B_SPLINE_CURVE_WITH_KNOTS('',1,(#1001,#1002),.UNSPECIFIED.,.F.,
  .F.,(2,2),(0.,1.),.PIECEWISE_BEZIER_KNOTS.);
#1001 = CARTESIAN_POINT('',(1.375,-0.705,0.575));
#1002 = CARTESIAN_POINT('',(1.375,-0.705,0.775));
#1003 = PLANE('',#1004);
#1004 = AXIS2_PLACEMENT_3D('',#1005,#1006,#1007);
#1005 = CARTESIAN_POINT('',(1.375,-0.705,0.775));
#1006 = DIRECTION('',(-0.707106781187,0.707106781187,0.));
#1007 = DIRECTION('',(-0.707106781187,-0.707106781187,0.));
#1008 = ADVANCED_FACE('',(#1009),#1019,.F.);
#1009 = FACE_BOUND('',#1010,.F.);
#1010 = EDGE_LOOP('',(#1011,#1012,#1017,#1018));
#1011 = ORIENTED_EDGE('',*,*,#527,.T.);
#1012 = ORIENTED_EDGE('',*,*,#1013,.T.);
#1013 = EDGE_CURVE('',#521,#895,#1014,.T.);
#1014 = B_SPLINE_CURVE_WITH_KNOTS('',1,(#1015,#1016),.UNSPECIFIED.,.F.,
  .F.,(2,2),(0.,1.),.PIECEWISE_BEZIER_KNOTS.);
#1015 = CARTESIAN_POINT('',(1.375,0.705,0.575));
#1016 = CARTESIAN_POINT('',(1.375,0.705,0.775));
#1017 = ORIENTED_EDGE('',*,*,#894,.F.);
#1018 = ORIENTED_EDGE('',*,*,#981,.F.);
#1019 = PLANE('',#1020);
#1020 = AXIS2_PLACEMENT_3D('',#1021,#1022,#1023);
#1021 = CARTESIAN_POINT('',(1.28,0.8,0.775));
#1022 = DIRECTION('',(-0.707106781187,-0.707106781187,0.));
#1023 = DIRECTION('',(0.707106781187,-0.707106781187,0.));
#1024 = ADVANCED_FACE('',(#1025),#1036,.F.);
#1025 = FACE_BOUND('',#1026,.F.);
#1026 = EDGE_LOOP('',(#1027,#1028,#1029,#1035));
#1027 = ORIENTED_EDGE('',*,*,#1013,.F.);
#1028 = ORIENTED_EDGE('',*,*,#560,.T.);
#1029 = ORIENTED_EDGE('',*,*,#1030,.T.);
#1030 = EDGE_CURVE('',#553,#903,#1031,.T.);
#1031 = LINE('',#1032,#1033);
#1032 = CARTESIAN_POINT('',(1.375,0.325,0.579830288983));
#1033 = VECTOR('',#1034,1.);
#1034 = DIRECTION('',(0.,0.,1.));
#1035 = ORIENTED_EDGE('',*,*,#902,.F.);
#1036 = PLANE('',#1037);
#1037 = AXIS2_PLACEMENT_3D('',#1038,#1039,#1040);
#1038 = CARTESIAN_POINT('',(1.375,0.705,0.775));
#1039 = DIRECTION('',(-1.,0.,0.));
#1040 = DIRECTION('',(0.,-1.,0.));
#1041 = ADVANCED_FACE('',(#1042),#1069,.F.);
#1042 = FACE_BOUND('',#1043,.F.);
#1043 = EDGE_LOOP('',(#1044,#1045,#1054,#1062));
#1044 = ORIENTED_EDGE('',*,*,#552,.T.);
#1045 = ORIENTED_EDGE('',*,*,#1046,.T.);
#1046 = EDGE_CURVE('',#545,#1047,#1049,.T.);
#1047 = VERTEX_POINT('',#1048);
#1048 = CARTESIAN_POINT('',(1.493176930361,-0.325,0.47583778132));
#1049 = CIRCLE('',#1050,0.12);
#1050 = AXIS2_PLACEMENT_3D('',#1051,#1052,#1053);
#1051 = CARTESIAN_POINT('',(1.375,-0.325,0.455));
#1052 = DIRECTION('',(2.22044604925E-16,1.,0.));
#1053 = DIRECTION('',(-9.251858538543E-16,2.054325274013E-31,1.));
#1054 = ORIENTED_EDGE('',*,*,#1055,.F.);
#1055 = EDGE_CURVE('',#1056,#1047,#1058,.T.);
#1056 = VERTEX_POINT('',#1057);
#1057 = CARTESIAN_POINT('',(1.493176930361,0.325,0.47583778132));
#1058 = LINE('',#1059,#1060);
#1059 = CARTESIAN_POINT('',(1.493176930361,0.325,0.47583778132));
#1060 = VECTOR('',#1061,1.);
#1061 = DIRECTION('',(-2.22044604925E-16,-1.,0.));
#1062 = ORIENTED_EDGE('',*,*,#1063,.F.);
#1063 = EDGE_CURVE('',#553,#1056,#1064,.T.);
#1064 = CIRCLE('',#1065,0.12);
#1065 = AXIS2_PLACEMENT_3D('',#1066,#1067,#1068);
#1066 = CARTESIAN_POINT('',(1.375,0.325,0.455));
#1067 = DIRECTION('',(2.22044604925E-16,1.,0.));
#1068 = DIRECTION('',(-9.251858538543E-16,2.054325274013E-31,1.));
#1069 = CYLINDRICAL_SURFACE('',#1070,0.12);
#1070 = AXIS2_PLACEMENT_3D('',#1071,#1072,#1073);
#1071 = CARTESIAN_POINT('',(1.375,0.325,0.455));
#1072 = DIRECTION('',(2.22044604925E-16,1.,0.));
#1073 = DIRECTION('',(-9.251858538543E-16,2.054325274013E-31,1.));
#1074 = ADVANCED_FACE('',(#1075),#1086,.F.);
#1075 = FACE_BOUND('',#1076,.F.);
#1076 = EDGE_LOOP('',(#1077,#1083,#1084,#1085));
#1077 = ORIENTED_EDGE('',*,*,#1078,.F.);
#1078 = EDGE_CURVE('',#545,#672,#1079,.T.);
#1079 = LINE('',#1080,#1081);
#1080 = CARTESIAN_POINT('',(1.375,-0.325,0.579830288983));
#1081 = VECTOR('',#1082,1.);
#1082 = DIRECTION('',(0.,0.,1.));
#1083 = ORIENTED_EDGE('',*,*,#544,.T.);
#1084 = ORIENTED_EDGE('',*,*,#999,.T.);
#1085 = ORIENTED_EDGE('',*,*,#679,.F.);
#1086 = PLANE('',#1087);
#1087 = AXIS2_PLACEMENT_3D('',#1088,#1089,#1090);
#1088 = CARTESIAN_POINT('',(1.375,0.705,0.775));
#1089 = DIRECTION('',(-1.,0.,0.));
#1090 = DIRECTION('',(0.,-1.,0.));
#1091 = ADVANCED_FACE('',(#1092),#1108,.F.);
#1092 = FACE_BOUND('',#1093,.F.);
#1093 = EDGE_LOOP('',(#1094,#1095,#1101,#1102));
#1094 = ORIENTED_EDGE('',*,*,#910,.F.);
#1095 = ORIENTED_EDGE('',*,*,#1096,.T.);
#1096 = EDGE_CURVE('',#903,#672,#1097,.T.);
#1097 = LINE('',#1098,#1099);
#1098 = CARTESIAN_POINT('',(1.375,0.325,0.775));
#1099 = VECTOR('',#1100,1.);
#1100 = DIRECTION('',(-2.22044604925E-16,-1.,0.));
#1101 = ORIENTED_EDGE('',*,*,#671,.T.);
#1102 = ORIENTED_EDGE('',*,*,#1103,.F.);
#1103 = EDGE_CURVE('',#911,#664,#1104,.T.);
#1104 = LINE('',#1105,#1106);
#1105 = CARTESIAN_POINT('',(1.35,0.6925,0.775));
#1106 = VECTOR('',#1107,1.);
#1107 = DIRECTION('',(0.,-1.,0.));
#1108 = PLANE('',#1109);
#1109 = AXIS2_PLACEMENT_3D('',#1110,#1111,#1112);
#1110 = CARTESIAN_POINT('',(1.375,0.325,0.775));
#1111 = DIRECTION('',(0.,0.,-1.));
#1112 = DIRECTION('',(-1.,2.22044604925E-16,0.));
#1113 = ADVANCED_FACE('',(#1114),#1139,.F.);
#1114 = FACE_BOUND('',#1115,.F.);
#1115 = EDGE_LOOP('',(#1116,#1117,#1118,#1119,#1126,#1134));
#1116 = ORIENTED_EDGE('',*,*,#918,.T.);
#1117 = ORIENTED_EDGE('',*,*,#1103,.T.);
#1118 = ORIENTED_EDGE('',*,*,#663,.T.);
#1119 = ORIENTED_EDGE('',*,*,#1120,.T.);
#1120 = EDGE_CURVE('',#656,#1121,#1123,.T.);
#1121 = VERTEX_POINT('',#1122);
#1122 = CARTESIAN_POINT('',(1.283243103516,-0.659121551758,1.25));
#1123 = B_SPLINE_CURVE_WITH_KNOTS('',1,(#1124,#1125),.UNSPECIFIED.,.F.,
  .F.,(2,2),(0.,1.),.PIECEWISE_BEZIER_KNOTS.);
#1124 = CARTESIAN_POINT('',(1.35,-0.6925,0.775));
#1125 = CARTESIAN_POINT('',(1.283243103516,-0.659121551758,1.25));
#1126 = ORIENTED_EDGE('',*,*,#1127,.F.);
#1127 = EDGE_CURVE('',#1128,#1121,#1130,.T.);
#1128 = VERTEX_POINT('',#1129);
#1129 = CARTESIAN_POINT('',(1.283243103516,0.659121551758,1.25));
#1130 = LINE('',#1131,#1132);
#1131 = CARTESIAN_POINT('',(1.283243103516,0.659121551758,1.25));
#1132 = VECTOR('',#1133,1.);
#1133 = DIRECTION('',(0.,-1.,0.));
#1134 = ORIENTED_EDGE('',*,*,#1135,.F.);
#1135 = EDGE_CURVE('',#919,#1128,#1136,.T.);
#1136 = B_SPLINE_CURVE_WITH_KNOTS('',1,(#1137,#1138),.UNSPECIFIED.,.F.,
  .F.,(2,2),(0.,1.),.PIECEWISE_BEZIER_KNOTS.);
#1137 = CARTESIAN_POINT('',(1.35,0.6925,0.775));
#1138 = CARTESIAN_POINT('',(1.283243103516,0.659121551758,1.25));
#1139 = B_SPLINE_SURFACE_WITH_KNOTS('',1,1,(
    (#1140,#1141)
    ,(#1142,#1143
    )),.UNSPECIFIED.,.F.,.F.,.F.,(2,2),(2,2),(0.,1.385),(0.,1.),
  .PIECEWISE_BEZIER_KNOTS.);
#1140 = CARTESIAN_POINT('',(1.35,0.6925,0.775));
#1141 = CARTESIAN_POINT('',(1.283243103516,0.659121551758,1.25));
#1142 = CARTESIAN_POINT('',(1.35,-0.6925,0.775));
#1143 = CARTESIAN_POINT('',(1.283243103516,-0.659121551758,1.25));
#1144 = ADVANCED_FACE('',(#1145),#1162,.F.);
#1145 = FACE_BOUND('',#1146,.F.);
#1146 = EDGE_LOOP('',(#1147,#1148,#1155,#1161));
#1147 = ORIENTED_EDGE('',*,*,#655,.T.);
#1148 = ORIENTED_EDGE('',*,*,#1149,.T.);
#1149 = EDGE_CURVE('',#648,#1150,#1152,.T.);
#1150 = VERTEX_POINT('',#1151);
#1151 = CARTESIAN_POINT('',(1.234121551758,-0.708243103516,1.25));
#1152 = B_SPLINE_CURVE_WITH_KNOTS('',1,(#1153,#1154),.UNSPECIFIED.,.F.,
  .F.,(2,2),(0.,1.),.PIECEWISE_BEZIER_KNOTS.);
#1153 = CARTESIAN_POINT('',(1.2675,-0.775,0.775));
#1154 = CARTESIAN_POINT('',(1.234121551758,-0.708243103516,1.25));
#1155 = ORIENTED_EDGE('',*,*,#1156,.F.);
#1156 = EDGE_CURVE('',#1121,#1150,#1157,.T.);
#1157 = LINE('',#1158,#1159);
#1158 = CARTESIAN_POINT('',(1.283243103516,-0.659121551758,1.25));
#1159 = VECTOR('',#1160,1.);
#1160 = DIRECTION('',(-0.707106781187,-0.707106781187,0.));
#1161 = ORIENTED_EDGE('',*,*,#1120,.F.);
#1162 = B_SPLINE_SURFACE_WITH_KNOTS('',1,1,(
    (#1163,#1164)
    ,(#1165,#1166
    )),.UNSPECIFIED.,.F.,.F.,.F.,(2,2),(2,2),(0.,0.116672618896),(0.,1.)
  ,.PIECEWISE_BEZIER_KNOTS.);
#1163 = CARTESIAN_POINT('',(1.35,-0.6925,0.775));
#1164 = CARTESIAN_POINT('',(1.283243103516,-0.659121551758,1.25));
#1165 = CARTESIAN_POINT('',(1.2675,-0.775,0.775));
#1166 = CARTESIAN_POINT('',(1.234121551758,-0.708243103516,1.25));
#1167 = ADVANCED_FACE('',(#1168),#1185,.F.);
#1168 = FACE_BOUND('',#1169,.F.);
#1169 = EDGE_LOOP('',(#1170,#1171,#1178,#1184));
#1170 = ORIENTED_EDGE('',*,*,#647,.T.);
#1171 = ORIENTED_EDGE('',*,*,#1172,.T.);
#1172 = EDGE_CURVE('',#640,#1173,#1175,.T.);
#1173 = VERTEX_POINT('',#1174);
#1174 = CARTESIAN_POINT('',(-1.234121551758,-0.708243103516,1.25));
#1175 = B_SPLINE_CURVE_WITH_KNOTS('',1,(#1176,#1177),.UNSPECIFIED.,.F.,
  .F.,(2,2),(0.,1.),.PIECEWISE_BEZIER_KNOTS.);
#1176 = CARTESIAN_POINT('',(-1.2675,-0.775,0.775));
#1177 = CARTESIAN_POINT('',(-1.234121551758,-0.708243103516,1.25));
#1178 = ORIENTED_EDGE('',*,*,#1179,.F.);
#1179 = EDGE_CURVE('',#1150,#1173,#1180,.T.);
#1180 = LINE('',#1181,#1182);
#1181 = CARTESIAN_POINT('',(1.234121551758,-0.708243103516,1.25));
#1182 = VECTOR('',#1183,1.);
#1183 = DIRECTION('',(-1.,0.,0.));
#1184 = ORIENTED_EDGE('',*,*,#1149,.F.);
#1185 = B_SPLINE_SURFACE_WITH_KNOTS('',1,1,(
    (#1186,#1187)
    ,(#1188,#1189
    )),.UNSPECIFIED.,.F.,.F.,.F.,(2,2),(2,2),(0.,2.535),(0.,1.),
  .PIECEWISE_BEZIER_KNOTS.);
#1186 = CARTESIAN_POINT('',(1.2675,-0.775,0.775));
#1187 = CARTESIAN_POINT('',(1.234121551758,-0.708243103516,1.25));
#1188 = CARTESIAN_POINT('',(-1.2675,-0.775,0.775));
#1189 = CARTESIAN_POINT('',(-1.234121551758,-0.708243103516,1.25));
#1190 = ADVANCED_FACE('',(#1191),#1208,.F.);
#1191 = FACE_BOUND('',#1192,.F.);
#1192 = EDGE_LOOP('',(#1193,#1194,#1201,#1207));
#1193 = ORIENTED_EDGE('',*,*,#639,.T.);
#1194 = ORIENTED_EDGE('',*,*,#1195,.T.);
#1195 = EDGE_CURVE('',#632,#1196,#1198,.T.);
#1196 = VERTEX_POINT('',#1197);
#1197 = CARTESIAN_POINT('',(-1.283243103516,-0.659121551758,1.25));
#1198 = B_SPLINE_CURVE_WITH_KNOTS('',1,(#1199,#1200),.UNSPECIFIED.,.F.,
  .F.,(2,2),(0.,1.),.PIECEWISE_BEZIER_KNOTS.);
#1199 = CARTESIAN_POINT('',(-1.35,-0.6925,0.775));
#1200 = CARTESIAN_POINT('',(-1.283243103516,-0.659121551758,1.25));
#1201 = ORIENTED_EDGE('',*,*,#1202,.F.);
#1202 = EDGE_CURVE('',#1173,#1196,#1203,.T.);
#1203 = LINE('',#1204,#1205);
#1204 = CARTESIAN_POINT('',(-1.234121551758,-0.708243103516,1.25));
#1205 = VECTOR('',#1206,1.);
#1206 = DIRECTION('',(-0.707106781187,0.707106781187,0.));
#1207 = ORIENTED_EDGE('',*,*,#1172,.F.);
#1208 = B_SPLINE_SURFACE_WITH_KNOTS('',1,1,(
    (#1209,#1210)
    ,(#1211,#1212
    )),.UNSPECIFIED.,.F.,.F.,.F.,(2,2),(2,2),(0.,0.116672618896),(0.,1.)
  ,.PIECEWISE_BEZIER_KNOTS.);
#1209 = CARTESIAN_POINT('',(-1.2675,-0.775,0.775));
#1210 = CARTESIAN_POINT('',(-1.234121551758,-0.708243103516,1.25));
#1211 = CARTESIAN_POINT('',(-1.35,-0.6925,0.775));
#1212 = CARTESIAN_POINT('',(-1.283243103516,-0.659121551758,1.25));
#1213 = ADVANCED_FACE('',(#1214),#1238,.F.);
#1214 = FACE_BOUND('',#1215,.F.);
#1215 = EDGE_LOOP('',(#1216,#1217,#1223,#1224,#1231,#1237));
#1216 = ORIENTED_EDGE('',*,*,#631,.T.);
#1217 = ORIENTED_EDGE('',*,*,#1218,.T.);
#1218 = EDGE_CURVE('',#624,#877,#1219,.T.);
#1219 = LINE('',#1220,#1221);
#1220 = CARTESIAN_POINT('',(-1.35,-0.6925,0.775));
#1221 = VECTOR('',#1222,1.);
#1222 = DIRECTION('',(0.,1.,0.));
#1223 = ORIENTED_EDGE('',*,*,#950,.T.);
#1224 = ORIENTED_EDGE('',*,*,#1225,.T.);
#1225 = EDGE_CURVE('',#943,#1226,#1228,.T.);
#1226 = VERTEX_POINT('',#1227);
#1227 = CARTESIAN_POINT('',(-1.283243103516,0.659121551758,1.25));
#1228 = B_SPLINE_CURVE_WITH_KNOTS('',1,(#1229,#1230),.UNSPECIFIED.,.F.,
  .F.,(2,2),(0.,1.),.PIECEWISE_BEZIER_KNOTS.);
#1229 = CARTESIAN_POINT('',(-1.35,0.6925,0.775));
#1230 = CARTESIAN_POINT('',(-1.283243103516,0.659121551758,1.25));
#1231 = ORIENTED_EDGE('',*,*,#1232,.F.);
#1232 = EDGE_CURVE('',#1196,#1226,#1233,.T.);
#1233 = LINE('',#1234,#1235);
#1234 = CARTESIAN_POINT('',(-1.283243103516,-0.659121551758,1.25));
#1235 = VECTOR('',#1236,1.);
#1236 = DIRECTION('',(0.,1.,0.));
#1237 = ORIENTED_EDGE('',*,*,#1195,.F.);
#1238 = B_SPLINE_SURFACE_WITH_KNOTS('',1,1,(
    (#1239,#1240)
    ,(#1241,#1242
    )),.UNSPECIFIED.,.F.,.F.,.F.,(2,2),(2,2),(0.,1.385),(0.,1.),
  .PIECEWISE_BEZIER_KNOTS.);
#1239 = CARTESIAN_POINT('',(-1.35,-0.6925,0.775));
#1240 = CARTESIAN_POINT('',(-1.283243103516,-0.659121551758,1.25));
#1241 = CARTESIAN_POINT('',(-1.35,0.6925,0.775));
#1242 = CARTESIAN_POINT('',(-1.283243103516,0.659121551758,1.25));
#1243 = ADVANCED_FACE('',(#1244),#1255,.F.);
#1244 = FACE_BOUND('',#1245,.F.);
#1245 = EDGE_LOOP('',(#1246,#1247,#1253,#1254));
#1246 = ORIENTED_EDGE('',*,*,#623,.F.);
#1247 = ORIENTED_EDGE('',*,*,#1248,.T.);
#1248 = EDGE_CURVE('',#343,#398,#1249,.T.);
#1249 = LINE('',#1250,#1251);
#1250 = CARTESIAN_POINT('',(-1.375,-0.325,0.775));
#1251 = VECTOR('',#1252,1.);
#1252 = DIRECTION('',(1.110223024625E-16,1.,0.));
#1253 = ORIENTED_EDGE('',*,*,#876,.T.);
#1254 = ORIENTED_EDGE('',*,*,#1218,.F.);
#1255 = PLANE('',#1256);
#1256 = AXIS2_PLACEMENT_3D('',#1257,#1258,#1259);
#1257 = CARTESIAN_POINT('',(-1.375,-0.325,0.775));
#1258 = DIRECTION('',(0.,0.,-1.));
#1259 = DIRECTION('',(1.,-1.110223024625E-16,0.));
#1260 = ADVANCED_FACE('',(#1261),#1272,.T.);
#1261 = FACE_BOUND('',#1262,.T.);
#1262 = EDGE_LOOP('',(#1263,#1264,#1265,#1266));
#1263 = ORIENTED_EDGE('',*,*,#769,.T.);
#1264 = ORIENTED_EDGE('',*,*,#1248,.T.);
#1265 = ORIENTED_EDGE('',*,*,#861,.F.);
#1266 = ORIENTED_EDGE('',*,*,#1267,.F.);
#1267 = EDGE_CURVE('',#762,#854,#1268,.T.);
#1268 = LINE('',#1269,#1270);
#1269 = CARTESIAN_POINT('',(-1.690138480964,-0.325,0.510567416853));
#1270 = VECTOR('',#1271,1.);
#1271 = DIRECTION('',(1.110223024625E-16,1.,0.));
#1272 = CYLINDRICAL_SURFACE('',#1273,0.32);
#1273 = AXIS2_PLACEMENT_3D('',#1274,#1275,#1276);
#1274 = CARTESIAN_POINT('',(-1.375,-0.325,0.455));
#1275 = DIRECTION('',(-1.110223024625E-16,-1.,-0.));
#1276 = DIRECTION('',(-0.984807753012,1.093356242223E-16,0.173648177667)
  );
#1277 = ADVANCED_FACE('',(#1278),#1289,.F.);
#1278 = FACE_BOUND('',#1279,.F.);
#1279 = EDGE_LOOP('',(#1280,#1286,#1287,#1288));
#1280 = ORIENTED_EDGE('',*,*,#1281,.T.);
#1281 = EDGE_CURVE('',#753,#845,#1282,.T.);
#1282 = LINE('',#1283,#1284);
#1283 = CARTESIAN_POINT('',(-1.720627212034,-0.325,0.29916221868));
#1284 = VECTOR('',#1285,1.);
#1285 = DIRECTION('',(1.110223024625E-16,1.,0.));
#1286 = ORIENTED_EDGE('',*,*,#853,.T.);
#1287 = ORIENTED_EDGE('',*,*,#1267,.F.);
#1288 = ORIENTED_EDGE('',*,*,#761,.F.);
#1289 = PLANE('',#1290);
#1290 = AXIS2_PLACEMENT_3D('',#1291,#1292,#1293);
#1291 = CARTESIAN_POINT('',(-1.720627212034,-0.325,0.29916221868));
#1292 = DIRECTION('',(0.989759848633,-1.098854172802E-16,-0.142742572604
    ));
#1293 = DIRECTION('',(0.142742572604,-1.584760906992E-17,0.989759848633)
  );
#1294 = ADVANCED_FACE('',(#1295),#1306,.F.);
#1295 = FACE_BOUND('',#1296,.F.);
#1296 = EDGE_LOOP('',(#1297,#1303,#1304,#1305));
#1297 = ORIENTED_EDGE('',*,*,#1298,.T.);
#1298 = EDGE_CURVE('',#745,#837,#1299,.T.);
#1299 = LINE('',#1300,#1301);
#1300 = CARTESIAN_POINT('',(-1.838804142396,-0.325,0.2));
#1301 = VECTOR('',#1302,1.);
#1302 = DIRECTION('',(1.110223024625E-16,1.,0.));
#1303 = ORIENTED_EDGE('',*,*,#844,.T.);
#1304 = ORIENTED_EDGE('',*,*,#1281,.F.);
#1305 = ORIENTED_EDGE('',*,*,#752,.F.);
#1306 = CYLINDRICAL_SURFACE('',#1307,0.12);
#1307 = AXIS2_PLACEMENT_3D('',#1308,#1309,#1310);
#1308 = CARTESIAN_POINT('',(-1.838804142396,-0.325,0.32));
#1309 = DIRECTION('',(-1.110223024625E-16,-1.,0.));
#1310 = DIRECTION('',(1.850371707709E-15,-2.054325274013E-31,-1.));
#1311 = ADVANCED_FACE('',(#1312),#1323,.F.);
#1312 = FACE_BOUND('',#1313,.F.);
#1313 = EDGE_LOOP('',(#1314,#1320,#1321,#1322));
#1314 = ORIENTED_EDGE('',*,*,#1315,.T.);
#1315 = EDGE_CURVE('',#737,#829,#1316,.T.);
#1316 = LINE('',#1317,#1318);
#1317 = CARTESIAN_POINT('',(-1.9,-0.325,0.2));
#1318 = VECTOR('',#1319,1.);
#1319 = DIRECTION('',(1.110223024625E-16,1.,0.));
#1320 = ORIENTED_EDGE('',*,*,#836,.T.);
#1321 = ORIENTED_EDGE('',*,*,#1298,.F.);
#1322 = ORIENTED_EDGE('',*,*,#744,.F.);
#1323 = PLANE('',#1324);
#1324 = AXIS2_PLACEMENT_3D('',#1325,#1326,#1327);
#1325 = CARTESIAN_POINT('',(-1.9,-0.325,0.2));
#1326 = DIRECTION('',(0.,0.,-1.));
#1327 = DIRECTION('',(1.,-1.110223024625E-16,0.));
#1328 = ADVANCED_FACE('',(#1329),#1340,.F.);
#1329 = FACE_BOUND('',#1330,.F.);
#1330 = EDGE_LOOP('',(#1331,#1337,#1338,#1339));
#1331 = ORIENTED_EDGE('',*,*,#1332,.T.);
#1332 = EDGE_CURVE('',#729,#821,#1333,.T.);
#1333 = LINE('',#1334,#1335);
#1334 = CARTESIAN_POINT('',(-1.9,-0.325,-5.551115123126E-17));
#1335 = VECTOR('',#1336,1.);
#1336 = DIRECTION('',(1.110223024625E-16,1.,0.));
#1337 = ORIENTED_EDGE('',*,*,#828,.T.);
#1338 = ORIENTED_EDGE('',*,*,#1315,.F.);
#1339 = ORIENTED_EDGE('',*,*,#736,.F.);
#1340 = PLANE('',#1341);
#1341 = AXIS2_PLACEMENT_3D('',#1342,#1343,#1344);
#1342 = CARTESIAN_POINT('',(-1.9,-0.325,-5.551115123126E-17));
#1343 = DIRECTION('',(1.,-1.110223024625E-16,0.));
#1344 = DIRECTION('',(0.,0.,1.));
#1345 = ADVANCED_FACE('',(#1346),#1357,.F.);
#1346 = FACE_BOUND('',#1347,.F.);
#1347 = EDGE_LOOP('',(#1348,#1354,#1355,#1356));
#1348 = ORIENTED_EDGE('',*,*,#1349,.T.);
#1349 = EDGE_CURVE('',#720,#812,#1350,.T.);
#1350 = LINE('',#1351,#1352);
#1351 = CARTESIAN_POINT('',(-1.838804142396,-0.325,-5.551115123126E-17)
  );
#1352 = VECTOR('',#1353,1.);
#1353 = DIRECTION('',(1.110223024625E-16,1.,0.));
#1354 = ORIENTED_EDGE('',*,*,#820,.T.);
#1355 = ORIENTED_EDGE('',*,*,#1332,.F.);
#1356 = ORIENTED_EDGE('',*,*,#728,.F.);
#1357 = PLANE('',#1358);
#1358 = AXIS2_PLACEMENT_3D('',#1359,#1360,#1361);
#1359 = CARTESIAN_POINT('',(-1.838804142396,-0.325,-5.551115123126E-17)
  );
#1360 = DIRECTION('',(0.,0.,1.));
#1361 = DIRECTION('',(-1.,1.110223024625E-16,0.));
#1362 = ADVANCED_FACE('',(#1363),#1369,.T.);
#1363 = FACE_BOUND('',#1364,.T.);
#1364 = EDGE_LOOP('',(#1365,#1366,#1367,#1368));
#1365 = ORIENTED_EDGE('',*,*,#719,.T.);
#1366 = ORIENTED_EDGE('',*,*,#1349,.T.);
#1367 = ORIENTED_EDGE('',*,*,#811,.F.);
#1368 = ORIENTED_EDGE('',*,*,#793,.F.);
#1369 = CYLINDRICAL_SURFACE('',#1370,0.32);
#1370 = AXIS2_PLACEMENT_3D('',#1371,#1372,#1373);
#1371 = CARTESIAN_POINT('',(-1.838804142396,-0.325,0.32));
#1372 = DIRECTION('',(-1.110223024625E-16,-1.,-0.));
#1373 = DIRECTION('',(0.984807753012,-1.093356242223E-16,-0.173648177667
    ));
#1374 = ADVANCED_FACE('',(#1375),#1392,.F.);
#1375 = FACE_BOUND('',#1376,.F.);
#1376 = EDGE_LOOP('',(#1377,#1378,#1385,#1391));
#1377 = ORIENTED_EDGE('',*,*,#942,.T.);
#1378 = ORIENTED_EDGE('',*,*,#1379,.T.);
#1379 = EDGE_CURVE('',#935,#1380,#1382,.T.);
#1380 = VERTEX_POINT('',#1381);
#1381 = CARTESIAN_POINT('',(-1.234121551758,0.708243103516,1.25));
#1382 = B_SPLINE_CURVE_WITH_KNOTS('',1,(#1383,#1384),.UNSPECIFIED.,.F.,
  .F.,(2,2),(0.,1.),.PIECEWISE_BEZIER_KNOTS.);
#1383 = CARTESIAN_POINT('',(-1.2675,0.775,0.775));
#1384 = CARTESIAN_POINT('',(-1.234121551758,0.708243103516,1.25));
#1385 = ORIENTED_EDGE('',*,*,#1386,.F.);
#1386 = EDGE_CURVE('',#1226,#1380,#1387,.T.);
#1387 = LINE('',#1388,#1389);
#1388 = CARTESIAN_POINT('',(-1.283243103516,0.659121551758,1.25));
#1389 = VECTOR('',#1390,1.);
#1390 = DIRECTION('',(0.707106781187,0.707106781187,0.));
#1391 = ORIENTED_EDGE('',*,*,#1225,.F.);
#1392 = B_SPLINE_SURFACE_WITH_KNOTS('',1,1,(
    (#1393,#1394)
    ,(#1395,#1396
    )),.UNSPECIFIED.,.F.,.F.,.F.,(2,2),(2,2),(0.,0.116672618896),(0.,1.)
  ,.PIECEWISE_BEZIER_KNOTS.);
#1393 = CARTESIAN_POINT('',(-1.35,0.6925,0.775));
#1394 = CARTESIAN_POINT('',(-1.283243103516,0.659121551758,1.25));
#1395 = CARTESIAN_POINT('',(-1.2675,0.775,0.775));
#1396 = CARTESIAN_POINT('',(-1.234121551758,0.708243103516,1.25));
#1397 = ADVANCED_FACE('',(#1398),#1415,.F.);
#1398 = FACE_BOUND('',#1399,.F.);
#1399 = EDGE_LOOP('',(#1400,#1401,#1408,#1414));
#1400 = ORIENTED_EDGE('',*,*,#934,.T.);
#1401 = ORIENTED_EDGE('',*,*,#1402,.T.);
#1402 = EDGE_CURVE('',#927,#1403,#1405,.T.);
#1403 = VERTEX_POINT('',#1404);
#1404 = CARTESIAN_POINT('',(1.234121551758,0.708243103516,1.25));
#1405 = B_SPLINE_CURVE_WITH_KNOTS('',1,(#1406,#1407),.UNSPECIFIED.,.F.,
  .F.,(2,2),(0.,1.),.PIECEWISE_BEZIER_KNOTS.);
#1406 = CARTESIAN_POINT('',(1.2675,0.775,0.775));
#1407 = CARTESIAN_POINT('',(1.234121551758,0.708243103516,1.25));
#1408 = ORIENTED_EDGE('',*,*,#1409,.F.);
#1409 = EDGE_CURVE('',#1380,#1403,#1410,.T.);
#1410 = LINE('',#1411,#1412);
#1411 = CARTESIAN_POINT('',(-1.234121551758,0.708243103516,1.25));
#1412 = VECTOR('',#1413,1.);
#1413 = DIRECTION('',(1.,0.,0.));
#1414 = ORIENTED_EDGE('',*,*,#1379,.F.);
#1415 = B_SPLINE_SURFACE_WITH_KNOTS('',1,1,(
    (#1416,#1417)
    ,(#1418,#1419
    )),.UNSPECIFIED.,.F.,.F.,.F.,(2,2),(2,2),(0.,2.535),(0.,1.),
  .PIECEWISE_BEZIER_KNOTS.);
#1416 = CARTESIAN_POINT('',(-1.2675,0.775,0.775));
#1417 = CARTESIAN_POINT('',(-1.234121551758,0.708243103516,1.25));
#1418 = CARTESIAN_POINT('',(1.2675,0.775,0.775));
#1419 = CARTESIAN_POINT('',(1.234121551758,0.708243103516,1.25));
#1420 = ADVANCED_FACE('',(#1421),#1432,.F.);
#1421 = FACE_BOUND('',#1422,.F.);
#1422 = EDGE_LOOP('',(#1423,#1424,#1425,#1431));
#1423 = ORIENTED_EDGE('',*,*,#926,.T.);
#1424 = ORIENTED_EDGE('',*,*,#1135,.T.);
#1425 = ORIENTED_EDGE('',*,*,#1426,.F.);
#1426 = EDGE_CURVE('',#1403,#1128,#1427,.T.);
#1427 = LINE('',#1428,#1429);
#1428 = CARTESIAN_POINT('',(1.234121551758,0.708243103516,1.25));
#1429 = VECTOR('',#1430,1.);
#1430 = DIRECTION('',(0.707106781187,-0.707106781187,0.));
#1431 = ORIENTED_EDGE('',*,*,#1402,.F.);
#1432 = B_SPLINE_SURFACE_WITH_KNOTS('',1,1,(
    (#1433,#1434)
    ,(#1435,#1436
    )),.UNSPECIFIED.,.F.,.F.,.F.,(2,2),(2,2),(0.,0.116672618896),(0.,1.)
  ,.PIECEWISE_BEZIER_KNOTS.);
#1433 = CARTESIAN_POINT('',(1.2675,0.775,0.775));
#1434 = CARTESIAN_POINT('',(1.234121551758,0.708243103516,1.25));
#1435 = CARTESIAN_POINT('',(1.35,0.6925,0.775));
#1436 = CARTESIAN_POINT('',(1.283243103516,0.659121551758,1.25));
#1437 = ADVANCED_FACE('',(#1438),#1507,.F.);
#1438 = FACE_BOUND('',#1439,.F.);
#1439 = EDGE_LOOP('',(#1440,#1441,#1442,#1450,#1459,#1467,#1475,#1483,
    #1492,#1500));
#1440 = ORIENTED_EDGE('',*,*,#1030,.F.);
#1441 = ORIENTED_EDGE('',*,*,#1063,.T.);
#1442 = ORIENTED_EDGE('',*,*,#1443,.T.);
#1443 = EDGE_CURVE('',#1056,#1444,#1446,.T.);
#1444 = VERTEX_POINT('',#1445);
#1445 = CARTESIAN_POINT('',(1.523665661432,0.325,0.264432583147));
#1446 = LINE('',#1447,#1448);
#1447 = CARTESIAN_POINT('',(1.493176930361,0.325,0.47583778132));
#1448 = VECTOR('',#1449,1.);
#1449 = DIRECTION('',(0.142742572604,-3.169521813984E-17,-0.989759848633
    ));
#1450 = ORIENTED_EDGE('',*,*,#1451,.T.);
#1451 = EDGE_CURVE('',#1444,#1452,#1454,.T.);
#1452 = VERTEX_POINT('',#1453);
#1453 = CARTESIAN_POINT('',(1.838804142396,0.325,-5.551115123126E-17));
#1454 = CIRCLE('',#1455,0.32);
#1455 = AXIS2_PLACEMENT_3D('',#1456,#1457,#1458);
#1456 = CARTESIAN_POINT('',(1.838804142396,0.325,0.32));
#1457 = DIRECTION('',(-2.22044604925E-16,-1.,0.));
#1458 = DIRECTION('',(-0.984807753012,2.186712484447E-16,-0.173648177667
    ));
#1459 = ORIENTED_EDGE('',*,*,#1460,.T.);
#1460 = EDGE_CURVE('',#1452,#1461,#1463,.T.);
#1461 = VERTEX_POINT('',#1462);
#1462 = CARTESIAN_POINT('',(1.9,0.325,-5.551115123126E-17));
#1463 = LINE('',#1464,#1465);
#1464 = CARTESIAN_POINT('',(1.838804142396,0.325,-5.551115123126E-17));
#1465 = VECTOR('',#1466,1.);
#1466 = DIRECTION('',(1.,-2.22044604925E-16,0.));
#1467 = ORIENTED_EDGE('',*,*,#1468,.T.);
#1468 = EDGE_CURVE('',#1461,#1469,#1471,.T.);
#1469 = VERTEX_POINT('',#1470);
#1470 = CARTESIAN_POINT('',(1.9,0.325,0.2));
#1471 = LINE('',#1472,#1473);
#1472 = CARTESIAN_POINT('',(1.9,0.325,-5.551115123126E-17));
#1473 = VECTOR('',#1474,1.);
#1474 = DIRECTION('',(0.,0.,1.));
#1475 = ORIENTED_EDGE('',*,*,#1476,.T.);
#1476 = EDGE_CURVE('',#1469,#1477,#1479,.T.);
#1477 = VERTEX_POINT('',#1478);
#1478 = CARTESIAN_POINT('',(1.838804142396,0.325,0.2));
#1479 = LINE('',#1480,#1481);
#1480 = CARTESIAN_POINT('',(1.9,0.325,0.2));
#1481 = VECTOR('',#1482,1.);
#1482 = DIRECTION('',(-1.,2.22044604925E-16,0.));
#1483 = ORIENTED_EDGE('',*,*,#1484,.T.);
#1484 = EDGE_CURVE('',#1477,#1485,#1487,.T.);
#1485 = VERTEX_POINT('',#1486);
#1486 = CARTESIAN_POINT('',(1.720627212034,0.325,0.29916221868));
#1487 = CIRCLE('',#1488,0.12);
#1488 = AXIS2_PLACEMENT_3D('',#1489,#1490,#1491);
#1489 = CARTESIAN_POINT('',(1.838804142396,0.325,0.32));
#1490 = DIRECTION('',(2.22044604925E-16,1.,0.));
#1491 = DIRECTION('',(-1.850371707709E-15,4.108650548026E-31,-1.));
#1492 = ORIENTED_EDGE('',*,*,#1493,.T.);
#1493 = EDGE_CURVE('',#1485,#1494,#1496,.T.);
#1494 = VERTEX_POINT('',#1495);
#1495 = CARTESIAN_POINT('',(1.690138480964,0.325,0.510567416853));
#1496 = LINE('',#1497,#1498);
#1497 = CARTESIAN_POINT('',(1.720627212034,0.325,0.29916221868));
#1498 = VECTOR('',#1499,1.);
#1499 = DIRECTION('',(-0.142742572604,3.169521813984E-17,0.989759848633)
  );
#1500 = ORIENTED_EDGE('',*,*,#1501,.T.);
#1501 = EDGE_CURVE('',#1494,#903,#1502,.T.);
#1502 = CIRCLE('',#1503,0.32);
#1503 = AXIS2_PLACEMENT_3D('',#1504,#1505,#1506);
#1504 = CARTESIAN_POINT('',(1.375,0.325,0.455));
#1505 = DIRECTION('',(-2.22044604925E-16,-1.,0.));
#1506 = DIRECTION('',(0.984807753012,-2.186712484447E-16,0.173648177667)
  );
#1507 = PLANE('',#1508);
#1508 = AXIS2_PLACEMENT_3D('',#1509,#1510,#1511);
#1509 = CARTESIAN_POINT('',(1.610729118287,0.325,0.384660577966));
#1510 = DIRECTION('',(-2.22044604925E-16,-1.,0.));
#1511 = DIRECTION('',(0.,0.,1.));
#1512 = ADVANCED_FACE('',(#1513),#1531,.F.);
#1513 = FACE_BOUND('',#1514,.F.);
#1514 = EDGE_LOOP('',(#1515,#1516,#1524,#1530));
#1515 = ORIENTED_EDGE('',*,*,#1055,.T.);
#1516 = ORIENTED_EDGE('',*,*,#1517,.T.);
#1517 = EDGE_CURVE('',#1047,#1518,#1520,.T.);
#1518 = VERTEX_POINT('',#1519);
#1519 = CARTESIAN_POINT('',(1.523665661432,-0.325,0.264432583147));
#1520 = LINE('',#1521,#1522);
#1521 = CARTESIAN_POINT('',(1.493176930361,-0.325,0.47583778132));
#1522 = VECTOR('',#1523,1.);
#1523 = DIRECTION('',(0.142742572604,-3.169521813984E-17,-0.989759848633
    ));
#1524 = ORIENTED_EDGE('',*,*,#1525,.F.);
#1525 = EDGE_CURVE('',#1444,#1518,#1526,.T.);
#1526 = LINE('',#1527,#1528);
#1527 = CARTESIAN_POINT('',(1.523665661432,0.325,0.264432583147));
#1528 = VECTOR('',#1529,1.);
#1529 = DIRECTION('',(-2.22044604925E-16,-1.,0.));
#1530 = ORIENTED_EDGE('',*,*,#1443,.F.);
#1531 = PLANE('',#1532);
#1532 = AXIS2_PLACEMENT_3D('',#1533,#1534,#1535);
#1533 = CARTESIAN_POINT('',(1.493176930361,0.325,0.47583778132));
#1534 = DIRECTION('',(0.989759848633,-2.197708345604E-16,0.142742572604)
  );
#1535 = DIRECTION('',(0.142742572604,-3.169521813984E-17,-0.989759848633
    ));
#1536 = ADVANCED_FACE('',(#1537),#1599,.T.);
#1537 = FACE_BOUND('',#1538,.T.);
#1538 = EDGE_LOOP('',(#1539,#1540,#1541,#1542,#1551,#1559,#1567,#1575,
    #1584,#1592));
#1539 = ORIENTED_EDGE('',*,*,#1078,.F.);
#1540 = ORIENTED_EDGE('',*,*,#1046,.T.);
#1541 = ORIENTED_EDGE('',*,*,#1517,.T.);
#1542 = ORIENTED_EDGE('',*,*,#1543,.T.);
#1543 = EDGE_CURVE('',#1518,#1544,#1546,.T.);
#1544 = VERTEX_POINT('',#1545);
#1545 = CARTESIAN_POINT('',(1.838804142396,-0.325,-5.551115123126E-17));
#1546 = CIRCLE('',#1547,0.32);
#1547 = AXIS2_PLACEMENT_3D('',#1548,#1549,#1550);
#1548 = CARTESIAN_POINT('',(1.838804142396,-0.325,0.32));
#1549 = DIRECTION('',(-2.22044604925E-16,-1.,0.));
#1550 = DIRECTION('',(-0.984807753012,2.186712484447E-16,-0.173648177667
    ));
#1551 = ORIENTED_EDGE('',*,*,#1552,.T.);
#1552 = EDGE_CURVE('',#1544,#1553,#1555,.T.);
#1553 = VERTEX_POINT('',#1554);
#1554 = CARTESIAN_POINT('',(1.9,-0.325,-5.551115123126E-17));
#1555 = LINE('',#1556,#1557);
#1556 = CARTESIAN_POINT('',(1.838804142396,-0.325,-5.551115123126E-17));
#1557 = VECTOR('',#1558,1.);
#1558 = DIRECTION('',(1.,-2.22044604925E-16,0.));
#1559 = ORIENTED_EDGE('',*,*,#1560,.T.);
#1560 = EDGE_CURVE('',#1553,#1561,#1563,.T.);
#1561 = VERTEX_POINT('',#1562);
#1562 = CARTESIAN_POINT('',(1.9,-0.325,0.2));
#1563 = LINE('',#1564,#1565);
#1564 = CARTESIAN_POINT('',(1.9,-0.325,-5.551115123126E-17));
#1565 = VECTOR('',#1566,1.);
#1566 = DIRECTION('',(0.,0.,1.));
#1567 = ORIENTED_EDGE('',*,*,#1568,.T.);
#1568 = EDGE_CURVE('',#1561,#1569,#1571,.T.);
#1569 = VERTEX_POINT('',#1570);
#1570 = CARTESIAN_POINT('',(1.838804142396,-0.325,0.2));
#1571 = LINE('',#1572,#1573);
#1572 = CARTESIAN_POINT('',(1.9,-0.325,0.2));
#1573 = VECTOR('',#1574,1.);
#1574 = DIRECTION('',(-1.,2.22044604925E-16,0.));
#1575 = ORIENTED_EDGE('',*,*,#1576,.T.);
#1576 = EDGE_CURVE('',#1569,#1577,#1579,.T.);
#1577 = VERTEX_POINT('',#1578);
#1578 = CARTESIAN_POINT('',(1.720627212034,-0.325,0.29916221868));
#1579 = CIRCLE('',#1580,0.12);
#1580 = AXIS2_PLACEMENT_3D('',#1581,#1582,#1583);
#1581 = CARTESIAN_POINT('',(1.838804142396,-0.325,0.32));
#1582 = DIRECTION('',(2.22044604925E-16,1.,0.));
#1583 = DIRECTION('',(-1.850371707709E-15,4.108650548026E-31,-1.));
#1584 = ORIENTED_EDGE('',*,*,#1585,.T.);
#1585 = EDGE_CURVE('',#1577,#1586,#1588,.T.);
#1586 = VERTEX_POINT('',#1587);
#1587 = CARTESIAN_POINT('',(1.690138480964,-0.325,0.510567416853));
#1588 = LINE('',#1589,#1590);
#1589 = CARTESIAN_POINT('',(1.720627212034,-0.325,0.29916221868));
#1590 = VECTOR('',#1591,1.);
#1591 = DIRECTION('',(-0.142742572604,3.169521813984E-17,0.989759848633)
  );
#1592 = ORIENTED_EDGE('',*,*,#1593,.T.);
#1593 = EDGE_CURVE('',#1586,#672,#1594,.T.);
#1594 = CIRCLE('',#1595,0.32);
#1595 = AXIS2_PLACEMENT_3D('',#1596,#1597,#1598);
#1596 = CARTESIAN_POINT('',(1.375,-0.325,0.455));
#1597 = DIRECTION('',(-2.22044604925E-16,-1.,0.));
#1598 = DIRECTION('',(0.984807753012,-2.186712484447E-16,0.173648177667)
  );
#1599 = PLANE('',#1600);
#1600 = AXIS2_PLACEMENT_3D('',#1601,#1602,#1603);
#1601 = CARTESIAN_POINT('',(1.610729118287,-0.325,0.384660577966));
#1602 = DIRECTION('',(-2.22044604925E-16,-1.,0.));
#1603 = DIRECTION('',(0.,0.,1.));
#1604 = ADVANCED_FACE('',(#1605),#1616,.T.);
#1605 = FACE_BOUND('',#1606,.T.);
#1606 = EDGE_LOOP('',(#1607,#1608,#1609,#1610));
#1607 = ORIENTED_EDGE('',*,*,#1501,.T.);
#1608 = ORIENTED_EDGE('',*,*,#1096,.T.);
#1609 = ORIENTED_EDGE('',*,*,#1593,.F.);
#1610 = ORIENTED_EDGE('',*,*,#1611,.F.);
#1611 = EDGE_CURVE('',#1494,#1586,#1612,.T.);
#1612 = LINE('',#1613,#1614);
#1613 = CARTESIAN_POINT('',(1.690138480964,0.325,0.510567416853));
#1614 = VECTOR('',#1615,1.);
#1615 = DIRECTION('',(-2.22044604925E-16,-1.,0.));
#1616 = CYLINDRICAL_SURFACE('',#1617,0.32);
#1617 = AXIS2_PLACEMENT_3D('',#1618,#1619,#1620);
#1618 = CARTESIAN_POINT('',(1.375,0.325,0.455));
#1619 = DIRECTION('',(2.22044604925E-16,1.,0.));
#1620 = DIRECTION('',(0.984807753012,-2.186712484447E-16,0.173648177667)
  );
#1621 = ADVANCED_FACE('',(#1622,#1632),#1666,.T.);
#1622 = FACE_BOUND('',#1623,.T.);
#1623 = EDGE_LOOP('',(#1624,#1625,#1626,#1627,#1628,#1629,#1630,#1631));
#1624 = ORIENTED_EDGE('',*,*,#1232,.F.);
#1625 = ORIENTED_EDGE('',*,*,#1202,.F.);
#1626 = ORIENTED_EDGE('',*,*,#1179,.F.);
#1627 = ORIENTED_EDGE('',*,*,#1156,.F.);
#1628 = ORIENTED_EDGE('',*,*,#1127,.F.);
#1629 = ORIENTED_EDGE('',*,*,#1426,.F.);
#1630 = ORIENTED_EDGE('',*,*,#1409,.F.);
#1631 = ORIENTED_EDGE('',*,*,#1386,.F.);
#1632 = FACE_BOUND('',#1633,.T.);
#1633 = EDGE_LOOP('',(#1634,#1644,#1652,#1660));
#1634 = ORIENTED_EDGE('',*,*,#1635,.T.);
#1635 = EDGE_CURVE('',#1636,#1638,#1640,.T.);
#1636 = VERTEX_POINT('',#1637);
#1637 = CARTESIAN_POINT('',(-0.683243103516,-0.608243103516,1.25));
#1638 = VERTEX_POINT('',#1639);
#1639 = CARTESIAN_POINT('',(-1.183243103516,-0.608243103516,1.25));
#1640 = LINE('',#1641,#1642);
#1641 = CARTESIAN_POINT('',(-1.233243103516,-0.608243103516,1.25));
#1642 = VECTOR('',#1643,1.);
#1643 = DIRECTION('',(-1.,0.,0.));
#1644 = ORIENTED_EDGE('',*,*,#1645,.T.);
#1645 = EDGE_CURVE('',#1638,#1646,#1648,.T.);
#1646 = VERTEX_POINT('',#1647);
#1647 = CARTESIAN_POINT('',(-1.183243103516,0.608243103516,1.25));
#1648 = LINE('',#1649,#1650);
#1649 = CARTESIAN_POINT('',(-1.183243103516,-0.633682327637,1.25));
#1650 = VECTOR('',#1651,1.);
#1651 = DIRECTION('',(0.,1.,0.));
#1652 = ORIENTED_EDGE('',*,*,#1653,.F.);
#1653 = EDGE_CURVE('',#1654,#1646,#1656,.T.);
#1654 = VERTEX_POINT('',#1655);
#1655 = CARTESIAN_POINT('',(-0.683243103516,0.608243103516,1.25));
#1656 = LINE('',#1657,#1658);
#1657 = CARTESIAN_POINT('',(-1.233243103516,0.608243103516,1.25));
#1658 = VECTOR('',#1659,1.);
#1659 = DIRECTION('',(-1.,0.,0.));
#1660 = ORIENTED_EDGE('',*,*,#1661,.F.);
#1661 = EDGE_CURVE('',#1636,#1654,#1662,.T.);
#1662 = LINE('',#1663,#1664);
#1663 = CARTESIAN_POINT('',(-0.683243103516,-0.633682327637,1.25));
#1664 = VECTOR('',#1665,1.);
#1665 = DIRECTION('',(0.,1.,0.));
#1666 = PLANE('',#1667);
#1667 = AXIS2_PLACEMENT_3D('',#1668,#1669,#1670);
#1668 = CARTESIAN_POINT('',(-1.283243103516,-0.659121551758,1.25));
#1669 = DIRECTION('',(0.,0.,1.));
#1670 = DIRECTION('',(0.889522261294,0.456891832562,-0.));
#1671 = ADVANCED_FACE('',(#1672),#1683,.F.);
#1672 = FACE_BOUND('',#1673,.F.);
#1673 = EDGE_LOOP('',(#1674,#1680,#1681,#1682));
#1674 = ORIENTED_EDGE('',*,*,#1675,.T.);
#1675 = EDGE_CURVE('',#1485,#1577,#1676,.T.);
#1676 = LINE('',#1677,#1678);
#1677 = CARTESIAN_POINT('',(1.720627212034,0.325,0.29916221868));
#1678 = VECTOR('',#1679,1.);
#1679 = DIRECTION('',(-2.22044604925E-16,-1.,0.));
#1680 = ORIENTED_EDGE('',*,*,#1585,.T.);
#1681 = ORIENTED_EDGE('',*,*,#1611,.F.);
#1682 = ORIENTED_EDGE('',*,*,#1493,.F.);
#1683 = PLANE('',#1684);
#1684 = AXIS2_PLACEMENT_3D('',#1685,#1686,#1687);
#1685 = CARTESIAN_POINT('',(1.720627212034,0.325,0.29916221868));
#1686 = DIRECTION('',(-0.989759848633,2.197708345604E-16,-0.142742572604
    ));
#1687 = DIRECTION('',(-0.142742572604,3.169521813984E-17,0.989759848633)
  );
#1688 = ADVANCED_FACE('',(#1689),#1700,.F.);
#1689 = FACE_BOUND('',#1690,.F.);
#1690 = EDGE_LOOP('',(#1691,#1697,#1698,#1699));
#1691 = ORIENTED_EDGE('',*,*,#1692,.T.);
#1692 = EDGE_CURVE('',#1477,#1569,#1693,.T.);
#1693 = LINE('',#1694,#1695);
#1694 = CARTESIAN_POINT('',(1.838804142396,0.325,0.2));
#1695 = VECTOR('',#1696,1.);
#1696 = DIRECTION('',(-2.22044604925E-16,-1.,0.));
#1697 = ORIENTED_EDGE('',*,*,#1576,.T.);
#1698 = ORIENTED_EDGE('',*,*,#1675,.F.);
#1699 = ORIENTED_EDGE('',*,*,#1484,.F.);
#1700 = CYLINDRICAL_SURFACE('',#1701,0.12);
#1701 = AXIS2_PLACEMENT_3D('',#1702,#1703,#1704);
#1702 = CARTESIAN_POINT('',(1.838804142396,0.325,0.32));
#1703 = DIRECTION('',(2.22044604925E-16,1.,0.));
#1704 = DIRECTION('',(-1.850371707709E-15,4.108650548026E-31,-1.));
#1705 = ADVANCED_FACE('',(#1706),#1717,.F.);
#1706 = FACE_BOUND('',#1707,.F.);
#1707 = EDGE_LOOP('',(#1708,#1714,#1715,#1716));
#1708 = ORIENTED_EDGE('',*,*,#1709,.T.);
#1709 = EDGE_CURVE('',#1469,#1561,#1710,.T.);
#1710 = LINE('',#1711,#1712);
#1711 = CARTESIAN_POINT('',(1.9,0.325,0.2));
#1712 = VECTOR('',#1713,1.);
#1713 = DIRECTION('',(-2.22044604925E-16,-1.,0.));
#1714 = ORIENTED_EDGE('',*,*,#1568,.T.);
#1715 = ORIENTED_EDGE('',*,*,#1692,.F.);
#1716 = ORIENTED_EDGE('',*,*,#1476,.F.);
#1717 = PLANE('',#1718);
#1718 = AXIS2_PLACEMENT_3D('',#1719,#1720,#1721);
#1719 = CARTESIAN_POINT('',(1.9,0.325,0.2));
#1720 = DIRECTION('',(0.,0.,-1.));
#1721 = DIRECTION('',(-1.,2.22044604925E-16,0.));
#1722 = ADVANCED_FACE('',(#1723),#1734,.F.);
#1723 = FACE_BOUND('',#1724,.F.);
#1724 = EDGE_LOOP('',(#1725,#1731,#1732,#1733));
#1725 = ORIENTED_EDGE('',*,*,#1726,.T.);
#1726 = EDGE_CURVE('',#1461,#1553,#1727,.T.);
#1727 = LINE('',#1728,#1729);
#1728 = CARTESIAN_POINT('',(1.9,0.325,-5.551115123126E-17));
#1729 = VECTOR('',#1730,1.);
#1730 = DIRECTION('',(-2.22044604925E-16,-1.,0.));
#1731 = ORIENTED_EDGE('',*,*,#1560,.T.);
#1732 = ORIENTED_EDGE('',*,*,#1709,.F.);
#1733 = ORIENTED_EDGE('',*,*,#1468,.F.);
#1734 = PLANE('',#1735);
#1735 = AXIS2_PLACEMENT_3D('',#1736,#1737,#1738);
#1736 = CARTESIAN_POINT('',(1.9,0.325,-5.551115123126E-17));
#1737 = DIRECTION('',(-1.,2.22044604925E-16,0.));
#1738 = DIRECTION('',(0.,0.,1.));
#1739 = ADVANCED_FACE('',(#1740),#1751,.F.);
#1740 = FACE_BOUND('',#1741,.F.);
#1741 = EDGE_LOOP('',(#1742,#1748,#1749,#1750));
#1742 = ORIENTED_EDGE('',*,*,#1743,.T.);
#1743 = EDGE_CURVE('',#1452,#1544,#1744,.T.);
#1744 = LINE('',#1745,#1746);
#1745 = CARTESIAN_POINT('',(1.838804142396,0.325,-5.551115123126E-17));
#1746 = VECTOR('',#1747,1.);
#1747 = DIRECTION('',(-2.22044604925E-16,-1.,0.));
#1748 = ORIENTED_EDGE('',*,*,#1552,.T.);
#1749 = ORIENTED_EDGE('',*,*,#1726,.F.);
#1750 = ORIENTED_EDGE('',*,*,#1460,.F.);
#1751 = PLANE('',#1752);
#1752 = AXIS2_PLACEMENT_3D('',#1753,#1754,#1755);
#1753 = CARTESIAN_POINT('',(1.838804142396,0.325,-5.551115123126E-17));
#1754 = DIRECTION('',(0.,0.,1.));
#1755 = DIRECTION('',(1.,-2.22044604925E-16,0.));
#1756 = ADVANCED_FACE('',(#1757),#1763,.T.);
#1757 = FACE_BOUND('',#1758,.T.);
#1758 = EDGE_LOOP('',(#1759,#1760,#1761,#1762));
#1759 = ORIENTED_EDGE('',*,*,#1451,.T.);
#1760 = ORIENTED_EDGE('',*,*,#1743,.T.);
#1761 = ORIENTED_EDGE('',*,*,#1543,.F.);
#1762 = ORIENTED_EDGE('',*,*,#1525,.F.);
#1763 = CYLINDRICAL_SURFACE('',#1764,0.32);
#1764 = AXIS2_PLACEMENT_3D('',#1765,#1766,#1767);
#1765 = CARTESIAN_POINT('',(1.838804142396,0.325,0.32));
#1766 = DIRECTION('',(2.22044604925E-16,1.,0.));
#1767 = DIRECTION('',(-0.984807753012,2.186712484447E-16,-0.173648177667
    ));
#1768 = ADVANCED_FACE('',(#1769),#1794,.F.);
#1769 = FACE_BOUND('',#1770,.F.);
#1770 = EDGE_LOOP('',(#1771,#1772,#1780,#1788));
#1771 = ORIENTED_EDGE('',*,*,#1635,.T.);
#1772 = ORIENTED_EDGE('',*,*,#1773,.T.);
#1773 = EDGE_CURVE('',#1638,#1774,#1776,.T.);
#1774 = VERTEX_POINT('',#1775);
#1775 = CARTESIAN_POINT('',(-1.183243103516,-0.608243103516,1.26));
#1776 = LINE('',#1777,#1778);
#1777 = CARTESIAN_POINT('',(-1.183243103516,-0.608243103516,1.24));
#1778 = VECTOR('',#1779,1.);
#1779 = DIRECTION('',(0.,0.,1.));
#1780 = ORIENTED_EDGE('',*,*,#1781,.T.);
#1781 = EDGE_CURVE('',#1774,#1782,#1784,.T.);
#1782 = VERTEX_POINT('',#1783);
#1783 = CARTESIAN_POINT('',(-0.683243103516,-0.608243103516,1.26));
#1784 = LINE('',#1785,#1786);
#1785 = CARTESIAN_POINT('',(-1.183243103516,-0.608243103516,1.26));
#1786 = VECTOR('',#1787,1.);
#1787 = DIRECTION('',(1.,0.,0.));
#1788 = ORIENTED_EDGE('',*,*,#1789,.F.);
#1789 = EDGE_CURVE('',#1636,#1782,#1790,.T.);
#1790 = LINE('',#1791,#1792);
#1791 = CARTESIAN_POINT('',(-0.683243103516,-0.608243103516,1.24));
#1792 = VECTOR('',#1793,1.);
#1793 = DIRECTION('',(0.,0.,1.));
#1794 = PLANE('',#1795);
#1795 = AXIS2_PLACEMENT_3D('',#1796,#1797,#1798);
#1796 = CARTESIAN_POINT('',(-1.183243103516,-0.608243103516,1.24));
#1797 = DIRECTION('',(0.,1.,0.));
#1798 = DIRECTION('',(0.,-0.,1.));
#1799 = ADVANCED_FACE('',(#1800),#1818,.T.);
#1800 = FACE_BOUND('',#1801,.T.);
#1801 = EDGE_LOOP('',(#1802,#1803,#1804,#1812));
#1802 = ORIENTED_EDGE('',*,*,#1789,.F.);
#1803 = ORIENTED_EDGE('',*,*,#1661,.T.);
#1804 = ORIENTED_EDGE('',*,*,#1805,.T.);
#1805 = EDGE_CURVE('',#1654,#1806,#1808,.T.);
#1806 = VERTEX_POINT('',#1807);
#1807 = CARTESIAN_POINT('',(-0.683243103516,0.608243103516,1.26));
#1808 = LINE('',#1809,#1810);
#1809 = CARTESIAN_POINT('',(-0.683243103516,0.608243103516,1.24));
#1810 = VECTOR('',#1811,1.);
#1811 = DIRECTION('',(0.,0.,1.));
#1812 = ORIENTED_EDGE('',*,*,#1813,.F.);
#1813 = EDGE_CURVE('',#1782,#1806,#1814,.T.);
#1814 = LINE('',#1815,#1816);
#1815 = CARTESIAN_POINT('',(-0.683243103516,-0.608243103516,1.26));
#1816 = VECTOR('',#1817,1.);
#1817 = DIRECTION('',(0.,1.,0.));
#1818 = PLANE('',#1819);
#1819 = AXIS2_PLACEMENT_3D('',#1820,#1821,#1822);
#1820 = CARTESIAN_POINT('',(-0.683243103516,-0.608243103516,1.24));
#1821 = DIRECTION('',(1.,0.,0.));
#1822 = DIRECTION('',(0.,0.,1.));
#1823 = ADVANCED_FACE('',(#1824),#1842,.T.);
#1824 = FACE_BOUND('',#1825,.T.);
#1825 = EDGE_LOOP('',(#1826,#1827,#1835,#1841));
#1826 = ORIENTED_EDGE('',*,*,#1653,.T.);
#1827 = ORIENTED_EDGE('',*,*,#1828,.T.);
#1828 = EDGE_CURVE('',#1646,#1829,#1831,.T.);
#1829 = VERTEX_POINT('',#1830);
#1830 = CARTESIAN_POINT('',(-1.183243103516,0.608243103516,1.26));
#1831 = LINE('',#1832,#1833);
#1832 = CARTESIAN_POINT('',(-1.183243103516,0.608243103516,1.24));
#1833 = VECTOR('',#1834,1.);
#1834 = DIRECTION('',(0.,0.,1.));
#1835 = ORIENTED_EDGE('',*,*,#1836,.T.);
#1836 = EDGE_CURVE('',#1829,#1806,#1837,.T.);
#1837 = LINE('',#1838,#1839);
#1838 = CARTESIAN_POINT('',(-1.183243103516,0.608243103516,1.26));
#1839 = VECTOR('',#1840,1.);
#1840 = DIRECTION('',(1.,0.,0.));
#1841 = ORIENTED_EDGE('',*,*,#1805,.F.);
#1842 = PLANE('',#1843);
#1843 = AXIS2_PLACEMENT_3D('',#1844,#1845,#1846);
#1844 = CARTESIAN_POINT('',(-1.183243103516,0.608243103516,1.24));
#1845 = DIRECTION('',(0.,1.,0.));
#1846 = DIRECTION('',(0.,-0.,1.));
#1847 = ADVANCED_FACE('',(#1848),#1859,.F.);
#1848 = FACE_BOUND('',#1849,.F.);
#1849 = EDGE_LOOP('',(#1850,#1851,#1852,#1853));
#1850 = ORIENTED_EDGE('',*,*,#1773,.F.);
#1851 = ORIENTED_EDGE('',*,*,#1645,.T.);
#1852 = ORIENTED_EDGE('',*,*,#1828,.T.);
#1853 = ORIENTED_EDGE('',*,*,#1854,.F.);
#1854 = EDGE_CURVE('',#1774,#1829,#1855,.T.);
#1855 = LINE('',#1856,#1857);
#1856 = CARTESIAN_POINT('',(-1.183243103516,-0.608243103516,1.26));
#1857 = VECTOR('',#1858,1.);
#1858 = DIRECTION('',(0.,1.,0.));
#1859 = PLANE('',#1860);
#1860 = AXIS2_PLACEMENT_3D('',#1861,#1862,#1863);
#1861 = CARTESIAN_POINT('',(-1.183243103516,-0.608243103516,1.24));
#1862 = DIRECTION('',(1.,0.,0.));
#1863 = DIRECTION('',(0.,0.,1.));
#1864 = ADVANCED_FACE('',(#1865),#1871,.T.);
#1865 = FACE_BOUND('',#1866,.T.);
#1866 = EDGE_LOOP('',(#1867,#1868,#1869,#1870));
#1867 = ORIENTED_EDGE('',*,*,#1854,.F.);
#1868 = ORIENTED_EDGE('',*,*,#1781,.T.);
#1869 = ORIENTED_EDGE('',*,*,#1813,.T.);
#1870 = ORIENTED_EDGE('',*,*,#1836,.F.);
#1871 = PLANE('',#1872);
#1872 = AXIS2_PLACEMENT_3D('',#1873,#1874,#1875);
#1873 = CARTESIAN_POINT('',(-1.183243103516,-0.608243103516,1.26));
#1874 = DIRECTION('',(0.,0.,1.));
#1875 = DIRECTION('',(1.,0.,-0.));
#1876 = ( GEOMETRIC_REPRESENTATION_CONTEXT(3) 
GLOBAL_UNCERTAINTY_ASSIGNED_CONTEXT((#1880)) 
GLOBAL_UNIT_ASSIGNED_CONTEXT((#1877,#1878,#1879)) REPRESENTATION_CONTEXT
('Context #1','3D Context with UNIT and UNCERTAINTY') );
#1877 = ( LENGTH_UNIT() NAMED_UNIT(*) SI_UNIT(.MILLI.,.METRE.) );
#1878 = ( NAMED_UNIT(*) PLANE_ANGLE_UNIT() SI_UNIT($,.RADIAN.) );
#1879 = ( NAMED_UNIT(*) SI_UNIT($,.STERADIAN.) SOLID_ANGLE_UNIT() );
#1880 = UNCERTAINTY_MEASURE_WITH_UNIT(LENGTH_MEASURE(1.E-07),#1877,
  'distance_accuracy_value','confusion accuracy');
#1881 = CONTEXT_DEPENDENT_SHAPE_REPRESENTATION(#1882,#1884);
#1882 = ( REPRESENTATION_RELATIONSHIP('','',#187,#164) 
REPRESENTATION_RELATIONSHIP_WITH_TRANSFORMATION(#1883) 
SHAPE_REPRESENTATION_RELATIONSHIP() );
#1883 = ITEM_DEFINED_TRANSFORMATION('','',#11,#165);
#1884 = PRODUCT_DEFINITION_SHAPE('Placement','Placement of an item',
  #1885);
#1885 = NEXT_ASSEMBLY_USAGE_OCCURRENCE('1','=>[0:1:1:3]','',#159,#182,$
  );
#1886 = PRODUCT_RELATED_PRODUCT_CATEGORY('part',$,(#184));
#1887 = SHAPE_DEFINITION_REPRESENTATION(#1888,#1894);
#1888 = PRODUCT_DEFINITION_SHAPE('','',#1889);
#1889 = PRODUCT_DEFINITION('design','',#1890,#1893);
#1890 = PRODUCT_DEFINITION_FORMATION('','',#1891);
#1891 = PRODUCT('C_0805_2012Metric','C_0805_2012Metric','',(#1892));
#1892 = PRODUCT_CONTEXT('',#2,'mechanical');
#1893 = PRODUCT_DEFINITION_CONTEXT('part definition',#2,'design');
#1894 = SHAPE_REPRESENTATION('',(#11,#1895),#1899);
#1895 = AXIS2_PLACEMENT_3D('',#1896,#1897,#1898);
#1896 = CARTESIAN_POINT('',(0.,0.,0.));
#1897 = DIRECTION('',(0.,0.,1.));
#1898 = DIRECTION('',(1.,0.,-0.));
#1899 = ( GEOMETRIC_REPRESENTATION_CONTEXT(3) 
GLOBAL_UNCERTAINTY_ASSIGNED_CONTEXT((#1903)) 
GLOBAL_UNIT_ASSIGNED_CONTEXT((#1900,#1901,#1902)) REPRESENTATION_CONTEXT
('Context #1','3D Context with UNIT and UNCERTAINTY') );
#1900 = ( LENGTH_UNIT() NAMED_UNIT(*) SI_UNIT(.MILLI.,.METRE.) );
#1901 = ( NAMED_UNIT(*) PLANE_ANGLE_UNIT() SI_UNIT($,.RADIAN.) );
#1902 = ( NAMED_UNIT(*) SI_UNIT($,.STERADIAN.) SOLID_ANGLE_UNIT() );
#1903 = UNCERTAINTY_MEASURE_WITH_UNIT(LENGTH_MEASURE(1.E-07),#1900,
  'distance_accuracy_value','confusion accuracy');
#1904 = CONTEXT_DEPENDENT_SHAPE_REPRESENTATION(#1905,#1907);
#1905 = ( REPRESENTATION_RELATIONSHIP('','',#1894,#10) 
REPRESENTATION_RELATIONSHIP_WITH_TRANSFORMATION(#1906) 
SHAPE_REPRESENTATION_RELATIONSHIP() );
#1906 = ITEM_DEFINED_TRANSFORMATION('','',#11,#19);
#1907 = PRODUCT_DEFINITION_SHAPE('Placement','Placement of an item',
  #1908);
#1908 = NEXT_ASSEMBLY_USAGE_OCCURRENCE('4','C11','',#5,#1889,$);
#1909 = PRODUCT_RELATED_PRODUCT_CATEGORY('part',$,(#1891));
#1910 = SHAPE_DEFINITION_REPRESENTATION(#1911,#1917);
#1911 = PRODUCT_DEFINITION_SHAPE('','',#1912);
#1912 = PRODUCT_DEFINITION('design','',#1913,#1916);
#1913 = PRODUCT_DEFINITION_FORMATION('','',#1914);
#1914 = PRODUCT('C_0805_2012Metric','C_0805_2012Metric','',(#1915));
#1915 = PRODUCT_CONTEXT('',#2,'mechanical');
#1916 = PRODUCT_DEFINITION_CONTEXT('part definition',#2,'design');
#1917 = ADVANCED_BREP_SHAPE_REPRESENTATION('',(#11,#1918),#2772);
#1918 = MANIFOLD_SOLID_BREP('',#1919);
#1919 = CLOSED_SHELL('',(#1920,#1996,#2027,#2052,#2077,#2101,#2125,#2150
    ,#2175,#2192,#2278,#2310,#2334,#2359,#2383,#2408,#2432,#2457,#2474,
    #2560,#2591,#2616,#2641,#2665,#2689,#2714,#2739,#2756));
#1920 = ADVANCED_FACE('',(#1921),#1991,.F.);
#1921 = FACE_BOUND('',#1922,.F.);
#1922 = EDGE_LOOP('',(#1923,#1933,#1942,#1950,#1959,#1967,#1976,#1984));
#1923 = ORIENTED_EDGE('',*,*,#1924,.F.);
#1924 = EDGE_CURVE('',#1925,#1927,#1929,.T.);
#1925 = VERTEX_POINT('',#1926);
#1926 = CARTESIAN_POINT('',(-1.,-0.625,4.E-02));
#1927 = VERTEX_POINT('',#1928);
#1928 = CARTESIAN_POINT('',(-1.,-0.625,1.21));
#1929 = LINE('',#1930,#1931);
#1930 = CARTESIAN_POINT('',(-1.,-0.625,0.));
#1931 = VECTOR('',#1932,1.);
#1932 = DIRECTION('',(0.,0.,1.));
#1933 = ORIENTED_EDGE('',*,*,#1934,.T.);
#1934 = EDGE_CURVE('',#1925,#1935,#1937,.T.);
#1935 = VERTEX_POINT('',#1936);
#1936 = CARTESIAN_POINT('',(-1.,-0.585,0.));
#1937 = CIRCLE('',#1938,4.E-02);
#1938 = AXIS2_PLACEMENT_3D('',#1939,#1940,#1941);
#1939 = CARTESIAN_POINT('',(-1.,-0.585,4.E-02));
#1940 = DIRECTION('',(1.,0.,-0.));
#1941 = DIRECTION('',(0.,0.,1.));
#1942 = ORIENTED_EDGE('',*,*,#1943,.T.);
#1943 = EDGE_CURVE('',#1935,#1944,#1946,.T.);
#1944 = VERTEX_POINT('',#1945);
#1945 = CARTESIAN_POINT('',(-1.,0.585,0.));
#1946 = LINE('',#1947,#1948);
#1947 = CARTESIAN_POINT('',(-1.,-0.625,0.));
#1948 = VECTOR('',#1949,1.);
#1949 = DIRECTION('',(0.,1.,0.));
#1950 = ORIENTED_EDGE('',*,*,#1951,.F.);
#1951 = EDGE_CURVE('',#1952,#1944,#1954,.T.);
#1952 = VERTEX_POINT('',#1953);
#1953 = CARTESIAN_POINT('',(-1.,0.625,4.E-02));
#1954 = CIRCLE('',#1955,4.E-02);
#1955 = AXIS2_PLACEMENT_3D('',#1956,#1957,#1958);
#1956 = CARTESIAN_POINT('',(-1.,0.585,4.E-02));
#1957 = DIRECTION('',(-1.,0.,0.));
#1958 = DIRECTION('',(0.,0.,1.));
#1959 = ORIENTED_EDGE('',*,*,#1960,.T.);
#1960 = EDGE_CURVE('',#1952,#1961,#1963,.T.);
#1961 = VERTEX_POINT('',#1962);
#1962 = CARTESIAN_POINT('',(-1.,0.625,1.21));
#1963 = LINE('',#1964,#1965);
#1964 = CARTESIAN_POINT('',(-1.,0.625,0.));
#1965 = VECTOR('',#1966,1.);
#1966 = DIRECTION('',(0.,0.,1.));
#1967 = ORIENTED_EDGE('',*,*,#1968,.T.);
#1968 = EDGE_CURVE('',#1961,#1969,#1971,.T.);
#1969 = VERTEX_POINT('',#1970);
#1970 = CARTESIAN_POINT('',(-1.,0.585,1.25));
#1971 = CIRCLE('',#1972,4.E-02);
#1972 = AXIS2_PLACEMENT_3D('',#1973,#1974,#1975);
#1973 = CARTESIAN_POINT('',(-1.,0.585,1.21));
#1974 = DIRECTION('',(1.,0.,-0.));
#1975 = DIRECTION('',(0.,0.,1.));
#1976 = ORIENTED_EDGE('',*,*,#1977,.F.);
#1977 = EDGE_CURVE('',#1978,#1969,#1980,.T.);
#1978 = VERTEX_POINT('',#1979);
#1979 = CARTESIAN_POINT('',(-1.,-0.585,1.25));
#1980 = LINE('',#1981,#1982);
#1981 = CARTESIAN_POINT('',(-1.,-0.625,1.25));
#1982 = VECTOR('',#1983,1.);
#1983 = DIRECTION('',(0.,1.,0.));
#1984 = ORIENTED_EDGE('',*,*,#1985,.F.);
#1985 = EDGE_CURVE('',#1927,#1978,#1986,.T.);
#1986 = CIRCLE('',#1987,4.E-02);
#1987 = AXIS2_PLACEMENT_3D('',#1988,#1989,#1990);
#1988 = CARTESIAN_POINT('',(-1.,-0.585,1.21));
#1989 = DIRECTION('',(-1.,0.,0.));
#1990 = DIRECTION('',(0.,0.,1.));
#1991 = PLANE('',#1992);
#1992 = AXIS2_PLACEMENT_3D('',#1993,#1994,#1995);
#1993 = CARTESIAN_POINT('',(-1.,-0.625,0.));
#1994 = DIRECTION('',(1.,0.,0.));
#1995 = DIRECTION('',(0.,0.,1.));
#1996 = ADVANCED_FACE('',(#1997),#2022,.F.);
#1997 = FACE_BOUND('',#1998,.F.);
#1998 = EDGE_LOOP('',(#1999,#2009,#2015,#2016));
#1999 = ORIENTED_EDGE('',*,*,#2000,.F.);
#2000 = EDGE_CURVE('',#2001,#2003,#2005,.T.);
#2001 = VERTEX_POINT('',#2002);
#2002 = CARTESIAN_POINT('',(-0.6,-0.625,4.E-02));
#2003 = VERTEX_POINT('',#2004);
#2004 = CARTESIAN_POINT('',(-0.6,-0.625,1.21));
#2005 = LINE('',#2006,#2007);
#2006 = CARTESIAN_POINT('',(-0.6,-0.625,0.));
#2007 = VECTOR('',#2008,1.);
#2008 = DIRECTION('',(0.,0.,1.));
#2009 = ORIENTED_EDGE('',*,*,#2010,.F.);
#2010 = EDGE_CURVE('',#1925,#2001,#2011,.T.);
#2011 = LINE('',#2012,#2013);
#2012 = CARTESIAN_POINT('',(-1.,-0.625,4.E-02));
#2013 = VECTOR('',#2014,1.);
#2014 = DIRECTION('',(1.,0.,0.));
#2015 = ORIENTED_EDGE('',*,*,#1924,.T.);
#2016 = ORIENTED_EDGE('',*,*,#2017,.T.);
#2017 = EDGE_CURVE('',#1927,#2003,#2018,.T.);
#2018 = LINE('',#2019,#2020);
#2019 = CARTESIAN_POINT('',(-1.,-0.625,1.21));
#2020 = VECTOR('',#2021,1.);
#2021 = DIRECTION('',(1.,0.,0.));
#2022 = PLANE('',#2023);
#2023 = AXIS2_PLACEMENT_3D('',#2024,#2025,#2026);
#2024 = CARTESIAN_POINT('',(-1.,-0.625,0.));
#2025 = DIRECTION('',(0.,1.,0.));
#2026 = DIRECTION('',(0.,-0.,1.));
#2027 = ADVANCED_FACE('',(#2028),#2047,.T.);
#2028 = FACE_BOUND('',#2029,.T.);
#2029 = EDGE_LOOP('',(#2030,#2031,#2039,#2046));
#2030 = ORIENTED_EDGE('',*,*,#1934,.T.);
#2031 = ORIENTED_EDGE('',*,*,#2032,.T.);
#2032 = EDGE_CURVE('',#1935,#2033,#2035,.T.);
#2033 = VERTEX_POINT('',#2034);
#2034 = CARTESIAN_POINT('',(-0.6,-0.585,0.));
#2035 = LINE('',#2036,#2037);
#2036 = CARTESIAN_POINT('',(-1.,-0.585,0.));
#2037 = VECTOR('',#2038,1.);
#2038 = DIRECTION('',(1.,0.,0.));
#2039 = ORIENTED_EDGE('',*,*,#2040,.F.);
#2040 = EDGE_CURVE('',#2001,#2033,#2041,.T.);
#2041 = CIRCLE('',#2042,4.E-02);
#2042 = AXIS2_PLACEMENT_3D('',#2043,#2044,#2045);
#2043 = CARTESIAN_POINT('',(-0.6,-0.585,4.E-02));
#2044 = DIRECTION('',(1.,0.,-0.));
#2045 = DIRECTION('',(0.,0.,1.));
#2046 = ORIENTED_EDGE('',*,*,#2010,.F.);
#2047 = CYLINDRICAL_SURFACE('',#2048,4.E-02);
#2048 = AXIS2_PLACEMENT_3D('',#2049,#2050,#2051);
#2049 = CARTESIAN_POINT('',(-1.,-0.585,4.E-02));
#2050 = DIRECTION('',(1.,0.,0.));
#2051 = DIRECTION('',(0.,-1.,0.));
#2052 = ADVANCED_FACE('',(#2053),#2072,.T.);
#2053 = FACE_BOUND('',#2054,.T.);
#2054 = EDGE_LOOP('',(#2055,#2056,#2065,#2071));
#2055 = ORIENTED_EDGE('',*,*,#2017,.T.);
#2056 = ORIENTED_EDGE('',*,*,#2057,.T.);
#2057 = EDGE_CURVE('',#2003,#2058,#2060,.T.);
#2058 = VERTEX_POINT('',#2059);
#2059 = CARTESIAN_POINT('',(-0.6,-0.585,1.25));
#2060 = CIRCLE('',#2061,4.E-02);
#2061 = AXIS2_PLACEMENT_3D('',#2062,#2063,#2064);
#2062 = CARTESIAN_POINT('',(-0.6,-0.585,1.21));
#2063 = DIRECTION('',(-1.,0.,0.));
#2064 = DIRECTION('',(0.,0.,1.));
#2065 = ORIENTED_EDGE('',*,*,#2066,.F.);
#2066 = EDGE_CURVE('',#1978,#2058,#2067,.T.);
#2067 = LINE('',#2068,#2069);
#2068 = CARTESIAN_POINT('',(-1.,-0.585,1.25));
#2069 = VECTOR('',#2070,1.);
#2070 = DIRECTION('',(1.,0.,0.));
#2071 = ORIENTED_EDGE('',*,*,#1985,.F.);
#2072 = CYLINDRICAL_SURFACE('',#2073,4.E-02);
#2073 = AXIS2_PLACEMENT_3D('',#2074,#2075,#2076);
#2074 = CARTESIAN_POINT('',(-1.,-0.585,1.21));
#2075 = DIRECTION('',(1.,0.,0.));
#2076 = DIRECTION('',(0.,-1.,0.));
#2077 = ADVANCED_FACE('',(#2078),#2096,.F.);
#2078 = FACE_BOUND('',#2079,.F.);
#2079 = EDGE_LOOP('',(#2080,#2081,#2082,#2090));
#2080 = ORIENTED_EDGE('',*,*,#1943,.F.);
#2081 = ORIENTED_EDGE('',*,*,#2032,.T.);
#2082 = ORIENTED_EDGE('',*,*,#2083,.T.);
#2083 = EDGE_CURVE('',#2033,#2084,#2086,.T.);
#2084 = VERTEX_POINT('',#2085);
#2085 = CARTESIAN_POINT('',(-0.6,0.585,0.));
#2086 = LINE('',#2087,#2088);
#2087 = CARTESIAN_POINT('',(-0.6,-0.625,0.));
#2088 = VECTOR('',#2089,1.);
#2089 = DIRECTION('',(0.,1.,0.));
#2090 = ORIENTED_EDGE('',*,*,#2091,.F.);
#2091 = EDGE_CURVE('',#1944,#2084,#2092,.T.);
#2092 = LINE('',#2093,#2094);
#2093 = CARTESIAN_POINT('',(-1.,0.585,0.));
#2094 = VECTOR('',#2095,1.);
#2095 = DIRECTION('',(1.,0.,0.));
#2096 = PLANE('',#2097);
#2097 = AXIS2_PLACEMENT_3D('',#2098,#2099,#2100);
#2098 = CARTESIAN_POINT('',(-1.,-0.625,0.));
#2099 = DIRECTION('',(0.,0.,1.));
#2100 = DIRECTION('',(1.,0.,-0.));
#2101 = ADVANCED_FACE('',(#2102),#2120,.T.);
#2102 = FACE_BOUND('',#2103,.T.);
#2103 = EDGE_LOOP('',(#2104,#2105,#2106,#2114));
#2104 = ORIENTED_EDGE('',*,*,#1977,.F.);
#2105 = ORIENTED_EDGE('',*,*,#2066,.T.);
#2106 = ORIENTED_EDGE('',*,*,#2107,.T.);
#2107 = EDGE_CURVE('',#2058,#2108,#2110,.T.);
#2108 = VERTEX_POINT('',#2109);
#2109 = CARTESIAN_POINT('',(-0.6,0.585,1.25));
#2110 = LINE('',#2111,#2112);
#2111 = CARTESIAN_POINT('',(-0.6,-0.625,1.25));
#2112 = VECTOR('',#2113,1.);
#2113 = DIRECTION('',(0.,1.,0.));
#2114 = ORIENTED_EDGE('',*,*,#2115,.F.);
#2115 = EDGE_CURVE('',#1969,#2108,#2116,.T.);
#2116 = LINE('',#2117,#2118);
#2117 = CARTESIAN_POINT('',(-1.,0.585,1.25));
#2118 = VECTOR('',#2119,1.);
#2119 = DIRECTION('',(1.,0.,0.));
#2120 = PLANE('',#2121);
#2121 = AXIS2_PLACEMENT_3D('',#2122,#2123,#2124);
#2122 = CARTESIAN_POINT('',(-1.,-0.625,1.25));
#2123 = DIRECTION('',(0.,0.,1.));
#2124 = DIRECTION('',(1.,0.,-0.));
#2125 = ADVANCED_FACE('',(#2126),#2145,.T.);
#2126 = FACE_BOUND('',#2127,.T.);
#2127 = EDGE_LOOP('',(#2128,#2136,#2143,#2144));
#2128 = ORIENTED_EDGE('',*,*,#2129,.T.);
#2129 = EDGE_CURVE('',#1952,#2130,#2132,.T.);
#2130 = VERTEX_POINT('',#2131);
#2131 = CARTESIAN_POINT('',(-0.6,0.625,4.E-02));
#2132 = LINE('',#2133,#2134);
#2133 = CARTESIAN_POINT('',(-1.,0.625,4.E-02));
#2134 = VECTOR('',#2135,1.);
#2135 = DIRECTION('',(1.,0.,0.));
#2136 = ORIENTED_EDGE('',*,*,#2137,.T.);
#2137 = EDGE_CURVE('',#2130,#2084,#2138,.T.);
#2138 = CIRCLE('',#2139,4.E-02);
#2139 = AXIS2_PLACEMENT_3D('',#2140,#2141,#2142);
#2140 = CARTESIAN_POINT('',(-0.6,0.585,4.E-02));
#2141 = DIRECTION('',(-1.,0.,0.));
#2142 = DIRECTION('',(0.,0.,1.));
#2143 = ORIENTED_EDGE('',*,*,#2091,.F.);
#2144 = ORIENTED_EDGE('',*,*,#1951,.F.);
#2145 = CYLINDRICAL_SURFACE('',#2146,4.E-02);
#2146 = AXIS2_PLACEMENT_3D('',#2147,#2148,#2149);
#2147 = CARTESIAN_POINT('',(-1.,0.585,4.E-02));
#2148 = DIRECTION('',(1.,0.,0.));
#2149 = DIRECTION('',(-0.,1.,0.));
#2150 = ADVANCED_FACE('',(#2151),#2170,.T.);
#2151 = FACE_BOUND('',#2152,.T.);
#2152 = EDGE_LOOP('',(#2153,#2154,#2155,#2164));
#2153 = ORIENTED_EDGE('',*,*,#1968,.T.);
#2154 = ORIENTED_EDGE('',*,*,#2115,.T.);
#2155 = ORIENTED_EDGE('',*,*,#2156,.F.);
#2156 = EDGE_CURVE('',#2157,#2108,#2159,.T.);
#2157 = VERTEX_POINT('',#2158);
#2158 = CARTESIAN_POINT('',(-0.6,0.625,1.21));
#2159 = CIRCLE('',#2160,4.E-02);
#2160 = AXIS2_PLACEMENT_3D('',#2161,#2162,#2163);
#2161 = CARTESIAN_POINT('',(-0.6,0.585,1.21));
#2162 = DIRECTION('',(1.,0.,-0.));
#2163 = DIRECTION('',(0.,0.,1.));
#2164 = ORIENTED_EDGE('',*,*,#2165,.F.);
#2165 = EDGE_CURVE('',#1961,#2157,#2166,.T.);
#2166 = LINE('',#2167,#2168);
#2167 = CARTESIAN_POINT('',(-1.,0.625,1.21));
#2168 = VECTOR('',#2169,1.);
#2169 = DIRECTION('',(1.,0.,0.));
#2170 = CYLINDRICAL_SURFACE('',#2171,4.E-02);
#2171 = AXIS2_PLACEMENT_3D('',#2172,#2173,#2174);
#2172 = CARTESIAN_POINT('',(-1.,0.585,1.21));
#2173 = DIRECTION('',(1.,0.,0.));
#2174 = DIRECTION('',(-0.,1.,0.));
#2175 = ADVANCED_FACE('',(#2176),#2187,.T.);
#2176 = FACE_BOUND('',#2177,.T.);
#2177 = EDGE_LOOP('',(#2178,#2184,#2185,#2186));
#2178 = ORIENTED_EDGE('',*,*,#2179,.F.);
#2179 = EDGE_CURVE('',#2130,#2157,#2180,.T.);
#2180 = LINE('',#2181,#2182);
#2181 = CARTESIAN_POINT('',(-0.6,0.625,0.));
#2182 = VECTOR('',#2183,1.);
#2183 = DIRECTION('',(0.,0.,1.));
#2184 = ORIENTED_EDGE('',*,*,#2129,.F.);
#2185 = ORIENTED_EDGE('',*,*,#1960,.T.);
#2186 = ORIENTED_EDGE('',*,*,#2165,.T.);
#2187 = PLANE('',#2188);
#2188 = AXIS2_PLACEMENT_3D('',#2189,#2190,#2191);
#2189 = CARTESIAN_POINT('',(-1.,0.625,0.));
#2190 = DIRECTION('',(0.,1.,0.));
#2191 = DIRECTION('',(0.,-0.,1.));
#2192 = ADVANCED_FACE('',(#2193,#2203),#2273,.T.);
#2193 = FACE_BOUND('',#2194,.T.);
#2194 = EDGE_LOOP('',(#2195,#2196,#2197,#2198,#2199,#2200,#2201,#2202));
#2195 = ORIENTED_EDGE('',*,*,#2000,.F.);
#2196 = ORIENTED_EDGE('',*,*,#2040,.T.);
#2197 = ORIENTED_EDGE('',*,*,#2083,.T.);
#2198 = ORIENTED_EDGE('',*,*,#2137,.F.);
#2199 = ORIENTED_EDGE('',*,*,#2179,.T.);
#2200 = ORIENTED_EDGE('',*,*,#2156,.T.);
#2201 = ORIENTED_EDGE('',*,*,#2107,.F.);
#2202 = ORIENTED_EDGE('',*,*,#2057,.F.);
#2203 = FACE_BOUND('',#2204,.T.);
#2204 = EDGE_LOOP('',(#2205,#2216,#2224,#2233,#2241,#2250,#2258,#2267));
#2205 = ORIENTED_EDGE('',*,*,#2206,.F.);
#2206 = EDGE_CURVE('',#2207,#2209,#2211,.T.);
#2207 = VERTEX_POINT('',#2208);
#2208 = CARTESIAN_POINT('',(-0.6,-0.585,8.E-02));
#2209 = VERTEX_POINT('',#2210);
#2210 = CARTESIAN_POINT('',(-0.6,-0.545,4.E-02));
#2211 = CIRCLE('',#2212,4.E-02);
#2212 = AXIS2_PLACEMENT_3D('',#2213,#2214,#2215);
#2213 = CARTESIAN_POINT('',(-0.6,-0.545,8.E-02));
#2214 = DIRECTION('',(1.,0.,-0.));
#2215 = DIRECTION('',(0.,0.,1.));
#2216 = ORIENTED_EDGE('',*,*,#2217,.T.);
#2217 = EDGE_CURVE('',#2207,#2218,#2220,.T.);
#2218 = VERTEX_POINT('',#2219);
#2219 = CARTESIAN_POINT('',(-0.6,-0.585,1.17));
#2220 = LINE('',#2221,#2222);
#2221 = CARTESIAN_POINT('',(-0.6,-0.585,4.E-02));
#2222 = VECTOR('',#2223,1.);
#2223 = DIRECTION('',(0.,0.,1.));
#2224 = ORIENTED_EDGE('',*,*,#2225,.T.);
#2225 = EDGE_CURVE('',#2218,#2226,#2228,.T.);
#2226 = VERTEX_POINT('',#2227);
#2227 = CARTESIAN_POINT('',(-0.6,-0.545,1.21));
#2228 = CIRCLE('',#2229,4.E-02);
#2229 = AXIS2_PLACEMENT_3D('',#2230,#2231,#2232);
#2230 = CARTESIAN_POINT('',(-0.6,-0.545,1.17));
#2231 = DIRECTION('',(-1.,0.,0.));
#2232 = DIRECTION('',(0.,0.,1.));
#2233 = ORIENTED_EDGE('',*,*,#2234,.T.);
#2234 = EDGE_CURVE('',#2226,#2235,#2237,.T.);
#2235 = VERTEX_POINT('',#2236);
#2236 = CARTESIAN_POINT('',(-0.6,0.545,1.21));
#2237 = LINE('',#2238,#2239);
#2238 = CARTESIAN_POINT('',(-0.6,-0.585,1.21));
#2239 = VECTOR('',#2240,1.);
#2240 = DIRECTION('',(0.,1.,0.));
#2241 = ORIENTED_EDGE('',*,*,#2242,.F.);
#2242 = EDGE_CURVE('',#2243,#2235,#2245,.T.);
#2243 = VERTEX_POINT('',#2244);
#2244 = CARTESIAN_POINT('',(-0.6,0.585,1.17));
#2245 = CIRCLE('',#2246,4.E-02);
#2246 = AXIS2_PLACEMENT_3D('',#2247,#2248,#2249);
#2247 = CARTESIAN_POINT('',(-0.6,0.545,1.17));
#2248 = DIRECTION('',(1.,0.,-0.));
#2249 = DIRECTION('',(0.,0.,1.));
#2250 = ORIENTED_EDGE('',*,*,#2251,.F.);
#2251 = EDGE_CURVE('',#2252,#2243,#2254,.T.);
#2252 = VERTEX_POINT('',#2253);
#2253 = CARTESIAN_POINT('',(-0.6,0.585,8.E-02));
#2254 = LINE('',#2255,#2256);
#2255 = CARTESIAN_POINT('',(-0.6,0.585,4.E-02));
#2256 = VECTOR('',#2257,1.);
#2257 = DIRECTION('',(0.,0.,1.));
#2258 = ORIENTED_EDGE('',*,*,#2259,.T.);
#2259 = EDGE_CURVE('',#2252,#2260,#2262,.T.);
#2260 = VERTEX_POINT('',#2261);
#2261 = CARTESIAN_POINT('',(-0.6,0.545,4.E-02));
#2262 = CIRCLE('',#2263,4.E-02);
#2263 = AXIS2_PLACEMENT_3D('',#2264,#2265,#2266);
#2264 = CARTESIAN_POINT('',(-0.6,0.545,8.E-02));
#2265 = DIRECTION('',(-1.,0.,0.));
#2266 = DIRECTION('',(0.,0.,1.));
#2267 = ORIENTED_EDGE('',*,*,#2268,.F.);
#2268 = EDGE_CURVE('',#2209,#2260,#2269,.T.);
#2269 = LINE('',#2270,#2271);
#2270 = CARTESIAN_POINT('',(-0.6,-0.585,4.E-02));
#2271 = VECTOR('',#2272,1.);
#2272 = DIRECTION('',(0.,1.,0.));
#2273 = PLANE('',#2274);
#2274 = AXIS2_PLACEMENT_3D('',#2275,#2276,#2277);
#2275 = CARTESIAN_POINT('',(-0.6,-0.625,0.));
#2276 = DIRECTION('',(1.,0.,0.));
#2277 = DIRECTION('',(0.,0.,1.));
#2278 = ADVANCED_FACE('',(#2279),#2305,.T.);
#2279 = FACE_BOUND('',#2280,.T.);
#2280 = EDGE_LOOP('',(#2281,#2282,#2290,#2299));
#2281 = ORIENTED_EDGE('',*,*,#2206,.T.);
#2282 = ORIENTED_EDGE('',*,*,#2283,.T.);
#2283 = EDGE_CURVE('',#2209,#2284,#2286,.T.);
#2284 = VERTEX_POINT('',#2285);
#2285 = CARTESIAN_POINT('',(0.6,-0.545,4.E-02));
#2286 = LINE('',#2287,#2288);
#2287 = CARTESIAN_POINT('',(-0.6,-0.545,4.E-02));
#2288 = VECTOR('',#2289,1.);
#2289 = DIRECTION('',(1.,0.,0.));
#2290 = ORIENTED_EDGE('',*,*,#2291,.F.);
#2291 = EDGE_CURVE('',#2292,#2284,#2294,.T.);
#2292 = VERTEX_POINT('',#2293);
#2293 = CARTESIAN_POINT('',(0.6,-0.585,8.E-02));
#2294 = CIRCLE('',#2295,4.E-02);
#2295 = AXIS2_PLACEMENT_3D('',#2296,#2297,#2298);
#2296 = CARTESIAN_POINT('',(0.6,-0.545,8.E-02));
#2297 = DIRECTION('',(1.,0.,-0.));
#2298 = DIRECTION('',(0.,0.,1.));
#2299 = ORIENTED_EDGE('',*,*,#2300,.F.);
#2300 = EDGE_CURVE('',#2207,#2292,#2301,.T.);
#2301 = LINE('',#2302,#2303);
#2302 = CARTESIAN_POINT('',(-0.6,-0.585,8.E-02));
#2303 = VECTOR('',#2304,1.);
#2304 = DIRECTION('',(1.,0.,0.));
#2305 = CYLINDRICAL_SURFACE('',#2306,4.E-02);
#2306 = AXIS2_PLACEMENT_3D('',#2307,#2308,#2309);
#2307 = CARTESIAN_POINT('',(-0.6,-0.545,8.E-02));
#2308 = DIRECTION('',(1.,0.,0.));
#2309 = DIRECTION('',(0.,-1.,0.));
#2310 = ADVANCED_FACE('',(#2311),#2329,.F.);
#2311 = FACE_BOUND('',#2312,.F.);
#2312 = EDGE_LOOP('',(#2313,#2314,#2315,#2323));
#2313 = ORIENTED_EDGE('',*,*,#2268,.F.);
#2314 = ORIENTED_EDGE('',*,*,#2283,.T.);
#2315 = ORIENTED_EDGE('',*,*,#2316,.T.);
#2316 = EDGE_CURVE('',#2284,#2317,#2319,.T.);
#2317 = VERTEX_POINT('',#2318);
#2318 = CARTESIAN_POINT('',(0.6,0.545,4.E-02));
#2319 = LINE('',#2320,#2321);
#2320 = CARTESIAN_POINT('',(0.6,-0.585,4.E-02));
#2321 = VECTOR('',#2322,1.);
#2322 = DIRECTION('',(0.,1.,0.));
#2323 = ORIENTED_EDGE('',*,*,#2324,.F.);
#2324 = EDGE_CURVE('',#2260,#2317,#2325,.T.);
#2325 = LINE('',#2326,#2327);
#2326 = CARTESIAN_POINT('',(-0.6,0.545,4.E-02));
#2327 = VECTOR('',#2328,1.);
#2328 = DIRECTION('',(1.,0.,0.));
#2329 = PLANE('',#2330);
#2330 = AXIS2_PLACEMENT_3D('',#2331,#2332,#2333);
#2331 = CARTESIAN_POINT('',(-0.6,-0.585,4.E-02));
#2332 = DIRECTION('',(0.,0.,1.));
#2333 = DIRECTION('',(1.,0.,-0.));
#2334 = ADVANCED_FACE('',(#2335),#2354,.T.);
#2335 = FACE_BOUND('',#2336,.T.);
#2336 = EDGE_LOOP('',(#2337,#2345,#2352,#2353));
#2337 = ORIENTED_EDGE('',*,*,#2338,.T.);
#2338 = EDGE_CURVE('',#2252,#2339,#2341,.T.);
#2339 = VERTEX_POINT('',#2340);
#2340 = CARTESIAN_POINT('',(0.6,0.585,8.E-02));
#2341 = LINE('',#2342,#2343);
#2342 = CARTESIAN_POINT('',(-0.6,0.585,8.E-02));
#2343 = VECTOR('',#2344,1.);
#2344 = DIRECTION('',(1.,0.,0.));
#2345 = ORIENTED_EDGE('',*,*,#2346,.T.);
#2346 = EDGE_CURVE('',#2339,#2317,#2347,.T.);
#2347 = CIRCLE('',#2348,4.E-02);
#2348 = AXIS2_PLACEMENT_3D('',#2349,#2350,#2351);
#2349 = CARTESIAN_POINT('',(0.6,0.545,8.E-02));
#2350 = DIRECTION('',(-1.,0.,0.));
#2351 = DIRECTION('',(0.,0.,1.));
#2352 = ORIENTED_EDGE('',*,*,#2324,.F.);
#2353 = ORIENTED_EDGE('',*,*,#2259,.F.);
#2354 = CYLINDRICAL_SURFACE('',#2355,4.E-02);
#2355 = AXIS2_PLACEMENT_3D('',#2356,#2357,#2358);
#2356 = CARTESIAN_POINT('',(-0.6,0.545,8.E-02));
#2357 = DIRECTION('',(1.,0.,0.));
#2358 = DIRECTION('',(-0.,1.,0.));
#2359 = ADVANCED_FACE('',(#2360),#2378,.T.);
#2360 = FACE_BOUND('',#2361,.T.);
#2361 = EDGE_LOOP('',(#2362,#2370,#2371,#2372));
#2362 = ORIENTED_EDGE('',*,*,#2363,.F.);
#2363 = EDGE_CURVE('',#2339,#2364,#2366,.T.);
#2364 = VERTEX_POINT('',#2365);
#2365 = CARTESIAN_POINT('',(0.6,0.585,1.17));
#2366 = LINE('',#2367,#2368);
#2367 = CARTESIAN_POINT('',(0.6,0.585,4.E-02));
#2368 = VECTOR('',#2369,1.);
#2369 = DIRECTION('',(0.,0.,1.));
#2370 = ORIENTED_EDGE('',*,*,#2338,.F.);
#2371 = ORIENTED_EDGE('',*,*,#2251,.T.);
#2372 = ORIENTED_EDGE('',*,*,#2373,.T.);
#2373 = EDGE_CURVE('',#2243,#2364,#2374,.T.);
#2374 = LINE('',#2375,#2376);
#2375 = CARTESIAN_POINT('',(-0.6,0.585,1.17));
#2376 = VECTOR('',#2377,1.);
#2377 = DIRECTION('',(1.,0.,0.));
#2378 = PLANE('',#2379);
#2379 = AXIS2_PLACEMENT_3D('',#2380,#2381,#2382);
#2380 = CARTESIAN_POINT('',(-0.6,0.585,4.E-02));
#2381 = DIRECTION('',(0.,1.,0.));
#2382 = DIRECTION('',(0.,-0.,1.));
#2383 = ADVANCED_FACE('',(#2384),#2403,.T.);
#2384 = FACE_BOUND('',#2385,.T.);
#2385 = EDGE_LOOP('',(#2386,#2387,#2395,#2402));
#2386 = ORIENTED_EDGE('',*,*,#2242,.T.);
#2387 = ORIENTED_EDGE('',*,*,#2388,.T.);
#2388 = EDGE_CURVE('',#2235,#2389,#2391,.T.);
#2389 = VERTEX_POINT('',#2390);
#2390 = CARTESIAN_POINT('',(0.6,0.545,1.21));
#2391 = LINE('',#2392,#2393);
#2392 = CARTESIAN_POINT('',(-0.6,0.545,1.21));
#2393 = VECTOR('',#2394,1.);
#2394 = DIRECTION('',(1.,0.,0.));
#2395 = ORIENTED_EDGE('',*,*,#2396,.F.);
#2396 = EDGE_CURVE('',#2364,#2389,#2397,.T.);
#2397 = CIRCLE('',#2398,4.E-02);
#2398 = AXIS2_PLACEMENT_3D('',#2399,#2400,#2401);
#2399 = CARTESIAN_POINT('',(0.6,0.545,1.17));
#2400 = DIRECTION('',(1.,0.,-0.));
#2401 = DIRECTION('',(0.,0.,1.));
#2402 = ORIENTED_EDGE('',*,*,#2373,.F.);
#2403 = CYLINDRICAL_SURFACE('',#2404,4.E-02);
#2404 = AXIS2_PLACEMENT_3D('',#2405,#2406,#2407);
#2405 = CARTESIAN_POINT('',(-0.6,0.545,1.17));
#2406 = DIRECTION('',(1.,0.,0.));
#2407 = DIRECTION('',(-0.,1.,0.));
#2408 = ADVANCED_FACE('',(#2409),#2427,.T.);
#2409 = FACE_BOUND('',#2410,.T.);
#2410 = EDGE_LOOP('',(#2411,#2412,#2420,#2426));
#2411 = ORIENTED_EDGE('',*,*,#2234,.F.);
#2412 = ORIENTED_EDGE('',*,*,#2413,.T.);
#2413 = EDGE_CURVE('',#2226,#2414,#2416,.T.);
#2414 = VERTEX_POINT('',#2415);
#2415 = CARTESIAN_POINT('',(0.6,-0.545,1.21));
#2416 = LINE('',#2417,#2418);
#2417 = CARTESIAN_POINT('',(-0.6,-0.545,1.21));
#2418 = VECTOR('',#2419,1.);
#2419 = DIRECTION('',(1.,0.,0.));
#2420 = ORIENTED_EDGE('',*,*,#2421,.T.);
#2421 = EDGE_CURVE('',#2414,#2389,#2422,.T.);
#2422 = LINE('',#2423,#2424);
#2423 = CARTESIAN_POINT('',(0.6,-0.585,1.21));
#2424 = VECTOR('',#2425,1.);
#2425 = DIRECTION('',(0.,1.,0.));
#2426 = ORIENTED_EDGE('',*,*,#2388,.F.);
#2427 = PLANE('',#2428);
#2428 = AXIS2_PLACEMENT_3D('',#2429,#2430,#2431);
#2429 = CARTESIAN_POINT('',(-0.6,-0.585,1.21));
#2430 = DIRECTION('',(0.,0.,1.));
#2431 = DIRECTION('',(1.,0.,-0.));
#2432 = ADVANCED_FACE('',(#2433),#2452,.T.);
#2433 = FACE_BOUND('',#2434,.T.);
#2434 = EDGE_LOOP('',(#2435,#2443,#2450,#2451));
#2435 = ORIENTED_EDGE('',*,*,#2436,.T.);
#2436 = EDGE_CURVE('',#2218,#2437,#2439,.T.);
#2437 = VERTEX_POINT('',#2438);
#2438 = CARTESIAN_POINT('',(0.6,-0.585,1.17));
#2439 = LINE('',#2440,#2441);
#2440 = CARTESIAN_POINT('',(-0.6,-0.585,1.17));
#2441 = VECTOR('',#2442,1.);
#2442 = DIRECTION('',(1.,0.,0.));
#2443 = ORIENTED_EDGE('',*,*,#2444,.T.);
#2444 = EDGE_CURVE('',#2437,#2414,#2445,.T.);
#2445 = CIRCLE('',#2446,4.E-02);
#2446 = AXIS2_PLACEMENT_3D('',#2447,#2448,#2449);
#2447 = CARTESIAN_POINT('',(0.6,-0.545,1.17));
#2448 = DIRECTION('',(-1.,0.,0.));
#2449 = DIRECTION('',(0.,0.,1.));
#2450 = ORIENTED_EDGE('',*,*,#2413,.F.);
#2451 = ORIENTED_EDGE('',*,*,#2225,.F.);
#2452 = CYLINDRICAL_SURFACE('',#2453,4.E-02);
#2453 = AXIS2_PLACEMENT_3D('',#2454,#2455,#2456);
#2454 = CARTESIAN_POINT('',(-0.6,-0.545,1.17));
#2455 = DIRECTION('',(1.,0.,0.));
#2456 = DIRECTION('',(0.,-1.,0.));
#2457 = ADVANCED_FACE('',(#2458),#2469,.F.);
#2458 = FACE_BOUND('',#2459,.F.);
#2459 = EDGE_LOOP('',(#2460,#2466,#2467,#2468));
#2460 = ORIENTED_EDGE('',*,*,#2461,.F.);
#2461 = EDGE_CURVE('',#2292,#2437,#2462,.T.);
#2462 = LINE('',#2463,#2464);
#2463 = CARTESIAN_POINT('',(0.6,-0.585,4.E-02));
#2464 = VECTOR('',#2465,1.);
#2465 = DIRECTION('',(0.,0.,1.));
#2466 = ORIENTED_EDGE('',*,*,#2300,.F.);
#2467 = ORIENTED_EDGE('',*,*,#2217,.T.);
#2468 = ORIENTED_EDGE('',*,*,#2436,.T.);
#2469 = PLANE('',#2470);
#2470 = AXIS2_PLACEMENT_3D('',#2471,#2472,#2473);
#2471 = CARTESIAN_POINT('',(-0.6,-0.585,4.E-02));
#2472 = DIRECTION('',(0.,1.,0.));
#2473 = DIRECTION('',(0.,-0.,1.));
#2474 = ADVANCED_FACE('',(#2475,#2545),#2555,.F.);
#2475 = FACE_BOUND('',#2476,.F.);
#2476 = EDGE_LOOP('',(#2477,#2487,#2496,#2504,#2513,#2521,#2530,#2538));
#2477 = ORIENTED_EDGE('',*,*,#2478,.F.);
#2478 = EDGE_CURVE('',#2479,#2481,#2483,.T.);
#2479 = VERTEX_POINT('',#2480);
#2480 = CARTESIAN_POINT('',(0.6,-0.625,4.E-02));
#2481 = VERTEX_POINT('',#2482);
#2482 = CARTESIAN_POINT('',(0.6,-0.625,1.21));
#2483 = LINE('',#2484,#2485);
#2484 = CARTESIAN_POINT('',(0.6,-0.625,0.));
#2485 = VECTOR('',#2486,1.);
#2486 = DIRECTION('',(0.,0.,1.));
#2487 = ORIENTED_EDGE('',*,*,#2488,.T.);
#2488 = EDGE_CURVE('',#2479,#2489,#2491,.T.);
#2489 = VERTEX_POINT('',#2490);
#2490 = CARTESIAN_POINT('',(0.6,-0.585,0.));
#2491 = CIRCLE('',#2492,4.E-02);
#2492 = AXIS2_PLACEMENT_3D('',#2493,#2494,#2495);
#2493 = CARTESIAN_POINT('',(0.6,-0.585,4.E-02));
#2494 = DIRECTION('',(1.,0.,-0.));
#2495 = DIRECTION('',(0.,0.,1.));
#2496 = ORIENTED_EDGE('',*,*,#2497,.T.);
#2497 = EDGE_CURVE('',#2489,#2498,#2500,.T.);
#2498 = VERTEX_POINT('',#2499);
#2499 = CARTESIAN_POINT('',(0.6,0.585,0.));
#2500 = LINE('',#2501,#2502);
#2501 = CARTESIAN_POINT('',(0.6,-0.625,0.));
#2502 = VECTOR('',#2503,1.);
#2503 = DIRECTION('',(0.,1.,0.));
#2504 = ORIENTED_EDGE('',*,*,#2505,.F.);
#2505 = EDGE_CURVE('',#2506,#2498,#2508,.T.);
#2506 = VERTEX_POINT('',#2507);
#2507 = CARTESIAN_POINT('',(0.6,0.625,4.E-02));
#2508 = CIRCLE('',#2509,4.E-02);
#2509 = AXIS2_PLACEMENT_3D('',#2510,#2511,#2512);
#2510 = CARTESIAN_POINT('',(0.6,0.585,4.E-02));
#2511 = DIRECTION('',(-1.,0.,0.));
#2512 = DIRECTION('',(0.,0.,1.));
#2513 = ORIENTED_EDGE('',*,*,#2514,.T.);
#2514 = EDGE_CURVE('',#2506,#2515,#2517,.T.);
#2515 = VERTEX_POINT('',#2516);
#2516 = CARTESIAN_POINT('',(0.6,0.625,1.21));
#2517 = LINE('',#2518,#2519);
#2518 = CARTESIAN_POINT('',(0.6,0.625,0.));
#2519 = VECTOR('',#2520,1.);
#2520 = DIRECTION('',(0.,0.,1.));
#2521 = ORIENTED_EDGE('',*,*,#2522,.T.);
#2522 = EDGE_CURVE('',#2515,#2523,#2525,.T.);
#2523 = VERTEX_POINT('',#2524);
#2524 = CARTESIAN_POINT('',(0.6,0.585,1.25));
#2525 = CIRCLE('',#2526,4.E-02);
#2526 = AXIS2_PLACEMENT_3D('',#2527,#2528,#2529);
#2527 = CARTESIAN_POINT('',(0.6,0.585,1.21));
#2528 = DIRECTION('',(1.,0.,-0.));
#2529 = DIRECTION('',(0.,0.,1.));
#2530 = ORIENTED_EDGE('',*,*,#2531,.F.);
#2531 = EDGE_CURVE('',#2532,#2523,#2534,.T.);
#2532 = VERTEX_POINT('',#2533);
#2533 = CARTESIAN_POINT('',(0.6,-0.585,1.25));
#2534 = LINE('',#2535,#2536);
#2535 = CARTESIAN_POINT('',(0.6,-0.625,1.25));
#2536 = VECTOR('',#2537,1.);
#2537 = DIRECTION('',(0.,1.,0.));
#2538 = ORIENTED_EDGE('',*,*,#2539,.F.);
#2539 = EDGE_CURVE('',#2481,#2532,#2540,.T.);
#2540 = CIRCLE('',#2541,4.E-02);
#2541 = AXIS2_PLACEMENT_3D('',#2542,#2543,#2544);
#2542 = CARTESIAN_POINT('',(0.6,-0.585,1.21));
#2543 = DIRECTION('',(-1.,0.,0.));
#2544 = DIRECTION('',(0.,0.,1.));
#2545 = FACE_BOUND('',#2546,.F.);
#2546 = EDGE_LOOP('',(#2547,#2548,#2549,#2550,#2551,#2552,#2553,#2554));
#2547 = ORIENTED_EDGE('',*,*,#2291,.F.);
#2548 = ORIENTED_EDGE('',*,*,#2461,.T.);
#2549 = ORIENTED_EDGE('',*,*,#2444,.T.);
#2550 = ORIENTED_EDGE('',*,*,#2421,.T.);
#2551 = ORIENTED_EDGE('',*,*,#2396,.F.);
#2552 = ORIENTED_EDGE('',*,*,#2363,.F.);
#2553 = ORIENTED_EDGE('',*,*,#2346,.T.);
#2554 = ORIENTED_EDGE('',*,*,#2316,.F.);
#2555 = PLANE('',#2556);
#2556 = AXIS2_PLACEMENT_3D('',#2557,#2558,#2559);
#2557 = CARTESIAN_POINT('',(0.6,-0.625,0.));
#2558 = DIRECTION('',(1.,0.,0.));
#2559 = DIRECTION('',(0.,0.,1.));
#2560 = ADVANCED_FACE('',(#2561),#2586,.F.);
#2561 = FACE_BOUND('',#2562,.F.);
#2562 = EDGE_LOOP('',(#2563,#2573,#2579,#2580));
#2563 = ORIENTED_EDGE('',*,*,#2564,.F.);
#2564 = EDGE_CURVE('',#2565,#2567,#2569,.T.);
#2565 = VERTEX_POINT('',#2566);
#2566 = CARTESIAN_POINT('',(1.,-0.625,4.E-02));
#2567 = VERTEX_POINT('',#2568);
#2568 = CARTESIAN_POINT('',(1.,-0.625,1.21));
#2569 = LINE('',#2570,#2571);
#2570 = CARTESIAN_POINT('',(1.,-0.625,0.));
#2571 = VECTOR('',#2572,1.);
#2572 = DIRECTION('',(0.,0.,1.));
#2573 = ORIENTED_EDGE('',*,*,#2574,.F.);
#2574 = EDGE_CURVE('',#2479,#2565,#2575,.T.);
#2575 = LINE('',#2576,#2577);
#2576 = CARTESIAN_POINT('',(0.6,-0.625,4.E-02));
#2577 = VECTOR('',#2578,1.);
#2578 = DIRECTION('',(1.,0.,0.));
#2579 = ORIENTED_EDGE('',*,*,#2478,.T.);
#2580 = ORIENTED_EDGE('',*,*,#2581,.T.);
#2581 = EDGE_CURVE('',#2481,#2567,#2582,.T.);
#2582 = LINE('',#2583,#2584);
#2583 = CARTESIAN_POINT('',(0.6,-0.625,1.21));
#2584 = VECTOR('',#2585,1.);
#2585 = DIRECTION('',(1.,0.,0.));
#2586 = PLANE('',#2587);
#2587 = AXIS2_PLACEMENT_3D('',#2588,#2589,#2590);
#2588 = CARTESIAN_POINT('',(0.6,-0.625,0.));
#2589 = DIRECTION('',(0.,1.,0.));
#2590 = DIRECTION('',(0.,-0.,1.));
#2591 = ADVANCED_FACE('',(#2592),#2611,.T.);
#2592 = FACE_BOUND('',#2593,.T.);
#2593 = EDGE_LOOP('',(#2594,#2595,#2603,#2610));
#2594 = ORIENTED_EDGE('',*,*,#2488,.T.);
#2595 = ORIENTED_EDGE('',*,*,#2596,.T.);
#2596 = EDGE_CURVE('',#2489,#2597,#2599,.T.);
#2597 = VERTEX_POINT('',#2598);
#2598 = CARTESIAN_POINT('',(1.,-0.585,0.));
#2599 = LINE('',#2600,#2601);
#2600 = CARTESIAN_POINT('',(0.6,-0.585,0.));
#2601 = VECTOR('',#2602,1.);
#2602 = DIRECTION('',(1.,0.,0.));
#2603 = ORIENTED_EDGE('',*,*,#2604,.F.);
#2604 = EDGE_CURVE('',#2565,#2597,#2605,.T.);
#2605 = CIRCLE('',#2606,4.E-02);
#2606 = AXIS2_PLACEMENT_3D('',#2607,#2608,#2609);
#2607 = CARTESIAN_POINT('',(1.,-0.585,4.E-02));
#2608 = DIRECTION('',(1.,0.,-0.));
#2609 = DIRECTION('',(0.,0.,1.));
#2610 = ORIENTED_EDGE('',*,*,#2574,.F.);
#2611 = CYLINDRICAL_SURFACE('',#2612,4.E-02);
#2612 = AXIS2_PLACEMENT_3D('',#2613,#2614,#2615);
#2613 = CARTESIAN_POINT('',(0.6,-0.585,4.E-02));
#2614 = DIRECTION('',(1.,0.,0.));
#2615 = DIRECTION('',(0.,-1.,0.));
#2616 = ADVANCED_FACE('',(#2617),#2636,.T.);
#2617 = FACE_BOUND('',#2618,.T.);
#2618 = EDGE_LOOP('',(#2619,#2620,#2629,#2635));
#2619 = ORIENTED_EDGE('',*,*,#2581,.T.);
#2620 = ORIENTED_EDGE('',*,*,#2621,.T.);
#2621 = EDGE_CURVE('',#2567,#2622,#2624,.T.);
#2622 = VERTEX_POINT('',#2623);
#2623 = CARTESIAN_POINT('',(1.,-0.585,1.25));
#2624 = CIRCLE('',#2625,4.E-02);
#2625 = AXIS2_PLACEMENT_3D('',#2626,#2627,#2628);
#2626 = CARTESIAN_POINT('',(1.,-0.585,1.21));
#2627 = DIRECTION('',(-1.,0.,0.));
#2628 = DIRECTION('',(0.,0.,1.));
#2629 = ORIENTED_EDGE('',*,*,#2630,.F.);
#2630 = EDGE_CURVE('',#2532,#2622,#2631,.T.);
#2631 = LINE('',#2632,#2633);
#2632 = CARTESIAN_POINT('',(0.6,-0.585,1.25));
#2633 = VECTOR('',#2634,1.);
#2634 = DIRECTION('',(1.,0.,0.));
#2635 = ORIENTED_EDGE('',*,*,#2539,.F.);
#2636 = CYLINDRICAL_SURFACE('',#2637,4.E-02);
#2637 = AXIS2_PLACEMENT_3D('',#2638,#2639,#2640);
#2638 = CARTESIAN_POINT('',(0.6,-0.585,1.21));
#2639 = DIRECTION('',(1.,0.,0.));
#2640 = DIRECTION('',(0.,-1.,0.));
#2641 = ADVANCED_FACE('',(#2642),#2660,.F.);
#2642 = FACE_BOUND('',#2643,.F.);
#2643 = EDGE_LOOP('',(#2644,#2645,#2646,#2654));
#2644 = ORIENTED_EDGE('',*,*,#2497,.F.);
#2645 = ORIENTED_EDGE('',*,*,#2596,.T.);
#2646 = ORIENTED_EDGE('',*,*,#2647,.T.);
#2647 = EDGE_CURVE('',#2597,#2648,#2650,.T.);
#2648 = VERTEX_POINT('',#2649);
#2649 = CARTESIAN_POINT('',(1.,0.585,0.));
#2650 = LINE('',#2651,#2652);
#2651 = CARTESIAN_POINT('',(1.,-0.625,0.));
#2652 = VECTOR('',#2653,1.);
#2653 = DIRECTION('',(0.,1.,0.));
#2654 = ORIENTED_EDGE('',*,*,#2655,.F.);
#2655 = EDGE_CURVE('',#2498,#2648,#2656,.T.);
#2656 = LINE('',#2657,#2658);
#2657 = CARTESIAN_POINT('',(0.6,0.585,0.));
#2658 = VECTOR('',#2659,1.);
#2659 = DIRECTION('',(1.,0.,0.));
#2660 = PLANE('',#2661);
#2661 = AXIS2_PLACEMENT_3D('',#2662,#2663,#2664);
#2662 = CARTESIAN_POINT('',(0.6,-0.625,0.));
#2663 = DIRECTION('',(0.,0.,1.));
#2664 = DIRECTION('',(1.,0.,-0.));
#2665 = ADVANCED_FACE('',(#2666),#2684,.T.);
#2666 = FACE_BOUND('',#2667,.T.);
#2667 = EDGE_LOOP('',(#2668,#2669,#2670,#2678));
#2668 = ORIENTED_EDGE('',*,*,#2531,.F.);
#2669 = ORIENTED_EDGE('',*,*,#2630,.T.);
#2670 = ORIENTED_EDGE('',*,*,#2671,.T.);
#2671 = EDGE_CURVE('',#2622,#2672,#2674,.T.);
#2672 = VERTEX_POINT('',#2673);
#2673 = CARTESIAN_POINT('',(1.,0.585,1.25));
#2674 = LINE('',#2675,#2676);
#2675 = CARTESIAN_POINT('',(1.,-0.625,1.25));
#2676 = VECTOR('',#2677,1.);
#2677 = DIRECTION('',(0.,1.,0.));
#2678 = ORIENTED_EDGE('',*,*,#2679,.F.);
#2679 = EDGE_CURVE('',#2523,#2672,#2680,.T.);
#2680 = LINE('',#2681,#2682);
#2681 = CARTESIAN_POINT('',(0.6,0.585,1.25));
#2682 = VECTOR('',#2683,1.);
#2683 = DIRECTION('',(1.,0.,0.));
#2684 = PLANE('',#2685);
#2685 = AXIS2_PLACEMENT_3D('',#2686,#2687,#2688);
#2686 = CARTESIAN_POINT('',(0.6,-0.625,1.25));
#2687 = DIRECTION('',(0.,0.,1.));
#2688 = DIRECTION('',(1.,0.,-0.));
#2689 = ADVANCED_FACE('',(#2690),#2709,.T.);
#2690 = FACE_BOUND('',#2691,.T.);
#2691 = EDGE_LOOP('',(#2692,#2700,#2707,#2708));
#2692 = ORIENTED_EDGE('',*,*,#2693,.T.);
#2693 = EDGE_CURVE('',#2506,#2694,#2696,.T.);
#2694 = VERTEX_POINT('',#2695);
#2695 = CARTESIAN_POINT('',(1.,0.625,4.E-02));
#2696 = LINE('',#2697,#2698);
#2697 = CARTESIAN_POINT('',(0.6,0.625,4.E-02));
#2698 = VECTOR('',#2699,1.);
#2699 = DIRECTION('',(1.,0.,0.));
#2700 = ORIENTED_EDGE('',*,*,#2701,.T.);
#2701 = EDGE_CURVE('',#2694,#2648,#2702,.T.);
#2702 = CIRCLE('',#2703,4.E-02);
#2703 = AXIS2_PLACEMENT_3D('',#2704,#2705,#2706);
#2704 = CARTESIAN_POINT('',(1.,0.585,4.E-02));
#2705 = DIRECTION('',(-1.,0.,0.));
#2706 = DIRECTION('',(0.,0.,1.));
#2707 = ORIENTED_EDGE('',*,*,#2655,.F.);
#2708 = ORIENTED_EDGE('',*,*,#2505,.F.);
#2709 = CYLINDRICAL_SURFACE('',#2710,4.E-02);
#2710 = AXIS2_PLACEMENT_3D('',#2711,#2712,#2713);
#2711 = CARTESIAN_POINT('',(0.6,0.585,4.E-02));
#2712 = DIRECTION('',(1.,0.,0.));
#2713 = DIRECTION('',(-0.,1.,0.));
#2714 = ADVANCED_FACE('',(#2715),#2734,.T.);
#2715 = FACE_BOUND('',#2716,.T.);
#2716 = EDGE_LOOP('',(#2717,#2718,#2719,#2728));
#2717 = ORIENTED_EDGE('',*,*,#2522,.T.);
#2718 = ORIENTED_EDGE('',*,*,#2679,.T.);
#2719 = ORIENTED_EDGE('',*,*,#2720,.F.);
#2720 = EDGE_CURVE('',#2721,#2672,#2723,.T.);
#2721 = VERTEX_POINT('',#2722);
#2722 = CARTESIAN_POINT('',(1.,0.625,1.21));
#2723 = CIRCLE('',#2724,4.E-02);
#2724 = AXIS2_PLACEMENT_3D('',#2725,#2726,#2727);
#2725 = CARTESIAN_POINT('',(1.,0.585,1.21));
#2726 = DIRECTION('',(1.,0.,-0.));
#2727 = DIRECTION('',(0.,0.,1.));
#2728 = ORIENTED_EDGE('',*,*,#2729,.F.);
#2729 = EDGE_CURVE('',#2515,#2721,#2730,.T.);
#2730 = LINE('',#2731,#2732);
#2731 = CARTESIAN_POINT('',(0.6,0.625,1.21));
#2732 = VECTOR('',#2733,1.);
#2733 = DIRECTION('',(1.,0.,0.));
#2734 = CYLINDRICAL_SURFACE('',#2735,4.E-02);
#2735 = AXIS2_PLACEMENT_3D('',#2736,#2737,#2738);
#2736 = CARTESIAN_POINT('',(0.6,0.585,1.21));
#2737 = DIRECTION('',(1.,0.,0.));
#2738 = DIRECTION('',(-0.,1.,0.));
#2739 = ADVANCED_FACE('',(#2740),#2751,.T.);
#2740 = FACE_BOUND('',#2741,.T.);
#2741 = EDGE_LOOP('',(#2742,#2748,#2749,#2750));
#2742 = ORIENTED_EDGE('',*,*,#2743,.F.);
#2743 = EDGE_CURVE('',#2694,#2721,#2744,.T.);
#2744 = LINE('',#2745,#2746);
#2745 = CARTESIAN_POINT('',(1.,0.625,0.));
#2746 = VECTOR('',#2747,1.);
#2747 = DIRECTION('',(0.,0.,1.));
#2748 = ORIENTED_EDGE('',*,*,#2693,.F.);
#2749 = ORIENTED_EDGE('',*,*,#2514,.T.);
#2750 = ORIENTED_EDGE('',*,*,#2729,.T.);
#2751 = PLANE('',#2752);
#2752 = AXIS2_PLACEMENT_3D('',#2753,#2754,#2755);
#2753 = CARTESIAN_POINT('',(0.6,0.625,0.));
#2754 = DIRECTION('',(0.,1.,0.));
#2755 = DIRECTION('',(0.,-0.,1.));
#2756 = ADVANCED_FACE('',(#2757),#2767,.T.);
#2757 = FACE_BOUND('',#2758,.T.);
#2758 = EDGE_LOOP('',(#2759,#2760,#2761,#2762,#2763,#2764,#2765,#2766));
#2759 = ORIENTED_EDGE('',*,*,#2564,.F.);
#2760 = ORIENTED_EDGE('',*,*,#2604,.T.);
#2761 = ORIENTED_EDGE('',*,*,#2647,.T.);
#2762 = ORIENTED_EDGE('',*,*,#2701,.F.);
#2763 = ORIENTED_EDGE('',*,*,#2743,.T.);
#2764 = ORIENTED_EDGE('',*,*,#2720,.T.);
#2765 = ORIENTED_EDGE('',*,*,#2671,.F.);
#2766 = ORIENTED_EDGE('',*,*,#2621,.F.);
#2767 = PLANE('',#2768);
#2768 = AXIS2_PLACEMENT_3D('',#2769,#2770,#2771);
#2769 = CARTESIAN_POINT('',(1.,-0.625,0.));
#2770 = DIRECTION('',(1.,0.,0.));
#2771 = DIRECTION('',(0.,0.,1.));
#2772 = ( GEOMETRIC_REPRESENTATION_CONTEXT(3) 
GLOBAL_UNCERTAINTY_ASSIGNED_CONTEXT((#2776)) 
GLOBAL_UNIT_ASSIGNED_CONTEXT((#2773,#2774,#2775)) REPRESENTATION_CONTEXT
('Context #1','3D Context with UNIT and UNCERTAINTY') );
#2773 = ( LENGTH_UNIT() NAMED_UNIT(*) SI_UNIT(.MILLI.,.METRE.) );
#2774 = ( NAMED_UNIT(*) PLANE_ANGLE_UNIT() SI_UNIT($,.RADIAN.) );
#2775 = ( NAMED_UNIT(*) SI_UNIT($,.STERADIAN.) SOLID_ANGLE_UNIT() );
#2776 = UNCERTAINTY_MEASURE_WITH_UNIT(LENGTH_MEASURE(1.E-07),#2773,
  'distance_accuracy_value','confusion accuracy');
#2777 = CONTEXT_DEPENDENT_SHAPE_REPRESENTATION(#2778,#2780);
#2778 = ( REPRESENTATION_RELATIONSHIP('','',#1917,#1894) 
REPRESENTATION_RELATIONSHIP_WITH_TRANSFORMATION(#2779) 
SHAPE_REPRESENTATION_RELATIONSHIP() );
#2779 = ITEM_DEFINED_TRANSFORMATION('','',#11,#1895);
#2780 = PRODUCT_DEFINITION_SHAPE('Placement','Placement of an item',
  #2781);
#2781 = NEXT_ASSEMBLY_USAGE_OCCURRENCE('3','=>[0:1:1:5]','',#1889,#1912,
  $);
#2782 = PRODUCT_RELATED_PRODUCT_CATEGORY('part',$,(#1914));
#2783 = SHAPE_DEFINITION_REPRESENTATION(#2784,#2790);
#2784 = PRODUCT_DEFINITION_SHAPE('','',#2785);
#2785 = PRODUCT_DEFINITION('design','',#2786,#2789);
#2786 = PRODUCT_DEFINITION_FORMATION('','',#2787);
#2787 = PRODUCT('R_0805_2012Metric','R_0805_2012Metric','',(#2788));
#2788 = PRODUCT_CONTEXT('',#2,'mechanical');
#2789 = PRODUCT_DEFINITION_CONTEXT('part definition',#2,'design');
#2790 = SHAPE_REPRESENTATION('',(#11,#2791),#2795);
#2791 = AXIS2_PLACEMENT_3D('',#2792,#2793,#2794);
#2792 = CARTESIAN_POINT('',(0.,0.,0.));
#2793 = DIRECTION('',(0.,0.,1.));
#2794 = DIRECTION('',(1.,0.,-0.));
#2795 = ( GEOMETRIC_REPRESENTATION_CONTEXT(3) 
GLOBAL_UNCERTAINTY_ASSIGNED_CONTEXT((#2799)) 
GLOBAL_UNIT_ASSIGNED_CONTEXT((#2796,#2797,#2798)) REPRESENTATION_CONTEXT
('Context #1','3D Context with UNIT and UNCERTAINTY') );
#2796 = ( LENGTH_UNIT() NAMED_UNIT(*) SI_UNIT(.MILLI.,.METRE.) );
#2797 = ( NAMED_UNIT(*) PLANE_ANGLE_UNIT() SI_UNIT($,.RADIAN.) );
#2798 = ( NAMED_UNIT(*) SI_UNIT($,.STERADIAN.) SOLID_ANGLE_UNIT() );
#2799 = UNCERTAINTY_MEASURE_WITH_UNIT(LENGTH_MEASURE(1.E-07),#2796,
  'distance_accuracy_value','confusion accuracy');
#2800 = CONTEXT_DEPENDENT_SHAPE_REPRESENTATION(#2801,#2803);
#2801 = ( REPRESENTATION_RELATIONSHIP('','',#2790,#10) 
REPRESENTATION_RELATIONSHIP_WITH_TRANSFORMATION(#2802) 
SHAPE_REPRESENTATION_RELATIONSHIP() );
#2802 = ITEM_DEFINED_TRANSFORMATION('','',#11,#23);
#2803 = PRODUCT_DEFINITION_SHAPE('Placement','Placement of an item',
  #2804);
#2804 = NEXT_ASSEMBLY_USAGE_OCCURRENCE('6','R1','',#5,#2785,$);
#2805 = PRODUCT_RELATED_PRODUCT_CATEGORY('part',$,(#2787));
#2806 = SHAPE_DEFINITION_REPRESENTATION(#2807,#2813);
#2807 = PRODUCT_DEFINITION_SHAPE('','',#2808);
#2808 = PRODUCT_DEFINITION('design','',#2809,#2812);
#2809 = PRODUCT_DEFINITION_FORMATION('','',#2810);
#2810 = PRODUCT('R_0805_2012Metric','R_0805_2012Metric','',(#2811));
#2811 = PRODUCT_CONTEXT('',#2,'mechanical');
#2812 = PRODUCT_DEFINITION_CONTEXT('part definition',#2,'design');
#2813 = ADVANCED_BREP_SHAPE_REPRESENTATION('',(#11,#2814),#3604);
#2814 = MANIFOLD_SOLID_BREP('',#2815);
#2815 = CLOSED_SHELL('',(#2816,#2856,#2939,#2964,#2989,#3056,#3073,#3090
    ,#3139,#3156,#3173,#3222,#3239,#3308,#3339,#3363,#3432,#3456,#3473,
    #3490,#3507,#3524,#3541,#3558,#3575,#3592));
#2816 = ADVANCED_FACE('',(#2817),#2851,.F.);
#2817 = FACE_BOUND('',#2818,.F.);
#2818 = EDGE_LOOP('',(#2819,#2829,#2837,#2845));
#2819 = ORIENTED_EDGE('',*,*,#2820,.F.);
#2820 = EDGE_CURVE('',#2821,#2823,#2825,.T.);
#2821 = VERTEX_POINT('',#2822);
#2822 = CARTESIAN_POINT('',(-1.,-0.6,4.5E-02));
#2823 = VERTEX_POINT('',#2824);
#2824 = CARTESIAN_POINT('',(-1.,-0.6,0.405));
#2825 = LINE('',#2826,#2827);
#2826 = CARTESIAN_POINT('',(-1.,-0.6,0.));
#2827 = VECTOR('',#2828,1.);
#2828 = DIRECTION('',(0.,0.,1.));
#2829 = ORIENTED_EDGE('',*,*,#2830,.T.);
#2830 = EDGE_CURVE('',#2821,#2831,#2833,.T.);
#2831 = VERTEX_POINT('',#2832);
#2832 = CARTESIAN_POINT('',(-1.,0.6,4.5E-02));
#2833 = LINE('',#2834,#2835);
#2834 = CARTESIAN_POINT('',(-1.,-0.6,4.5E-02));
#2835 = VECTOR('',#2836,1.);
#2836 = DIRECTION('',(0.,1.,0.));
#2837 = ORIENTED_EDGE('',*,*,#2838,.T.);
#2838 = EDGE_CURVE('',#2831,#2839,#2841,.T.);
#2839 = VERTEX_POINT('',#2840);
#2840 = CARTESIAN_POINT('',(-1.,0.6,0.405));
#2841 = LINE('',#2842,#2843);
#2842 = CARTESIAN_POINT('',(-1.,0.6,0.));
#2843 = VECTOR('',#2844,1.);
#2844 = DIRECTION('',(0.,0.,1.));
#2845 = ORIENTED_EDGE('',*,*,#2846,.F.);
#2846 = EDGE_CURVE('',#2823,#2839,#2847,.T.);
#2847 = LINE('',#2848,#2849);
#2848 = CARTESIAN_POINT('',(-1.,-0.6,0.405));
#2849 = VECTOR('',#2850,1.);
#2850 = DIRECTION('',(0.,1.,0.));
#2851 = PLANE('',#2852);
#2852 = AXIS2_PLACEMENT_3D('',#2853,#2854,#2855);
#2853 = CARTESIAN_POINT('',(-1.,-0.6,0.));
#2854 = DIRECTION('',(1.,0.,0.));
#2855 = DIRECTION('',(0.,0.,1.));
#2856 = ADVANCED_FACE('',(#2857),#2934,.F.);
#2857 = FACE_BOUND('',#2858,.F.);
#2858 = EDGE_LOOP('',(#2859,#2869,#2876,#2877,#2886,#2894,#2903,#2911,
    #2919,#2927));
#2859 = ORIENTED_EDGE('',*,*,#2860,.F.);
#2860 = EDGE_CURVE('',#2861,#2863,#2865,.T.);
#2861 = VERTEX_POINT('',#2862);
#2862 = CARTESIAN_POINT('',(-0.955,-0.6,-2.775557561563E-17));
#2863 = VERTEX_POINT('',#2864);
#2864 = CARTESIAN_POINT('',(-0.745,-0.6,-2.775557561563E-17));
#2865 = LINE('',#2866,#2867);
#2866 = CARTESIAN_POINT('',(-1.,-0.6,0.));
#2867 = VECTOR('',#2868,1.);
#2868 = DIRECTION('',(1.,0.,0.));
#2869 = ORIENTED_EDGE('',*,*,#2870,.F.);
#2870 = EDGE_CURVE('',#2821,#2861,#2871,.T.);
#2871 = CIRCLE('',#2872,4.5E-02);
#2872 = AXIS2_PLACEMENT_3D('',#2873,#2874,#2875);
#2873 = CARTESIAN_POINT('',(-0.955,-0.6,4.5E-02));
#2874 = DIRECTION('',(0.,-1.,0.));
#2875 = DIRECTION('',(0.,0.,1.));
#2876 = ORIENTED_EDGE('',*,*,#2820,.T.);
#2877 = ORIENTED_EDGE('',*,*,#2878,.T.);
#2878 = EDGE_CURVE('',#2823,#2879,#2881,.T.);
#2879 = VERTEX_POINT('',#2880);
#2880 = CARTESIAN_POINT('',(-0.955,-0.6,0.45));
#2881 = CIRCLE('',#2882,4.5E-02);
#2882 = AXIS2_PLACEMENT_3D('',#2883,#2884,#2885);
#2883 = CARTESIAN_POINT('',(-0.955,-0.6,0.405));
#2884 = DIRECTION('',(0.,1.,0.));
#2885 = DIRECTION('',(0.,-0.,1.));
#2886 = ORIENTED_EDGE('',*,*,#2887,.T.);
#2887 = EDGE_CURVE('',#2879,#2888,#2890,.T.);
#2888 = VERTEX_POINT('',#2889);
#2889 = CARTESIAN_POINT('',(-0.745,-0.6,0.45));
#2890 = LINE('',#2891,#2892);
#2891 = CARTESIAN_POINT('',(-1.,-0.6,0.45));
#2892 = VECTOR('',#2893,1.);
#2893 = DIRECTION('',(1.,0.,0.));
#2894 = ORIENTED_EDGE('',*,*,#2895,.F.);
#2895 = EDGE_CURVE('',#2896,#2888,#2898,.T.);
#2896 = VERTEX_POINT('',#2897);
#2897 = CARTESIAN_POINT('',(-0.7,-0.6,0.405));
#2898 = CIRCLE('',#2899,4.5E-02);
#2899 = AXIS2_PLACEMENT_3D('',#2900,#2901,#2902);
#2900 = CARTESIAN_POINT('',(-0.745,-0.6,0.405));
#2901 = DIRECTION('',(0.,-1.,0.));
#2902 = DIRECTION('',(0.,0.,1.));
#2903 = ORIENTED_EDGE('',*,*,#2904,.F.);
#2904 = EDGE_CURVE('',#2905,#2896,#2907,.T.);
#2905 = VERTEX_POINT('',#2906);
#2906 = CARTESIAN_POINT('',(-0.955,-0.6,0.405));
#2907 = LINE('',#2908,#2909);
#2908 = CARTESIAN_POINT('',(-0.955,-0.6,0.405));
#2909 = VECTOR('',#2910,1.);
#2910 = DIRECTION('',(1.,0.,0.));
#2911 = ORIENTED_EDGE('',*,*,#2912,.F.);
#2912 = EDGE_CURVE('',#2913,#2905,#2915,.T.);
#2913 = VERTEX_POINT('',#2914);
#2914 = CARTESIAN_POINT('',(-0.955,-0.6,4.5E-02));
#2915 = LINE('',#2916,#2917);
#2916 = CARTESIAN_POINT('',(-0.955,-0.6,4.5E-02));
#2917 = VECTOR('',#2918,1.);
#2918 = DIRECTION('',(0.,0.,1.));
#2919 = ORIENTED_EDGE('',*,*,#2920,.T.);
#2920 = EDGE_CURVE('',#2913,#2921,#2923,.T.);
#2921 = VERTEX_POINT('',#2922);
#2922 = CARTESIAN_POINT('',(-0.7,-0.6,4.5E-02));
#2923 = LINE('',#2924,#2925);
#2924 = CARTESIAN_POINT('',(-0.955,-0.6,4.5E-02));
#2925 = VECTOR('',#2926,1.);
#2926 = DIRECTION('',(1.,0.,0.));
#2927 = ORIENTED_EDGE('',*,*,#2928,.T.);
#2928 = EDGE_CURVE('',#2921,#2863,#2929,.T.);
#2929 = CIRCLE('',#2930,4.5E-02);
#2930 = AXIS2_PLACEMENT_3D('',#2931,#2932,#2933);
#2931 = CARTESIAN_POINT('',(-0.745,-0.6,4.5E-02));
#2932 = DIRECTION('',(0.,1.,0.));
#2933 = DIRECTION('',(0.,-0.,1.));
#2934 = PLANE('',#2935);
#2935 = AXIS2_PLACEMENT_3D('',#2936,#2937,#2938);
#2936 = CARTESIAN_POINT('',(-1.,-0.6,0.));
#2937 = DIRECTION('',(0.,1.,0.));
#2938 = DIRECTION('',(0.,-0.,1.));
#2939 = ADVANCED_FACE('',(#2940),#2959,.T.);
#2940 = FACE_BOUND('',#2941,.T.);
#2941 = EDGE_LOOP('',(#2942,#2943,#2952,#2958));
#2942 = ORIENTED_EDGE('',*,*,#2830,.T.);
#2943 = ORIENTED_EDGE('',*,*,#2944,.T.);
#2944 = EDGE_CURVE('',#2831,#2945,#2947,.T.);
#2945 = VERTEX_POINT('',#2946);
#2946 = CARTESIAN_POINT('',(-0.955,0.6,-2.775557561563E-17));
#2947 = CIRCLE('',#2948,4.5E-02);
#2948 = AXIS2_PLACEMENT_3D('',#2949,#2950,#2951);
#2949 = CARTESIAN_POINT('',(-0.955,0.6,4.5E-02));
#2950 = DIRECTION('',(0.,-1.,0.));
#2951 = DIRECTION('',(0.,0.,1.));
#2952 = ORIENTED_EDGE('',*,*,#2953,.F.);
#2953 = EDGE_CURVE('',#2861,#2945,#2954,.T.);
#2954 = LINE('',#2955,#2956);
#2955 = CARTESIAN_POINT('',(-0.955,-0.6,-2.775557561563E-17));
#2956 = VECTOR('',#2957,1.);
#2957 = DIRECTION('',(0.,1.,0.));
#2958 = ORIENTED_EDGE('',*,*,#2870,.F.);
#2959 = CYLINDRICAL_SURFACE('',#2960,4.5E-02);
#2960 = AXIS2_PLACEMENT_3D('',#2961,#2962,#2963);
#2961 = CARTESIAN_POINT('',(-0.955,-0.6,4.5E-02));
#2962 = DIRECTION('',(0.,1.,0.));
#2963 = DIRECTION('',(-1.,0.,0.));
#2964 = ADVANCED_FACE('',(#2965),#2984,.T.);
#2965 = FACE_BOUND('',#2966,.T.);
#2966 = EDGE_LOOP('',(#2967,#2968,#2976,#2983));
#2967 = ORIENTED_EDGE('',*,*,#2878,.T.);
#2968 = ORIENTED_EDGE('',*,*,#2969,.T.);
#2969 = EDGE_CURVE('',#2879,#2970,#2972,.T.);
#2970 = VERTEX_POINT('',#2971);
#2971 = CARTESIAN_POINT('',(-0.955,0.6,0.45));
#2972 = LINE('',#2973,#2974);
#2973 = CARTESIAN_POINT('',(-0.955,-0.6,0.45));
#2974 = VECTOR('',#2975,1.);
#2975 = DIRECTION('',(0.,1.,0.));
#2976 = ORIENTED_EDGE('',*,*,#2977,.F.);
#2977 = EDGE_CURVE('',#2839,#2970,#2978,.T.);
#2978 = CIRCLE('',#2979,4.5E-02);
#2979 = AXIS2_PLACEMENT_3D('',#2980,#2981,#2982);
#2980 = CARTESIAN_POINT('',(-0.955,0.6,0.405));
#2981 = DIRECTION('',(0.,1.,0.));
#2982 = DIRECTION('',(0.,-0.,1.));
#2983 = ORIENTED_EDGE('',*,*,#2846,.F.);
#2984 = CYLINDRICAL_SURFACE('',#2985,4.5E-02);
#2985 = AXIS2_PLACEMENT_3D('',#2986,#2987,#2988);
#2986 = CARTESIAN_POINT('',(-0.955,-0.6,0.405));
#2987 = DIRECTION('',(0.,1.,0.));
#2988 = DIRECTION('',(-1.,0.,0.));
#2989 = ADVANCED_FACE('',(#2990),#3051,.T.);
#2990 = FACE_BOUND('',#2991,.T.);
#2991 = EDGE_LOOP('',(#2992,#3000,#3001,#3002,#3003,#3011,#3020,#3028,
    #3036,#3044));
#2992 = ORIENTED_EDGE('',*,*,#2993,.F.);
#2993 = EDGE_CURVE('',#2945,#2994,#2996,.T.);
#2994 = VERTEX_POINT('',#2995);
#2995 = CARTESIAN_POINT('',(-0.745,0.6,-2.775557561563E-17));
#2996 = LINE('',#2997,#2998);
#2997 = CARTESIAN_POINT('',(-1.,0.6,0.));
#2998 = VECTOR('',#2999,1.);
#2999 = DIRECTION('',(1.,0.,0.));
#3000 = ORIENTED_EDGE('',*,*,#2944,.F.);
#3001 = ORIENTED_EDGE('',*,*,#2838,.T.);
#3002 = ORIENTED_EDGE('',*,*,#2977,.T.);
#3003 = ORIENTED_EDGE('',*,*,#3004,.T.);
#3004 = EDGE_CURVE('',#2970,#3005,#3007,.T.);
#3005 = VERTEX_POINT('',#3006);
#3006 = CARTESIAN_POINT('',(-0.745,0.6,0.45));
#3007 = LINE('',#3008,#3009);
#3008 = CARTESIAN_POINT('',(-1.,0.6,0.45));
#3009 = VECTOR('',#3010,1.);
#3010 = DIRECTION('',(1.,0.,0.));
#3011 = ORIENTED_EDGE('',*,*,#3012,.F.);
#3012 = EDGE_CURVE('',#3013,#3005,#3015,.T.);
#3013 = VERTEX_POINT('',#3014);
#3014 = CARTESIAN_POINT('',(-0.7,0.6,0.405));
#3015 = CIRCLE('',#3016,4.5E-02);
#3016 = AXIS2_PLACEMENT_3D('',#3017,#3018,#3019);
#3017 = CARTESIAN_POINT('',(-0.745,0.6,0.405));
#3018 = DIRECTION('',(0.,-1.,0.));
#3019 = DIRECTION('',(0.,0.,1.));
#3020 = ORIENTED_EDGE('',*,*,#3021,.F.);
#3021 = EDGE_CURVE('',#3022,#3013,#3024,.T.);
#3022 = VERTEX_POINT('',#3023);
#3023 = CARTESIAN_POINT('',(-0.955,0.6,0.405));
#3024 = LINE('',#3025,#3026);
#3025 = CARTESIAN_POINT('',(-0.955,0.6,0.405));
#3026 = VECTOR('',#3027,1.);
#3027 = DIRECTION('',(1.,0.,0.));
#3028 = ORIENTED_EDGE('',*,*,#3029,.F.);
#3029 = EDGE_CURVE('',#3030,#3022,#3032,.T.);
#3030 = VERTEX_POINT('',#3031);
#3031 = CARTESIAN_POINT('',(-0.955,0.6,4.5E-02));
#3032 = LINE('',#3033,#3034);
#3033 = CARTESIAN_POINT('',(-0.955,0.6,4.5E-02));
#3034 = VECTOR('',#3035,1.);
#3035 = DIRECTION('',(0.,0.,1.));
#3036 = ORIENTED_EDGE('',*,*,#3037,.T.);
#3037 = EDGE_CURVE('',#3030,#3038,#3040,.T.);
#3038 = VERTEX_POINT('',#3039);
#3039 = CARTESIAN_POINT('',(-0.7,0.6,4.5E-02));
#3040 = LINE('',#3041,#3042);
#3041 = CARTESIAN_POINT('',(-0.955,0.6,4.5E-02));
#3042 = VECTOR('',#3043,1.);
#3043 = DIRECTION('',(1.,0.,0.));
#3044 = ORIENTED_EDGE('',*,*,#3045,.T.);
#3045 = EDGE_CURVE('',#3038,#2994,#3046,.T.);
#3046 = CIRCLE('',#3047,4.5E-02);
#3047 = AXIS2_PLACEMENT_3D('',#3048,#3049,#3050);
#3048 = CARTESIAN_POINT('',(-0.745,0.6,4.5E-02));
#3049 = DIRECTION('',(0.,1.,0.));
#3050 = DIRECTION('',(0.,-0.,1.));
#3051 = PLANE('',#3052);
#3052 = AXIS2_PLACEMENT_3D('',#3053,#3054,#3055);
#3053 = CARTESIAN_POINT('',(-1.,0.6,0.));
#3054 = DIRECTION('',(0.,1.,0.));
#3055 = DIRECTION('',(0.,-0.,1.));
#3056 = ADVANCED_FACE('',(#3057),#3068,.F.);
#3057 = FACE_BOUND('',#3058,.F.);
#3058 = EDGE_LOOP('',(#3059,#3060,#3061,#3062));
#3059 = ORIENTED_EDGE('',*,*,#2993,.F.);
#3060 = ORIENTED_EDGE('',*,*,#2953,.F.);
#3061 = ORIENTED_EDGE('',*,*,#2860,.T.);
#3062 = ORIENTED_EDGE('',*,*,#3063,.T.);
#3063 = EDGE_CURVE('',#2863,#2994,#3064,.T.);
#3064 = LINE('',#3065,#3066);
#3065 = CARTESIAN_POINT('',(-0.745,-0.6,-2.775557561563E-17));
#3066 = VECTOR('',#3067,1.);
#3067 = DIRECTION('',(0.,1.,0.));
#3068 = PLANE('',#3069);
#3069 = AXIS2_PLACEMENT_3D('',#3070,#3071,#3072);
#3070 = CARTESIAN_POINT('',(-1.,-0.6,0.));
#3071 = DIRECTION('',(0.,0.,1.));
#3072 = DIRECTION('',(1.,0.,-0.));
#3073 = ADVANCED_FACE('',(#3074),#3085,.T.);
#3074 = FACE_BOUND('',#3075,.T.);
#3075 = EDGE_LOOP('',(#3076,#3077,#3078,#3079));
#3076 = ORIENTED_EDGE('',*,*,#2928,.T.);
#3077 = ORIENTED_EDGE('',*,*,#3063,.T.);
#3078 = ORIENTED_EDGE('',*,*,#3045,.F.);
#3079 = ORIENTED_EDGE('',*,*,#3080,.F.);
#3080 = EDGE_CURVE('',#2921,#3038,#3081,.T.);
#3081 = LINE('',#3082,#3083);
#3082 = CARTESIAN_POINT('',(-0.7,-0.6,4.5E-02));
#3083 = VECTOR('',#3084,1.);
#3084 = DIRECTION('',(0.,1.,0.));
#3085 = CYLINDRICAL_SURFACE('',#3086,4.5E-02);
#3086 = AXIS2_PLACEMENT_3D('',#3087,#3088,#3089);
#3087 = CARTESIAN_POINT('',(-0.745,-0.6,4.5E-02));
#3088 = DIRECTION('',(0.,1.,0.));
#3089 = DIRECTION('',(1.,0.,0.));
#3090 = ADVANCED_FACE('',(#3091),#3134,.F.);
#3091 = FACE_BOUND('',#3092,.F.);
#3092 = EDGE_LOOP('',(#3093,#3094,#3095,#3096,#3104,#3112,#3120,#3128));
#3093 = ORIENTED_EDGE('',*,*,#2920,.F.);
#3094 = ORIENTED_EDGE('',*,*,#2912,.T.);
#3095 = ORIENTED_EDGE('',*,*,#2904,.T.);
#3096 = ORIENTED_EDGE('',*,*,#3097,.T.);
#3097 = EDGE_CURVE('',#2896,#3098,#3100,.T.);
#3098 = VERTEX_POINT('',#3099);
#3099 = CARTESIAN_POINT('',(0.7,-0.6,0.405));
#3100 = LINE('',#3101,#3102);
#3101 = CARTESIAN_POINT('',(-0.7,-0.6,0.405));
#3102 = VECTOR('',#3103,1.);
#3103 = DIRECTION('',(1.,0.,0.));
#3104 = ORIENTED_EDGE('',*,*,#3105,.T.);
#3105 = EDGE_CURVE('',#3098,#3106,#3108,.T.);
#3106 = VERTEX_POINT('',#3107);
#3107 = CARTESIAN_POINT('',(0.955,-0.6,0.405));
#3108 = LINE('',#3109,#3110);
#3109 = CARTESIAN_POINT('',(-0.955,-0.6,0.405));
#3110 = VECTOR('',#3111,1.);
#3111 = DIRECTION('',(1.,0.,0.));
#3112 = ORIENTED_EDGE('',*,*,#3113,.F.);
#3113 = EDGE_CURVE('',#3114,#3106,#3116,.T.);
#3114 = VERTEX_POINT('',#3115);
#3115 = CARTESIAN_POINT('',(0.955,-0.6,4.5E-02));
#3116 = LINE('',#3117,#3118);
#3117 = CARTESIAN_POINT('',(0.955,-0.6,4.5E-02));
#3118 = VECTOR('',#3119,1.);
#3119 = DIRECTION('',(0.,0.,1.));
#3120 = ORIENTED_EDGE('',*,*,#3121,.F.);
#3121 = EDGE_CURVE('',#3122,#3114,#3124,.T.);
#3122 = VERTEX_POINT('',#3123);
#3123 = CARTESIAN_POINT('',(0.7,-0.6,4.5E-02));
#3124 = LINE('',#3125,#3126);
#3125 = CARTESIAN_POINT('',(-0.955,-0.6,4.5E-02));
#3126 = VECTOR('',#3127,1.);
#3127 = DIRECTION('',(1.,0.,0.));
#3128 = ORIENTED_EDGE('',*,*,#3129,.F.);
#3129 = EDGE_CURVE('',#2921,#3122,#3130,.T.);
#3130 = LINE('',#3131,#3132);
#3131 = CARTESIAN_POINT('',(-0.955,-0.6,4.5E-02));
#3132 = VECTOR('',#3133,1.);
#3133 = DIRECTION('',(1.,0.,0.));
#3134 = PLANE('',#3135);
#3135 = AXIS2_PLACEMENT_3D('',#3136,#3137,#3138);
#3136 = CARTESIAN_POINT('',(-0.955,-0.6,4.5E-02));
#3137 = DIRECTION('',(0.,1.,0.));
#3138 = DIRECTION('',(0.,-0.,1.));
#3139 = ADVANCED_FACE('',(#3140),#3151,.T.);
#3140 = FACE_BOUND('',#3141,.T.);
#3141 = EDGE_LOOP('',(#3142,#3143,#3144,#3145));
#3142 = ORIENTED_EDGE('',*,*,#3004,.F.);
#3143 = ORIENTED_EDGE('',*,*,#2969,.F.);
#3144 = ORIENTED_EDGE('',*,*,#2887,.T.);
#3145 = ORIENTED_EDGE('',*,*,#3146,.T.);
#3146 = EDGE_CURVE('',#2888,#3005,#3147,.T.);
#3147 = LINE('',#3148,#3149);
#3148 = CARTESIAN_POINT('',(-0.745,-0.6,0.45));
#3149 = VECTOR('',#3150,1.);
#3150 = DIRECTION('',(0.,1.,0.));
#3151 = PLANE('',#3152);
#3152 = AXIS2_PLACEMENT_3D('',#3153,#3154,#3155);
#3153 = CARTESIAN_POINT('',(-1.,-0.6,0.45));
#3154 = DIRECTION('',(0.,0.,1.));
#3155 = DIRECTION('',(1.,0.,-0.));
#3156 = ADVANCED_FACE('',(#3157),#3168,.T.);
#3157 = FACE_BOUND('',#3158,.T.);
#3158 = EDGE_LOOP('',(#3159,#3165,#3166,#3167));
#3159 = ORIENTED_EDGE('',*,*,#3160,.T.);
#3160 = EDGE_CURVE('',#2896,#3013,#3161,.T.);
#3161 = LINE('',#3162,#3163);
#3162 = CARTESIAN_POINT('',(-0.7,-0.6,0.405));
#3163 = VECTOR('',#3164,1.);
#3164 = DIRECTION('',(0.,1.,0.));
#3165 = ORIENTED_EDGE('',*,*,#3012,.T.);
#3166 = ORIENTED_EDGE('',*,*,#3146,.F.);
#3167 = ORIENTED_EDGE('',*,*,#2895,.F.);
#3168 = CYLINDRICAL_SURFACE('',#3169,4.5E-02);
#3169 = AXIS2_PLACEMENT_3D('',#3170,#3171,#3172);
#3170 = CARTESIAN_POINT('',(-0.745,-0.6,0.405));
#3171 = DIRECTION('',(0.,1.,0.));
#3172 = DIRECTION('',(1.,0.,0.));
#3173 = ADVANCED_FACE('',(#3174),#3217,.T.);
#3174 = FACE_BOUND('',#3175,.T.);
#3175 = EDGE_LOOP('',(#3176,#3177,#3178,#3179,#3187,#3195,#3203,#3211));
#3176 = ORIENTED_EDGE('',*,*,#3037,.F.);
#3177 = ORIENTED_EDGE('',*,*,#3029,.T.);
#3178 = ORIENTED_EDGE('',*,*,#3021,.T.);
#3179 = ORIENTED_EDGE('',*,*,#3180,.T.);
#3180 = EDGE_CURVE('',#3013,#3181,#3183,.T.);
#3181 = VERTEX_POINT('',#3182);
#3182 = CARTESIAN_POINT('',(0.7,0.6,0.405));
#3183 = LINE('',#3184,#3185);
#3184 = CARTESIAN_POINT('',(-0.7,0.6,0.405));
#3185 = VECTOR('',#3186,1.);
#3186 = DIRECTION('',(1.,0.,0.));
#3187 = ORIENTED_EDGE('',*,*,#3188,.T.);
#3188 = EDGE_CURVE('',#3181,#3189,#3191,.T.);
#3189 = VERTEX_POINT('',#3190);
#3190 = CARTESIAN_POINT('',(0.955,0.6,0.405));
#3191 = LINE('',#3192,#3193);
#3192 = CARTESIAN_POINT('',(-0.955,0.6,0.405));
#3193 = VECTOR('',#3194,1.);
#3194 = DIRECTION('',(1.,0.,0.));
#3195 = ORIENTED_EDGE('',*,*,#3196,.F.);
#3196 = EDGE_CURVE('',#3197,#3189,#3199,.T.);
#3197 = VERTEX_POINT('',#3198);
#3198 = CARTESIAN_POINT('',(0.955,0.6,4.5E-02));
#3199 = LINE('',#3200,#3201);
#3200 = CARTESIAN_POINT('',(0.955,0.6,4.5E-02));
#3201 = VECTOR('',#3202,1.);
#3202 = DIRECTION('',(0.,0.,1.));
#3203 = ORIENTED_EDGE('',*,*,#3204,.F.);
#3204 = EDGE_CURVE('',#3205,#3197,#3207,.T.);
#3205 = VERTEX_POINT('',#3206);
#3206 = CARTESIAN_POINT('',(0.7,0.6,4.5E-02));
#3207 = LINE('',#3208,#3209);
#3208 = CARTESIAN_POINT('',(-0.955,0.6,4.5E-02));
#3209 = VECTOR('',#3210,1.);
#3210 = DIRECTION('',(1.,0.,0.));
#3211 = ORIENTED_EDGE('',*,*,#3212,.F.);
#3212 = EDGE_CURVE('',#3038,#3205,#3213,.T.);
#3213 = LINE('',#3214,#3215);
#3214 = CARTESIAN_POINT('',(-0.955,0.6,4.5E-02));
#3215 = VECTOR('',#3216,1.);
#3216 = DIRECTION('',(1.,0.,0.));
#3217 = PLANE('',#3218);
#3218 = AXIS2_PLACEMENT_3D('',#3219,#3220,#3221);
#3219 = CARTESIAN_POINT('',(-0.955,0.6,4.5E-02));
#3220 = DIRECTION('',(0.,1.,0.));
#3221 = DIRECTION('',(0.,-0.,1.));
#3222 = ADVANCED_FACE('',(#3223),#3234,.F.);
#3223 = FACE_BOUND('',#3224,.F.);
#3224 = EDGE_LOOP('',(#3225,#3226,#3227,#3233));
#3225 = ORIENTED_EDGE('',*,*,#3080,.F.);
#3226 = ORIENTED_EDGE('',*,*,#3129,.T.);
#3227 = ORIENTED_EDGE('',*,*,#3228,.T.);
#3228 = EDGE_CURVE('',#3122,#3205,#3229,.T.);
#3229 = LINE('',#3230,#3231);
#3230 = CARTESIAN_POINT('',(0.7,-0.6,4.5E-02));
#3231 = VECTOR('',#3232,1.);
#3232 = DIRECTION('',(0.,1.,0.));
#3233 = ORIENTED_EDGE('',*,*,#3212,.F.);
#3234 = PLANE('',#3235);
#3235 = AXIS2_PLACEMENT_3D('',#3236,#3237,#3238);
#3236 = CARTESIAN_POINT('',(-0.955,-0.6,4.5E-02));
#3237 = DIRECTION('',(0.,0.,1.));
#3238 = DIRECTION('',(1.,0.,-0.));
#3239 = ADVANCED_FACE('',(#3240),#3303,.F.);
#3240 = FACE_BOUND('',#3241,.F.);
#3241 = EDGE_LOOP('',(#3242,#3252,#3259,#3260,#3261,#3262,#3271,#3279,
    #3288,#3296));
#3242 = ORIENTED_EDGE('',*,*,#3243,.F.);
#3243 = EDGE_CURVE('',#3244,#3246,#3248,.T.);
#3244 = VERTEX_POINT('',#3245);
#3245 = CARTESIAN_POINT('',(0.745,-0.6,-2.775557561563E-17));
#3246 = VERTEX_POINT('',#3247);
#3247 = CARTESIAN_POINT('',(0.955,-0.6,-2.775557561563E-17));
#3248 = LINE('',#3249,#3250);
#3249 = CARTESIAN_POINT('',(0.7,-0.6,0.));
#3250 = VECTOR('',#3251,1.);
#3251 = DIRECTION('',(1.,0.,0.));
#3252 = ORIENTED_EDGE('',*,*,#3253,.F.);
#3253 = EDGE_CURVE('',#3122,#3244,#3254,.T.);
#3254 = CIRCLE('',#3255,4.5E-02);
#3255 = AXIS2_PLACEMENT_3D('',#3256,#3257,#3258);
#3256 = CARTESIAN_POINT('',(0.745,-0.6,4.5E-02));
#3257 = DIRECTION('',(0.,-1.,0.));
#3258 = DIRECTION('',(0.,0.,1.));
#3259 = ORIENTED_EDGE('',*,*,#3121,.T.);
#3260 = ORIENTED_EDGE('',*,*,#3113,.T.);
#3261 = ORIENTED_EDGE('',*,*,#3105,.F.);
#3262 = ORIENTED_EDGE('',*,*,#3263,.T.);
#3263 = EDGE_CURVE('',#3098,#3264,#3266,.T.);
#3264 = VERTEX_POINT('',#3265);
#3265 = CARTESIAN_POINT('',(0.745,-0.6,0.45));
#3266 = CIRCLE('',#3267,4.5E-02);
#3267 = AXIS2_PLACEMENT_3D('',#3268,#3269,#3270);
#3268 = CARTESIAN_POINT('',(0.745,-0.6,0.405));
#3269 = DIRECTION('',(0.,1.,0.));
#3270 = DIRECTION('',(0.,-0.,1.));
#3271 = ORIENTED_EDGE('',*,*,#3272,.T.);
#3272 = EDGE_CURVE('',#3264,#3273,#3275,.T.);
#3273 = VERTEX_POINT('',#3274);
#3274 = CARTESIAN_POINT('',(0.955,-0.6,0.45));
#3275 = LINE('',#3276,#3277);
#3276 = CARTESIAN_POINT('',(0.7,-0.6,0.45));
#3277 = VECTOR('',#3278,1.);
#3278 = DIRECTION('',(1.,0.,0.));
#3279 = ORIENTED_EDGE('',*,*,#3280,.F.);
#3280 = EDGE_CURVE('',#3281,#3273,#3283,.T.);
#3281 = VERTEX_POINT('',#3282);
#3282 = CARTESIAN_POINT('',(1.,-0.6,0.405));
#3283 = CIRCLE('',#3284,4.5E-02);
#3284 = AXIS2_PLACEMENT_3D('',#3285,#3286,#3287);
#3285 = CARTESIAN_POINT('',(0.955,-0.6,0.405));
#3286 = DIRECTION('',(0.,-1.,0.));
#3287 = DIRECTION('',(0.,0.,1.));
#3288 = ORIENTED_EDGE('',*,*,#3289,.F.);
#3289 = EDGE_CURVE('',#3290,#3281,#3292,.T.);
#3290 = VERTEX_POINT('',#3291);
#3291 = CARTESIAN_POINT('',(1.,-0.6,4.5E-02));
#3292 = LINE('',#3293,#3294);
#3293 = CARTESIAN_POINT('',(1.,-0.6,0.));
#3294 = VECTOR('',#3295,1.);
#3295 = DIRECTION('',(0.,0.,1.));
#3296 = ORIENTED_EDGE('',*,*,#3297,.T.);
#3297 = EDGE_CURVE('',#3290,#3246,#3298,.T.);
#3298 = CIRCLE('',#3299,4.5E-02);
#3299 = AXIS2_PLACEMENT_3D('',#3300,#3301,#3302);
#3300 = CARTESIAN_POINT('',(0.955,-0.6,4.5E-02));
#3301 = DIRECTION('',(0.,1.,0.));
#3302 = DIRECTION('',(0.,-0.,1.));
#3303 = PLANE('',#3304);
#3304 = AXIS2_PLACEMENT_3D('',#3305,#3306,#3307);
#3305 = CARTESIAN_POINT('',(0.7,-0.6,0.));
#3306 = DIRECTION('',(0.,1.,0.));
#3307 = DIRECTION('',(0.,-0.,1.));
#3308 = ADVANCED_FACE('',(#3309),#3334,.F.);
#3309 = FACE_BOUND('',#3310,.F.);
#3310 = EDGE_LOOP('',(#3311,#3312,#3320,#3328));
#3311 = ORIENTED_EDGE('',*,*,#3097,.F.);
#3312 = ORIENTED_EDGE('',*,*,#3313,.T.);
#3313 = EDGE_CURVE('',#2896,#3314,#3316,.T.);
#3314 = VERTEX_POINT('',#3315);
#3315 = CARTESIAN_POINT('',(-0.7,-0.6,0.45));
#3316 = LINE('',#3317,#3318);
#3317 = CARTESIAN_POINT('',(-0.7,-0.6,0.405));
#3318 = VECTOR('',#3319,1.);
#3319 = DIRECTION('',(0.,0.,1.));
#3320 = ORIENTED_EDGE('',*,*,#3321,.T.);
#3321 = EDGE_CURVE('',#3314,#3322,#3324,.T.);
#3322 = VERTEX_POINT('',#3323);
#3323 = CARTESIAN_POINT('',(0.7,-0.6,0.45));
#3324 = LINE('',#3325,#3326);
#3325 = CARTESIAN_POINT('',(-0.7,-0.6,0.45));
#3326 = VECTOR('',#3327,1.);
#3327 = DIRECTION('',(1.,0.,0.));
#3328 = ORIENTED_EDGE('',*,*,#3329,.F.);
#3329 = EDGE_CURVE('',#3098,#3322,#3330,.T.);
#3330 = LINE('',#3331,#3332);
#3331 = CARTESIAN_POINT('',(0.7,-0.6,0.405));
#3332 = VECTOR('',#3333,1.);
#3333 = DIRECTION('',(0.,0.,1.));
#3334 = PLANE('',#3335);
#3335 = AXIS2_PLACEMENT_3D('',#3336,#3337,#3338);
#3336 = CARTESIAN_POINT('',(-0.7,-0.6,0.405));
#3337 = DIRECTION('',(0.,1.,0.));
#3338 = DIRECTION('',(0.,-0.,1.));
#3339 = ADVANCED_FACE('',(#3340),#3358,.F.);
#3340 = FACE_BOUND('',#3341,.F.);
#3341 = EDGE_LOOP('',(#3342,#3343,#3344,#3352));
#3342 = ORIENTED_EDGE('',*,*,#3313,.F.);
#3343 = ORIENTED_EDGE('',*,*,#3160,.T.);
#3344 = ORIENTED_EDGE('',*,*,#3345,.T.);
#3345 = EDGE_CURVE('',#3013,#3346,#3348,.T.);
#3346 = VERTEX_POINT('',#3347);
#3347 = CARTESIAN_POINT('',(-0.7,0.6,0.45));
#3348 = LINE('',#3349,#3350);
#3349 = CARTESIAN_POINT('',(-0.7,0.6,0.405));
#3350 = VECTOR('',#3351,1.);
#3351 = DIRECTION('',(0.,0.,1.));
#3352 = ORIENTED_EDGE('',*,*,#3353,.F.);
#3353 = EDGE_CURVE('',#3314,#3346,#3354,.T.);
#3354 = LINE('',#3355,#3356);
#3355 = CARTESIAN_POINT('',(-0.7,-0.6,0.45));
#3356 = VECTOR('',#3357,1.);
#3357 = DIRECTION('',(0.,1.,0.));
#3358 = PLANE('',#3359);
#3359 = AXIS2_PLACEMENT_3D('',#3360,#3361,#3362);
#3360 = CARTESIAN_POINT('',(-0.7,-0.6,0.405));
#3361 = DIRECTION('',(1.,0.,0.));
#3362 = DIRECTION('',(0.,0.,1.));
#3363 = ADVANCED_FACE('',(#3364),#3427,.T.);
#3364 = FACE_BOUND('',#3365,.T.);
#3365 = EDGE_LOOP('',(#3366,#3376,#3383,#3384,#3385,#3386,#3395,#3403,
    #3412,#3420));
#3366 = ORIENTED_EDGE('',*,*,#3367,.F.);
#3367 = EDGE_CURVE('',#3368,#3370,#3372,.T.);
#3368 = VERTEX_POINT('',#3369);
#3369 = CARTESIAN_POINT('',(0.745,0.6,-2.775557561563E-17));
#3370 = VERTEX_POINT('',#3371);
#3371 = CARTESIAN_POINT('',(0.955,0.6,-2.775557561563E-17));
#3372 = LINE('',#3373,#3374);
#3373 = CARTESIAN_POINT('',(0.7,0.6,0.));
#3374 = VECTOR('',#3375,1.);
#3375 = DIRECTION('',(1.,0.,0.));
#3376 = ORIENTED_EDGE('',*,*,#3377,.F.);
#3377 = EDGE_CURVE('',#3205,#3368,#3378,.T.);
#3378 = CIRCLE('',#3379,4.5E-02);
#3379 = AXIS2_PLACEMENT_3D('',#3380,#3381,#3382);
#3380 = CARTESIAN_POINT('',(0.745,0.6,4.5E-02));
#3381 = DIRECTION('',(0.,-1.,0.));
#3382 = DIRECTION('',(0.,0.,1.));
#3383 = ORIENTED_EDGE('',*,*,#3204,.T.);
#3384 = ORIENTED_EDGE('',*,*,#3196,.T.);
#3385 = ORIENTED_EDGE('',*,*,#3188,.F.);
#3386 = ORIENTED_EDGE('',*,*,#3387,.T.);
#3387 = EDGE_CURVE('',#3181,#3388,#3390,.T.);
#3388 = VERTEX_POINT('',#3389);
#3389 = CARTESIAN_POINT('',(0.745,0.6,0.45));
#3390 = CIRCLE('',#3391,4.5E-02);
#3391 = AXIS2_PLACEMENT_3D('',#3392,#3393,#3394);
#3392 = CARTESIAN_POINT('',(0.745,0.6,0.405));
#3393 = DIRECTION('',(0.,1.,0.));
#3394 = DIRECTION('',(0.,-0.,1.));
#3395 = ORIENTED_EDGE('',*,*,#3396,.T.);
#3396 = EDGE_CURVE('',#3388,#3397,#3399,.T.);
#3397 = VERTEX_POINT('',#3398);
#3398 = CARTESIAN_POINT('',(0.955,0.6,0.45));
#3399 = LINE('',#3400,#3401);
#3400 = CARTESIAN_POINT('',(0.7,0.6,0.45));
#3401 = VECTOR('',#3402,1.);
#3402 = DIRECTION('',(1.,0.,0.));
#3403 = ORIENTED_EDGE('',*,*,#3404,.F.);
#3404 = EDGE_CURVE('',#3405,#3397,#3407,.T.);
#3405 = VERTEX_POINT('',#3406);
#3406 = CARTESIAN_POINT('',(1.,0.6,0.405));
#3407 = CIRCLE('',#3408,4.5E-02);
#3408 = AXIS2_PLACEMENT_3D('',#3409,#3410,#3411);
#3409 = CARTESIAN_POINT('',(0.955,0.6,0.405));
#3410 = DIRECTION('',(0.,-1.,0.));
#3411 = DIRECTION('',(0.,0.,1.));
#3412 = ORIENTED_EDGE('',*,*,#3413,.F.);
#3413 = EDGE_CURVE('',#3414,#3405,#3416,.T.);
#3414 = VERTEX_POINT('',#3415);
#3415 = CARTESIAN_POINT('',(1.,0.6,4.5E-02));
#3416 = LINE('',#3417,#3418);
#3417 = CARTESIAN_POINT('',(1.,0.6,0.));
#3418 = VECTOR('',#3419,1.);
#3419 = DIRECTION('',(0.,0.,1.));
#3420 = ORIENTED_EDGE('',*,*,#3421,.T.);
#3421 = EDGE_CURVE('',#3414,#3370,#3422,.T.);
#3422 = CIRCLE('',#3423,4.5E-02);
#3423 = AXIS2_PLACEMENT_3D('',#3424,#3425,#3426);
#3424 = CARTESIAN_POINT('',(0.955,0.6,4.5E-02));
#3425 = DIRECTION('',(0.,1.,0.));
#3426 = DIRECTION('',(0.,-0.,1.));
#3427 = PLANE('',#3428);
#3428 = AXIS2_PLACEMENT_3D('',#3429,#3430,#3431);
#3429 = CARTESIAN_POINT('',(0.7,0.6,0.));
#3430 = DIRECTION('',(0.,1.,0.));
#3431 = DIRECTION('',(0.,-0.,1.));
#3432 = ADVANCED_FACE('',(#3433),#3451,.T.);
#3433 = FACE_BOUND('',#3434,.T.);
#3434 = EDGE_LOOP('',(#3435,#3436,#3437,#3445));
#3435 = ORIENTED_EDGE('',*,*,#3180,.F.);
#3436 = ORIENTED_EDGE('',*,*,#3345,.T.);
#3437 = ORIENTED_EDGE('',*,*,#3438,.T.);
#3438 = EDGE_CURVE('',#3346,#3439,#3441,.T.);
#3439 = VERTEX_POINT('',#3440);
#3440 = CARTESIAN_POINT('',(0.7,0.6,0.45));
#3441 = LINE('',#3442,#3443);
#3442 = CARTESIAN_POINT('',(-0.7,0.6,0.45));
#3443 = VECTOR('',#3444,1.);
#3444 = DIRECTION('',(1.,0.,0.));
#3445 = ORIENTED_EDGE('',*,*,#3446,.F.);
#3446 = EDGE_CURVE('',#3181,#3439,#3447,.T.);
#3447 = LINE('',#3448,#3449);
#3448 = CARTESIAN_POINT('',(0.7,0.6,0.405));
#3449 = VECTOR('',#3450,1.);
#3450 = DIRECTION('',(0.,0.,1.));
#3451 = PLANE('',#3452);
#3452 = AXIS2_PLACEMENT_3D('',#3453,#3454,#3455);
#3453 = CARTESIAN_POINT('',(-0.7,0.6,0.405));
#3454 = DIRECTION('',(0.,1.,0.));
#3455 = DIRECTION('',(0.,-0.,1.));
#3456 = ADVANCED_FACE('',(#3457),#3468,.T.);
#3457 = FACE_BOUND('',#3458,.T.);
#3458 = EDGE_LOOP('',(#3459,#3460,#3461,#3467));
#3459 = ORIENTED_EDGE('',*,*,#3228,.T.);
#3460 = ORIENTED_EDGE('',*,*,#3377,.T.);
#3461 = ORIENTED_EDGE('',*,*,#3462,.F.);
#3462 = EDGE_CURVE('',#3244,#3368,#3463,.T.);
#3463 = LINE('',#3464,#3465);
#3464 = CARTESIAN_POINT('',(0.745,-0.6,-2.775557561563E-17));
#3465 = VECTOR('',#3466,1.);
#3466 = DIRECTION('',(0.,1.,0.));
#3467 = ORIENTED_EDGE('',*,*,#3253,.F.);
#3468 = CYLINDRICAL_SURFACE('',#3469,4.5E-02);
#3469 = AXIS2_PLACEMENT_3D('',#3470,#3471,#3472);
#3470 = CARTESIAN_POINT('',(0.745,-0.6,4.5E-02));
#3471 = DIRECTION('',(0.,1.,0.));
#3472 = DIRECTION('',(-1.,0.,0.));
#3473 = ADVANCED_FACE('',(#3474),#3485,.F.);
#3474 = FACE_BOUND('',#3475,.F.);
#3475 = EDGE_LOOP('',(#3476,#3477,#3478,#3479));
#3476 = ORIENTED_EDGE('',*,*,#3367,.F.);
#3477 = ORIENTED_EDGE('',*,*,#3462,.F.);
#3478 = ORIENTED_EDGE('',*,*,#3243,.T.);
#3479 = ORIENTED_EDGE('',*,*,#3480,.T.);
#3480 = EDGE_CURVE('',#3246,#3370,#3481,.T.);
#3481 = LINE('',#3482,#3483);
#3482 = CARTESIAN_POINT('',(0.955,-0.6,-2.775557561563E-17));
#3483 = VECTOR('',#3484,1.);
#3484 = DIRECTION('',(0.,1.,0.));
#3485 = PLANE('',#3486);
#3486 = AXIS2_PLACEMENT_3D('',#3487,#3488,#3489);
#3487 = CARTESIAN_POINT('',(0.7,-0.6,0.));
#3488 = DIRECTION('',(0.,0.,1.));
#3489 = DIRECTION('',(1.,0.,-0.));
#3490 = ADVANCED_FACE('',(#3491),#3502,.T.);
#3491 = FACE_BOUND('',#3492,.T.);
#3492 = EDGE_LOOP('',(#3493,#3494,#3495,#3496));
#3493 = ORIENTED_EDGE('',*,*,#3297,.T.);
#3494 = ORIENTED_EDGE('',*,*,#3480,.T.);
#3495 = ORIENTED_EDGE('',*,*,#3421,.F.);
#3496 = ORIENTED_EDGE('',*,*,#3497,.F.);
#3497 = EDGE_CURVE('',#3290,#3414,#3498,.T.);
#3498 = LINE('',#3499,#3500);
#3499 = CARTESIAN_POINT('',(1.,-0.6,4.5E-02));
#3500 = VECTOR('',#3501,1.);
#3501 = DIRECTION('',(0.,1.,0.));
#3502 = CYLINDRICAL_SURFACE('',#3503,4.5E-02);
#3503 = AXIS2_PLACEMENT_3D('',#3504,#3505,#3506);
#3504 = CARTESIAN_POINT('',(0.955,-0.6,4.5E-02));
#3505 = DIRECTION('',(0.,1.,0.));
#3506 = DIRECTION('',(1.,0.,0.));
#3507 = ADVANCED_FACE('',(#3508),#3519,.T.);
#3508 = FACE_BOUND('',#3509,.T.);
#3509 = EDGE_LOOP('',(#3510,#3511,#3512,#3513));
#3510 = ORIENTED_EDGE('',*,*,#3289,.F.);
#3511 = ORIENTED_EDGE('',*,*,#3497,.T.);
#3512 = ORIENTED_EDGE('',*,*,#3413,.T.);
#3513 = ORIENTED_EDGE('',*,*,#3514,.F.);
#3514 = EDGE_CURVE('',#3281,#3405,#3515,.T.);
#3515 = LINE('',#3516,#3517);
#3516 = CARTESIAN_POINT('',(1.,-0.6,0.405));
#3517 = VECTOR('',#3518,1.);
#3518 = DIRECTION('',(0.,1.,0.));
#3519 = PLANE('',#3520);
#3520 = AXIS2_PLACEMENT_3D('',#3521,#3522,#3523);
#3521 = CARTESIAN_POINT('',(1.,-0.6,0.));
#3522 = DIRECTION('',(1.,0.,0.));
#3523 = DIRECTION('',(0.,0.,1.));
#3524 = ADVANCED_FACE('',(#3525),#3536,.T.);
#3525 = FACE_BOUND('',#3526,.T.);
#3526 = EDGE_LOOP('',(#3527,#3528,#3529,#3535));
#3527 = ORIENTED_EDGE('',*,*,#3514,.T.);
#3528 = ORIENTED_EDGE('',*,*,#3404,.T.);
#3529 = ORIENTED_EDGE('',*,*,#3530,.F.);
#3530 = EDGE_CURVE('',#3273,#3397,#3531,.T.);
#3531 = LINE('',#3532,#3533);
#3532 = CARTESIAN_POINT('',(0.955,-0.6,0.45));
#3533 = VECTOR('',#3534,1.);
#3534 = DIRECTION('',(0.,1.,0.));
#3535 = ORIENTED_EDGE('',*,*,#3280,.F.);
#3536 = CYLINDRICAL_SURFACE('',#3537,4.5E-02);
#3537 = AXIS2_PLACEMENT_3D('',#3538,#3539,#3540);
#3538 = CARTESIAN_POINT('',(0.955,-0.6,0.405));
#3539 = DIRECTION('',(0.,1.,0.));
#3540 = DIRECTION('',(1.,0.,0.));
#3541 = ADVANCED_FACE('',(#3542),#3553,.T.);
#3542 = FACE_BOUND('',#3543,.T.);
#3543 = EDGE_LOOP('',(#3544,#3545,#3551,#3552));
#3544 = ORIENTED_EDGE('',*,*,#3396,.F.);
#3545 = ORIENTED_EDGE('',*,*,#3546,.F.);
#3546 = EDGE_CURVE('',#3264,#3388,#3547,.T.);
#3547 = LINE('',#3548,#3549);
#3548 = CARTESIAN_POINT('',(0.745,-0.6,0.45));
#3549 = VECTOR('',#3550,1.);
#3550 = DIRECTION('',(0.,1.,0.));
#3551 = ORIENTED_EDGE('',*,*,#3272,.T.);
#3552 = ORIENTED_EDGE('',*,*,#3530,.T.);
#3553 = PLANE('',#3554);
#3554 = AXIS2_PLACEMENT_3D('',#3555,#3556,#3557);
#3555 = CARTESIAN_POINT('',(0.7,-0.6,0.45));
#3556 = DIRECTION('',(0.,0.,1.));
#3557 = DIRECTION('',(1.,0.,-0.));
#3558 = ADVANCED_FACE('',(#3559),#3570,.T.);
#3559 = FACE_BOUND('',#3560,.T.);
#3560 = EDGE_LOOP('',(#3561,#3562,#3563,#3564));
#3561 = ORIENTED_EDGE('',*,*,#3263,.T.);
#3562 = ORIENTED_EDGE('',*,*,#3546,.T.);
#3563 = ORIENTED_EDGE('',*,*,#3387,.F.);
#3564 = ORIENTED_EDGE('',*,*,#3565,.F.);
#3565 = EDGE_CURVE('',#3098,#3181,#3566,.T.);
#3566 = LINE('',#3567,#3568);
#3567 = CARTESIAN_POINT('',(0.7,-0.6,0.405));
#3568 = VECTOR('',#3569,1.);
#3569 = DIRECTION('',(0.,1.,0.));
#3570 = CYLINDRICAL_SURFACE('',#3571,4.5E-02);
#3571 = AXIS2_PLACEMENT_3D('',#3572,#3573,#3574);
#3572 = CARTESIAN_POINT('',(0.745,-0.6,0.405));
#3573 = DIRECTION('',(0.,1.,0.));
#3574 = DIRECTION('',(-1.,0.,0.));
#3575 = ADVANCED_FACE('',(#3576),#3587,.T.);
#3576 = FACE_BOUND('',#3577,.T.);
#3577 = EDGE_LOOP('',(#3578,#3579,#3580,#3581));
#3578 = ORIENTED_EDGE('',*,*,#3329,.F.);
#3579 = ORIENTED_EDGE('',*,*,#3565,.T.);
#3580 = ORIENTED_EDGE('',*,*,#3446,.T.);
#3581 = ORIENTED_EDGE('',*,*,#3582,.F.);
#3582 = EDGE_CURVE('',#3322,#3439,#3583,.T.);
#3583 = LINE('',#3584,#3585);
#3584 = CARTESIAN_POINT('',(0.7,-0.6,0.45));
#3585 = VECTOR('',#3586,1.);
#3586 = DIRECTION('',(0.,1.,0.));
#3587 = PLANE('',#3588);
#3588 = AXIS2_PLACEMENT_3D('',#3589,#3590,#3591);
#3589 = CARTESIAN_POINT('',(0.7,-0.6,0.405));
#3590 = DIRECTION('',(1.,0.,0.));
#3591 = DIRECTION('',(0.,0.,1.));
#3592 = ADVANCED_FACE('',(#3593),#3599,.T.);
#3593 = FACE_BOUND('',#3594,.T.);
#3594 = EDGE_LOOP('',(#3595,#3596,#3597,#3598));
#3595 = ORIENTED_EDGE('',*,*,#3353,.F.);
#3596 = ORIENTED_EDGE('',*,*,#3321,.T.);
#3597 = ORIENTED_EDGE('',*,*,#3582,.T.);
#3598 = ORIENTED_EDGE('',*,*,#3438,.F.);
#3599 = PLANE('',#3600);
#3600 = AXIS2_PLACEMENT_3D('',#3601,#3602,#3603);
#3601 = CARTESIAN_POINT('',(-0.7,-0.6,0.45));
#3602 = DIRECTION('',(0.,0.,1.));
#3603 = DIRECTION('',(1.,0.,-0.));
#3604 = ( GEOMETRIC_REPRESENTATION_CONTEXT(3) 
GLOBAL_UNCERTAINTY_ASSIGNED_CONTEXT((#3608)) 
GLOBAL_UNIT_ASSIGNED_CONTEXT((#3605,#3606,#3607)) REPRESENTATION_CONTEXT
('Context #1','3D Context with UNIT and UNCERTAINTY') );
#3605 = ( LENGTH_UNIT() NAMED_UNIT(*) SI_UNIT(.MILLI.,.METRE.) );
#3606 = ( NAMED_UNIT(*) PLANE_ANGLE_UNIT() SI_UNIT($,.RADIAN.) );
#3607 = ( NAMED_UNIT(*) SI_UNIT($,.STERADIAN.) SOLID_ANGLE_UNIT() );
#3608 = UNCERTAINTY_MEASURE_WITH_UNIT(LENGTH_MEASURE(1.E-07),#3605,
  'distance_accuracy_value','confusion accuracy');
#3609 = CONTEXT_DEPENDENT_SHAPE_REPRESENTATION(#3610,#3612);
#3610 = ( REPRESENTATION_RELATIONSHIP('','',#2813,#2790) 
REPRESENTATION_RELATIONSHIP_WITH_TRANSFORMATION(#3611) 
SHAPE_REPRESENTATION_RELATIONSHIP() );
#3611 = ITEM_DEFINED_TRANSFORMATION('','',#11,#2791);
#3612 = PRODUCT_DEFINITION_SHAPE('Placement','Placement of an item',
  #3613);
#3613 = NEXT_ASSEMBLY_USAGE_OCCURRENCE('5','=>[0:1:1:7]','',#2785,#2808,
  $);
#3614 = PRODUCT_RELATED_PRODUCT_CATEGORY('part',$,(#2810));
#3615 = CONTEXT_DEPENDENT_SHAPE_REPRESENTATION(#3616,#3618);
#3616 = ( REPRESENTATION_RELATIONSHIP('','',#2790,#10) 
REPRESENTATION_RELATIONSHIP_WITH_TRANSFORMATION(#3617) 
SHAPE_REPRESENTATION_RELATIONSHIP() );
#3617 = ITEM_DEFINED_TRANSFORMATION('','',#11,#27);
#3618 = PRODUCT_DEFINITION_SHAPE('Placement','Placement of an item',
  #3619);
#3619 = NEXT_ASSEMBLY_USAGE_OCCURRENCE('7','R11','',#5,#2785,$);
#3620 = CONTEXT_DEPENDENT_SHAPE_REPRESENTATION(#3621,#3623);
#3621 = ( REPRESENTATION_RELATIONSHIP('','',#164,#10) 
REPRESENTATION_RELATIONSHIP_WITH_TRANSFORMATION(#3622) 
SHAPE_REPRESENTATION_RELATIONSHIP() );
#3622 = ITEM_DEFINED_TRANSFORMATION('','',#11,#31);
#3623 = PRODUCT_DEFINITION_SHAPE('Placement','Placement of an item',
  #3624);
#3624 = NEXT_ASSEMBLY_USAGE_OCCURRENCE('8','D7','',#5,#159,$);
#3625 = CONTEXT_DEPENDENT_SHAPE_REPRESENTATION(#3626,#3628);
#3626 = ( REPRESENTATION_RELATIONSHIP('','',#2790,#10) 
REPRESENTATION_RELATIONSHIP_WITH_TRANSFORMATION(#3627) 
SHAPE_REPRESENTATION_RELATIONSHIP() );
#3627 = ITEM_DEFINED_TRANSFORMATION('','',#11,#35);
#3628 = PRODUCT_DEFINITION_SHAPE('Placement','Placement of an item',
  #3629);
#3629 = NEXT_ASSEMBLY_USAGE_OCCURRENCE('9','R10','',#5,#2785,$);
#3630 = SHAPE_DEFINITION_REPRESENTATION(#3631,#3637);
#3631 = PRODUCT_DEFINITION_SHAPE('','',#3632);
#3632 = PRODUCT_DEFINITION('design','',#3633,#3636);
#3633 = PRODUCT_DEFINITION_FORMATION('','',#3634);
#3634 = PRODUCT('PinSocket_1x02_P2.54mm_Vertical',
  'PinSocket_1x02_P2.54mm_Vertical','',(#3635));
#3635 = PRODUCT_CONTEXT('',#2,'mechanical');
#3636 = PRODUCT_DEFINITION_CONTEXT('part definition',#2,'design');
#3637 = SHAPE_REPRESENTATION('',(#11,#3638),#3642);
#3638 = AXIS2_PLACEMENT_3D('',#3639,#3640,#3641);
#3639 = CARTESIAN_POINT('',(0.,0.,0.));
#3640 = DIRECTION('',(0.,0.,1.));
#3641 = DIRECTION('',(1.,0.,-0.));
#3642 = ( GEOMETRIC_REPRESENTATION_CONTEXT(3) 
GLOBAL_UNCERTAINTY_ASSIGNED_CONTEXT((#3646)) 
GLOBAL_UNIT_ASSIGNED_CONTEXT((#3643,#3644,#3645)) REPRESENTATION_CONTEXT
('Context #1','3D Context with UNIT and UNCERTAINTY') );
#3643 = ( LENGTH_UNIT() NAMED_UNIT(*) SI_UNIT(.MILLI.,.METRE.) );
#3644 = ( NAMED_UNIT(*) PLANE_ANGLE_UNIT() SI_UNIT($,.RADIAN.) );
#3645 = ( NAMED_UNIT(*) SI_UNIT($,.STERADIAN.) SOLID_ANGLE_UNIT() );
#3646 = UNCERTAINTY_MEASURE_WITH_UNIT(LENGTH_MEASURE(1.E-07),#3643,
  'distance_accuracy_value','confusion accuracy');
#3647 = CONTEXT_DEPENDENT_SHAPE_REPRESENTATION(#3648,#3650);
#3648 = ( REPRESENTATION_RELATIONSHIP('','',#3637,#10) 
REPRESENTATION_RELATIONSHIP_WITH_TRANSFORMATION(#3649) 
SHAPE_REPRESENTATION_RELATIONSHIP() );
#3649 = ITEM_DEFINED_TRANSFORMATION('','',#11,#39);
#3650 = PRODUCT_DEFINITION_SHAPE('Placement','Placement of an item',
  #3651);
#3651 = NEXT_ASSEMBLY_USAGE_OCCURRENCE('11','J1','',#5,#3632,$);
#3652 = PRODUCT_RELATED_PRODUCT_CATEGORY('part',$,(#3634));
#3653 = SHAPE_DEFINITION_REPRESENTATION(#3654,#3660);
#3654 = PRODUCT_DEFINITION_SHAPE('','',#3655);
#3655 = PRODUCT_DEFINITION('design','',#3656,#3659);
#3656 = PRODUCT_DEFINITION_FORMATION('','',#3657);
#3657 = PRODUCT('PinSocket_1x02_P2.54mm_Vertical',
  'PinSocket_1x02_P2.54mm_Vertical','',(#3658));
#3658 = PRODUCT_CONTEXT('',#2,'mechanical');
#3659 = PRODUCT_DEFINITION_CONTEXT('part definition',#2,'design');
#3660 = ADVANCED_BREP_SHAPE_REPRESENTATION('',(#11,#3661),#5495);
#3661 = MANIFOLD_SOLID_BREP('',#3662);
#3662 = CLOSED_SHELL('',(#3663,#3703,#3766,#3829,#3846,#3931,#3953,#3970
    ,#4119,#4131,#4143,#4174,#4198,#4222,#4239,#4270,#4294,#4318,#4335,
    #4352,#4399,#4416,#4463,#4480,#4527,#4544,#4591,#4622,#4678,#4702,
    #4751,#4782,#4838,#4862,#4911,#4928,#4945,#4962,#4979,#4991,#5008,
    #5025,#5042,#5059,#5071,#5088,#5105,#5154,#5178,#5220,#5237,#5254,
    #5271,#5320,#5344,#5386,#5403,#5420,#5437,#5449,#5466,#5483));
#3663 = ADVANCED_FACE('',(#3664),#3698,.F.);
#3664 = FACE_BOUND('',#3665,.F.);
#3665 = EDGE_LOOP('',(#3666,#3676,#3684,#3692));
#3666 = ORIENTED_EDGE('',*,*,#3667,.T.);
#3667 = EDGE_CURVE('',#3668,#3670,#3672,.T.);
#3668 = VERTEX_POINT('',#3669);
#3669 = CARTESIAN_POINT('',(1.27,-3.81,0.));
#3670 = VERTEX_POINT('',#3671);
#3671 = CARTESIAN_POINT('',(1.27,-3.81,8.5));
#3672 = LINE('',#3673,#3674);
#3673 = CARTESIAN_POINT('',(1.27,-3.81,0.));
#3674 = VECTOR('',#3675,1.);
#3675 = DIRECTION('',(0.,0.,1.));
#3676 = ORIENTED_EDGE('',*,*,#3677,.T.);
#3677 = EDGE_CURVE('',#3670,#3678,#3680,.T.);
#3678 = VERTEX_POINT('',#3679);
#3679 = CARTESIAN_POINT('',(1.27,1.27,8.5));
#3680 = LINE('',#3681,#3682);
#3681 = CARTESIAN_POINT('',(1.27,-3.81,8.5));
#3682 = VECTOR('',#3683,1.);
#3683 = DIRECTION('',(1.110223024625E-16,1.,0.));
#3684 = ORIENTED_EDGE('',*,*,#3685,.F.);
#3685 = EDGE_CURVE('',#3686,#3678,#3688,.T.);
#3686 = VERTEX_POINT('',#3687);
#3687 = CARTESIAN_POINT('',(1.27,1.27,0.));
#3688 = LINE('',#3689,#3690);
#3689 = CARTESIAN_POINT('',(1.27,1.27,0.));
#3690 = VECTOR('',#3691,1.);
#3691 = DIRECTION('',(0.,0.,1.));
#3692 = ORIENTED_EDGE('',*,*,#3693,.F.);
#3693 = EDGE_CURVE('',#3668,#3686,#3694,.T.);
#3694 = LINE('',#3695,#3696);
#3695 = CARTESIAN_POINT('',(1.27,-3.81,0.));
#3696 = VECTOR('',#3697,1.);
#3697 = DIRECTION('',(1.110223024625E-16,1.,0.));
#3698 = PLANE('',#3699);
#3699 = AXIS2_PLACEMENT_3D('',#3700,#3701,#3702);
#3700 = CARTESIAN_POINT('',(1.27,-3.81,0.));
#3701 = DIRECTION('',(-1.,1.110223024625E-16,0.));
#3702 = DIRECTION('',(1.110223024625E-16,1.,0.));
#3703 = ADVANCED_FACE('',(#3704),#3761,.F.);
#3704 = FACE_BOUND('',#3705,.F.);
#3705 = EDGE_LOOP('',(#3706,#3716,#3724,#3730,#3731,#3739,#3747,#3755));
#3706 = ORIENTED_EDGE('',*,*,#3707,.F.);
#3707 = EDGE_CURVE('',#3708,#3710,#3712,.T.);
#3708 = VERTEX_POINT('',#3709);
#3709 = CARTESIAN_POINT('',(-1.27,-3.81,0.));
#3710 = VERTEX_POINT('',#3711);
#3711 = CARTESIAN_POINT('',(-0.846666666667,-3.81,0.));
#3712 = LINE('',#3713,#3714);
#3713 = CARTESIAN_POINT('',(-1.27,-3.81,0.));
#3714 = VECTOR('',#3715,1.);
#3715 = DIRECTION('',(1.,-1.110223024625E-16,0.));
#3716 = ORIENTED_EDGE('',*,*,#3717,.T.);
#3717 = EDGE_CURVE('',#3708,#3718,#3720,.T.);
#3718 = VERTEX_POINT('',#3719);
#3719 = CARTESIAN_POINT('',(-1.27,-3.81,8.5));
#3720 = LINE('',#3721,#3722);
#3721 = CARTESIAN_POINT('',(-1.27,-3.81,0.));
#3722 = VECTOR('',#3723,1.);
#3723 = DIRECTION('',(0.,0.,1.));
#3724 = ORIENTED_EDGE('',*,*,#3725,.T.);
#3725 = EDGE_CURVE('',#3718,#3670,#3726,.T.);
#3726 = LINE('',#3727,#3728);
#3727 = CARTESIAN_POINT('',(-1.27,-3.81,8.5));
#3728 = VECTOR('',#3729,1.);
#3729 = DIRECTION('',(1.,-1.110223024625E-16,0.));
#3730 = ORIENTED_EDGE('',*,*,#3667,.F.);
#3731 = ORIENTED_EDGE('',*,*,#3732,.F.);
#3732 = EDGE_CURVE('',#3733,#3668,#3735,.T.);
#3733 = VERTEX_POINT('',#3734);
#3734 = CARTESIAN_POINT('',(0.846666666667,-3.81,0.));
#3735 = LINE('',#3736,#3737);
#3736 = CARTESIAN_POINT('',(-1.27,-3.81,0.));
#3737 = VECTOR('',#3738,1.);
#3738 = DIRECTION('',(1.,-1.110223024625E-16,0.));
#3739 = ORIENTED_EDGE('',*,*,#3740,.T.);
#3740 = EDGE_CURVE('',#3733,#3741,#3743,.T.);
#3741 = VERTEX_POINT('',#3742);
#3742 = CARTESIAN_POINT('',(0.846666666667,-3.81,0.2));
#3743 = LINE('',#3744,#3745);
#3744 = CARTESIAN_POINT('',(0.846666666667,-3.81,0.));
#3745 = VECTOR('',#3746,1.);
#3746 = DIRECTION('',(0.,0.,1.));
#3747 = ORIENTED_EDGE('',*,*,#3748,.F.);
#3748 = EDGE_CURVE('',#3749,#3741,#3751,.T.);
#3749 = VERTEX_POINT('',#3750);
#3750 = CARTESIAN_POINT('',(-0.846666666667,-3.81,0.2));
#3751 = LINE('',#3752,#3753);
#3752 = CARTESIAN_POINT('',(-0.846666666667,-3.81,0.2));
#3753 = VECTOR('',#3754,1.);
#3754 = DIRECTION('',(1.,-1.110223024625E-16,0.));
#3755 = ORIENTED_EDGE('',*,*,#3756,.F.);
#3756 = EDGE_CURVE('',#3710,#3749,#3757,.T.);
#3757 = LINE('',#3758,#3759);
#3758 = CARTESIAN_POINT('',(-0.846666666667,-3.81,0.));
#3759 = VECTOR('',#3760,1.);
#3760 = DIRECTION('',(0.,0.,1.));
#3761 = PLANE('',#3762);
#3762 = AXIS2_PLACEMENT_3D('',#3763,#3764,#3765);
#3763 = CARTESIAN_POINT('',(-1.27,-3.81,0.));
#3764 = DIRECTION('',(1.110223024625E-16,1.,0.));
#3765 = DIRECTION('',(1.,-1.110223024625E-16,0.));
#3766 = ADVANCED_FACE('',(#3767),#3824,.F.);
#3767 = FACE_BOUND('',#3768,.F.);
#3768 = EDGE_LOOP('',(#3769,#3777,#3778,#3786,#3794,#3802,#3810,#3818));
#3769 = ORIENTED_EDGE('',*,*,#3770,.F.);
#3770 = EDGE_CURVE('',#3686,#3771,#3773,.T.);
#3771 = VERTEX_POINT('',#3772);
#3772 = CARTESIAN_POINT('',(0.846666666667,1.27,0.));
#3773 = LINE('',#3774,#3775);
#3774 = CARTESIAN_POINT('',(1.27,1.27,0.));
#3775 = VECTOR('',#3776,1.);
#3776 = DIRECTION('',(-1.,1.110223024625E-16,0.));
#3777 = ORIENTED_EDGE('',*,*,#3685,.T.);
#3778 = ORIENTED_EDGE('',*,*,#3779,.T.);
#3779 = EDGE_CURVE('',#3678,#3780,#3782,.T.);
#3780 = VERTEX_POINT('',#3781);
#3781 = CARTESIAN_POINT('',(-1.27,1.27,8.5));
#3782 = LINE('',#3783,#3784);
#3783 = CARTESIAN_POINT('',(1.27,1.27,8.5));
#3784 = VECTOR('',#3785,1.);
#3785 = DIRECTION('',(-1.,1.110223024625E-16,0.));
#3786 = ORIENTED_EDGE('',*,*,#3787,.F.);
#3787 = EDGE_CURVE('',#3788,#3780,#3790,.T.);
#3788 = VERTEX_POINT('',#3789);
#3789 = CARTESIAN_POINT('',(-1.27,1.27,0.));
#3790 = LINE('',#3791,#3792);
#3791 = CARTESIAN_POINT('',(-1.27,1.27,0.));
#3792 = VECTOR('',#3793,1.);
#3793 = DIRECTION('',(0.,0.,1.));
#3794 = ORIENTED_EDGE('',*,*,#3795,.F.);
#3795 = EDGE_CURVE('',#3796,#3788,#3798,.T.);
#3796 = VERTEX_POINT('',#3797);
#3797 = CARTESIAN_POINT('',(-0.846666666667,1.27,0.));
#3798 = LINE('',#3799,#3800);
#3799 = CARTESIAN_POINT('',(1.27,1.27,0.));
#3800 = VECTOR('',#3801,1.);
#3801 = DIRECTION('',(-1.,1.110223024625E-16,0.));
#3802 = ORIENTED_EDGE('',*,*,#3803,.T.);
#3803 = EDGE_CURVE('',#3796,#3804,#3806,.T.);
#3804 = VERTEX_POINT('',#3805);
#3805 = CARTESIAN_POINT('',(-0.846666666667,1.27,0.2));
#3806 = LINE('',#3807,#3808);
#3807 = CARTESIAN_POINT('',(-0.846666666667,1.27,0.));
#3808 = VECTOR('',#3809,1.);
#3809 = DIRECTION('',(0.,0.,1.));
#3810 = ORIENTED_EDGE('',*,*,#3811,.F.);
#3811 = EDGE_CURVE('',#3812,#3804,#3814,.T.);
#3812 = VERTEX_POINT('',#3813);
#3813 = CARTESIAN_POINT('',(0.846666666667,1.27,0.2));
#3814 = LINE('',#3815,#3816);
#3815 = CARTESIAN_POINT('',(0.846666666667,1.27,0.2));
#3816 = VECTOR('',#3817,1.);
#3817 = DIRECTION('',(-1.,1.110223024625E-16,0.));
#3818 = ORIENTED_EDGE('',*,*,#3819,.F.);
#3819 = EDGE_CURVE('',#3771,#3812,#3820,.T.);
#3820 = LINE('',#3821,#3822);
#3821 = CARTESIAN_POINT('',(0.846666666667,1.27,0.));
#3822 = VECTOR('',#3823,1.);
#3823 = DIRECTION('',(0.,0.,1.));
#3824 = PLANE('',#3825);
#3825 = AXIS2_PLACEMENT_3D('',#3826,#3827,#3828);
#3826 = CARTESIAN_POINT('',(1.27,1.27,0.));
#3827 = DIRECTION('',(-1.110223024625E-16,-1.,0.));
#3828 = DIRECTION('',(-1.,1.110223024625E-16,0.));
#3829 = ADVANCED_FACE('',(#3830),#3841,.F.);
#3830 = FACE_BOUND('',#3831,.F.);
#3831 = EDGE_LOOP('',(#3832,#3833,#3834,#3835));
#3832 = ORIENTED_EDGE('',*,*,#3732,.T.);
#3833 = ORIENTED_EDGE('',*,*,#3693,.T.);
#3834 = ORIENTED_EDGE('',*,*,#3770,.T.);
#3835 = ORIENTED_EDGE('',*,*,#3836,.F.);
#3836 = EDGE_CURVE('',#3733,#3771,#3837,.T.);
#3837 = LINE('',#3838,#3839);
#3838 = CARTESIAN_POINT('',(0.846666666667,-3.81,0.));
#3839 = VECTOR('',#3840,1.);
#3840 = DIRECTION('',(1.110223024625E-16,1.,0.));
#3841 = PLANE('',#3842);
#3842 = AXIS2_PLACEMENT_3D('',#3843,#3844,#3845);
#3843 = CARTESIAN_POINT('',(-5.496332464693E-17,-1.27,0.));
#3844 = DIRECTION('',(0.,0.,1.));
#3845 = DIRECTION('',(1.110223024625E-16,1.,-0.));
#3846 = ADVANCED_FACE('',(#3847,#3858,#3892),#3926,.T.);
#3847 = FACE_BOUND('',#3848,.T.);
#3848 = EDGE_LOOP('',(#3849,#3850,#3851,#3857));
#3849 = ORIENTED_EDGE('',*,*,#3677,.T.);
#3850 = ORIENTED_EDGE('',*,*,#3779,.T.);
#3851 = ORIENTED_EDGE('',*,*,#3852,.T.);
#3852 = EDGE_CURVE('',#3780,#3718,#3853,.T.);
#3853 = LINE('',#3854,#3855);
#3854 = CARTESIAN_POINT('',(-1.27,1.27,8.5));
#3855 = VECTOR('',#3856,1.);
#3856 = DIRECTION('',(-1.110223024625E-16,-1.,0.));
#3857 = ORIENTED_EDGE('',*,*,#3725,.T.);
#3858 = FACE_BOUND('',#3859,.T.);
#3859 = EDGE_LOOP('',(#3860,#3870,#3878,#3886));
#3860 = ORIENTED_EDGE('',*,*,#3861,.F.);
#3861 = EDGE_CURVE('',#3862,#3864,#3866,.T.);
#3862 = VERTEX_POINT('',#3863);
#3863 = CARTESIAN_POINT('',(0.6,-3.14,8.5));
#3864 = VERTEX_POINT('',#3865);
#3865 = CARTESIAN_POINT('',(0.6,-1.94,8.5));
#3866 = LINE('',#3867,#3868);
#3867 = CARTESIAN_POINT('',(0.6,-3.14,8.5));
#3868 = VECTOR('',#3869,1.);
#3869 = DIRECTION('',(1.110223024625E-16,1.,0.));
#3870 = ORIENTED_EDGE('',*,*,#3871,.F.);
#3871 = EDGE_CURVE('',#3872,#3862,#3874,.T.);
#3872 = VERTEX_POINT('',#3873);
#3873 = CARTESIAN_POINT('',(-0.6,-3.14,8.5));
#3874 = LINE('',#3875,#3876);
#3875 = CARTESIAN_POINT('',(-0.6,-3.14,8.5));
#3876 = VECTOR('',#3877,1.);
#3877 = DIRECTION('',(1.,-1.110223024625E-16,0.));
#3878 = ORIENTED_EDGE('',*,*,#3879,.F.);
#3879 = EDGE_CURVE('',#3880,#3872,#3882,.T.);
#3880 = VERTEX_POINT('',#3881);
#3881 = CARTESIAN_POINT('',(-0.6,-1.94,8.5));
#3882 = LINE('',#3883,#3884);
#3883 = CARTESIAN_POINT('',(-0.6,-1.94,8.5));
#3884 = VECTOR('',#3885,1.);
#3885 = DIRECTION('',(-1.110223024625E-16,-1.,0.));
#3886 = ORIENTED_EDGE('',*,*,#3887,.F.);
#3887 = EDGE_CURVE('',#3864,#3880,#3888,.T.);
#3888 = LINE('',#3889,#3890);
#3889 = CARTESIAN_POINT('',(0.6,-1.94,8.5));
#3890 = VECTOR('',#3891,1.);
#3891 = DIRECTION('',(-1.,1.110223024625E-16,0.));
#3892 = FACE_BOUND('',#3893,.T.);
#3893 = EDGE_LOOP('',(#3894,#3904,#3912,#3920));
#3894 = ORIENTED_EDGE('',*,*,#3895,.F.);
#3895 = EDGE_CURVE('',#3896,#3898,#3900,.T.);
#3896 = VERTEX_POINT('',#3897);
#3897 = CARTESIAN_POINT('',(0.6,-0.6,8.5));
#3898 = VERTEX_POINT('',#3899);
#3899 = CARTESIAN_POINT('',(0.6,0.6,8.5));
#3900 = LINE('',#3901,#3902);
#3901 = CARTESIAN_POINT('',(0.6,-0.6,8.5));
#3902 = VECTOR('',#3903,1.);
#3903 = DIRECTION('',(1.110223024625E-16,1.,0.));
#3904 = ORIENTED_EDGE('',*,*,#3905,.F.);
#3905 = EDGE_CURVE('',#3906,#3896,#3908,.T.);
#3906 = VERTEX_POINT('',#3907);
#3907 = CARTESIAN_POINT('',(-0.6,-0.6,8.5));
#3908 = LINE('',#3909,#3910);
#3909 = CARTESIAN_POINT('',(-0.6,-0.6,8.5));
#3910 = VECTOR('',#3911,1.);
#3911 = DIRECTION('',(1.,-1.110223024625E-16,0.));
#3912 = ORIENTED_EDGE('',*,*,#3913,.F.);
#3913 = EDGE_CURVE('',#3914,#3906,#3916,.T.);
#3914 = VERTEX_POINT('',#3915);
#3915 = CARTESIAN_POINT('',(-0.6,0.6,8.5));
#3916 = LINE('',#3917,#3918);
#3917 = CARTESIAN_POINT('',(-0.6,0.6,8.5));
#3918 = VECTOR('',#3919,1.);
#3919 = DIRECTION('',(-1.110223024625E-16,-1.,0.));
#3920 = ORIENTED_EDGE('',*,*,#3921,.F.);
#3921 = EDGE_CURVE('',#3898,#3914,#3922,.T.);
#3922 = LINE('',#3923,#3924);
#3923 = CARTESIAN_POINT('',(0.6,0.6,8.5));
#3924 = VECTOR('',#3925,1.);
#3925 = DIRECTION('',(-1.,1.110223024625E-16,0.));
#3926 = PLANE('',#3927);
#3927 = AXIS2_PLACEMENT_3D('',#3928,#3929,#3930);
#3928 = CARTESIAN_POINT('',(-5.496332464693E-17,-1.27,8.5));
#3929 = DIRECTION('',(0.,0.,1.));
#3930 = DIRECTION('',(1.110223024625E-16,1.,-0.));
#3931 = ADVANCED_FACE('',(#3932),#3948,.F.);
#3932 = FACE_BOUND('',#3933,.F.);
#3933 = EDGE_LOOP('',(#3934,#3935,#3941,#3942));
#3934 = ORIENTED_EDGE('',*,*,#3707,.T.);
#3935 = ORIENTED_EDGE('',*,*,#3936,.F.);
#3936 = EDGE_CURVE('',#3796,#3710,#3937,.T.);
#3937 = LINE('',#3938,#3939);
#3938 = CARTESIAN_POINT('',(-0.846666666667,1.27,0.));
#3939 = VECTOR('',#3940,1.);
#3940 = DIRECTION('',(-1.110223024625E-16,-1.,0.));
#3941 = ORIENTED_EDGE('',*,*,#3795,.T.);
#3942 = ORIENTED_EDGE('',*,*,#3943,.T.);
#3943 = EDGE_CURVE('',#3788,#3708,#3944,.T.);
#3944 = LINE('',#3945,#3946);
#3945 = CARTESIAN_POINT('',(-1.27,1.27,0.));
#3946 = VECTOR('',#3947,1.);
#3947 = DIRECTION('',(-1.110223024625E-16,-1.,0.));
#3948 = PLANE('',#3949);
#3949 = AXIS2_PLACEMENT_3D('',#3950,#3951,#3952);
#3950 = CARTESIAN_POINT('',(-5.496332464693E-17,-1.27,0.));
#3951 = DIRECTION('',(0.,0.,1.));
#3952 = DIRECTION('',(1.110223024625E-16,1.,-0.));
#3953 = ADVANCED_FACE('',(#3954),#3965,.T.);
#3954 = FACE_BOUND('',#3955,.T.);
#3955 = EDGE_LOOP('',(#3956,#3957,#3963,#3964));
#3956 = ORIENTED_EDGE('',*,*,#3803,.T.);
#3957 = ORIENTED_EDGE('',*,*,#3958,.T.);
#3958 = EDGE_CURVE('',#3804,#3749,#3959,.T.);
#3959 = LINE('',#3960,#3961);
#3960 = CARTESIAN_POINT('',(-0.846666666667,1.27,0.2));
#3961 = VECTOR('',#3962,1.);
#3962 = DIRECTION('',(-1.110223024625E-16,-1.,0.));
#3963 = ORIENTED_EDGE('',*,*,#3756,.F.);
#3964 = ORIENTED_EDGE('',*,*,#3936,.F.);
#3965 = PLANE('',#3966);
#3966 = AXIS2_PLACEMENT_3D('',#3967,#3968,#3969);
#3967 = CARTESIAN_POINT('',(-0.846666666667,1.27,0.));
#3968 = DIRECTION('',(1.,-1.110223024625E-16,0.));
#3969 = DIRECTION('',(-1.110223024625E-16,-1.,0.));
#3970 = ADVANCED_FACE('',(#3971,#3982,#4048),#4114,.F.);
#3971 = FACE_BOUND('',#3972,.F.);
#3972 = EDGE_LOOP('',(#3973,#3979,#3980,#3981));
#3973 = ORIENTED_EDGE('',*,*,#3974,.T.);
#3974 = EDGE_CURVE('',#3741,#3812,#3975,.T.);
#3975 = LINE('',#3976,#3977);
#3976 = CARTESIAN_POINT('',(0.846666666667,-3.81,0.2));
#3977 = VECTOR('',#3978,1.);
#3978 = DIRECTION('',(1.110223024625E-16,1.,0.));
#3979 = ORIENTED_EDGE('',*,*,#3811,.T.);
#3980 = ORIENTED_EDGE('',*,*,#3958,.T.);
#3981 = ORIENTED_EDGE('',*,*,#3748,.T.);
#3982 = FACE_BOUND('',#3983,.F.);
#3983 = EDGE_LOOP('',(#3984,#3994,#4002,#4010,#4018,#4026,#4034,#4042));
#3984 = ORIENTED_EDGE('',*,*,#3985,.F.);
#3985 = EDGE_CURVE('',#3986,#3988,#3990,.T.);
#3986 = VERTEX_POINT('',#3987);
#3987 = CARTESIAN_POINT('',(-0.1,-2.99,0.2));
#3988 = VERTEX_POINT('',#3989);
#3989 = CARTESIAN_POINT('',(0.1,-2.99,0.2));
#3990 = LINE('',#3991,#3992);
#3991 = CARTESIAN_POINT('',(-0.1,-2.99,0.2));
#3992 = VECTOR('',#3993,1.);
#3993 = DIRECTION('',(1.,-1.110223024625E-16,0.));
#3994 = ORIENTED_EDGE('',*,*,#3995,.T.);
#3995 = EDGE_CURVE('',#3986,#3996,#3998,.T.);
#3996 = VERTEX_POINT('',#3997);
#3997 = CARTESIAN_POINT('',(-0.1,-2.84,0.2));
#3998 = LINE('',#3999,#4000);
#3999 = CARTESIAN_POINT('',(-0.1,-2.99,0.2));
#4000 = VECTOR('',#4001,1.);
#4001 = DIRECTION('',(1.110223024625E-16,1.,0.));
#4002 = ORIENTED_EDGE('',*,*,#4003,.F.);
#4003 = EDGE_CURVE('',#4004,#3996,#4006,.T.);
#4004 = VERTEX_POINT('',#4005);
#4005 = CARTESIAN_POINT('',(-0.1,-2.24,0.2));
#4006 = LINE('',#4007,#4008);
#4007 = CARTESIAN_POINT('',(-0.1,-1.905,0.2));
#4008 = VECTOR('',#4009,1.);
#4009 = DIRECTION('',(-1.110223024625E-16,-1.,0.));
#4010 = ORIENTED_EDGE('',*,*,#4011,.T.);
#4011 = EDGE_CURVE('',#4004,#4012,#4014,.T.);
#4012 = VERTEX_POINT('',#4013);
#4013 = CARTESIAN_POINT('',(-0.1,-2.09,0.2));
#4014 = LINE('',#4015,#4016);
#4015 = CARTESIAN_POINT('',(-0.1,-2.99,0.2));
#4016 = VECTOR('',#4017,1.);
#4017 = DIRECTION('',(1.110223024625E-16,1.,0.));
#4018 = ORIENTED_EDGE('',*,*,#4019,.T.);
#4019 = EDGE_CURVE('',#4012,#4020,#4022,.T.);
#4020 = VERTEX_POINT('',#4021);
#4021 = CARTESIAN_POINT('',(0.1,-2.09,0.2));
#4022 = LINE('',#4023,#4024);
#4023 = CARTESIAN_POINT('',(-0.1,-2.09,0.2));
#4024 = VECTOR('',#4025,1.);
#4025 = DIRECTION('',(1.,-1.110223024625E-16,0.));
#4026 = ORIENTED_EDGE('',*,*,#4027,.T.);
#4027 = EDGE_CURVE('',#4020,#4028,#4030,.T.);
#4028 = VERTEX_POINT('',#4029);
#4029 = CARTESIAN_POINT('',(0.1,-2.24,0.2));
#4030 = LINE('',#4031,#4032);
#4031 = CARTESIAN_POINT('',(0.1,-2.09,0.2));
#4032 = VECTOR('',#4033,1.);
#4033 = DIRECTION('',(-1.110223024625E-16,-1.,0.));
#4034 = ORIENTED_EDGE('',*,*,#4035,.T.);
#4035 = EDGE_CURVE('',#4028,#4036,#4038,.T.);
#4036 = VERTEX_POINT('',#4037);
#4037 = CARTESIAN_POINT('',(0.1,-2.84,0.2));
#4038 = LINE('',#4039,#4040);
#4039 = CARTESIAN_POINT('',(0.1,-1.905,0.2));
#4040 = VECTOR('',#4041,1.);
#4041 = DIRECTION('',(-1.110223024625E-16,-1.,0.));
#4042 = ORIENTED_EDGE('',*,*,#4043,.T.);
#4043 = EDGE_CURVE('',#4036,#3988,#4044,.T.);
#4044 = LINE('',#4045,#4046);
#4045 = CARTESIAN_POINT('',(0.1,-2.09,0.2));
#4046 = VECTOR('',#4047,1.);
#4047 = DIRECTION('',(-1.110223024625E-16,-1.,0.));
#4048 = FACE_BOUND('',#4049,.F.);
#4049 = EDGE_LOOP('',(#4050,#4060,#4068,#4076,#4084,#4092,#4100,#4108));
#4050 = ORIENTED_EDGE('',*,*,#4051,.F.);
#4051 = EDGE_CURVE('',#4052,#4054,#4056,.T.);
#4052 = VERTEX_POINT('',#4053);
#4053 = CARTESIAN_POINT('',(-0.1,-0.45,0.2));
#4054 = VERTEX_POINT('',#4055);
#4055 = CARTESIAN_POINT('',(0.1,-0.45,0.2));
#4056 = LINE('',#4057,#4058);
#4057 = CARTESIAN_POINT('',(-0.1,-0.45,0.2));
#4058 = VECTOR('',#4059,1.);
#4059 = DIRECTION('',(1.,-1.110223024625E-16,0.));
#4060 = ORIENTED_EDGE('',*,*,#4061,.T.);
#4061 = EDGE_CURVE('',#4052,#4062,#4064,.T.);
#4062 = VERTEX_POINT('',#4063);
#4063 = CARTESIAN_POINT('',(-0.1,-0.3,0.2));
#4064 = LINE('',#4065,#4066);
#4065 = CARTESIAN_POINT('',(-0.1,-0.45,0.2));
#4066 = VECTOR('',#4067,1.);
#4067 = DIRECTION('',(1.110223024625E-16,1.,0.));
#4068 = ORIENTED_EDGE('',*,*,#4069,.F.);
#4069 = EDGE_CURVE('',#4070,#4062,#4072,.T.);
#4070 = VERTEX_POINT('',#4071);
#4071 = CARTESIAN_POINT('',(-0.1,0.3,0.2));
#4072 = LINE('',#4073,#4074);
#4073 = CARTESIAN_POINT('',(-0.1,-0.635,0.2));
#4074 = VECTOR('',#4075,1.);
#4075 = DIRECTION('',(-1.110223024625E-16,-1.,0.));
#4076 = ORIENTED_EDGE('',*,*,#4077,.T.);
#4077 = EDGE_CURVE('',#4070,#4078,#4080,.T.);
#4078 = VERTEX_POINT('',#4079);
#4079 = CARTESIAN_POINT('',(-0.1,0.45,0.2));
#4080 = LINE('',#4081,#4082);
#4081 = CARTESIAN_POINT('',(-0.1,-0.45,0.2));
#4082 = VECTOR('',#4083,1.);
#4083 = DIRECTION('',(1.110223024625E-16,1.,0.));
#4084 = ORIENTED_EDGE('',*,*,#4085,.T.);
#4085 = EDGE_CURVE('',#4078,#4086,#4088,.T.);
#4086 = VERTEX_POINT('',#4087);
#4087 = CARTESIAN_POINT('',(0.1,0.45,0.2));
#4088 = LINE('',#4089,#4090);
#4089 = CARTESIAN_POINT('',(-0.1,0.45,0.2));
#4090 = VECTOR('',#4091,1.);
#4091 = DIRECTION('',(1.,-1.110223024625E-16,0.));
#4092 = ORIENTED_EDGE('',*,*,#4093,.T.);
#4093 = EDGE_CURVE('',#4086,#4094,#4096,.T.);
#4094 = VERTEX_POINT('',#4095);
#4095 = CARTESIAN_POINT('',(0.1,0.3,0.2));
#4096 = LINE('',#4097,#4098);
#4097 = CARTESIAN_POINT('',(0.1,0.45,0.2));
#4098 = VECTOR('',#4099,1.);
#4099 = DIRECTION('',(-1.110223024625E-16,-1.,0.));
#4100 = ORIENTED_EDGE('',*,*,#4101,.T.);
#4101 = EDGE_CURVE('',#4094,#4102,#4104,.T.);
#4102 = VERTEX_POINT('',#4103);
#4103 = CARTESIAN_POINT('',(0.1,-0.3,0.2));
#4104 = LINE('',#4105,#4106);
#4105 = CARTESIAN_POINT('',(0.1,-0.635,0.2));
#4106 = VECTOR('',#4107,1.);
#4107 = DIRECTION('',(-1.110223024625E-16,-1.,0.));
#4108 = ORIENTED_EDGE('',*,*,#4109,.T.);
#4109 = EDGE_CURVE('',#4102,#4054,#4110,.T.);
#4110 = LINE('',#4111,#4112);
#4111 = CARTESIAN_POINT('',(0.1,0.45,0.2));
#4112 = VECTOR('',#4113,1.);
#4113 = DIRECTION('',(-1.110223024625E-16,-1.,0.));
#4114 = PLANE('',#4115);
#4115 = AXIS2_PLACEMENT_3D('',#4116,#4117,#4118);
#4116 = CARTESIAN_POINT('',(-1.132427485118E-16,-1.27,0.2));
#4117 = DIRECTION('',(0.,0.,1.));
#4118 = DIRECTION('',(1.110223024625E-16,1.,-0.));
#4119 = ADVANCED_FACE('',(#4120),#4126,.T.);
#4120 = FACE_BOUND('',#4121,.T.);
#4121 = EDGE_LOOP('',(#4122,#4123,#4124,#4125));
#4122 = ORIENTED_EDGE('',*,*,#3740,.T.);
#4123 = ORIENTED_EDGE('',*,*,#3974,.T.);
#4124 = ORIENTED_EDGE('',*,*,#3819,.F.);
#4125 = ORIENTED_EDGE('',*,*,#3836,.F.);
#4126 = PLANE('',#4127);
#4127 = AXIS2_PLACEMENT_3D('',#4128,#4129,#4130);
#4128 = CARTESIAN_POINT('',(0.846666666667,-3.81,0.));
#4129 = DIRECTION('',(-1.,1.110223024625E-16,0.));
#4130 = DIRECTION('',(1.110223024625E-16,1.,0.));
#4131 = ADVANCED_FACE('',(#4132),#4138,.F.);
#4132 = FACE_BOUND('',#4133,.F.);
#4133 = EDGE_LOOP('',(#4134,#4135,#4136,#4137));
#4134 = ORIENTED_EDGE('',*,*,#3787,.T.);
#4135 = ORIENTED_EDGE('',*,*,#3852,.T.);
#4136 = ORIENTED_EDGE('',*,*,#3717,.F.);
#4137 = ORIENTED_EDGE('',*,*,#3943,.F.);
#4138 = PLANE('',#4139);
#4139 = AXIS2_PLACEMENT_3D('',#4140,#4141,#4142);
#4140 = CARTESIAN_POINT('',(-1.27,1.27,0.));
#4141 = DIRECTION('',(1.,-1.110223024625E-16,0.));
#4142 = DIRECTION('',(-1.110223024625E-16,-1.,0.));
#4143 = ADVANCED_FACE('',(#4144),#4169,.T.);
#4144 = FACE_BOUND('',#4145,.T.);
#4145 = EDGE_LOOP('',(#4146,#4154,#4155,#4163));
#4146 = ORIENTED_EDGE('',*,*,#4147,.F.);
#4147 = EDGE_CURVE('',#3862,#4148,#4150,.T.);
#4148 = VERTEX_POINT('',#4149);
#4149 = CARTESIAN_POINT('',(0.3,-2.84,8.2));
#4150 = LINE('',#4151,#4152);
#4151 = CARTESIAN_POINT('',(0.3,-2.84,8.2));
#4152 = VECTOR('',#4153,1.);
#4153 = DIRECTION('',(-0.57735026919,0.57735026919,-0.57735026919));
#4154 = ORIENTED_EDGE('',*,*,#3861,.T.);
#4155 = ORIENTED_EDGE('',*,*,#4156,.T.);
#4156 = EDGE_CURVE('',#3864,#4157,#4159,.T.);
#4157 = VERTEX_POINT('',#4158);
#4158 = CARTESIAN_POINT('',(0.3,-2.24,8.2));
#4159 = LINE('',#4160,#4161);
#4160 = CARTESIAN_POINT('',(0.3,-2.24,8.2));
#4161 = VECTOR('',#4162,1.);
#4162 = DIRECTION('',(-0.57735026919,-0.57735026919,-0.57735026919));
#4163 = ORIENTED_EDGE('',*,*,#4164,.F.);
#4164 = EDGE_CURVE('',#4148,#4157,#4165,.T.);
#4165 = LINE('',#4166,#4167);
#4166 = CARTESIAN_POINT('',(0.3,-3.14,8.2));
#4167 = VECTOR('',#4168,1.);
#4168 = DIRECTION('',(1.110223024625E-16,1.,0.));
#4169 = PLANE('',#4170);
#4170 = AXIS2_PLACEMENT_3D('',#4171,#4172,#4173);
#4171 = CARTESIAN_POINT('',(0.45,-3.14,8.35));
#4172 = DIRECTION('',(-0.707106781187,7.850462293414E-17,0.707106781187)
  );
#4173 = DIRECTION('',(1.110223024625E-16,1.,2.680278185005E-29));
#4174 = ADVANCED_FACE('',(#4175),#4193,.T.);
#4175 = FACE_BOUND('',#4176,.T.);
#4176 = EDGE_LOOP('',(#4177,#4178,#4179,#4187));
#4177 = ORIENTED_EDGE('',*,*,#4156,.F.);
#4178 = ORIENTED_EDGE('',*,*,#3887,.T.);
#4179 = ORIENTED_EDGE('',*,*,#4180,.T.);
#4180 = EDGE_CURVE('',#3880,#4181,#4183,.T.);
#4181 = VERTEX_POINT('',#4182);
#4182 = CARTESIAN_POINT('',(-0.3,-2.24,8.2));
#4183 = LINE('',#4184,#4185);
#4184 = CARTESIAN_POINT('',(-0.3,-2.24,8.2));
#4185 = VECTOR('',#4186,1.);
#4186 = DIRECTION('',(0.57735026919,-0.57735026919,-0.57735026919));
#4187 = ORIENTED_EDGE('',*,*,#4188,.F.);
#4188 = EDGE_CURVE('',#4157,#4181,#4189,.T.);
#4189 = LINE('',#4190,#4191);
#4190 = CARTESIAN_POINT('',(0.6,-2.24,8.2));
#4191 = VECTOR('',#4192,1.);
#4192 = DIRECTION('',(-1.,1.110223024625E-16,0.));
#4193 = PLANE('',#4194);
#4194 = AXIS2_PLACEMENT_3D('',#4195,#4196,#4197);
#4195 = CARTESIAN_POINT('',(0.6,-2.09,8.35));
#4196 = DIRECTION('',(-7.850462293414E-17,-0.707106781187,0.707106781187
    ));
#4197 = DIRECTION('',(-1.,1.110223024625E-16,2.680278185005E-29));
#4198 = ADVANCED_FACE('',(#4199),#4217,.T.);
#4199 = FACE_BOUND('',#4200,.T.);
#4200 = EDGE_LOOP('',(#4201,#4202,#4203,#4211));
#4201 = ORIENTED_EDGE('',*,*,#4180,.F.);
#4202 = ORIENTED_EDGE('',*,*,#3879,.T.);
#4203 = ORIENTED_EDGE('',*,*,#4204,.T.);
#4204 = EDGE_CURVE('',#3872,#4205,#4207,.T.);
#4205 = VERTEX_POINT('',#4206);
#4206 = CARTESIAN_POINT('',(-0.3,-2.84,8.2));
#4207 = LINE('',#4208,#4209);
#4208 = CARTESIAN_POINT('',(-0.3,-2.84,8.2));
#4209 = VECTOR('',#4210,1.);
#4210 = DIRECTION('',(0.57735026919,0.57735026919,-0.57735026919));
#4211 = ORIENTED_EDGE('',*,*,#4212,.F.);
#4212 = EDGE_CURVE('',#4181,#4205,#4213,.T.);
#4213 = LINE('',#4214,#4215);
#4214 = CARTESIAN_POINT('',(-0.3,-1.94,8.2));
#4215 = VECTOR('',#4216,1.);
#4216 = DIRECTION('',(-1.110223024625E-16,-1.,0.));
#4217 = PLANE('',#4218);
#4218 = AXIS2_PLACEMENT_3D('',#4219,#4220,#4221);
#4219 = CARTESIAN_POINT('',(-0.45,-1.94,8.35));
#4220 = DIRECTION('',(0.707106781187,-7.850462293414E-17,0.707106781187)
  );
#4221 = DIRECTION('',(-1.110223024625E-16,-1.,2.680278185005E-29));
#4222 = ADVANCED_FACE('',(#4223),#4234,.T.);
#4223 = FACE_BOUND('',#4224,.T.);
#4224 = EDGE_LOOP('',(#4225,#4226,#4227,#4228));
#4225 = ORIENTED_EDGE('',*,*,#4204,.F.);
#4226 = ORIENTED_EDGE('',*,*,#3871,.T.);
#4227 = ORIENTED_EDGE('',*,*,#4147,.T.);
#4228 = ORIENTED_EDGE('',*,*,#4229,.F.);
#4229 = EDGE_CURVE('',#4205,#4148,#4230,.T.);
#4230 = LINE('',#4231,#4232);
#4231 = CARTESIAN_POINT('',(-0.6,-2.84,8.2));
#4232 = VECTOR('',#4233,1.);
#4233 = DIRECTION('',(1.,-1.110223024625E-16,0.));
#4234 = PLANE('',#4235);
#4235 = AXIS2_PLACEMENT_3D('',#4236,#4237,#4238);
#4236 = CARTESIAN_POINT('',(-0.6,-2.99,8.35));
#4237 = DIRECTION('',(7.850462293414E-17,0.707106781187,0.707106781187)
  );
#4238 = DIRECTION('',(1.,-1.110223024625E-16,2.680278185005E-29));
#4239 = ADVANCED_FACE('',(#4240),#4265,.T.);
#4240 = FACE_BOUND('',#4241,.T.);
#4241 = EDGE_LOOP('',(#4242,#4250,#4251,#4259));
#4242 = ORIENTED_EDGE('',*,*,#4243,.F.);
#4243 = EDGE_CURVE('',#3896,#4244,#4246,.T.);
#4244 = VERTEX_POINT('',#4245);
#4245 = CARTESIAN_POINT('',(0.3,-0.3,8.2));
#4246 = LINE('',#4247,#4248);
#4247 = CARTESIAN_POINT('',(0.3,-0.3,8.2));
#4248 = VECTOR('',#4249,1.);
#4249 = DIRECTION('',(-0.57735026919,0.57735026919,-0.57735026919));
#4250 = ORIENTED_EDGE('',*,*,#3895,.T.);
#4251 = ORIENTED_EDGE('',*,*,#4252,.T.);
#4252 = EDGE_CURVE('',#3898,#4253,#4255,.T.);
#4253 = VERTEX_POINT('',#4254);
#4254 = CARTESIAN_POINT('',(0.3,0.3,8.2));
#4255 = LINE('',#4256,#4257);
#4256 = CARTESIAN_POINT('',(0.3,0.3,8.2));
#4257 = VECTOR('',#4258,1.);
#4258 = DIRECTION('',(-0.57735026919,-0.57735026919,-0.57735026919));
#4259 = ORIENTED_EDGE('',*,*,#4260,.F.);
#4260 = EDGE_CURVE('',#4244,#4253,#4261,.T.);
#4261 = LINE('',#4262,#4263);
#4262 = CARTESIAN_POINT('',(0.3,-0.6,8.2));
#4263 = VECTOR('',#4264,1.);
#4264 = DIRECTION('',(1.110223024625E-16,1.,0.));
#4265 = PLANE('',#4266);
#4266 = AXIS2_PLACEMENT_3D('',#4267,#4268,#4269);
#4267 = CARTESIAN_POINT('',(0.45,-0.6,8.35));
#4268 = DIRECTION('',(-0.707106781187,7.850462293414E-17,0.707106781187)
  );
#4269 = DIRECTION('',(1.110223024625E-16,1.,2.680278185005E-29));
#4270 = ADVANCED_FACE('',(#4271),#4289,.T.);
#4271 = FACE_BOUND('',#4272,.T.);
#4272 = EDGE_LOOP('',(#4273,#4274,#4275,#4283));
#4273 = ORIENTED_EDGE('',*,*,#4252,.F.);
#4274 = ORIENTED_EDGE('',*,*,#3921,.T.);
#4275 = ORIENTED_EDGE('',*,*,#4276,.T.);
#4276 = EDGE_CURVE('',#3914,#4277,#4279,.T.);
#4277 = VERTEX_POINT('',#4278);
#4278 = CARTESIAN_POINT('',(-0.3,0.3,8.2));
#4279 = LINE('',#4280,#4281);
#4280 = CARTESIAN_POINT('',(-0.3,0.3,8.2));
#4281 = VECTOR('',#4282,1.);
#4282 = DIRECTION('',(0.57735026919,-0.57735026919,-0.57735026919));
#4283 = ORIENTED_EDGE('',*,*,#4284,.F.);
#4284 = EDGE_CURVE('',#4253,#4277,#4285,.T.);
#4285 = LINE('',#4286,#4287);
#4286 = CARTESIAN_POINT('',(0.6,0.3,8.2));
#4287 = VECTOR('',#4288,1.);
#4288 = DIRECTION('',(-1.,1.110223024625E-16,0.));
#4289 = PLANE('',#4290);
#4290 = AXIS2_PLACEMENT_3D('',#4291,#4292,#4293);
#4291 = CARTESIAN_POINT('',(0.6,0.45,8.35));
#4292 = DIRECTION('',(-7.850462293414E-17,-0.707106781187,0.707106781187
    ));
#4293 = DIRECTION('',(-1.,1.110223024625E-16,2.680278185005E-29));
#4294 = ADVANCED_FACE('',(#4295),#4313,.T.);
#4295 = FACE_BOUND('',#4296,.T.);
#4296 = EDGE_LOOP('',(#4297,#4298,#4299,#4307));
#4297 = ORIENTED_EDGE('',*,*,#4276,.F.);
#4298 = ORIENTED_EDGE('',*,*,#3913,.T.);
#4299 = ORIENTED_EDGE('',*,*,#4300,.T.);
#4300 = EDGE_CURVE('',#3906,#4301,#4303,.T.);
#4301 = VERTEX_POINT('',#4302);
#4302 = CARTESIAN_POINT('',(-0.3,-0.3,8.2));
#4303 = LINE('',#4304,#4305);
#4304 = CARTESIAN_POINT('',(-0.3,-0.3,8.2));
#4305 = VECTOR('',#4306,1.);
#4306 = DIRECTION('',(0.57735026919,0.57735026919,-0.57735026919));
#4307 = ORIENTED_EDGE('',*,*,#4308,.F.);
#4308 = EDGE_CURVE('',#4277,#4301,#4309,.T.);
#4309 = LINE('',#4310,#4311);
#4310 = CARTESIAN_POINT('',(-0.3,0.6,8.2));
#4311 = VECTOR('',#4312,1.);
#4312 = DIRECTION('',(-1.110223024625E-16,-1.,0.));
#4313 = PLANE('',#4314);
#4314 = AXIS2_PLACEMENT_3D('',#4315,#4316,#4317);
#4315 = CARTESIAN_POINT('',(-0.45,0.6,8.35));
#4316 = DIRECTION('',(0.707106781187,-7.850462293414E-17,0.707106781187)
  );
#4317 = DIRECTION('',(-1.110223024625E-16,-1.,2.680278185005E-29));
#4318 = ADVANCED_FACE('',(#4319),#4330,.T.);
#4319 = FACE_BOUND('',#4320,.T.);
#4320 = EDGE_LOOP('',(#4321,#4322,#4323,#4324));
#4321 = ORIENTED_EDGE('',*,*,#4300,.F.);
#4322 = ORIENTED_EDGE('',*,*,#3905,.T.);
#4323 = ORIENTED_EDGE('',*,*,#4243,.T.);
#4324 = ORIENTED_EDGE('',*,*,#4325,.F.);
#4325 = EDGE_CURVE('',#4301,#4244,#4326,.T.);
#4326 = LINE('',#4327,#4328);
#4327 = CARTESIAN_POINT('',(-0.6,-0.3,8.2));
#4328 = VECTOR('',#4329,1.);
#4329 = DIRECTION('',(1.,-1.110223024625E-16,0.));
#4330 = PLANE('',#4331);
#4331 = AXIS2_PLACEMENT_3D('',#4332,#4333,#4334);
#4332 = CARTESIAN_POINT('',(-0.6,-0.45,8.35));
#4333 = DIRECTION('',(7.850462293414E-17,0.707106781187,0.707106781187)
  );
#4334 = DIRECTION('',(1.,-1.110223024625E-16,2.680278185005E-29));
#4335 = ADVANCED_FACE('',(#4336),#4347,.T.);
#4336 = FACE_BOUND('',#4337,.T.);
#4337 = EDGE_LOOP('',(#4338,#4339,#4340,#4346));
#4338 = ORIENTED_EDGE('',*,*,#3985,.F.);
#4339 = ORIENTED_EDGE('',*,*,#3995,.T.);
#4340 = ORIENTED_EDGE('',*,*,#4341,.T.);
#4341 = EDGE_CURVE('',#3996,#4036,#4342,.T.);
#4342 = LINE('',#4343,#4344);
#4343 = CARTESIAN_POINT('',(-0.1,-2.84,0.2));
#4344 = VECTOR('',#4345,1.);
#4345 = DIRECTION('',(1.,-1.110223024625E-16,0.));
#4346 = ORIENTED_EDGE('',*,*,#4043,.T.);
#4347 = PLANE('',#4348);
#4348 = AXIS2_PLACEMENT_3D('',#4349,#4350,#4351);
#4349 = CARTESIAN_POINT('',(-0.1,-2.84,0.2));
#4350 = DIRECTION('',(0.,-0.,-1.));
#4351 = DIRECTION('',(-1.110223024625E-16,-1.,0.));
#4352 = ADVANCED_FACE('',(#4353),#4394,.F.);
#4353 = FACE_BOUND('',#4354,.F.);
#4354 = EDGE_LOOP('',(#4355,#4363,#4364,#4372,#4380,#4388));
#4355 = ORIENTED_EDGE('',*,*,#4356,.T.);
#4356 = EDGE_CURVE('',#4357,#4036,#4359,.T.);
#4357 = VERTEX_POINT('',#4358);
#4358 = CARTESIAN_POINT('',(0.1,-2.84,-2.5));
#4359 = LINE('',#4360,#4361);
#4360 = CARTESIAN_POINT('',(0.1,-2.84,-2.5));
#4361 = VECTOR('',#4362,1.);
#4362 = DIRECTION('',(0.,0.,1.));
#4363 = ORIENTED_EDGE('',*,*,#4035,.F.);
#4364 = ORIENTED_EDGE('',*,*,#4365,.T.);
#4365 = EDGE_CURVE('',#4028,#4366,#4368,.T.);
#4366 = VERTEX_POINT('',#4367);
#4367 = CARTESIAN_POINT('',(0.1,-2.24,-2.5));
#4368 = LINE('',#4369,#4370);
#4369 = CARTESIAN_POINT('',(0.1,-2.24,0.2));
#4370 = VECTOR('',#4371,1.);
#4371 = DIRECTION('',(0.,0.,-1.));
#4372 = ORIENTED_EDGE('',*,*,#4373,.T.);
#4373 = EDGE_CURVE('',#4366,#4374,#4376,.T.);
#4374 = VERTEX_POINT('',#4375);
#4375 = CARTESIAN_POINT('',(0.1,-2.39,-3.1));
#4376 = LINE('',#4377,#4378);
#4377 = CARTESIAN_POINT('',(0.1,-2.24,-2.5));
#4378 = VECTOR('',#4379,1.);
#4379 = DIRECTION('',(-2.692686352073E-17,-0.242535625036,
    -0.970142500145));
#4380 = ORIENTED_EDGE('',*,*,#4381,.T.);
#4381 = EDGE_CURVE('',#4374,#4382,#4384,.T.);
#4382 = VERTEX_POINT('',#4383);
#4383 = CARTESIAN_POINT('',(0.1,-2.69,-3.1));
#4384 = LINE('',#4385,#4386);
#4385 = CARTESIAN_POINT('',(0.1,-2.39,-3.1));
#4386 = VECTOR('',#4387,1.);
#4387 = DIRECTION('',(-1.110223024625E-16,-1.,0.));
#4388 = ORIENTED_EDGE('',*,*,#4389,.T.);
#4389 = EDGE_CURVE('',#4382,#4357,#4390,.T.);
#4390 = LINE('',#4391,#4392);
#4391 = CARTESIAN_POINT('',(0.1,-2.69,-3.1));
#4392 = VECTOR('',#4393,1.);
#4393 = DIRECTION('',(-2.692686352073E-17,-0.242535625036,0.970142500145
    ));
#4394 = PLANE('',#4395);
#4395 = AXIS2_PLACEMENT_3D('',#4396,#4397,#4398);
#4396 = CARTESIAN_POINT('',(0.1,-2.54,3.911477598424));
#4397 = DIRECTION('',(-1.,1.110223024625E-16,0.));
#4398 = DIRECTION('',(0.,0.,1.));
#4399 = ADVANCED_FACE('',(#4400),#4411,.T.);
#4400 = FACE_BOUND('',#4401,.T.);
#4401 = EDGE_LOOP('',(#4402,#4408,#4409,#4410));
#4402 = ORIENTED_EDGE('',*,*,#4403,.F.);
#4403 = EDGE_CURVE('',#4004,#4028,#4404,.T.);
#4404 = LINE('',#4405,#4406);
#4405 = CARTESIAN_POINT('',(-0.1,-2.24,0.2));
#4406 = VECTOR('',#4407,1.);
#4407 = DIRECTION('',(1.,-1.110223024625E-16,0.));
#4408 = ORIENTED_EDGE('',*,*,#4011,.T.);
#4409 = ORIENTED_EDGE('',*,*,#4019,.T.);
#4410 = ORIENTED_EDGE('',*,*,#4027,.T.);
#4411 = PLANE('',#4412);
#4412 = AXIS2_PLACEMENT_3D('',#4413,#4414,#4415);
#4413 = CARTESIAN_POINT('',(-0.1,-2.84,0.2));
#4414 = DIRECTION('',(0.,-0.,-1.));
#4415 = DIRECTION('',(-1.110223024625E-16,-1.,0.));
#4416 = ADVANCED_FACE('',(#4417),#4458,.T.);
#4417 = FACE_BOUND('',#4418,.T.);
#4418 = EDGE_LOOP('',(#4419,#4427,#4428,#4436,#4444,#4452));
#4419 = ORIENTED_EDGE('',*,*,#4420,.T.);
#4420 = EDGE_CURVE('',#4421,#3996,#4423,.T.);
#4421 = VERTEX_POINT('',#4422);
#4422 = CARTESIAN_POINT('',(-0.1,-2.84,-2.5));
#4423 = LINE('',#4424,#4425);
#4424 = CARTESIAN_POINT('',(-0.1,-2.84,-2.5));
#4425 = VECTOR('',#4426,1.);
#4426 = DIRECTION('',(0.,0.,1.));
#4427 = ORIENTED_EDGE('',*,*,#4003,.F.);
#4428 = ORIENTED_EDGE('',*,*,#4429,.T.);
#4429 = EDGE_CURVE('',#4004,#4430,#4432,.T.);
#4430 = VERTEX_POINT('',#4431);
#4431 = CARTESIAN_POINT('',(-0.1,-2.24,-2.5));
#4432 = LINE('',#4433,#4434);
#4433 = CARTESIAN_POINT('',(-0.1,-2.24,0.2));
#4434 = VECTOR('',#4435,1.);
#4435 = DIRECTION('',(0.,0.,-1.));
#4436 = ORIENTED_EDGE('',*,*,#4437,.T.);
#4437 = EDGE_CURVE('',#4430,#4438,#4440,.T.);
#4438 = VERTEX_POINT('',#4439);
#4439 = CARTESIAN_POINT('',(-0.1,-2.39,-3.1));
#4440 = LINE('',#4441,#4442);
#4441 = CARTESIAN_POINT('',(-0.1,-2.24,-2.5));
#4442 = VECTOR('',#4443,1.);
#4443 = DIRECTION('',(-2.692686352073E-17,-0.242535625036,
    -0.970142500145));
#4444 = ORIENTED_EDGE('',*,*,#4445,.F.);
#4445 = EDGE_CURVE('',#4446,#4438,#4448,.T.);
#4446 = VERTEX_POINT('',#4447);
#4447 = CARTESIAN_POINT('',(-0.1,-2.69,-3.1));
#4448 = LINE('',#4449,#4450);
#4449 = CARTESIAN_POINT('',(-0.1,-2.69,-3.1));
#4450 = VECTOR('',#4451,1.);
#4451 = DIRECTION('',(1.110223024625E-16,1.,0.));
#4452 = ORIENTED_EDGE('',*,*,#4453,.T.);
#4453 = EDGE_CURVE('',#4446,#4421,#4454,.T.);
#4454 = LINE('',#4455,#4456);
#4455 = CARTESIAN_POINT('',(-0.1,-2.69,-3.1));
#4456 = VECTOR('',#4457,1.);
#4457 = DIRECTION('',(-2.692686352073E-17,-0.242535625036,0.970142500145
    ));
#4458 = PLANE('',#4459);
#4459 = AXIS2_PLACEMENT_3D('',#4460,#4461,#4462);
#4460 = CARTESIAN_POINT('',(-0.1,-2.54,3.911477598424));
#4461 = DIRECTION('',(-1.,1.110223024625E-16,0.));
#4462 = DIRECTION('',(0.,0.,1.));
#4463 = ADVANCED_FACE('',(#4464),#4475,.T.);
#4464 = FACE_BOUND('',#4465,.T.);
#4465 = EDGE_LOOP('',(#4466,#4467,#4468,#4474));
#4466 = ORIENTED_EDGE('',*,*,#4051,.F.);
#4467 = ORIENTED_EDGE('',*,*,#4061,.T.);
#4468 = ORIENTED_EDGE('',*,*,#4469,.T.);
#4469 = EDGE_CURVE('',#4062,#4102,#4470,.T.);
#4470 = LINE('',#4471,#4472);
#4471 = CARTESIAN_POINT('',(-0.1,-0.3,0.2));
#4472 = VECTOR('',#4473,1.);
#4473 = DIRECTION('',(1.,-1.110223024625E-16,0.));
#4474 = ORIENTED_EDGE('',*,*,#4109,.T.);
#4475 = PLANE('',#4476);
#4476 = AXIS2_PLACEMENT_3D('',#4477,#4478,#4479);
#4477 = CARTESIAN_POINT('',(-0.1,-0.3,0.2));
#4478 = DIRECTION('',(0.,-0.,-1.));
#4479 = DIRECTION('',(-1.110223024625E-16,-1.,0.));
#4480 = ADVANCED_FACE('',(#4481),#4522,.F.);
#4481 = FACE_BOUND('',#4482,.F.);
#4482 = EDGE_LOOP('',(#4483,#4491,#4492,#4500,#4508,#4516));
#4483 = ORIENTED_EDGE('',*,*,#4484,.T.);
#4484 = EDGE_CURVE('',#4485,#4102,#4487,.T.);
#4485 = VERTEX_POINT('',#4486);
#4486 = CARTESIAN_POINT('',(0.1,-0.3,-2.5));
#4487 = LINE('',#4488,#4489);
#4488 = CARTESIAN_POINT('',(0.1,-0.3,-2.5));
#4489 = VECTOR('',#4490,1.);
#4490 = DIRECTION('',(0.,0.,1.));
#4491 = ORIENTED_EDGE('',*,*,#4101,.F.);
#4492 = ORIENTED_EDGE('',*,*,#4493,.T.);
#4493 = EDGE_CURVE('',#4094,#4494,#4496,.T.);
#4494 = VERTEX_POINT('',#4495);
#4495 = CARTESIAN_POINT('',(0.1,0.3,-2.5));
#4496 = LINE('',#4497,#4498);
#4497 = CARTESIAN_POINT('',(0.1,0.3,0.2));
#4498 = VECTOR('',#4499,1.);
#4499 = DIRECTION('',(0.,0.,-1.));
#4500 = ORIENTED_EDGE('',*,*,#4501,.T.);
#4501 = EDGE_CURVE('',#4494,#4502,#4504,.T.);
#4502 = VERTEX_POINT('',#4503);
#4503 = CARTESIAN_POINT('',(0.1,0.15,-3.1));
#4504 = LINE('',#4505,#4506);
#4505 = CARTESIAN_POINT('',(0.1,0.3,-2.5));
#4506 = VECTOR('',#4507,1.);
#4507 = DIRECTION('',(-2.692686352073E-17,-0.242535625036,
    -0.970142500145));
#4508 = ORIENTED_EDGE('',*,*,#4509,.T.);
#4509 = EDGE_CURVE('',#4502,#4510,#4512,.T.);
#4510 = VERTEX_POINT('',#4511);
#4511 = CARTESIAN_POINT('',(0.1,-0.15,-3.1));
#4512 = LINE('',#4513,#4514);
#4513 = CARTESIAN_POINT('',(0.1,0.15,-3.1));
#4514 = VECTOR('',#4515,1.);
#4515 = DIRECTION('',(-1.110223024625E-16,-1.,0.));
#4516 = ORIENTED_EDGE('',*,*,#4517,.T.);
#4517 = EDGE_CURVE('',#4510,#4485,#4518,.T.);
#4518 = LINE('',#4519,#4520);
#4519 = CARTESIAN_POINT('',(0.1,-0.15,-3.1));
#4520 = VECTOR('',#4521,1.);
#4521 = DIRECTION('',(-2.692686352073E-17,-0.242535625036,0.970142500145
    ));
#4522 = PLANE('',#4523);
#4523 = AXIS2_PLACEMENT_3D('',#4524,#4525,#4526);
#4524 = CARTESIAN_POINT('',(0.1,-1.110223024625E-17,3.911477598424));
#4525 = DIRECTION('',(-1.,1.110223024625E-16,0.));
#4526 = DIRECTION('',(0.,0.,1.));
#4527 = ADVANCED_FACE('',(#4528),#4539,.T.);
#4528 = FACE_BOUND('',#4529,.T.);
#4529 = EDGE_LOOP('',(#4530,#4536,#4537,#4538));
#4530 = ORIENTED_EDGE('',*,*,#4531,.F.);
#4531 = EDGE_CURVE('',#4070,#4094,#4532,.T.);
#4532 = LINE('',#4533,#4534);
#4533 = CARTESIAN_POINT('',(-0.1,0.3,0.2));
#4534 = VECTOR('',#4535,1.);
#4535 = DIRECTION('',(1.,-1.110223024625E-16,0.));
#4536 = ORIENTED_EDGE('',*,*,#4077,.T.);
#4537 = ORIENTED_EDGE('',*,*,#4085,.T.);
#4538 = ORIENTED_EDGE('',*,*,#4093,.T.);
#4539 = PLANE('',#4540);
#4540 = AXIS2_PLACEMENT_3D('',#4541,#4542,#4543);
#4541 = CARTESIAN_POINT('',(-0.1,-0.3,0.2));
#4542 = DIRECTION('',(0.,-0.,-1.));
#4543 = DIRECTION('',(-1.110223024625E-16,-1.,0.));
#4544 = ADVANCED_FACE('',(#4545),#4586,.T.);
#4545 = FACE_BOUND('',#4546,.T.);
#4546 = EDGE_LOOP('',(#4547,#4555,#4556,#4564,#4572,#4580));
#4547 = ORIENTED_EDGE('',*,*,#4548,.T.);
#4548 = EDGE_CURVE('',#4549,#4062,#4551,.T.);
#4549 = VERTEX_POINT('',#4550);
#4550 = CARTESIAN_POINT('',(-0.1,-0.3,-2.5));
#4551 = LINE('',#4552,#4553);
#4552 = CARTESIAN_POINT('',(-0.1,-0.3,-2.5));
#4553 = VECTOR('',#4554,1.);
#4554 = DIRECTION('',(0.,0.,1.));
#4555 = ORIENTED_EDGE('',*,*,#4069,.F.);
#4556 = ORIENTED_EDGE('',*,*,#4557,.T.);
#4557 = EDGE_CURVE('',#4070,#4558,#4560,.T.);
#4558 = VERTEX_POINT('',#4559);
#4559 = CARTESIAN_POINT('',(-0.1,0.3,-2.5));
#4560 = LINE('',#4561,#4562);
#4561 = CARTESIAN_POINT('',(-0.1,0.3,0.2));
#4562 = VECTOR('',#4563,1.);
#4563 = DIRECTION('',(0.,0.,-1.));
#4564 = ORIENTED_EDGE('',*,*,#4565,.T.);
#4565 = EDGE_CURVE('',#4558,#4566,#4568,.T.);
#4566 = VERTEX_POINT('',#4567);
#4567 = CARTESIAN_POINT('',(-0.1,0.15,-3.1));
#4568 = LINE('',#4569,#4570);
#4569 = CARTESIAN_POINT('',(-0.1,0.3,-2.5));
#4570 = VECTOR('',#4571,1.);
#4571 = DIRECTION('',(-2.692686352073E-17,-0.242535625036,
    -0.970142500145));
#4572 = ORIENTED_EDGE('',*,*,#4573,.F.);
#4573 = EDGE_CURVE('',#4574,#4566,#4576,.T.);
#4574 = VERTEX_POINT('',#4575);
#4575 = CARTESIAN_POINT('',(-0.1,-0.15,-3.1));
#4576 = LINE('',#4577,#4578);
#4577 = CARTESIAN_POINT('',(-0.1,-0.15,-3.1));
#4578 = VECTOR('',#4579,1.);
#4579 = DIRECTION('',(1.110223024625E-16,1.,0.));
#4580 = ORIENTED_EDGE('',*,*,#4581,.T.);
#4581 = EDGE_CURVE('',#4574,#4549,#4582,.T.);
#4582 = LINE('',#4583,#4584);
#4583 = CARTESIAN_POINT('',(-0.1,-0.15,-3.1));
#4584 = VECTOR('',#4585,1.);
#4585 = DIRECTION('',(-2.692686352073E-17,-0.242535625036,0.970142500145
    ));
#4586 = PLANE('',#4587);
#4587 = AXIS2_PLACEMENT_3D('',#4588,#4589,#4590);
#4588 = CARTESIAN_POINT('',(-0.1,1.110223024625E-17,3.911477598424));
#4589 = DIRECTION('',(-1.,1.110223024625E-16,0.));
#4590 = DIRECTION('',(0.,0.,1.));
#4591 = ADVANCED_FACE('',(#4592),#4617,.F.);
#4592 = FACE_BOUND('',#4593,.F.);
#4593 = EDGE_LOOP('',(#4594,#4602,#4610,#4616));
#4594 = ORIENTED_EDGE('',*,*,#4595,.T.);
#4595 = EDGE_CURVE('',#4148,#4596,#4598,.T.);
#4596 = VERTEX_POINT('',#4597);
#4597 = CARTESIAN_POINT('',(0.3,-2.84,0.9));
#4598 = LINE('',#4599,#4600);
#4599 = CARTESIAN_POINT('',(0.3,-2.84,8.2));
#4600 = VECTOR('',#4601,1.);
#4601 = DIRECTION('',(0.,-0.,-1.));
#4602 = ORIENTED_EDGE('',*,*,#4603,.T.);
#4603 = EDGE_CURVE('',#4596,#4604,#4606,.T.);
#4604 = VERTEX_POINT('',#4605);
#4605 = CARTESIAN_POINT('',(0.3,-2.24,0.9));
#4606 = LINE('',#4607,#4608);
#4607 = CARTESIAN_POINT('',(0.3,-2.84,0.9));
#4608 = VECTOR('',#4609,1.);
#4609 = DIRECTION('',(1.110223024625E-16,1.,0.));
#4610 = ORIENTED_EDGE('',*,*,#4611,.F.);
#4611 = EDGE_CURVE('',#4157,#4604,#4612,.T.);
#4612 = LINE('',#4613,#4614);
#4613 = CARTESIAN_POINT('',(0.3,-2.24,8.2));
#4614 = VECTOR('',#4615,1.);
#4615 = DIRECTION('',(0.,-0.,-1.));
#4616 = ORIENTED_EDGE('',*,*,#4164,.F.);
#4617 = PLANE('',#4618);
#4618 = AXIS2_PLACEMENT_3D('',#4619,#4620,#4621);
#4619 = CARTESIAN_POINT('',(0.3,-2.84,8.2));
#4620 = DIRECTION('',(1.,-1.110223024625E-16,0.));
#4621 = DIRECTION('',(1.110223024625E-16,1.,0.));
#4622 = ADVANCED_FACE('',(#4623),#4673,.F.);
#4623 = FACE_BOUND('',#4624,.F.);
#4624 = EDGE_LOOP('',(#4625,#4626,#4627,#4635,#4643,#4651,#4659,#4667));
#4625 = ORIENTED_EDGE('',*,*,#4188,.F.);
#4626 = ORIENTED_EDGE('',*,*,#4611,.T.);
#4627 = ORIENTED_EDGE('',*,*,#4628,.T.);
#4628 = EDGE_CURVE('',#4604,#4629,#4631,.T.);
#4629 = VERTEX_POINT('',#4630);
#4630 = CARTESIAN_POINT('',(0.1,-2.24,0.9));
#4631 = LINE('',#4632,#4633);
#4632 = CARTESIAN_POINT('',(0.3,-2.24,0.9));
#4633 = VECTOR('',#4634,1.);
#4634 = DIRECTION('',(-1.,1.110223024625E-16,0.));
#4635 = ORIENTED_EDGE('',*,*,#4636,.T.);
#4636 = EDGE_CURVE('',#4629,#4637,#4639,.T.);
#4637 = VERTEX_POINT('',#4638);
#4638 = CARTESIAN_POINT('',(0.1,-2.24,7.4));
#4639 = LINE('',#4640,#4641);
#4640 = CARTESIAN_POINT('',(0.1,-2.24,6.055738799212));
#4641 = VECTOR('',#4642,1.);
#4642 = DIRECTION('',(0.,-0.,1.));
#4643 = ORIENTED_EDGE('',*,*,#4644,.F.);
#4644 = EDGE_CURVE('',#4645,#4637,#4647,.T.);
#4645 = VERTEX_POINT('',#4646);
#4646 = CARTESIAN_POINT('',(-0.1,-2.24,7.4));
#4647 = LINE('',#4648,#4649);
#4648 = CARTESIAN_POINT('',(-0.1,-2.24,7.4));
#4649 = VECTOR('',#4650,1.);
#4650 = DIRECTION('',(1.,-1.110223024625E-16,0.));
#4651 = ORIENTED_EDGE('',*,*,#4652,.F.);
#4652 = EDGE_CURVE('',#4653,#4645,#4655,.T.);
#4653 = VERTEX_POINT('',#4654);
#4654 = CARTESIAN_POINT('',(-0.1,-2.24,0.9));
#4655 = LINE('',#4656,#4657);
#4656 = CARTESIAN_POINT('',(-0.1,-2.24,6.055738799212));
#4657 = VECTOR('',#4658,1.);
#4658 = DIRECTION('',(0.,-0.,1.));
#4659 = ORIENTED_EDGE('',*,*,#4660,.T.);
#4660 = EDGE_CURVE('',#4653,#4661,#4663,.T.);
#4661 = VERTEX_POINT('',#4662);
#4662 = CARTESIAN_POINT('',(-0.3,-2.24,0.9));
#4663 = LINE('',#4664,#4665);
#4664 = CARTESIAN_POINT('',(0.3,-2.24,0.9));
#4665 = VECTOR('',#4666,1.);
#4666 = DIRECTION('',(-1.,1.110223024625E-16,0.));
#4667 = ORIENTED_EDGE('',*,*,#4668,.F.);
#4668 = EDGE_CURVE('',#4181,#4661,#4669,.T.);
#4669 = LINE('',#4670,#4671);
#4670 = CARTESIAN_POINT('',(-0.3,-2.24,8.2));
#4671 = VECTOR('',#4672,1.);
#4672 = DIRECTION('',(0.,-0.,-1.));
#4673 = PLANE('',#4674);
#4674 = AXIS2_PLACEMENT_3D('',#4675,#4676,#4677);
#4675 = CARTESIAN_POINT('',(0.3,-2.24,8.2));
#4676 = DIRECTION('',(1.110223024625E-16,1.,0.));
#4677 = DIRECTION('',(-1.,1.110223024625E-16,0.));
#4678 = ADVANCED_FACE('',(#4679),#4697,.F.);
#4679 = FACE_BOUND('',#4680,.F.);
#4680 = EDGE_LOOP('',(#4681,#4682,#4690,#4696));
#4681 = ORIENTED_EDGE('',*,*,#4668,.T.);
#4682 = ORIENTED_EDGE('',*,*,#4683,.T.);
#4683 = EDGE_CURVE('',#4661,#4684,#4686,.T.);
#4684 = VERTEX_POINT('',#4685);
#4685 = CARTESIAN_POINT('',(-0.3,-2.84,0.9));
#4686 = LINE('',#4687,#4688);
#4687 = CARTESIAN_POINT('',(-0.3,-2.24,0.9));
#4688 = VECTOR('',#4689,1.);
#4689 = DIRECTION('',(-1.110223024625E-16,-1.,0.));
#4690 = ORIENTED_EDGE('',*,*,#4691,.F.);
#4691 = EDGE_CURVE('',#4205,#4684,#4692,.T.);
#4692 = LINE('',#4693,#4694);
#4693 = CARTESIAN_POINT('',(-0.3,-2.84,8.2));
#4694 = VECTOR('',#4695,1.);
#4695 = DIRECTION('',(0.,-0.,-1.));
#4696 = ORIENTED_EDGE('',*,*,#4212,.F.);
#4697 = PLANE('',#4698);
#4698 = AXIS2_PLACEMENT_3D('',#4699,#4700,#4701);
#4699 = CARTESIAN_POINT('',(-0.3,-2.24,8.2));
#4700 = DIRECTION('',(-1.,1.110223024625E-16,0.));
#4701 = DIRECTION('',(-1.110223024625E-16,-1.,0.));
#4702 = ADVANCED_FACE('',(#4703),#4746,.F.);
#4703 = FACE_BOUND('',#4704,.F.);
#4704 = EDGE_LOOP('',(#4705,#4706,#4707,#4715,#4723,#4731,#4739,#4745));
#4705 = ORIENTED_EDGE('',*,*,#4229,.F.);
#4706 = ORIENTED_EDGE('',*,*,#4691,.T.);
#4707 = ORIENTED_EDGE('',*,*,#4708,.T.);
#4708 = EDGE_CURVE('',#4684,#4709,#4711,.T.);
#4709 = VERTEX_POINT('',#4710);
#4710 = CARTESIAN_POINT('',(-0.1,-2.84,0.9));
#4711 = LINE('',#4712,#4713);
#4712 = CARTESIAN_POINT('',(-0.3,-2.84,0.9));
#4713 = VECTOR('',#4714,1.);
#4714 = DIRECTION('',(1.,-1.110223024625E-16,0.));
#4715 = ORIENTED_EDGE('',*,*,#4716,.F.);
#4716 = EDGE_CURVE('',#4717,#4709,#4719,.T.);
#4717 = VERTEX_POINT('',#4718);
#4718 = CARTESIAN_POINT('',(-0.1,-2.84,7.4));
#4719 = LINE('',#4720,#4721);
#4720 = CARTESIAN_POINT('',(-0.1,-2.84,6.055738799212));
#4721 = VECTOR('',#4722,1.);
#4722 = DIRECTION('',(-0.,0.,-1.));
#4723 = ORIENTED_EDGE('',*,*,#4724,.T.);
#4724 = EDGE_CURVE('',#4717,#4725,#4727,.T.);
#4725 = VERTEX_POINT('',#4726);
#4726 = CARTESIAN_POINT('',(0.1,-2.84,7.4));
#4727 = LINE('',#4728,#4729);
#4728 = CARTESIAN_POINT('',(-0.1,-2.84,7.4));
#4729 = VECTOR('',#4730,1.);
#4730 = DIRECTION('',(1.,-1.110223024625E-16,0.));
#4731 = ORIENTED_EDGE('',*,*,#4732,.T.);
#4732 = EDGE_CURVE('',#4725,#4733,#4735,.T.);
#4733 = VERTEX_POINT('',#4734);
#4734 = CARTESIAN_POINT('',(0.1,-2.84,0.9));
#4735 = LINE('',#4736,#4737);
#4736 = CARTESIAN_POINT('',(0.1,-2.84,6.055738799212));
#4737 = VECTOR('',#4738,1.);
#4738 = DIRECTION('',(-0.,0.,-1.));
#4739 = ORIENTED_EDGE('',*,*,#4740,.T.);
#4740 = EDGE_CURVE('',#4733,#4596,#4741,.T.);
#4741 = LINE('',#4742,#4743);
#4742 = CARTESIAN_POINT('',(-0.3,-2.84,0.9));
#4743 = VECTOR('',#4744,1.);
#4744 = DIRECTION('',(1.,-1.110223024625E-16,0.));
#4745 = ORIENTED_EDGE('',*,*,#4595,.F.);
#4746 = PLANE('',#4747);
#4747 = AXIS2_PLACEMENT_3D('',#4748,#4749,#4750);
#4748 = CARTESIAN_POINT('',(-0.3,-2.84,8.2));
#4749 = DIRECTION('',(-1.110223024625E-16,-1.,0.));
#4750 = DIRECTION('',(1.,-1.110223024625E-16,0.));
#4751 = ADVANCED_FACE('',(#4752),#4777,.F.);
#4752 = FACE_BOUND('',#4753,.F.);
#4753 = EDGE_LOOP('',(#4754,#4762,#4770,#4776));
#4754 = ORIENTED_EDGE('',*,*,#4755,.T.);
#4755 = EDGE_CURVE('',#4244,#4756,#4758,.T.);
#4756 = VERTEX_POINT('',#4757);
#4757 = CARTESIAN_POINT('',(0.3,-0.3,0.9));
#4758 = LINE('',#4759,#4760);
#4759 = CARTESIAN_POINT('',(0.3,-0.3,8.2));
#4760 = VECTOR('',#4761,1.);
#4761 = DIRECTION('',(0.,-0.,-1.));
#4762 = ORIENTED_EDGE('',*,*,#4763,.T.);
#4763 = EDGE_CURVE('',#4756,#4764,#4766,.T.);
#4764 = VERTEX_POINT('',#4765);
#4765 = CARTESIAN_POINT('',(0.3,0.3,0.9));
#4766 = LINE('',#4767,#4768);
#4767 = CARTESIAN_POINT('',(0.3,-0.3,0.9));
#4768 = VECTOR('',#4769,1.);
#4769 = DIRECTION('',(1.110223024625E-16,1.,0.));
#4770 = ORIENTED_EDGE('',*,*,#4771,.F.);
#4771 = EDGE_CURVE('',#4253,#4764,#4772,.T.);
#4772 = LINE('',#4773,#4774);
#4773 = CARTESIAN_POINT('',(0.3,0.3,8.2));
#4774 = VECTOR('',#4775,1.);
#4775 = DIRECTION('',(0.,-0.,-1.));
#4776 = ORIENTED_EDGE('',*,*,#4260,.F.);
#4777 = PLANE('',#4778);
#4778 = AXIS2_PLACEMENT_3D('',#4779,#4780,#4781);
#4779 = CARTESIAN_POINT('',(0.3,-0.3,8.2));
#4780 = DIRECTION('',(1.,-1.110223024625E-16,0.));
#4781 = DIRECTION('',(1.110223024625E-16,1.,0.));
#4782 = ADVANCED_FACE('',(#4783),#4833,.F.);
#4783 = FACE_BOUND('',#4784,.F.);
#4784 = EDGE_LOOP('',(#4785,#4786,#4787,#4795,#4803,#4811,#4819,#4827));
#4785 = ORIENTED_EDGE('',*,*,#4284,.F.);
#4786 = ORIENTED_EDGE('',*,*,#4771,.T.);
#4787 = ORIENTED_EDGE('',*,*,#4788,.T.);
#4788 = EDGE_CURVE('',#4764,#4789,#4791,.T.);
#4789 = VERTEX_POINT('',#4790);
#4790 = CARTESIAN_POINT('',(0.1,0.3,0.9));
#4791 = LINE('',#4792,#4793);
#4792 = CARTESIAN_POINT('',(0.3,0.3,0.9));
#4793 = VECTOR('',#4794,1.);
#4794 = DIRECTION('',(-1.,1.110223024625E-16,0.));
#4795 = ORIENTED_EDGE('',*,*,#4796,.T.);
#4796 = EDGE_CURVE('',#4789,#4797,#4799,.T.);
#4797 = VERTEX_POINT('',#4798);
#4798 = CARTESIAN_POINT('',(0.1,0.3,7.4));
#4799 = LINE('',#4800,#4801);
#4800 = CARTESIAN_POINT('',(0.1,0.3,6.055738799212));
#4801 = VECTOR('',#4802,1.);
#4802 = DIRECTION('',(0.,-0.,1.));
#4803 = ORIENTED_EDGE('',*,*,#4804,.F.);
#4804 = EDGE_CURVE('',#4805,#4797,#4807,.T.);
#4805 = VERTEX_POINT('',#4806);
#4806 = CARTESIAN_POINT('',(-0.1,0.3,7.4));
#4807 = LINE('',#4808,#4809);
#4808 = CARTESIAN_POINT('',(-0.1,0.3,7.4));
#4809 = VECTOR('',#4810,1.);
#4810 = DIRECTION('',(1.,-1.110223024625E-16,0.));
#4811 = ORIENTED_EDGE('',*,*,#4812,.F.);
#4812 = EDGE_CURVE('',#4813,#4805,#4815,.T.);
#4813 = VERTEX_POINT('',#4814);
#4814 = CARTESIAN_POINT('',(-0.1,0.3,0.9));
#4815 = LINE('',#4816,#4817);
#4816 = CARTESIAN_POINT('',(-0.1,0.3,6.055738799212));
#4817 = VECTOR('',#4818,1.);
#4818 = DIRECTION('',(0.,-0.,1.));
#4819 = ORIENTED_EDGE('',*,*,#4820,.T.);
#4820 = EDGE_CURVE('',#4813,#4821,#4823,.T.);
#4821 = VERTEX_POINT('',#4822);
#4822 = CARTESIAN_POINT('',(-0.3,0.3,0.9));
#4823 = LINE('',#4824,#4825);
#4824 = CARTESIAN_POINT('',(0.3,0.3,0.9));
#4825 = VECTOR('',#4826,1.);
#4826 = DIRECTION('',(-1.,1.110223024625E-16,0.));
#4827 = ORIENTED_EDGE('',*,*,#4828,.F.);
#4828 = EDGE_CURVE('',#4277,#4821,#4829,.T.);
#4829 = LINE('',#4830,#4831);
#4830 = CARTESIAN_POINT('',(-0.3,0.3,8.2));
#4831 = VECTOR('',#4832,1.);
#4832 = DIRECTION('',(0.,-0.,-1.));
#4833 = PLANE('',#4834);
#4834 = AXIS2_PLACEMENT_3D('',#4835,#4836,#4837);
#4835 = CARTESIAN_POINT('',(0.3,0.3,8.2));
#4836 = DIRECTION('',(1.110223024625E-16,1.,0.));
#4837 = DIRECTION('',(-1.,1.110223024625E-16,0.));
#4838 = ADVANCED_FACE('',(#4839),#4857,.F.);
#4839 = FACE_BOUND('',#4840,.F.);
#4840 = EDGE_LOOP('',(#4841,#4842,#4850,#4856));
#4841 = ORIENTED_EDGE('',*,*,#4828,.T.);
#4842 = ORIENTED_EDGE('',*,*,#4843,.T.);
#4843 = EDGE_CURVE('',#4821,#4844,#4846,.T.);
#4844 = VERTEX_POINT('',#4845);
#4845 = CARTESIAN_POINT('',(-0.3,-0.3,0.9));
#4846 = LINE('',#4847,#4848);
#4847 = CARTESIAN_POINT('',(-0.3,0.3,0.9));
#4848 = VECTOR('',#4849,1.);
#4849 = DIRECTION('',(-1.110223024625E-16,-1.,0.));
#4850 = ORIENTED_EDGE('',*,*,#4851,.F.);
#4851 = EDGE_CURVE('',#4301,#4844,#4852,.T.);
#4852 = LINE('',#4853,#4854);
#4853 = CARTESIAN_POINT('',(-0.3,-0.3,8.2));
#4854 = VECTOR('',#4855,1.);
#4855 = DIRECTION('',(0.,-0.,-1.));
#4856 = ORIENTED_EDGE('',*,*,#4308,.F.);
#4857 = PLANE('',#4858);
#4858 = AXIS2_PLACEMENT_3D('',#4859,#4860,#4861);
#4859 = CARTESIAN_POINT('',(-0.3,0.3,8.2));
#4860 = DIRECTION('',(-1.,1.110223024625E-16,0.));
#4861 = DIRECTION('',(-1.110223024625E-16,-1.,0.));
#4862 = ADVANCED_FACE('',(#4863),#4906,.F.);
#4863 = FACE_BOUND('',#4864,.F.);
#4864 = EDGE_LOOP('',(#4865,#4866,#4867,#4875,#4883,#4891,#4899,#4905));
#4865 = ORIENTED_EDGE('',*,*,#4325,.F.);
#4866 = ORIENTED_EDGE('',*,*,#4851,.T.);
#4867 = ORIENTED_EDGE('',*,*,#4868,.T.);
#4868 = EDGE_CURVE('',#4844,#4869,#4871,.T.);
#4869 = VERTEX_POINT('',#4870);
#4870 = CARTESIAN_POINT('',(-0.1,-0.3,0.9));
#4871 = LINE('',#4872,#4873);
#4872 = CARTESIAN_POINT('',(-0.3,-0.3,0.9));
#4873 = VECTOR('',#4874,1.);
#4874 = DIRECTION('',(1.,-1.110223024625E-16,0.));
#4875 = ORIENTED_EDGE('',*,*,#4876,.F.);
#4876 = EDGE_CURVE('',#4877,#4869,#4879,.T.);
#4877 = VERTEX_POINT('',#4878);
#4878 = CARTESIAN_POINT('',(-0.1,-0.3,7.4));
#4879 = LINE('',#4880,#4881);
#4880 = CARTESIAN_POINT('',(-0.1,-0.3,6.055738799212));
#4881 = VECTOR('',#4882,1.);
#4882 = DIRECTION('',(-0.,0.,-1.));
#4883 = ORIENTED_EDGE('',*,*,#4884,.T.);
#4884 = EDGE_CURVE('',#4877,#4885,#4887,.T.);
#4885 = VERTEX_POINT('',#4886);
#4886 = CARTESIAN_POINT('',(0.1,-0.3,7.4));
#4887 = LINE('',#4888,#4889);
#4888 = CARTESIAN_POINT('',(-0.1,-0.3,7.4));
#4889 = VECTOR('',#4890,1.);
#4890 = DIRECTION('',(1.,-1.110223024625E-16,0.));
#4891 = ORIENTED_EDGE('',*,*,#4892,.T.);
#4892 = EDGE_CURVE('',#4885,#4893,#4895,.T.);
#4893 = VERTEX_POINT('',#4894);
#4894 = CARTESIAN_POINT('',(0.1,-0.3,0.9));
#4895 = LINE('',#4896,#4897);
#4896 = CARTESIAN_POINT('',(0.1,-0.3,6.055738799212));
#4897 = VECTOR('',#4898,1.);
#4898 = DIRECTION('',(-0.,0.,-1.));
#4899 = ORIENTED_EDGE('',*,*,#4900,.T.);
#4900 = EDGE_CURVE('',#4893,#4756,#4901,.T.);
#4901 = LINE('',#4902,#4903);
#4902 = CARTESIAN_POINT('',(-0.3,-0.3,0.9));
#4903 = VECTOR('',#4904,1.);
#4904 = DIRECTION('',(1.,-1.110223024625E-16,0.));
#4905 = ORIENTED_EDGE('',*,*,#4755,.F.);
#4906 = PLANE('',#4907);
#4907 = AXIS2_PLACEMENT_3D('',#4908,#4909,#4910);
#4908 = CARTESIAN_POINT('',(-0.3,-0.3,8.2));
#4909 = DIRECTION('',(-1.110223024625E-16,-1.,0.));
#4910 = DIRECTION('',(1.,-1.110223024625E-16,0.));
#4911 = ADVANCED_FACE('',(#4912),#4923,.T.);
#4912 = FACE_BOUND('',#4913,.T.);
#4913 = EDGE_LOOP('',(#4914,#4920,#4921,#4922));
#4914 = ORIENTED_EDGE('',*,*,#4915,.T.);
#4915 = EDGE_CURVE('',#4421,#4357,#4916,.T.);
#4916 = LINE('',#4917,#4918);
#4917 = CARTESIAN_POINT('',(-0.1,-2.84,-2.5));
#4918 = VECTOR('',#4919,1.);
#4919 = DIRECTION('',(1.,-1.110223024625E-16,0.));
#4920 = ORIENTED_EDGE('',*,*,#4356,.T.);
#4921 = ORIENTED_EDGE('',*,*,#4341,.F.);
#4922 = ORIENTED_EDGE('',*,*,#4420,.F.);
#4923 = PLANE('',#4924);
#4924 = AXIS2_PLACEMENT_3D('',#4925,#4926,#4927);
#4925 = CARTESIAN_POINT('',(-0.1,-2.84,-2.5));
#4926 = DIRECTION('',(-1.110223024625E-16,-1.,0.));
#4927 = DIRECTION('',(0.,0.,1.));
#4928 = ADVANCED_FACE('',(#4929),#4940,.T.);
#4929 = FACE_BOUND('',#4930,.T.);
#4930 = EDGE_LOOP('',(#4931,#4937,#4938,#4939));
#4931 = ORIENTED_EDGE('',*,*,#4932,.T.);
#4932 = EDGE_CURVE('',#4446,#4382,#4933,.T.);
#4933 = LINE('',#4934,#4935);
#4934 = CARTESIAN_POINT('',(-0.1,-2.69,-3.1));
#4935 = VECTOR('',#4936,1.);
#4936 = DIRECTION('',(1.,-1.110223024625E-16,0.));
#4937 = ORIENTED_EDGE('',*,*,#4389,.T.);
#4938 = ORIENTED_EDGE('',*,*,#4915,.F.);
#4939 = ORIENTED_EDGE('',*,*,#4453,.F.);
#4940 = PLANE('',#4941);
#4941 = AXIS2_PLACEMENT_3D('',#4942,#4943,#4944);
#4942 = CARTESIAN_POINT('',(-0.1,-2.69,-3.1));
#4943 = DIRECTION('',(-1.077074540829E-16,-0.970142500145,
    -0.242535625036));
#4944 = DIRECTION('',(-2.692686352073E-17,-0.242535625036,0.970142500145
    ));
#4945 = ADVANCED_FACE('',(#4946),#4957,.T.);
#4946 = FACE_BOUND('',#4947,.T.);
#4947 = EDGE_LOOP('',(#4948,#4954,#4955,#4956));
#4948 = ORIENTED_EDGE('',*,*,#4949,.T.);
#4949 = EDGE_CURVE('',#4438,#4374,#4950,.T.);
#4950 = LINE('',#4951,#4952);
#4951 = CARTESIAN_POINT('',(-0.1,-2.39,-3.1));
#4952 = VECTOR('',#4953,1.);
#4953 = DIRECTION('',(1.,-1.110223024625E-16,0.));
#4954 = ORIENTED_EDGE('',*,*,#4381,.T.);
#4955 = ORIENTED_EDGE('',*,*,#4932,.F.);
#4956 = ORIENTED_EDGE('',*,*,#4445,.T.);
#4957 = PLANE('',#4958);
#4958 = AXIS2_PLACEMENT_3D('',#4959,#4960,#4961);
#4959 = CARTESIAN_POINT('',(-0.1,-2.39,-3.1));
#4960 = DIRECTION('',(0.,-0.,-1.));
#4961 = DIRECTION('',(-1.110223024625E-16,-1.,0.));
#4962 = ADVANCED_FACE('',(#4963),#4974,.T.);
#4963 = FACE_BOUND('',#4964,.T.);
#4964 = EDGE_LOOP('',(#4965,#4971,#4972,#4973));
#4965 = ORIENTED_EDGE('',*,*,#4966,.T.);
#4966 = EDGE_CURVE('',#4430,#4366,#4967,.T.);
#4967 = LINE('',#4968,#4969);
#4968 = CARTESIAN_POINT('',(-0.1,-2.24,-2.5));
#4969 = VECTOR('',#4970,1.);
#4970 = DIRECTION('',(1.,-1.110223024625E-16,0.));
#4971 = ORIENTED_EDGE('',*,*,#4373,.T.);
#4972 = ORIENTED_EDGE('',*,*,#4949,.F.);
#4973 = ORIENTED_EDGE('',*,*,#4437,.F.);
#4974 = PLANE('',#4975);
#4975 = AXIS2_PLACEMENT_3D('',#4976,#4977,#4978);
#4976 = CARTESIAN_POINT('',(-0.1,-2.24,-2.5));
#4977 = DIRECTION('',(1.077074540829E-16,0.970142500145,-0.242535625036)
  );
#4978 = DIRECTION('',(-2.692686352073E-17,-0.242535625036,
    -0.970142500145));
#4979 = ADVANCED_FACE('',(#4980),#4986,.T.);
#4980 = FACE_BOUND('',#4981,.T.);
#4981 = EDGE_LOOP('',(#4982,#4983,#4984,#4985));
#4982 = ORIENTED_EDGE('',*,*,#4403,.T.);
#4983 = ORIENTED_EDGE('',*,*,#4365,.T.);
#4984 = ORIENTED_EDGE('',*,*,#4966,.F.);
#4985 = ORIENTED_EDGE('',*,*,#4429,.F.);
#4986 = PLANE('',#4987);
#4987 = AXIS2_PLACEMENT_3D('',#4988,#4989,#4990);
#4988 = CARTESIAN_POINT('',(-0.1,-2.24,0.2));
#4989 = DIRECTION('',(1.110223024625E-16,1.,0.));
#4990 = DIRECTION('',(0.,0.,-1.));
#4991 = ADVANCED_FACE('',(#4992),#5003,.T.);
#4992 = FACE_BOUND('',#4993,.T.);
#4993 = EDGE_LOOP('',(#4994,#5000,#5001,#5002));
#4994 = ORIENTED_EDGE('',*,*,#4995,.T.);
#4995 = EDGE_CURVE('',#4549,#4485,#4996,.T.);
#4996 = LINE('',#4997,#4998);
#4997 = CARTESIAN_POINT('',(-0.1,-0.3,-2.5));
#4998 = VECTOR('',#4999,1.);
#4999 = DIRECTION('',(1.,-1.110223024625E-16,0.));
#5000 = ORIENTED_EDGE('',*,*,#4484,.T.);
#5001 = ORIENTED_EDGE('',*,*,#4469,.F.);
#5002 = ORIENTED_EDGE('',*,*,#4548,.F.);
#5003 = PLANE('',#5004);
#5004 = AXIS2_PLACEMENT_3D('',#5005,#5006,#5007);
#5005 = CARTESIAN_POINT('',(-0.1,-0.3,-2.5));
#5006 = DIRECTION('',(-1.110223024625E-16,-1.,0.));
#5007 = DIRECTION('',(0.,0.,1.));
#5008 = ADVANCED_FACE('',(#5009),#5020,.T.);
#5009 = FACE_BOUND('',#5010,.T.);
#5010 = EDGE_LOOP('',(#5011,#5017,#5018,#5019));
#5011 = ORIENTED_EDGE('',*,*,#5012,.T.);
#5012 = EDGE_CURVE('',#4574,#4510,#5013,.T.);
#5013 = LINE('',#5014,#5015);
#5014 = CARTESIAN_POINT('',(-0.1,-0.15,-3.1));
#5015 = VECTOR('',#5016,1.);
#5016 = DIRECTION('',(1.,-1.110223024625E-16,0.));
#5017 = ORIENTED_EDGE('',*,*,#4517,.T.);
#5018 = ORIENTED_EDGE('',*,*,#4995,.F.);
#5019 = ORIENTED_EDGE('',*,*,#4581,.F.);
#5020 = PLANE('',#5021);
#5021 = AXIS2_PLACEMENT_3D('',#5022,#5023,#5024);
#5022 = CARTESIAN_POINT('',(-0.1,-0.15,-3.1));
#5023 = DIRECTION('',(-1.077074540829E-16,-0.970142500145,
    -0.242535625036));
#5024 = DIRECTION('',(-2.692686352073E-17,-0.242535625036,0.970142500145
    ));
#5025 = ADVANCED_FACE('',(#5026),#5037,.T.);
#5026 = FACE_BOUND('',#5027,.T.);
#5027 = EDGE_LOOP('',(#5028,#5034,#5035,#5036));
#5028 = ORIENTED_EDGE('',*,*,#5029,.T.);
#5029 = EDGE_CURVE('',#4566,#4502,#5030,.T.);
#5030 = LINE('',#5031,#5032);
#5031 = CARTESIAN_POINT('',(-0.1,0.15,-3.1));
#5032 = VECTOR('',#5033,1.);
#5033 = DIRECTION('',(1.,-1.110223024625E-16,0.));
#5034 = ORIENTED_EDGE('',*,*,#4509,.T.);
#5035 = ORIENTED_EDGE('',*,*,#5012,.F.);
#5036 = ORIENTED_EDGE('',*,*,#4573,.T.);
#5037 = PLANE('',#5038);
#5038 = AXIS2_PLACEMENT_3D('',#5039,#5040,#5041);
#5039 = CARTESIAN_POINT('',(-0.1,0.15,-3.1));
#5040 = DIRECTION('',(0.,-0.,-1.));
#5041 = DIRECTION('',(-1.110223024625E-16,-1.,0.));
#5042 = ADVANCED_FACE('',(#5043),#5054,.T.);
#5043 = FACE_BOUND('',#5044,.T.);
#5044 = EDGE_LOOP('',(#5045,#5051,#5052,#5053));
#5045 = ORIENTED_EDGE('',*,*,#5046,.T.);
#5046 = EDGE_CURVE('',#4558,#4494,#5047,.T.);
#5047 = LINE('',#5048,#5049);
#5048 = CARTESIAN_POINT('',(-0.1,0.3,-2.5));
#5049 = VECTOR('',#5050,1.);
#5050 = DIRECTION('',(1.,-1.110223024625E-16,0.));
#5051 = ORIENTED_EDGE('',*,*,#4501,.T.);
#5052 = ORIENTED_EDGE('',*,*,#5029,.F.);
#5053 = ORIENTED_EDGE('',*,*,#4565,.F.);
#5054 = PLANE('',#5055);
#5055 = AXIS2_PLACEMENT_3D('',#5056,#5057,#5058);
#5056 = CARTESIAN_POINT('',(-0.1,0.3,-2.5));
#5057 = DIRECTION('',(1.077074540829E-16,0.970142500145,-0.242535625036)
  );
#5058 = DIRECTION('',(-2.692686352073E-17,-0.242535625036,
    -0.970142500145));
#5059 = ADVANCED_FACE('',(#5060),#5066,.T.);
#5060 = FACE_BOUND('',#5061,.T.);
#5061 = EDGE_LOOP('',(#5062,#5063,#5064,#5065));
#5062 = ORIENTED_EDGE('',*,*,#4531,.T.);
#5063 = ORIENTED_EDGE('',*,*,#4493,.T.);
#5064 = ORIENTED_EDGE('',*,*,#5046,.F.);
#5065 = ORIENTED_EDGE('',*,*,#4557,.F.);
#5066 = PLANE('',#5067);
#5067 = AXIS2_PLACEMENT_3D('',#5068,#5069,#5070);
#5068 = CARTESIAN_POINT('',(-0.1,0.3,0.2));
#5069 = DIRECTION('',(1.110223024625E-16,1.,0.));
#5070 = DIRECTION('',(0.,0.,-1.));
#5071 = ADVANCED_FACE('',(#5072),#5083,.T.);
#5072 = FACE_BOUND('',#5073,.T.);
#5073 = EDGE_LOOP('',(#5074,#5075,#5076,#5077));
#5074 = ORIENTED_EDGE('',*,*,#4740,.T.);
#5075 = ORIENTED_EDGE('',*,*,#4603,.T.);
#5076 = ORIENTED_EDGE('',*,*,#4628,.T.);
#5077 = ORIENTED_EDGE('',*,*,#5078,.T.);
#5078 = EDGE_CURVE('',#4629,#4733,#5079,.T.);
#5079 = LINE('',#5080,#5081);
#5080 = CARTESIAN_POINT('',(0.1,-2.54,0.9));
#5081 = VECTOR('',#5082,1.);
#5082 = DIRECTION('',(-1.110223024625E-16,-1.,0.));
#5083 = PLANE('',#5084);
#5084 = AXIS2_PLACEMENT_3D('',#5085,#5086,#5087);
#5085 = CARTESIAN_POINT('',(-3.641068927844E-16,-2.54,0.9));
#5086 = DIRECTION('',(0.,0.,1.));
#5087 = DIRECTION('',(1.110223024625E-16,1.,-0.));
#5088 = ADVANCED_FACE('',(#5089),#5100,.T.);
#5089 = FACE_BOUND('',#5090,.T.);
#5090 = EDGE_LOOP('',(#5091,#5092,#5098,#5099));
#5091 = ORIENTED_EDGE('',*,*,#4708,.T.);
#5092 = ORIENTED_EDGE('',*,*,#5093,.F.);
#5093 = EDGE_CURVE('',#4653,#4709,#5094,.T.);
#5094 = LINE('',#5095,#5096);
#5095 = CARTESIAN_POINT('',(-0.1,-2.54,0.9));
#5096 = VECTOR('',#5097,1.);
#5097 = DIRECTION('',(-1.110223024625E-16,-1.,0.));
#5098 = ORIENTED_EDGE('',*,*,#4660,.T.);
#5099 = ORIENTED_EDGE('',*,*,#4683,.T.);
#5100 = PLANE('',#5101);
#5101 = AXIS2_PLACEMENT_3D('',#5102,#5103,#5104);
#5102 = CARTESIAN_POINT('',(-3.641068927844E-16,-2.54,0.9));
#5103 = DIRECTION('',(0.,0.,1.));
#5104 = DIRECTION('',(1.110223024625E-16,1.,-0.));
#5105 = ADVANCED_FACE('',(#5106),#5149,.T.);
#5106 = FACE_BOUND('',#5107,.T.);
#5107 = EDGE_LOOP('',(#5108,#5109,#5117,#5125,#5133,#5141,#5147,#5148));
#5108 = ORIENTED_EDGE('',*,*,#4716,.F.);
#5109 = ORIENTED_EDGE('',*,*,#5110,.T.);
#5110 = EDGE_CURVE('',#4717,#5111,#5113,.T.);
#5111 = VERTEX_POINT('',#5112);
#5112 = CARTESIAN_POINT('',(-0.1,-2.79,7.35));
#5113 = LINE('',#5114,#5115);
#5114 = CARTESIAN_POINT('',(-0.1,-2.84,7.4));
#5115 = VECTOR('',#5116,1.);
#5116 = DIRECTION('',(7.850462293414E-17,0.707106781187,-0.707106781187)
  );
#5117 = ORIENTED_EDGE('',*,*,#5118,.T.);
#5118 = EDGE_CURVE('',#5111,#5119,#5121,.T.);
#5119 = VERTEX_POINT('',#5120);
#5120 = CARTESIAN_POINT('',(-0.1,-2.79,1.25));
#5121 = LINE('',#5122,#5123);
#5122 = CARTESIAN_POINT('',(-0.1,-2.79,7.35));
#5123 = VECTOR('',#5124,1.);
#5124 = DIRECTION('',(0.,0.,-1.));
#5125 = ORIENTED_EDGE('',*,*,#5126,.T.);
#5126 = EDGE_CURVE('',#5119,#5127,#5129,.T.);
#5127 = VERTEX_POINT('',#5128);
#5128 = CARTESIAN_POINT('',(-0.1,-2.29,1.25));
#5129 = LINE('',#5130,#5131);
#5130 = CARTESIAN_POINT('',(-0.1,-2.79,1.25));
#5131 = VECTOR('',#5132,1.);
#5132 = DIRECTION('',(1.110223024625E-16,1.,0.));
#5133 = ORIENTED_EDGE('',*,*,#5134,.T.);
#5134 = EDGE_CURVE('',#5127,#5135,#5137,.T.);
#5135 = VERTEX_POINT('',#5136);
#5136 = CARTESIAN_POINT('',(-0.1,-2.29,7.35));
#5137 = LINE('',#5138,#5139);
#5138 = CARTESIAN_POINT('',(-0.1,-2.29,1.25));
#5139 = VECTOR('',#5140,1.);
#5140 = DIRECTION('',(0.,0.,1.));
#5141 = ORIENTED_EDGE('',*,*,#5142,.T.);
#5142 = EDGE_CURVE('',#5135,#4645,#5143,.T.);
#5143 = LINE('',#5144,#5145);
#5144 = CARTESIAN_POINT('',(-0.1,-2.29,7.35));
#5145 = VECTOR('',#5146,1.);
#5146 = DIRECTION('',(7.850462293414E-17,0.707106781187,0.707106781187)
  );
#5147 = ORIENTED_EDGE('',*,*,#4652,.F.);
#5148 = ORIENTED_EDGE('',*,*,#5093,.T.);
#5149 = PLANE('',#5150);
#5150 = AXIS2_PLACEMENT_3D('',#5151,#5152,#5153);
#5151 = CARTESIAN_POINT('',(-0.1,-2.54,3.911477598424));
#5152 = DIRECTION('',(-1.,1.110223024625E-16,0.));
#5153 = DIRECTION('',(0.,0.,1.));
#5154 = ADVANCED_FACE('',(#5155),#5173,.T.);
#5155 = FACE_BOUND('',#5156,.T.);
#5156 = EDGE_LOOP('',(#5157,#5165,#5171,#5172));
#5157 = ORIENTED_EDGE('',*,*,#5158,.T.);
#5158 = EDGE_CURVE('',#5135,#5159,#5161,.T.);
#5159 = VERTEX_POINT('',#5160);
#5160 = CARTESIAN_POINT('',(0.1,-2.29,7.35));
#5161 = LINE('',#5162,#5163);
#5162 = CARTESIAN_POINT('',(-0.1,-2.29,7.35));
#5163 = VECTOR('',#5164,1.);
#5164 = DIRECTION('',(1.,-1.110223024625E-16,0.));
#5165 = ORIENTED_EDGE('',*,*,#5166,.T.);
#5166 = EDGE_CURVE('',#5159,#4637,#5167,.T.);
#5167 = LINE('',#5168,#5169);
#5168 = CARTESIAN_POINT('',(0.1,-2.29,7.35));
#5169 = VECTOR('',#5170,1.);
#5170 = DIRECTION('',(7.850462293414E-17,0.707106781187,0.707106781187)
  );
#5171 = ORIENTED_EDGE('',*,*,#4644,.F.);
#5172 = ORIENTED_EDGE('',*,*,#5142,.F.);
#5173 = PLANE('',#5174);
#5174 = AXIS2_PLACEMENT_3D('',#5175,#5176,#5177);
#5175 = CARTESIAN_POINT('',(-0.1,-2.29,7.35));
#5176 = DIRECTION('',(-7.850462293414E-17,-0.707106781187,0.707106781187
    ));
#5177 = DIRECTION('',(7.850462293414E-17,0.707106781187,0.707106781187)
  );
#5178 = ADVANCED_FACE('',(#5179),#5215,.F.);
#5179 = FACE_BOUND('',#5180,.F.);
#5180 = EDGE_LOOP('',(#5181,#5182,#5190,#5198,#5206,#5212,#5213,#5214));
#5181 = ORIENTED_EDGE('',*,*,#4732,.F.);
#5182 = ORIENTED_EDGE('',*,*,#5183,.T.);
#5183 = EDGE_CURVE('',#4725,#5184,#5186,.T.);
#5184 = VERTEX_POINT('',#5185);
#5185 = CARTESIAN_POINT('',(0.1,-2.79,7.35));
#5186 = LINE('',#5187,#5188);
#5187 = CARTESIAN_POINT('',(0.1,-2.84,7.4));
#5188 = VECTOR('',#5189,1.);
#5189 = DIRECTION('',(7.850462293414E-17,0.707106781187,-0.707106781187)
  );
#5190 = ORIENTED_EDGE('',*,*,#5191,.T.);
#5191 = EDGE_CURVE('',#5184,#5192,#5194,.T.);
#5192 = VERTEX_POINT('',#5193);
#5193 = CARTESIAN_POINT('',(0.1,-2.79,1.25));
#5194 = LINE('',#5195,#5196);
#5195 = CARTESIAN_POINT('',(0.1,-2.79,7.35));
#5196 = VECTOR('',#5197,1.);
#5197 = DIRECTION('',(0.,0.,-1.));
#5198 = ORIENTED_EDGE('',*,*,#5199,.T.);
#5199 = EDGE_CURVE('',#5192,#5200,#5202,.T.);
#5200 = VERTEX_POINT('',#5201);
#5201 = CARTESIAN_POINT('',(0.1,-2.29,1.25));
#5202 = LINE('',#5203,#5204);
#5203 = CARTESIAN_POINT('',(0.1,-2.79,1.25));
#5204 = VECTOR('',#5205,1.);
#5205 = DIRECTION('',(1.110223024625E-16,1.,0.));
#5206 = ORIENTED_EDGE('',*,*,#5207,.T.);
#5207 = EDGE_CURVE('',#5200,#5159,#5208,.T.);
#5208 = LINE('',#5209,#5210);
#5209 = CARTESIAN_POINT('',(0.1,-2.29,1.25));
#5210 = VECTOR('',#5211,1.);
#5211 = DIRECTION('',(0.,0.,1.));
#5212 = ORIENTED_EDGE('',*,*,#5166,.T.);
#5213 = ORIENTED_EDGE('',*,*,#4636,.F.);
#5214 = ORIENTED_EDGE('',*,*,#5078,.T.);
#5215 = PLANE('',#5216);
#5216 = AXIS2_PLACEMENT_3D('',#5217,#5218,#5219);
#5217 = CARTESIAN_POINT('',(0.1,-2.54,3.911477598424));
#5218 = DIRECTION('',(-1.,1.110223024625E-16,0.));
#5219 = DIRECTION('',(0.,0.,1.));
#5220 = ADVANCED_FACE('',(#5221),#5232,.T.);
#5221 = FACE_BOUND('',#5222,.T.);
#5222 = EDGE_LOOP('',(#5223,#5224,#5225,#5231));
#5223 = ORIENTED_EDGE('',*,*,#4724,.T.);
#5224 = ORIENTED_EDGE('',*,*,#5183,.T.);
#5225 = ORIENTED_EDGE('',*,*,#5226,.F.);
#5226 = EDGE_CURVE('',#5111,#5184,#5227,.T.);
#5227 = LINE('',#5228,#5229);
#5228 = CARTESIAN_POINT('',(-0.1,-2.79,7.35));
#5229 = VECTOR('',#5230,1.);
#5230 = DIRECTION('',(1.,-1.110223024625E-16,0.));
#5231 = ORIENTED_EDGE('',*,*,#5110,.F.);
#5232 = PLANE('',#5233);
#5233 = AXIS2_PLACEMENT_3D('',#5234,#5235,#5236);
#5234 = CARTESIAN_POINT('',(-0.1,-2.84,7.4));
#5235 = DIRECTION('',(7.850462293414E-17,0.707106781187,0.707106781187)
  );
#5236 = DIRECTION('',(7.850462293414E-17,0.707106781187,-0.707106781187)
  );
#5237 = ADVANCED_FACE('',(#5238),#5249,.T.);
#5238 = FACE_BOUND('',#5239,.T.);
#5239 = EDGE_LOOP('',(#5240,#5241,#5242,#5243));
#5240 = ORIENTED_EDGE('',*,*,#4900,.T.);
#5241 = ORIENTED_EDGE('',*,*,#4763,.T.);
#5242 = ORIENTED_EDGE('',*,*,#4788,.T.);
#5243 = ORIENTED_EDGE('',*,*,#5244,.T.);
#5244 = EDGE_CURVE('',#4789,#4893,#5245,.T.);
#5245 = LINE('',#5246,#5247);
#5246 = CARTESIAN_POINT('',(0.1,-1.110223024625E-17,0.9));
#5247 = VECTOR('',#5248,1.);
#5248 = DIRECTION('',(-1.110223024625E-16,-1.,0.));
#5249 = PLANE('',#5250);
#5250 = AXIS2_PLACEMENT_3D('',#5251,#5252,#5253);
#5251 = CARTESIAN_POINT('',(-8.211024452957E-17,9.116068403433E-33,0.9)
  );
#5252 = DIRECTION('',(0.,0.,1.));
#5253 = DIRECTION('',(1.110223024625E-16,1.,-0.));
#5254 = ADVANCED_FACE('',(#5255),#5266,.T.);
#5255 = FACE_BOUND('',#5256,.T.);
#5256 = EDGE_LOOP('',(#5257,#5258,#5264,#5265));
#5257 = ORIENTED_EDGE('',*,*,#4868,.T.);
#5258 = ORIENTED_EDGE('',*,*,#5259,.F.);
#5259 = EDGE_CURVE('',#4813,#4869,#5260,.T.);
#5260 = LINE('',#5261,#5262);
#5261 = CARTESIAN_POINT('',(-0.1,1.110223024625E-17,0.9));
#5262 = VECTOR('',#5263,1.);
#5263 = DIRECTION('',(-1.110223024625E-16,-1.,0.));
#5264 = ORIENTED_EDGE('',*,*,#4820,.T.);
#5265 = ORIENTED_EDGE('',*,*,#4843,.T.);
#5266 = PLANE('',#5267);
#5267 = AXIS2_PLACEMENT_3D('',#5268,#5269,#5270);
#5268 = CARTESIAN_POINT('',(-8.211024452957E-17,9.116068403433E-33,0.9)
  );
#5269 = DIRECTION('',(0.,0.,1.));
#5270 = DIRECTION('',(1.110223024625E-16,1.,-0.));
#5271 = ADVANCED_FACE('',(#5272),#5315,.T.);
#5272 = FACE_BOUND('',#5273,.T.);
#5273 = EDGE_LOOP('',(#5274,#5275,#5283,#5291,#5299,#5307,#5313,#5314));
#5274 = ORIENTED_EDGE('',*,*,#4876,.F.);
#5275 = ORIENTED_EDGE('',*,*,#5276,.T.);
#5276 = EDGE_CURVE('',#4877,#5277,#5279,.T.);
#5277 = VERTEX_POINT('',#5278);
#5278 = CARTESIAN_POINT('',(-0.1,-0.25,7.35));
#5279 = LINE('',#5280,#5281);
#5280 = CARTESIAN_POINT('',(-0.1,-0.3,7.4));
#5281 = VECTOR('',#5282,1.);
#5282 = DIRECTION('',(7.850462293414E-17,0.707106781187,-0.707106781187)
  );
#5283 = ORIENTED_EDGE('',*,*,#5284,.T.);
#5284 = EDGE_CURVE('',#5277,#5285,#5287,.T.);
#5285 = VERTEX_POINT('',#5286);
#5286 = CARTESIAN_POINT('',(-0.1,-0.25,1.25));
#5287 = LINE('',#5288,#5289);
#5288 = CARTESIAN_POINT('',(-0.1,-0.25,7.35));
#5289 = VECTOR('',#5290,1.);
#5290 = DIRECTION('',(0.,0.,-1.));
#5291 = ORIENTED_EDGE('',*,*,#5292,.T.);
#5292 = EDGE_CURVE('',#5285,#5293,#5295,.T.);
#5293 = VERTEX_POINT('',#5294);
#5294 = CARTESIAN_POINT('',(-0.1,0.25,1.25));
#5295 = LINE('',#5296,#5297);
#5296 = CARTESIAN_POINT('',(-0.1,-0.25,1.25));
#5297 = VECTOR('',#5298,1.);
#5298 = DIRECTION('',(1.110223024625E-16,1.,0.));
#5299 = ORIENTED_EDGE('',*,*,#5300,.T.);
#5300 = EDGE_CURVE('',#5293,#5301,#5303,.T.);
#5301 = VERTEX_POINT('',#5302);
#5302 = CARTESIAN_POINT('',(-0.1,0.25,7.35));
#5303 = LINE('',#5304,#5305);
#5304 = CARTESIAN_POINT('',(-0.1,0.25,1.25));
#5305 = VECTOR('',#5306,1.);
#5306 = DIRECTION('',(0.,0.,1.));
#5307 = ORIENTED_EDGE('',*,*,#5308,.T.);
#5308 = EDGE_CURVE('',#5301,#4805,#5309,.T.);
#5309 = LINE('',#5310,#5311);
#5310 = CARTESIAN_POINT('',(-0.1,0.25,7.35));
#5311 = VECTOR('',#5312,1.);
#5312 = DIRECTION('',(7.850462293414E-17,0.707106781187,0.707106781187)
  );
#5313 = ORIENTED_EDGE('',*,*,#4812,.F.);
#5314 = ORIENTED_EDGE('',*,*,#5259,.T.);
#5315 = PLANE('',#5316);
#5316 = AXIS2_PLACEMENT_3D('',#5317,#5318,#5319);
#5317 = CARTESIAN_POINT('',(-0.1,1.110223024625E-17,3.911477598424));
#5318 = DIRECTION('',(-1.,1.110223024625E-16,0.));
#5319 = DIRECTION('',(0.,0.,1.));
#5320 = ADVANCED_FACE('',(#5321),#5339,.T.);
#5321 = FACE_BOUND('',#5322,.T.);
#5322 = EDGE_LOOP('',(#5323,#5331,#5337,#5338));
#5323 = ORIENTED_EDGE('',*,*,#5324,.T.);
#5324 = EDGE_CURVE('',#5301,#5325,#5327,.T.);
#5325 = VERTEX_POINT('',#5326);
#5326 = CARTESIAN_POINT('',(0.1,0.25,7.35));
#5327 = LINE('',#5328,#5329);
#5328 = CARTESIAN_POINT('',(-0.1,0.25,7.35));
#5329 = VECTOR('',#5330,1.);
#5330 = DIRECTION('',(1.,-1.110223024625E-16,0.));
#5331 = ORIENTED_EDGE('',*,*,#5332,.T.);
#5332 = EDGE_CURVE('',#5325,#4797,#5333,.T.);
#5333 = LINE('',#5334,#5335);
#5334 = CARTESIAN_POINT('',(0.1,0.25,7.35));
#5335 = VECTOR('',#5336,1.);
#5336 = DIRECTION('',(7.850462293414E-17,0.707106781187,0.707106781187)
  );
#5337 = ORIENTED_EDGE('',*,*,#4804,.F.);
#5338 = ORIENTED_EDGE('',*,*,#5308,.F.);
#5339 = PLANE('',#5340);
#5340 = AXIS2_PLACEMENT_3D('',#5341,#5342,#5343);
#5341 = CARTESIAN_POINT('',(-0.1,0.25,7.35));
#5342 = DIRECTION('',(-7.850462293414E-17,-0.707106781187,0.707106781187
    ));
#5343 = DIRECTION('',(7.850462293414E-17,0.707106781187,0.707106781187)
  );
#5344 = ADVANCED_FACE('',(#5345),#5381,.F.);
#5345 = FACE_BOUND('',#5346,.F.);
#5346 = EDGE_LOOP('',(#5347,#5348,#5356,#5364,#5372,#5378,#5379,#5380));
#5347 = ORIENTED_EDGE('',*,*,#4892,.F.);
#5348 = ORIENTED_EDGE('',*,*,#5349,.T.);
#5349 = EDGE_CURVE('',#4885,#5350,#5352,.T.);
#5350 = VERTEX_POINT('',#5351);
#5351 = CARTESIAN_POINT('',(0.1,-0.25,7.35));
#5352 = LINE('',#5353,#5354);
#5353 = CARTESIAN_POINT('',(0.1,-0.3,7.4));
#5354 = VECTOR('',#5355,1.);
#5355 = DIRECTION('',(7.850462293414E-17,0.707106781187,-0.707106781187)
  );
#5356 = ORIENTED_EDGE('',*,*,#5357,.T.);
#5357 = EDGE_CURVE('',#5350,#5358,#5360,.T.);
#5358 = VERTEX_POINT('',#5359);
#5359 = CARTESIAN_POINT('',(0.1,-0.25,1.25));
#5360 = LINE('',#5361,#5362);
#5361 = CARTESIAN_POINT('',(0.1,-0.25,7.35));
#5362 = VECTOR('',#5363,1.);
#5363 = DIRECTION('',(0.,0.,-1.));
#5364 = ORIENTED_EDGE('',*,*,#5365,.T.);
#5365 = EDGE_CURVE('',#5358,#5366,#5368,.T.);
#5366 = VERTEX_POINT('',#5367);
#5367 = CARTESIAN_POINT('',(0.1,0.25,1.25));
#5368 = LINE('',#5369,#5370);
#5369 = CARTESIAN_POINT('',(0.1,-0.25,1.25));
#5370 = VECTOR('',#5371,1.);
#5371 = DIRECTION('',(1.110223024625E-16,1.,0.));
#5372 = ORIENTED_EDGE('',*,*,#5373,.T.);
#5373 = EDGE_CURVE('',#5366,#5325,#5374,.T.);
#5374 = LINE('',#5375,#5376);
#5375 = CARTESIAN_POINT('',(0.1,0.25,1.25));
#5376 = VECTOR('',#5377,1.);
#5377 = DIRECTION('',(0.,0.,1.));
#5378 = ORIENTED_EDGE('',*,*,#5332,.T.);
#5379 = ORIENTED_EDGE('',*,*,#4796,.F.);
#5380 = ORIENTED_EDGE('',*,*,#5244,.T.);
#5381 = PLANE('',#5382);
#5382 = AXIS2_PLACEMENT_3D('',#5383,#5384,#5385);
#5383 = CARTESIAN_POINT('',(0.1,-1.110223024625E-17,3.911477598424));
#5384 = DIRECTION('',(-1.,1.110223024625E-16,0.));
#5385 = DIRECTION('',(0.,0.,1.));
#5386 = ADVANCED_FACE('',(#5387),#5398,.T.);
#5387 = FACE_BOUND('',#5388,.T.);
#5388 = EDGE_LOOP('',(#5389,#5390,#5391,#5397));
#5389 = ORIENTED_EDGE('',*,*,#4884,.T.);
#5390 = ORIENTED_EDGE('',*,*,#5349,.T.);
#5391 = ORIENTED_EDGE('',*,*,#5392,.F.);
#5392 = EDGE_CURVE('',#5277,#5350,#5393,.T.);
#5393 = LINE('',#5394,#5395);
#5394 = CARTESIAN_POINT('',(-0.1,-0.25,7.35));
#5395 = VECTOR('',#5396,1.);
#5396 = DIRECTION('',(1.,-1.110223024625E-16,0.));
#5397 = ORIENTED_EDGE('',*,*,#5276,.F.);
#5398 = PLANE('',#5399);
#5399 = AXIS2_PLACEMENT_3D('',#5400,#5401,#5402);
#5400 = CARTESIAN_POINT('',(-0.1,-0.3,7.4));
#5401 = DIRECTION('',(7.850462293414E-17,0.707106781187,0.707106781187)
  );
#5402 = DIRECTION('',(7.850462293414E-17,0.707106781187,-0.707106781187)
  );
#5403 = ADVANCED_FACE('',(#5404),#5415,.T.);
#5404 = FACE_BOUND('',#5405,.T.);
#5405 = EDGE_LOOP('',(#5406,#5412,#5413,#5414));
#5406 = ORIENTED_EDGE('',*,*,#5407,.T.);
#5407 = EDGE_CURVE('',#5127,#5200,#5408,.T.);
#5408 = LINE('',#5409,#5410);
#5409 = CARTESIAN_POINT('',(-0.1,-2.29,1.25));
#5410 = VECTOR('',#5411,1.);
#5411 = DIRECTION('',(1.,-1.110223024625E-16,0.));
#5412 = ORIENTED_EDGE('',*,*,#5207,.T.);
#5413 = ORIENTED_EDGE('',*,*,#5158,.F.);
#5414 = ORIENTED_EDGE('',*,*,#5134,.F.);
#5415 = PLANE('',#5416);
#5416 = AXIS2_PLACEMENT_3D('',#5417,#5418,#5419);
#5417 = CARTESIAN_POINT('',(-0.1,-2.29,1.25));
#5418 = DIRECTION('',(-1.110223024625E-16,-1.,0.));
#5419 = DIRECTION('',(0.,0.,1.));
#5420 = ADVANCED_FACE('',(#5421),#5432,.T.);
#5421 = FACE_BOUND('',#5422,.T.);
#5422 = EDGE_LOOP('',(#5423,#5429,#5430,#5431));
#5423 = ORIENTED_EDGE('',*,*,#5424,.T.);
#5424 = EDGE_CURVE('',#5119,#5192,#5425,.T.);
#5425 = LINE('',#5426,#5427);
#5426 = CARTESIAN_POINT('',(-0.1,-2.79,1.25));
#5427 = VECTOR('',#5428,1.);
#5428 = DIRECTION('',(1.,-1.110223024625E-16,0.));
#5429 = ORIENTED_EDGE('',*,*,#5199,.T.);
#5430 = ORIENTED_EDGE('',*,*,#5407,.F.);
#5431 = ORIENTED_EDGE('',*,*,#5126,.F.);
#5432 = PLANE('',#5433);
#5433 = AXIS2_PLACEMENT_3D('',#5434,#5435,#5436);
#5434 = CARTESIAN_POINT('',(-0.1,-2.79,1.25));
#5435 = DIRECTION('',(0.,0.,1.));
#5436 = DIRECTION('',(1.110223024625E-16,1.,-0.));
#5437 = ADVANCED_FACE('',(#5438),#5444,.T.);
#5438 = FACE_BOUND('',#5439,.T.);
#5439 = EDGE_LOOP('',(#5440,#5441,#5442,#5443));
#5440 = ORIENTED_EDGE('',*,*,#5226,.T.);
#5441 = ORIENTED_EDGE('',*,*,#5191,.T.);
#5442 = ORIENTED_EDGE('',*,*,#5424,.F.);
#5443 = ORIENTED_EDGE('',*,*,#5118,.F.);
#5444 = PLANE('',#5445);
#5445 = AXIS2_PLACEMENT_3D('',#5446,#5447,#5448);
#5446 = CARTESIAN_POINT('',(-0.1,-2.79,7.35));
#5447 = DIRECTION('',(1.110223024625E-16,1.,0.));
#5448 = DIRECTION('',(0.,0.,-1.));
#5449 = ADVANCED_FACE('',(#5450),#5461,.T.);
#5450 = FACE_BOUND('',#5451,.T.);
#5451 = EDGE_LOOP('',(#5452,#5458,#5459,#5460));
#5452 = ORIENTED_EDGE('',*,*,#5453,.T.);
#5453 = EDGE_CURVE('',#5293,#5366,#5454,.T.);
#5454 = LINE('',#5455,#5456);
#5455 = CARTESIAN_POINT('',(-0.1,0.25,1.25));
#5456 = VECTOR('',#5457,1.);
#5457 = DIRECTION('',(1.,-1.110223024625E-16,0.));
#5458 = ORIENTED_EDGE('',*,*,#5373,.T.);
#5459 = ORIENTED_EDGE('',*,*,#5324,.F.);
#5460 = ORIENTED_EDGE('',*,*,#5300,.F.);
#5461 = PLANE('',#5462);
#5462 = AXIS2_PLACEMENT_3D('',#5463,#5464,#5465);
#5463 = CARTESIAN_POINT('',(-0.1,0.25,1.25));
#5464 = DIRECTION('',(-1.110223024625E-16,-1.,0.));
#5465 = DIRECTION('',(0.,0.,1.));
#5466 = ADVANCED_FACE('',(#5467),#5478,.T.);
#5467 = FACE_BOUND('',#5468,.T.);
#5468 = EDGE_LOOP('',(#5469,#5475,#5476,#5477));
#5469 = ORIENTED_EDGE('',*,*,#5470,.T.);
#5470 = EDGE_CURVE('',#5285,#5358,#5471,.T.);
#5471 = LINE('',#5472,#5473);
#5472 = CARTESIAN_POINT('',(-0.1,-0.25,1.25));
#5473 = VECTOR('',#5474,1.);
#5474 = DIRECTION('',(1.,-1.110223024625E-16,0.));
#5475 = ORIENTED_EDGE('',*,*,#5365,.T.);
#5476 = ORIENTED_EDGE('',*,*,#5453,.F.);
#5477 = ORIENTED_EDGE('',*,*,#5292,.F.);
#5478 = PLANE('',#5479);
#5479 = AXIS2_PLACEMENT_3D('',#5480,#5481,#5482);
#5480 = CARTESIAN_POINT('',(-0.1,-0.25,1.25));
#5481 = DIRECTION('',(0.,0.,1.));
#5482 = DIRECTION('',(1.110223024625E-16,1.,-0.));
#5483 = ADVANCED_FACE('',(#5484),#5490,.T.);
#5484 = FACE_BOUND('',#5485,.T.);
#5485 = EDGE_LOOP('',(#5486,#5487,#5488,#5489));
#5486 = ORIENTED_EDGE('',*,*,#5392,.T.);
#5487 = ORIENTED_EDGE('',*,*,#5357,.T.);
#5488 = ORIENTED_EDGE('',*,*,#5470,.F.);
#5489 = ORIENTED_EDGE('',*,*,#5284,.F.);
#5490 = PLANE('',#5491);
#5491 = AXIS2_PLACEMENT_3D('',#5492,#5493,#5494);
#5492 = CARTESIAN_POINT('',(-0.1,-0.25,7.35));
#5493 = DIRECTION('',(1.110223024625E-16,1.,0.));
#5494 = DIRECTION('',(0.,0.,-1.));
#5495 = ( GEOMETRIC_REPRESENTATION_CONTEXT(3) 
GLOBAL_UNCERTAINTY_ASSIGNED_CONTEXT((#5499)) 
GLOBAL_UNIT_ASSIGNED_CONTEXT((#5496,#5497,#5498)) REPRESENTATION_CONTEXT
('Context #1','3D Context with UNIT and UNCERTAINTY') );
#5496 = ( LENGTH_UNIT() NAMED_UNIT(*) SI_UNIT(.MILLI.,.METRE.) );
#5497 = ( NAMED_UNIT(*) PLANE_ANGLE_UNIT() SI_UNIT($,.RADIAN.) );
#5498 = ( NAMED_UNIT(*) SI_UNIT($,.STERADIAN.) SOLID_ANGLE_UNIT() );
#5499 = UNCERTAINTY_MEASURE_WITH_UNIT(LENGTH_MEASURE(1.E-07),#5496,
  'distance_accuracy_value','confusion accuracy');
#5500 = CONTEXT_DEPENDENT_SHAPE_REPRESENTATION(#5501,#5503);
#5501 = ( REPRESENTATION_RELATIONSHIP('','',#3660,#3637) 
REPRESENTATION_RELATIONSHIP_WITH_TRANSFORMATION(#5502) 
SHAPE_REPRESENTATION_RELATIONSHIP() );
#5502 = ITEM_DEFINED_TRANSFORMATION('','',#11,#3638);
#5503 = PRODUCT_DEFINITION_SHAPE('Placement','Placement of an item',
  #5504);
#5504 = NEXT_ASSEMBLY_USAGE_OCCURRENCE('10','=>[0:1:1:9]','',#3632,#3655
  ,$);
#5505 = PRODUCT_RELATED_PRODUCT_CATEGORY('part',$,(#3657));
#5506 = CONTEXT_DEPENDENT_SHAPE_REPRESENTATION(#5507,#5509);
#5507 = ( REPRESENTATION_RELATIONSHIP('','',#1894,#10) 
REPRESENTATION_RELATIONSHIP_WITH_TRANSFORMATION(#5508) 
SHAPE_REPRESENTATION_RELATIONSHIP() );
#5508 = ITEM_DEFINED_TRANSFORMATION('','',#11,#43);
#5509 = PRODUCT_DEFINITION_SHAPE('Placement','Placement of an item',
  #5510);
#5510 = NEXT_ASSEMBLY_USAGE_OCCURRENCE('12','C2','',#5,#1889,$);
#5511 = CONTEXT_DEPENDENT_SHAPE_REPRESENTATION(#5512,#5514);
#5512 = ( REPRESENTATION_RELATIONSHIP('','',#1894,#10) 
REPRESENTATION_RELATIONSHIP_WITH_TRANSFORMATION(#5513) 
SHAPE_REPRESENTATION_RELATIONSHIP() );
#5513 = ITEM_DEFINED_TRANSFORMATION('','',#11,#47);
#5514 = PRODUCT_DEFINITION_SHAPE('Placement','Placement of an item',
  #5515);
#5515 = NEXT_ASSEMBLY_USAGE_OCCURRENCE('13','C8','',#5,#1889,$);
#5516 = CONTEXT_DEPENDENT_SHAPE_REPRESENTATION(#5517,#5519);
#5517 = ( REPRESENTATION_RELATIONSHIP('','',#164,#10) 
REPRESENTATION_RELATIONSHIP_WITH_TRANSFORMATION(#5518) 
SHAPE_REPRESENTATION_RELATIONSHIP() );
#5518 = ITEM_DEFINED_TRANSFORMATION('','',#11,#51);
#5519 = PRODUCT_DEFINITION_SHAPE('Placement','Placement of an item',
  #5520);
#5520 = NEXT_ASSEMBLY_USAGE_OCCURRENCE('14','D5','',#5,#159,$);
#5521 = CONTEXT_DEPENDENT_SHAPE_REPRESENTATION(#5522,#5524);
#5522 = ( REPRESENTATION_RELATIONSHIP('','',#1894,#10) 
REPRESENTATION_RELATIONSHIP_WITH_TRANSFORMATION(#5523) 
SHAPE_REPRESENTATION_RELATIONSHIP() );
#5523 = ITEM_DEFINED_TRANSFORMATION('','',#11,#55);
#5524 = PRODUCT_DEFINITION_SHAPE('Placement','Placement of an item',
  #5525);
#5525 = NEXT_ASSEMBLY_USAGE_OCCURRENCE('15','C9','',#5,#1889,$);
#5526 = CONTEXT_DEPENDENT_SHAPE_REPRESENTATION(#5527,#5529);
#5527 = ( REPRESENTATION_RELATIONSHIP('','',#2790,#10) 
REPRESENTATION_RELATIONSHIP_WITH_TRANSFORMATION(#5528) 
SHAPE_REPRESENTATION_RELATIONSHIP() );
#5528 = ITEM_DEFINED_TRANSFORMATION('','',#11,#59);
#5529 = PRODUCT_DEFINITION_SHAPE('Placement','Placement of an item',
  #5530);
#5530 = NEXT_ASSEMBLY_USAGE_OCCURRENCE('16','R7','',#5,#2785,$);
#5531 = SHAPE_DEFINITION_REPRESENTATION(#5532,#5538);
#5532 = PRODUCT_DEFINITION_SHAPE('','',#5533);
#5533 = PRODUCT_DEFINITION('design','',#5534,#5537);
#5534 = PRODUCT_DEFINITION_FORMATION('','',#5535);
#5535 = PRODUCT('LED_0805_2012Metric','LED_0805_2012Metric','',(#5536));
#5536 = PRODUCT_CONTEXT('',#2,'mechanical');
#5537 = PRODUCT_DEFINITION_CONTEXT('part definition',#2,'design');
#5538 = SHAPE_REPRESENTATION('',(#11,#5539),#5543);
#5539 = AXIS2_PLACEMENT_3D('',#5540,#5541,#5542);
#5540 = CARTESIAN_POINT('',(0.,0.,0.));
#5541 = DIRECTION('',(0.,0.,1.));
#5542 = DIRECTION('',(1.,0.,-0.));
#5543 = ( GEOMETRIC_REPRESENTATION_CONTEXT(3) 
GLOBAL_UNCERTAINTY_ASSIGNED_CONTEXT((#5547)) 
GLOBAL_UNIT_ASSIGNED_CONTEXT((#5544,#5545,#5546)) REPRESENTATION_CONTEXT
('Context #1','3D Context with UNIT and UNCERTAINTY') );
#5544 = ( LENGTH_UNIT() NAMED_UNIT(*) SI_UNIT(.MILLI.,.METRE.) );
#5545 = ( NAMED_UNIT(*) PLANE_ANGLE_UNIT() SI_UNIT($,.RADIAN.) );
#5546 = ( NAMED_UNIT(*) SI_UNIT($,.STERADIAN.) SOLID_ANGLE_UNIT() );
#5547 = UNCERTAINTY_MEASURE_WITH_UNIT(LENGTH_MEASURE(1.E-07),#5544,
  'distance_accuracy_value','confusion accuracy');
#5548 = CONTEXT_DEPENDENT_SHAPE_REPRESENTATION(#5549,#5551);
#5549 = ( REPRESENTATION_RELATIONSHIP('','',#5538,#10) 
REPRESENTATION_RELATIONSHIP_WITH_TRANSFORMATION(#5550) 
SHAPE_REPRESENTATION_RELATIONSHIP() );
#5550 = ITEM_DEFINED_TRANSFORMATION('','',#11,#63);
#5551 = PRODUCT_DEFINITION_SHAPE('Placement','Placement of an item',
  #5552);
#5552 = NEXT_ASSEMBLY_USAGE_OCCURRENCE('18','D8','',#5,#5533,$);
#5553 = PRODUCT_RELATED_PRODUCT_CATEGORY('part',$,(#5535));
#5554 = SHAPE_DEFINITION_REPRESENTATION(#5555,#5561);
#5555 = PRODUCT_DEFINITION_SHAPE('','',#5556);
#5556 = PRODUCT_DEFINITION('design','',#5557,#5560);
#5557 = PRODUCT_DEFINITION_FORMATION('','',#5558);
#5558 = PRODUCT('LED_0805_2012Metric','LED_0805_2012Metric','',(#5559));
#5559 = PRODUCT_CONTEXT('',#2,'mechanical');
#5560 = PRODUCT_DEFINITION_CONTEXT('part definition',#2,'design');
#5561 = ADVANCED_BREP_SHAPE_REPRESENTATION('',(#11,#5562),#7085);
#5562 = MANIFOLD_SOLID_BREP('',#5563);
#5563 = CLOSED_SHELL('',(#5564,#5604,#5651,#5730,#5754,#5794,#5825,#5842
    ,#5875,#5899,#5966,#6087,#6154,#6178,#6209,#6242,#6298,#6322,#6346,
    #6370,#6403,#6415,#6478,#6503,#6520,#6544,#6562,#6580,#6598,#6615,
    #6632,#6663,#6688,#6713,#6737,#6754,#6785,#6809,#6826,#6854,#6879,
    #6903,#6928,#6975,#6992,#7004,#7026,#7038,#7056,#7074));
#5564 = ADVANCED_FACE('',(#5565),#5599,.F.);
#5565 = FACE_BOUND('',#5566,.F.);
#5566 = EDGE_LOOP('',(#5567,#5577,#5585,#5593));
#5567 = ORIENTED_EDGE('',*,*,#5568,.T.);
#5568 = EDGE_CURVE('',#5569,#5571,#5573,.T.);
#5569 = VERTEX_POINT('',#5570);
#5570 = CARTESIAN_POINT('',(-0.65,-0.625,0.465));
#5571 = VERTEX_POINT('',#5572);
#5572 = CARTESIAN_POINT('',(-0.585,-0.625,1.1));
#5573 = LINE('',#5574,#5575);
#5574 = CARTESIAN_POINT('',(-0.65,-0.625,0.465));
#5575 = VECTOR('',#5576,1.);
#5576 = DIRECTION('',(0.101830105936,0.,0.994801804142));
#5577 = ORIENTED_EDGE('',*,*,#5578,.T.);
#5578 = EDGE_CURVE('',#5571,#5579,#5581,.T.);
#5579 = VERTEX_POINT('',#5580);
#5580 = CARTESIAN_POINT('',(0.585,-0.625,1.1));
#5581 = LINE('',#5582,#5583);
#5582 = CARTESIAN_POINT('',(-0.585,-0.625,1.1));
#5583 = VECTOR('',#5584,1.);
#5584 = DIRECTION('',(1.,0.,0.));
#5585 = ORIENTED_EDGE('',*,*,#5586,.T.);
#5586 = EDGE_CURVE('',#5579,#5587,#5589,.T.);
#5587 = VERTEX_POINT('',#5588);
#5588 = CARTESIAN_POINT('',(0.65,-0.625,0.465));
#5589 = LINE('',#5590,#5591);
#5590 = CARTESIAN_POINT('',(0.585,-0.625,1.1));
#5591 = VECTOR('',#5592,1.);
#5592 = DIRECTION('',(0.101830105936,0.,-0.994801804142));
#5593 = ORIENTED_EDGE('',*,*,#5594,.T.);
#5594 = EDGE_CURVE('',#5587,#5569,#5595,.T.);
#5595 = LINE('',#5596,#5597);
#5596 = CARTESIAN_POINT('',(0.65,-0.625,0.465));
#5597 = VECTOR('',#5598,1.);
#5598 = DIRECTION('',(-1.,0.,-4.270088556251E-17));
#5599 = PLANE('',#5600);
#5600 = AXIS2_PLACEMENT_3D('',#5601,#5602,#5603);
#5601 = CARTESIAN_POINT('',(1.481626402817E-17,-0.625,0.771483451357));
#5602 = DIRECTION('',(-5.57234551408E-33,1.,3.18580557984E-32));
#5603 = DIRECTION('',(0.,-3.18580557984E-32,1.));
#5604 = ADVANCED_FACE('',(#5605),#5646,.T.);
#5605 = FACE_BOUND('',#5606,.T.);
#5606 = EDGE_LOOP('',(#5607,#5617,#5625,#5631,#5632,#5640));
#5607 = ORIENTED_EDGE('',*,*,#5608,.T.);
#5608 = EDGE_CURVE('',#5609,#5611,#5613,.T.);
#5609 = VERTEX_POINT('',#5610);
#5610 = CARTESIAN_POINT('',(-0.65,0.625,0.465));
#5611 = VERTEX_POINT('',#5612);
#5612 = CARTESIAN_POINT('',(-0.65,0.46875,0.465));
#5613 = LINE('',#5614,#5615);
#5614 = CARTESIAN_POINT('',(-0.65,0.625,0.465));
#5615 = VECTOR('',#5616,1.);
#5616 = DIRECTION('',(0.,-1.,0.));
#5617 = ORIENTED_EDGE('',*,*,#5618,.F.);
#5618 = EDGE_CURVE('',#5619,#5611,#5621,.T.);
#5619 = VERTEX_POINT('',#5620);
#5620 = CARTESIAN_POINT('',(-0.65,-0.46875,0.465));
#5621 = LINE('',#5622,#5623);
#5622 = CARTESIAN_POINT('',(-0.65,-0.625,0.465));
#5623 = VECTOR('',#5624,1.);
#5624 = DIRECTION('',(0.,1.,0.));
#5625 = ORIENTED_EDGE('',*,*,#5626,.T.);
#5626 = EDGE_CURVE('',#5619,#5569,#5627,.T.);
#5627 = LINE('',#5628,#5629);
#5628 = CARTESIAN_POINT('',(-0.65,0.625,0.465));
#5629 = VECTOR('',#5630,1.);
#5630 = DIRECTION('',(0.,-1.,0.));
#5631 = ORIENTED_EDGE('',*,*,#5568,.T.);
#5632 = ORIENTED_EDGE('',*,*,#5633,.F.);
#5633 = EDGE_CURVE('',#5634,#5571,#5636,.T.);
#5634 = VERTEX_POINT('',#5635);
#5635 = CARTESIAN_POINT('',(-0.585,0.625,1.1));
#5636 = LINE('',#5637,#5638);
#5637 = CARTESIAN_POINT('',(-0.585,0.625,1.1));
#5638 = VECTOR('',#5639,1.);
#5639 = DIRECTION('',(0.,-1.,0.));
#5640 = ORIENTED_EDGE('',*,*,#5641,.F.);
#5641 = EDGE_CURVE('',#5609,#5634,#5642,.T.);
#5642 = LINE('',#5643,#5644);
#5643 = CARTESIAN_POINT('',(-0.65,0.625,0.465));
#5644 = VECTOR('',#5645,1.);
#5645 = DIRECTION('',(0.101830105936,0.,0.994801804142));
#5646 = PLANE('',#5647);
#5647 = AXIS2_PLACEMENT_3D('',#5648,#5649,#5650);
#5648 = CARTESIAN_POINT('',(-0.65,0.625,0.465));
#5649 = DIRECTION('',(-0.994801804142,0.,0.101830105936));
#5650 = DIRECTION('',(0.101830105936,0.,0.994801804142));
#5651 = ADVANCED_FACE('',(#5652),#5725,.F.);
#5652 = FACE_BOUND('',#5653,.F.);
#5653 = EDGE_LOOP('',(#5654,#5664,#5672,#5680,#5686,#5687,#5695,#5703,
    #5711,#5719));
#5654 = ORIENTED_EDGE('',*,*,#5655,.F.);
#5655 = EDGE_CURVE('',#5656,#5658,#5660,.T.);
#5656 = VERTEX_POINT('',#5657);
#5657 = CARTESIAN_POINT('',(-0.965,-0.625,3.5E-02));
#5658 = VERTEX_POINT('',#5659);
#5659 = CARTESIAN_POINT('',(-0.9125,-0.625,3.5E-02));
#5660 = LINE('',#5661,#5662);
#5661 = CARTESIAN_POINT('',(-0.965,-0.625,3.5E-02));
#5662 = VECTOR('',#5663,1.);
#5663 = DIRECTION('',(1.,0.,0.));
#5664 = ORIENTED_EDGE('',*,*,#5665,.T.);
#5665 = EDGE_CURVE('',#5656,#5666,#5668,.T.);
#5666 = VERTEX_POINT('',#5667);
#5667 = CARTESIAN_POINT('',(-0.965,-0.625,0.465));
#5668 = LINE('',#5669,#5670);
#5669 = CARTESIAN_POINT('',(-0.965,-0.625,3.5E-02));
#5670 = VECTOR('',#5671,1.);
#5671 = DIRECTION('',(0.,0.,1.));
#5672 = ORIENTED_EDGE('',*,*,#5673,.T.);
#5673 = EDGE_CURVE('',#5666,#5674,#5676,.T.);
#5674 = VERTEX_POINT('',#5675);
#5675 = CARTESIAN_POINT('',(-0.9125,-0.625,0.465));
#5676 = LINE('',#5677,#5678);
#5677 = CARTESIAN_POINT('',(-0.965,-0.625,0.465));
#5678 = VECTOR('',#5679,1.);
#5679 = DIRECTION('',(1.,0.,0.));
#5680 = ORIENTED_EDGE('',*,*,#5681,.T.);
#5681 = EDGE_CURVE('',#5674,#5569,#5682,.T.);
#5682 = LINE('',#5683,#5684);
#5683 = CARTESIAN_POINT('',(-0.965,-0.625,0.465));
#5684 = VECTOR('',#5685,1.);
#5685 = DIRECTION('',(1.,0.,0.));
#5686 = ORIENTED_EDGE('',*,*,#5594,.F.);
#5687 = ORIENTED_EDGE('',*,*,#5688,.T.);
#5688 = EDGE_CURVE('',#5587,#5689,#5691,.T.);
#5689 = VERTEX_POINT('',#5690);
#5690 = CARTESIAN_POINT('',(0.9125,-0.625,0.465));
#5691 = LINE('',#5692,#5693);
#5692 = CARTESIAN_POINT('',(-0.965,-0.625,0.465));
#5693 = VECTOR('',#5694,1.);
#5694 = DIRECTION('',(1.,0.,0.));
#5695 = ORIENTED_EDGE('',*,*,#5696,.T.);
#5696 = EDGE_CURVE('',#5689,#5697,#5699,.T.);
#5697 = VERTEX_POINT('',#5698);
#5698 = CARTESIAN_POINT('',(0.965,-0.625,0.465));
#5699 = LINE('',#5700,#5701);
#5700 = CARTESIAN_POINT('',(-0.965,-0.625,0.465));
#5701 = VECTOR('',#5702,1.);
#5702 = DIRECTION('',(1.,0.,0.));
#5703 = ORIENTED_EDGE('',*,*,#5704,.F.);
#5704 = EDGE_CURVE('',#5705,#5697,#5707,.T.);
#5705 = VERTEX_POINT('',#5706);
#5706 = CARTESIAN_POINT('',(0.965,-0.625,3.5E-02));
#5707 = LINE('',#5708,#5709);
#5708 = CARTESIAN_POINT('',(0.965,-0.625,3.5E-02));
#5709 = VECTOR('',#5710,1.);
#5710 = DIRECTION('',(0.,0.,1.));
#5711 = ORIENTED_EDGE('',*,*,#5712,.F.);
#5712 = EDGE_CURVE('',#5713,#5705,#5715,.T.);
#5713 = VERTEX_POINT('',#5714);
#5714 = CARTESIAN_POINT('',(0.9125,-0.625,3.5E-02));
#5715 = LINE('',#5716,#5717);
#5716 = CARTESIAN_POINT('',(-0.965,-0.625,3.5E-02));
#5717 = VECTOR('',#5718,1.);
#5718 = DIRECTION('',(1.,0.,0.));
#5719 = ORIENTED_EDGE('',*,*,#5720,.F.);
#5720 = EDGE_CURVE('',#5658,#5713,#5721,.T.);
#5721 = LINE('',#5722,#5723);
#5722 = CARTESIAN_POINT('',(-0.965,-0.625,3.5E-02));
#5723 = VECTOR('',#5724,1.);
#5724 = DIRECTION('',(1.,0.,0.));
#5725 = PLANE('',#5726);
#5726 = AXIS2_PLACEMENT_3D('',#5727,#5728,#5729);
#5727 = CARTESIAN_POINT('',(-0.965,-0.625,3.5E-02));
#5728 = DIRECTION('',(0.,1.,0.));
#5729 = DIRECTION('',(0.,-0.,1.));
#5730 = ADVANCED_FACE('',(#5731),#5749,.T.);
#5731 = FACE_BOUND('',#5732,.T.);
#5732 = EDGE_LOOP('',(#5733,#5734,#5735,#5743));
#5733 = ORIENTED_EDGE('',*,*,#5633,.T.);
#5734 = ORIENTED_EDGE('',*,*,#5578,.T.);
#5735 = ORIENTED_EDGE('',*,*,#5736,.F.);
#5736 = EDGE_CURVE('',#5737,#5579,#5739,.T.);
#5737 = VERTEX_POINT('',#5738);
#5738 = CARTESIAN_POINT('',(0.585,0.625,1.1));
#5739 = LINE('',#5740,#5741);
#5740 = CARTESIAN_POINT('',(0.585,0.625,1.1));
#5741 = VECTOR('',#5742,1.);
#5742 = DIRECTION('',(0.,-1.,0.));
#5743 = ORIENTED_EDGE('',*,*,#5744,.F.);
#5744 = EDGE_CURVE('',#5634,#5737,#5745,.T.);
#5745 = LINE('',#5746,#5747);
#5746 = CARTESIAN_POINT('',(-0.585,0.625,1.1));
#5747 = VECTOR('',#5748,1.);
#5748 = DIRECTION('',(1.,0.,0.));
#5749 = PLANE('',#5750);
#5750 = AXIS2_PLACEMENT_3D('',#5751,#5752,#5753);
#5751 = CARTESIAN_POINT('',(-0.585,0.625,1.1));
#5752 = DIRECTION('',(0.,0.,1.));
#5753 = DIRECTION('',(1.,0.,-0.));
#5754 = ADVANCED_FACE('',(#5755),#5789,.T.);
#5755 = FACE_BOUND('',#5756,.T.);
#5756 = EDGE_LOOP('',(#5757,#5758,#5759,#5767,#5775,#5783));
#5757 = ORIENTED_EDGE('',*,*,#5736,.T.);
#5758 = ORIENTED_EDGE('',*,*,#5586,.T.);
#5759 = ORIENTED_EDGE('',*,*,#5760,.F.);
#5760 = EDGE_CURVE('',#5761,#5587,#5763,.T.);
#5761 = VERTEX_POINT('',#5762);
#5762 = CARTESIAN_POINT('',(0.65,-0.46875,0.465));
#5763 = LINE('',#5764,#5765);
#5764 = CARTESIAN_POINT('',(0.65,0.625,0.465));
#5765 = VECTOR('',#5766,1.);
#5766 = DIRECTION('',(0.,-1.,0.));
#5767 = ORIENTED_EDGE('',*,*,#5768,.F.);
#5768 = EDGE_CURVE('',#5769,#5761,#5771,.T.);
#5769 = VERTEX_POINT('',#5770);
#5770 = CARTESIAN_POINT('',(0.65,0.46875,0.465));
#5771 = LINE('',#5772,#5773);
#5772 = CARTESIAN_POINT('',(0.65,0.625,0.465));
#5773 = VECTOR('',#5774,1.);
#5774 = DIRECTION('',(0.,-1.,0.));
#5775 = ORIENTED_EDGE('',*,*,#5776,.F.);
#5776 = EDGE_CURVE('',#5777,#5769,#5779,.T.);
#5777 = VERTEX_POINT('',#5778);
#5778 = CARTESIAN_POINT('',(0.65,0.625,0.465));
#5779 = LINE('',#5780,#5781);
#5780 = CARTESIAN_POINT('',(0.65,0.625,0.465));
#5781 = VECTOR('',#5782,1.);
#5782 = DIRECTION('',(0.,-1.,0.));
#5783 = ORIENTED_EDGE('',*,*,#5784,.F.);
#5784 = EDGE_CURVE('',#5737,#5777,#5785,.T.);
#5785 = LINE('',#5786,#5787);
#5786 = CARTESIAN_POINT('',(0.585,0.625,1.1));
#5787 = VECTOR('',#5788,1.);
#5788 = DIRECTION('',(0.101830105936,0.,-0.994801804142));
#5789 = PLANE('',#5790);
#5790 = AXIS2_PLACEMENT_3D('',#5791,#5792,#5793);
#5791 = CARTESIAN_POINT('',(0.585,0.625,1.1));
#5792 = DIRECTION('',(0.994801804142,0.,0.101830105936));
#5793 = DIRECTION('',(0.101830105936,0.,-0.994801804142));
#5794 = ADVANCED_FACE('',(#5795),#5820,.T.);
#5795 = FACE_BOUND('',#5796,.T.);
#5796 = EDGE_LOOP('',(#5797,#5805,#5813,#5819));
#5797 = ORIENTED_EDGE('',*,*,#5798,.F.);
#5798 = EDGE_CURVE('',#5799,#5609,#5801,.T.);
#5799 = VERTEX_POINT('',#5800);
#5800 = CARTESIAN_POINT('',(-0.9125,0.625,0.465));
#5801 = LINE('',#5802,#5803);
#5802 = CARTESIAN_POINT('',(-0.965,0.625,0.465));
#5803 = VECTOR('',#5804,1.);
#5804 = DIRECTION('',(1.,0.,0.));
#5805 = ORIENTED_EDGE('',*,*,#5806,.F.);
#5806 = EDGE_CURVE('',#5807,#5799,#5809,.T.);
#5807 = VERTEX_POINT('',#5808);
#5808 = CARTESIAN_POINT('',(-0.9125,0.46875,0.465));
#5809 = LINE('',#5810,#5811);
#5810 = CARTESIAN_POINT('',(-0.9125,7.8125E-02,0.465));
#5811 = VECTOR('',#5812,1.);
#5812 = DIRECTION('',(0.,1.,0.));
#5813 = ORIENTED_EDGE('',*,*,#5814,.F.);
#5814 = EDGE_CURVE('',#5611,#5807,#5815,.T.);
#5815 = LINE('',#5816,#5817);
#5816 = CARTESIAN_POINT('',(-0.93875,0.46875,0.465));
#5817 = VECTOR('',#5818,1.);
#5818 = DIRECTION('',(-1.,0.,0.));
#5819 = ORIENTED_EDGE('',*,*,#5608,.F.);
#5820 = PLANE('',#5821);
#5821 = AXIS2_PLACEMENT_3D('',#5822,#5823,#5824);
#5822 = CARTESIAN_POINT('',(-0.965,-0.625,0.465));
#5823 = DIRECTION('',(0.,0.,1.));
#5824 = DIRECTION('',(1.,0.,-0.));
#5825 = ADVANCED_FACE('',(#5826),#5837,.T.);
#5826 = FACE_BOUND('',#5827,.T.);
#5827 = EDGE_LOOP('',(#5828,#5829,#5830,#5831));
#5828 = ORIENTED_EDGE('',*,*,#5641,.T.);
#5829 = ORIENTED_EDGE('',*,*,#5744,.T.);
#5830 = ORIENTED_EDGE('',*,*,#5784,.T.);
#5831 = ORIENTED_EDGE('',*,*,#5832,.T.);
#5832 = EDGE_CURVE('',#5777,#5609,#5833,.T.);
#5833 = LINE('',#5834,#5835);
#5834 = CARTESIAN_POINT('',(0.65,0.625,0.465));
#5835 = VECTOR('',#5836,1.);
#5836 = DIRECTION('',(-1.,0.,-4.270088556251E-17));
#5837 = PLANE('',#5838);
#5838 = AXIS2_PLACEMENT_3D('',#5839,#5840,#5841);
#5839 = CARTESIAN_POINT('',(1.481626402817E-17,0.625,0.771483451357));
#5840 = DIRECTION('',(-5.57234551408E-33,1.,3.18580557984E-32));
#5841 = DIRECTION('',(0.,-3.18580557984E-32,1.));
#5842 = ADVANCED_FACE('',(#5843),#5870,.T.);
#5843 = FACE_BOUND('',#5844,.T.);
#5844 = EDGE_LOOP('',(#5845,#5854,#5862,#5869));
#5845 = ORIENTED_EDGE('',*,*,#5846,.F.);
#5846 = EDGE_CURVE('',#5847,#5611,#5849,.T.);
#5847 = VERTEX_POINT('',#5848);
#5848 = CARTESIAN_POINT('',(-0.685,0.46875,0.5));
#5849 = CIRCLE('',#5850,3.5E-02);
#5850 = AXIS2_PLACEMENT_3D('',#5851,#5852,#5853);
#5851 = CARTESIAN_POINT('',(-0.685,0.46875,0.465));
#5852 = DIRECTION('',(-0.,1.,0.));
#5853 = DIRECTION('',(1.,0.,0.));
#5854 = ORIENTED_EDGE('',*,*,#5855,.F.);
#5855 = EDGE_CURVE('',#5856,#5847,#5858,.T.);
#5856 = VERTEX_POINT('',#5857);
#5857 = CARTESIAN_POINT('',(-0.685,-0.46875,0.5));
#5858 = LINE('',#5859,#5860);
#5859 = CARTESIAN_POINT('',(-0.685,-0.625,0.5));
#5860 = VECTOR('',#5861,1.);
#5861 = DIRECTION('',(0.,1.,0.));
#5862 = ORIENTED_EDGE('',*,*,#5863,.T.);
#5863 = EDGE_CURVE('',#5856,#5619,#5864,.T.);
#5864 = CIRCLE('',#5865,3.5E-02);
#5865 = AXIS2_PLACEMENT_3D('',#5866,#5867,#5868);
#5866 = CARTESIAN_POINT('',(-0.685,-0.46875,0.465));
#5867 = DIRECTION('',(-0.,1.,0.));
#5868 = DIRECTION('',(1.,0.,0.));
#5869 = ORIENTED_EDGE('',*,*,#5618,.T.);
#5870 = CYLINDRICAL_SURFACE('',#5871,3.5E-02);
#5871 = AXIS2_PLACEMENT_3D('',#5872,#5873,#5874);
#5872 = CARTESIAN_POINT('',(-0.685,-0.625,0.465));
#5873 = DIRECTION('',(0.,1.,0.));
#5874 = DIRECTION('',(1.,0.,0.));
#5875 = ADVANCED_FACE('',(#5876),#5894,.T.);
#5876 = FACE_BOUND('',#5877,.T.);
#5877 = EDGE_LOOP('',(#5878,#5886,#5887,#5888));
#5878 = ORIENTED_EDGE('',*,*,#5879,.F.);
#5879 = EDGE_CURVE('',#5674,#5880,#5882,.T.);
#5880 = VERTEX_POINT('',#5881);
#5881 = CARTESIAN_POINT('',(-0.9125,-0.46875,0.465));
#5882 = LINE('',#5883,#5884);
#5883 = CARTESIAN_POINT('',(-0.9125,-0.546875,0.465));
#5884 = VECTOR('',#5885,1.);
#5885 = DIRECTION('',(0.,1.,0.));
#5886 = ORIENTED_EDGE('',*,*,#5681,.T.);
#5887 = ORIENTED_EDGE('',*,*,#5626,.F.);
#5888 = ORIENTED_EDGE('',*,*,#5889,.F.);
#5889 = EDGE_CURVE('',#5880,#5619,#5890,.T.);
#5890 = LINE('',#5891,#5892);
#5891 = CARTESIAN_POINT('',(-2.625E-02,-0.46875,0.465));
#5892 = VECTOR('',#5893,1.);
#5893 = DIRECTION('',(1.,0.,0.));
#5894 = PLANE('',#5895);
#5895 = AXIS2_PLACEMENT_3D('',#5896,#5897,#5898);
#5896 = CARTESIAN_POINT('',(-0.965,-0.625,0.465));
#5897 = DIRECTION('',(0.,0.,1.));
#5898 = DIRECTION('',(1.,0.,-0.));
#5899 = ADVANCED_FACE('',(#5900),#5961,.F.);
#5900 = FACE_BOUND('',#5901,.F.);
#5901 = EDGE_LOOP('',(#5902,#5912,#5921,#5929,#5938,#5946,#5952,#5953,
    #5954,#5955));
#5902 = ORIENTED_EDGE('',*,*,#5903,.F.);
#5903 = EDGE_CURVE('',#5904,#5906,#5908,.T.);
#5904 = VERTEX_POINT('',#5905);
#5905 = CARTESIAN_POINT('',(-0.965,-0.625,-6.938893903907E-18));
#5906 = VERTEX_POINT('',#5907);
#5907 = CARTESIAN_POINT('',(-0.9125,-0.625,0.));
#5908 = LINE('',#5909,#5910);
#5909 = CARTESIAN_POINT('',(-1.,-0.625,0.));
#5910 = VECTOR('',#5911,1.);
#5911 = DIRECTION('',(1.,0.,0.));
#5912 = ORIENTED_EDGE('',*,*,#5913,.F.);
#5913 = EDGE_CURVE('',#5914,#5904,#5916,.T.);
#5914 = VERTEX_POINT('',#5915);
#5915 = CARTESIAN_POINT('',(-1.,-0.625,3.5E-02));
#5916 = CIRCLE('',#5917,3.5E-02);
#5917 = AXIS2_PLACEMENT_3D('',#5918,#5919,#5920);
#5918 = CARTESIAN_POINT('',(-0.965,-0.625,3.5E-02));
#5919 = DIRECTION('',(0.,-1.,0.));
#5920 = DIRECTION('',(0.,0.,1.));
#5921 = ORIENTED_EDGE('',*,*,#5922,.T.);
#5922 = EDGE_CURVE('',#5914,#5923,#5925,.T.);
#5923 = VERTEX_POINT('',#5924);
#5924 = CARTESIAN_POINT('',(-1.,-0.625,0.465));
#5925 = LINE('',#5926,#5927);
#5926 = CARTESIAN_POINT('',(-1.,-0.625,0.));
#5927 = VECTOR('',#5928,1.);
#5928 = DIRECTION('',(0.,0.,1.));
#5929 = ORIENTED_EDGE('',*,*,#5930,.T.);
#5930 = EDGE_CURVE('',#5923,#5931,#5933,.T.);
#5931 = VERTEX_POINT('',#5932);
#5932 = CARTESIAN_POINT('',(-0.965,-0.625,0.5));
#5933 = CIRCLE('',#5934,3.5E-02);
#5934 = AXIS2_PLACEMENT_3D('',#5935,#5936,#5937);
#5935 = CARTESIAN_POINT('',(-0.965,-0.625,0.465));
#5936 = DIRECTION('',(0.,1.,0.));
#5937 = DIRECTION('',(0.,-0.,1.));
#5938 = ORIENTED_EDGE('',*,*,#5939,.T.);
#5939 = EDGE_CURVE('',#5931,#5940,#5942,.T.);
#5940 = VERTEX_POINT('',#5941);
#5941 = CARTESIAN_POINT('',(-0.9125,-0.625,0.5));
#5942 = LINE('',#5943,#5944);
#5943 = CARTESIAN_POINT('',(-1.,-0.625,0.5));
#5944 = VECTOR('',#5945,1.);
#5945 = DIRECTION('',(1.,0.,0.));
#5946 = ORIENTED_EDGE('',*,*,#5947,.F.);
#5947 = EDGE_CURVE('',#5674,#5940,#5948,.T.);
#5948 = LINE('',#5949,#5950);
#5949 = CARTESIAN_POINT('',(-0.9125,-0.625,0.375));
#5950 = VECTOR('',#5951,1.);
#5951 = DIRECTION('',(0.,0.,1.));
#5952 = ORIENTED_EDGE('',*,*,#5673,.F.);
#5953 = ORIENTED_EDGE('',*,*,#5665,.F.);
#5954 = ORIENTED_EDGE('',*,*,#5655,.T.);
#5955 = ORIENTED_EDGE('',*,*,#5956,.F.);
#5956 = EDGE_CURVE('',#5906,#5658,#5957,.T.);
#5957 = LINE('',#5958,#5959);
#5958 = CARTESIAN_POINT('',(-0.9125,-0.625,0.375));
#5959 = VECTOR('',#5960,1.);
#5960 = DIRECTION('',(0.,0.,1.));
#5961 = PLANE('',#5962);
#5962 = AXIS2_PLACEMENT_3D('',#5963,#5964,#5965);
#5963 = CARTESIAN_POINT('',(-1.,-0.625,0.));
#5964 = DIRECTION('',(0.,1.,0.));
#5965 = DIRECTION('',(0.,-0.,1.));
#5966 = ADVANCED_FACE('',(#5967,#6056),#6082,.F.);
#5967 = FACE_BOUND('',#5968,.F.);
#5968 = EDGE_LOOP('',(#5969,#5977,#5978,#5986,#5994,#6002,#6010,#6018,
    #6026,#6034,#6042,#6050));
#5969 = ORIENTED_EDGE('',*,*,#5970,.F.);
#5970 = EDGE_CURVE('',#5658,#5971,#5973,.T.);
#5971 = VERTEX_POINT('',#5972);
#5972 = CARTESIAN_POINT('',(-0.9125,-0.46875,3.5E-02));
#5973 = LINE('',#5974,#5975);
#5974 = CARTESIAN_POINT('',(-0.9125,-0.546875,3.5E-02));
#5975 = VECTOR('',#5976,1.);
#5976 = DIRECTION('',(0.,1.,0.));
#5977 = ORIENTED_EDGE('',*,*,#5720,.T.);
#5978 = ORIENTED_EDGE('',*,*,#5979,.F.);
#5979 = EDGE_CURVE('',#5980,#5713,#5982,.T.);
#5980 = VERTEX_POINT('',#5981);
#5981 = CARTESIAN_POINT('',(0.9125,-0.46875,3.5E-02));
#5982 = LINE('',#5983,#5984);
#5983 = CARTESIAN_POINT('',(0.9125,-0.703125,3.5E-02));
#5984 = VECTOR('',#5985,1.);
#5985 = DIRECTION('',(0.,-1.,0.));
#5986 = ORIENTED_EDGE('',*,*,#5987,.F.);
#5987 = EDGE_CURVE('',#5988,#5980,#5990,.T.);
#5988 = VERTEX_POINT('',#5989);
#5989 = CARTESIAN_POINT('',(0.65,-0.46875,3.5E-02));
#5990 = LINE('',#5991,#5992);
#5991 = CARTESIAN_POINT('',(-2.625E-02,-0.46875,3.5E-02));
#5992 = VECTOR('',#5993,1.);
#5993 = DIRECTION('',(1.,0.,0.));
#5994 = ORIENTED_EDGE('',*,*,#5995,.T.);
#5995 = EDGE_CURVE('',#5988,#5996,#5998,.T.);
#5996 = VERTEX_POINT('',#5997);
#5997 = CARTESIAN_POINT('',(0.65,0.46875,3.5E-02));
#5998 = LINE('',#5999,#6000);
#5999 = CARTESIAN_POINT('',(0.65,-0.625,3.5E-02));
#6000 = VECTOR('',#6001,1.);
#6001 = DIRECTION('',(0.,1.,0.));
#6002 = ORIENTED_EDGE('',*,*,#6003,.F.);
#6003 = EDGE_CURVE('',#6004,#5996,#6006,.T.);
#6004 = VERTEX_POINT('',#6005);
#6005 = CARTESIAN_POINT('',(0.9125,0.46875,3.5E-02));
#6006 = LINE('',#6007,#6008);
#6007 = CARTESIAN_POINT('',(-0.93875,0.46875,3.5E-02));
#6008 = VECTOR('',#6009,1.);
#6009 = DIRECTION('',(-1.,0.,0.));
#6010 = ORIENTED_EDGE('',*,*,#6011,.F.);
#6011 = EDGE_CURVE('',#6012,#6004,#6014,.T.);
#6012 = VERTEX_POINT('',#6013);
#6013 = CARTESIAN_POINT('',(0.9125,0.625,3.5E-02));
#6014 = LINE('',#6015,#6016);
#6015 = CARTESIAN_POINT('',(0.9125,-7.8125E-02,3.5E-02));
#6016 = VECTOR('',#6017,1.);
#6017 = DIRECTION('',(0.,-1.,0.));
#6018 = ORIENTED_EDGE('',*,*,#6019,.F.);
#6019 = EDGE_CURVE('',#6020,#6012,#6022,.T.);
#6020 = VERTEX_POINT('',#6021);
#6021 = CARTESIAN_POINT('',(-0.9125,0.625,3.5E-02));
#6022 = LINE('',#6023,#6024);
#6023 = CARTESIAN_POINT('',(-0.965,0.625,3.5E-02));
#6024 = VECTOR('',#6025,1.);
#6025 = DIRECTION('',(1.,0.,0.));
#6026 = ORIENTED_EDGE('',*,*,#6027,.F.);
#6027 = EDGE_CURVE('',#6028,#6020,#6030,.T.);
#6028 = VERTEX_POINT('',#6029);
#6029 = CARTESIAN_POINT('',(-0.9125,0.46875,3.5E-02));
#6030 = LINE('',#6031,#6032);
#6031 = CARTESIAN_POINT('',(-0.9125,7.8125E-02,3.5E-02));
#6032 = VECTOR('',#6033,1.);
#6033 = DIRECTION('',(0.,1.,0.));
#6034 = ORIENTED_EDGE('',*,*,#6035,.F.);
#6035 = EDGE_CURVE('',#6036,#6028,#6038,.T.);
#6036 = VERTEX_POINT('',#6037);
#6037 = CARTESIAN_POINT('',(-0.65,0.46875,3.5E-02));
#6038 = LINE('',#6039,#6040);
#6039 = CARTESIAN_POINT('',(-0.93875,0.46875,3.5E-02));
#6040 = VECTOR('',#6041,1.);
#6041 = DIRECTION('',(-1.,0.,0.));
#6042 = ORIENTED_EDGE('',*,*,#6043,.F.);
#6043 = EDGE_CURVE('',#6044,#6036,#6046,.T.);
#6044 = VERTEX_POINT('',#6045);
#6045 = CARTESIAN_POINT('',(-0.65,-0.46875,3.5E-02));
#6046 = LINE('',#6047,#6048);
#6047 = CARTESIAN_POINT('',(-0.65,-0.625,3.5E-02));
#6048 = VECTOR('',#6049,1.);
#6049 = DIRECTION('',(0.,1.,0.));
#6050 = ORIENTED_EDGE('',*,*,#6051,.F.);
#6051 = EDGE_CURVE('',#5971,#6044,#6052,.T.);
#6052 = LINE('',#6053,#6054);
#6053 = CARTESIAN_POINT('',(-2.625E-02,-0.46875,3.5E-02));
#6054 = VECTOR('',#6055,1.);
#6055 = DIRECTION('',(1.,0.,0.));
#6056 = FACE_BOUND('',#6057,.F.);
#6057 = EDGE_LOOP('',(#6058,#6068,#6076));
#6058 = ORIENTED_EDGE('',*,*,#6059,.T.);
#6059 = EDGE_CURVE('',#6060,#6062,#6064,.T.);
#6060 = VERTEX_POINT('',#6061);
#6061 = CARTESIAN_POINT('',(0.433012701892,0.5,3.5E-02));
#6062 = VERTEX_POINT('',#6063);
#6063 = CARTESIAN_POINT('',(0.433012701892,-0.5,3.5E-02));
#6064 = LINE('',#6065,#6066);
#6065 = CARTESIAN_POINT('',(0.433012701892,0.5,3.5E-02));
#6066 = VECTOR('',#6067,1.);
#6067 = DIRECTION('',(0.,-1.,0.));
#6068 = ORIENTED_EDGE('',*,*,#6069,.T.);
#6069 = EDGE_CURVE('',#6062,#6070,#6072,.T.);
#6070 = VERTEX_POINT('',#6071);
#6071 = CARTESIAN_POINT('',(-0.433012701892,0.,3.5E-02));
#6072 = LINE('',#6073,#6074);
#6073 = CARTESIAN_POINT('',(0.433012701892,-0.5,3.5E-02));
#6074 = VECTOR('',#6075,1.);
#6075 = DIRECTION('',(-0.866025403784,0.5,0.));
#6076 = ORIENTED_EDGE('',*,*,#6077,.T.);
#6077 = EDGE_CURVE('',#6070,#6060,#6078,.T.);
#6078 = LINE('',#6079,#6080);
#6079 = CARTESIAN_POINT('',(-0.433012701892,0.,3.5E-02));
#6080 = VECTOR('',#6081,1.);
#6081 = DIRECTION('',(0.866025403784,0.5,0.));
#6082 = PLANE('',#6083);
#6083 = AXIS2_PLACEMENT_3D('',#6084,#6085,#6086);
#6084 = CARTESIAN_POINT('',(-0.965,-0.625,3.5E-02));
#6085 = DIRECTION('',(0.,0.,1.));
#6086 = DIRECTION('',(1.,0.,-0.));
#6087 = ADVANCED_FACE('',(#6088),#6149,.F.);
#6088 = FACE_BOUND('',#6089,.F.);
#6089 = EDGE_LOOP('',(#6090,#6100,#6106,#6107,#6108,#6109,#6117,#6125,
    #6134,#6142));
#6090 = ORIENTED_EDGE('',*,*,#6091,.F.);
#6091 = EDGE_CURVE('',#6092,#6094,#6096,.T.);
#6092 = VERTEX_POINT('',#6093);
#6093 = CARTESIAN_POINT('',(0.9125,-0.625,0.));
#6094 = VERTEX_POINT('',#6095);
#6095 = CARTESIAN_POINT('',(0.965,-0.625,-6.938893903907E-18));
#6096 = LINE('',#6097,#6098);
#6097 = CARTESIAN_POINT('',(0.65,-0.625,0.));
#6098 = VECTOR('',#6099,1.);
#6099 = DIRECTION('',(1.,0.,0.));
#6100 = ORIENTED_EDGE('',*,*,#6101,.F.);
#6101 = EDGE_CURVE('',#5713,#6092,#6102,.T.);
#6102 = LINE('',#6103,#6104);
#6103 = CARTESIAN_POINT('',(0.9125,-0.625,0.375));
#6104 = VECTOR('',#6105,1.);
#6105 = DIRECTION('',(0.,0.,-1.));
#6106 = ORIENTED_EDGE('',*,*,#5712,.T.);
#6107 = ORIENTED_EDGE('',*,*,#5704,.T.);
#6108 = ORIENTED_EDGE('',*,*,#5696,.F.);
#6109 = ORIENTED_EDGE('',*,*,#6110,.F.);
#6110 = EDGE_CURVE('',#6111,#5689,#6113,.T.);
#6111 = VERTEX_POINT('',#6112);
#6112 = CARTESIAN_POINT('',(0.9125,-0.625,0.5));
#6113 = LINE('',#6114,#6115);
#6114 = CARTESIAN_POINT('',(0.9125,-0.625,0.375));
#6115 = VECTOR('',#6116,1.);
#6116 = DIRECTION('',(0.,0.,-1.));
#6117 = ORIENTED_EDGE('',*,*,#6118,.T.);
#6118 = EDGE_CURVE('',#6111,#6119,#6121,.T.);
#6119 = VERTEX_POINT('',#6120);
#6120 = CARTESIAN_POINT('',(0.965,-0.625,0.5));
#6121 = LINE('',#6122,#6123);
#6122 = CARTESIAN_POINT('',(0.65,-0.625,0.5));
#6123 = VECTOR('',#6124,1.);
#6124 = DIRECTION('',(1.,0.,0.));
#6125 = ORIENTED_EDGE('',*,*,#6126,.F.);
#6126 = EDGE_CURVE('',#6127,#6119,#6129,.T.);
#6127 = VERTEX_POINT('',#6128);
#6128 = CARTESIAN_POINT('',(1.,-0.625,0.465));
#6129 = CIRCLE('',#6130,3.5E-02);
#6130 = AXIS2_PLACEMENT_3D('',#6131,#6132,#6133);
#6131 = CARTESIAN_POINT('',(0.965,-0.625,0.465));
#6132 = DIRECTION('',(0.,-1.,0.));
#6133 = DIRECTION('',(0.,0.,1.));
#6134 = ORIENTED_EDGE('',*,*,#6135,.F.);
#6135 = EDGE_CURVE('',#6136,#6127,#6138,.T.);
#6136 = VERTEX_POINT('',#6137);
#6137 = CARTESIAN_POINT('',(1.,-0.625,3.5E-02));
#6138 = LINE('',#6139,#6140);
#6139 = CARTESIAN_POINT('',(1.,-0.625,0.));
#6140 = VECTOR('',#6141,1.);
#6141 = DIRECTION('',(0.,0.,1.));
#6142 = ORIENTED_EDGE('',*,*,#6143,.T.);
#6143 = EDGE_CURVE('',#6136,#6094,#6144,.T.);
#6144 = CIRCLE('',#6145,3.5E-02);
#6145 = AXIS2_PLACEMENT_3D('',#6146,#6147,#6148);
#6146 = CARTESIAN_POINT('',(0.965,-0.625,3.5E-02));
#6147 = DIRECTION('',(0.,1.,0.));
#6148 = DIRECTION('',(0.,-0.,1.));
#6149 = PLANE('',#6150);
#6150 = AXIS2_PLACEMENT_3D('',#6151,#6152,#6153);
#6151 = CARTESIAN_POINT('',(0.65,-0.625,0.));
#6152 = DIRECTION('',(0.,1.,0.));
#6153 = DIRECTION('',(0.,-0.,1.));
#6154 = ADVANCED_FACE('',(#6155),#6173,.T.);
#6155 = FACE_BOUND('',#6156,.T.);
#6156 = EDGE_LOOP('',(#6157,#6165,#6166,#6167));
#6157 = ORIENTED_EDGE('',*,*,#6158,.F.);
#6158 = EDGE_CURVE('',#5761,#6159,#6161,.T.);
#6159 = VERTEX_POINT('',#6160);
#6160 = CARTESIAN_POINT('',(0.9125,-0.46875,0.465));
#6161 = LINE('',#6162,#6163);
#6162 = CARTESIAN_POINT('',(-2.625E-02,-0.46875,0.465));
#6163 = VECTOR('',#6164,1.);
#6164 = DIRECTION('',(1.,0.,0.));
#6165 = ORIENTED_EDGE('',*,*,#5760,.T.);
#6166 = ORIENTED_EDGE('',*,*,#5688,.T.);
#6167 = ORIENTED_EDGE('',*,*,#6168,.F.);
#6168 = EDGE_CURVE('',#6159,#5689,#6169,.T.);
#6169 = LINE('',#6170,#6171);
#6170 = CARTESIAN_POINT('',(0.9125,-0.703125,0.465));
#6171 = VECTOR('',#6172,1.);
#6172 = DIRECTION('',(0.,-1.,0.));
#6173 = PLANE('',#6174);
#6174 = AXIS2_PLACEMENT_3D('',#6175,#6176,#6177);
#6175 = CARTESIAN_POINT('',(-0.965,-0.625,0.465));
#6176 = DIRECTION('',(0.,0.,1.));
#6177 = DIRECTION('',(1.,0.,-0.));
#6178 = ADVANCED_FACE('',(#6179),#6204,.T.);
#6179 = FACE_BOUND('',#6180,.T.);
#6180 = EDGE_LOOP('',(#6181,#6189,#6190,#6198));
#6181 = ORIENTED_EDGE('',*,*,#6182,.F.);
#6182 = EDGE_CURVE('',#5777,#6183,#6185,.T.);
#6183 = VERTEX_POINT('',#6184);
#6184 = CARTESIAN_POINT('',(0.9125,0.625,0.465));
#6185 = LINE('',#6186,#6187);
#6186 = CARTESIAN_POINT('',(-0.965,0.625,0.465));
#6187 = VECTOR('',#6188,1.);
#6188 = DIRECTION('',(1.,0.,0.));
#6189 = ORIENTED_EDGE('',*,*,#5776,.T.);
#6190 = ORIENTED_EDGE('',*,*,#6191,.F.);
#6191 = EDGE_CURVE('',#6192,#5769,#6194,.T.);
#6192 = VERTEX_POINT('',#6193);
#6193 = CARTESIAN_POINT('',(0.9125,0.46875,0.465));
#6194 = LINE('',#6195,#6196);
#6195 = CARTESIAN_POINT('',(-0.93875,0.46875,0.465));
#6196 = VECTOR('',#6197,1.);
#6197 = DIRECTION('',(-1.,0.,0.));
#6198 = ORIENTED_EDGE('',*,*,#6199,.F.);
#6199 = EDGE_CURVE('',#6183,#6192,#6200,.T.);
#6200 = LINE('',#6201,#6202);
#6201 = CARTESIAN_POINT('',(0.9125,-7.8125E-02,0.465));
#6202 = VECTOR('',#6203,1.);
#6203 = DIRECTION('',(0.,-1.,0.));
#6204 = PLANE('',#6205);
#6205 = AXIS2_PLACEMENT_3D('',#6206,#6207,#6208);
#6206 = CARTESIAN_POINT('',(-0.965,-0.625,0.465));
#6207 = DIRECTION('',(0.,0.,1.));
#6208 = DIRECTION('',(1.,0.,-0.));
#6209 = ADVANCED_FACE('',(#6210),#6237,.T.);
#6210 = FACE_BOUND('',#6211,.T.);
#6211 = EDGE_LOOP('',(#6212,#6213,#6222,#6230));
#6212 = ORIENTED_EDGE('',*,*,#5768,.T.);
#6213 = ORIENTED_EDGE('',*,*,#6214,.T.);
#6214 = EDGE_CURVE('',#5761,#6215,#6217,.T.);
#6215 = VERTEX_POINT('',#6216);
#6216 = CARTESIAN_POINT('',(0.685,-0.46875,0.5));
#6217 = CIRCLE('',#6218,3.5E-02);
#6218 = AXIS2_PLACEMENT_3D('',#6219,#6220,#6221);
#6219 = CARTESIAN_POINT('',(0.685,-0.46875,0.465));
#6220 = DIRECTION('',(0.,1.,-0.));
#6221 = DIRECTION('',(-1.,0.,0.));
#6222 = ORIENTED_EDGE('',*,*,#6223,.T.);
#6223 = EDGE_CURVE('',#6215,#6224,#6226,.T.);
#6224 = VERTEX_POINT('',#6225);
#6225 = CARTESIAN_POINT('',(0.685,0.46875,0.5));
#6226 = LINE('',#6227,#6228);
#6227 = CARTESIAN_POINT('',(0.685,-0.625,0.5));
#6228 = VECTOR('',#6229,1.);
#6229 = DIRECTION('',(0.,1.,0.));
#6230 = ORIENTED_EDGE('',*,*,#6231,.F.);
#6231 = EDGE_CURVE('',#5769,#6224,#6232,.T.);
#6232 = CIRCLE('',#6233,3.5E-02);
#6233 = AXIS2_PLACEMENT_3D('',#6234,#6235,#6236);
#6234 = CARTESIAN_POINT('',(0.685,0.46875,0.465));
#6235 = DIRECTION('',(0.,1.,-0.));
#6236 = DIRECTION('',(-1.,0.,0.));
#6237 = CYLINDRICAL_SURFACE('',#6238,3.5E-02);
#6238 = AXIS2_PLACEMENT_3D('',#6239,#6240,#6241);
#6239 = CARTESIAN_POINT('',(0.685,-0.625,0.465));
#6240 = DIRECTION('',(0.,1.,0.));
#6241 = DIRECTION('',(-1.,0.,0.));
#6242 = ADVANCED_FACE('',(#6243),#6293,.T.);
#6243 = FACE_BOUND('',#6244,.T.);
#6244 = EDGE_LOOP('',(#6245,#6253,#6261,#6267,#6268,#6269,#6270,#6278,
    #6286,#6292));
#6245 = ORIENTED_EDGE('',*,*,#6246,.F.);
#6246 = EDGE_CURVE('',#6247,#6020,#6249,.T.);
#6247 = VERTEX_POINT('',#6248);
#6248 = CARTESIAN_POINT('',(-0.965,0.625,3.5E-02));
#6249 = LINE('',#6250,#6251);
#6250 = CARTESIAN_POINT('',(-0.965,0.625,3.5E-02));
#6251 = VECTOR('',#6252,1.);
#6252 = DIRECTION('',(1.,0.,0.));
#6253 = ORIENTED_EDGE('',*,*,#6254,.T.);
#6254 = EDGE_CURVE('',#6247,#6255,#6257,.T.);
#6255 = VERTEX_POINT('',#6256);
#6256 = CARTESIAN_POINT('',(-0.965,0.625,0.465));
#6257 = LINE('',#6258,#6259);
#6258 = CARTESIAN_POINT('',(-0.965,0.625,3.5E-02));
#6259 = VECTOR('',#6260,1.);
#6260 = DIRECTION('',(0.,0.,1.));
#6261 = ORIENTED_EDGE('',*,*,#6262,.T.);
#6262 = EDGE_CURVE('',#6255,#5799,#6263,.T.);
#6263 = LINE('',#6264,#6265);
#6264 = CARTESIAN_POINT('',(-0.965,0.625,0.465));
#6265 = VECTOR('',#6266,1.);
#6266 = DIRECTION('',(1.,0.,0.));
#6267 = ORIENTED_EDGE('',*,*,#5798,.T.);
#6268 = ORIENTED_EDGE('',*,*,#5832,.F.);
#6269 = ORIENTED_EDGE('',*,*,#6182,.T.);
#6270 = ORIENTED_EDGE('',*,*,#6271,.T.);
#6271 = EDGE_CURVE('',#6183,#6272,#6274,.T.);
#6272 = VERTEX_POINT('',#6273);
#6273 = CARTESIAN_POINT('',(0.965,0.625,0.465));
#6274 = LINE('',#6275,#6276);
#6275 = CARTESIAN_POINT('',(-0.965,0.625,0.465));
#6276 = VECTOR('',#6277,1.);
#6277 = DIRECTION('',(1.,0.,0.));
#6278 = ORIENTED_EDGE('',*,*,#6279,.F.);
#6279 = EDGE_CURVE('',#6280,#6272,#6282,.T.);
#6280 = VERTEX_POINT('',#6281);
#6281 = CARTESIAN_POINT('',(0.965,0.625,3.5E-02));
#6282 = LINE('',#6283,#6284);
#6283 = CARTESIAN_POINT('',(0.965,0.625,3.5E-02));
#6284 = VECTOR('',#6285,1.);
#6285 = DIRECTION('',(0.,0.,1.));
#6286 = ORIENTED_EDGE('',*,*,#6287,.F.);
#6287 = EDGE_CURVE('',#6012,#6280,#6288,.T.);
#6288 = LINE('',#6289,#6290);
#6289 = CARTESIAN_POINT('',(-0.965,0.625,3.5E-02));
#6290 = VECTOR('',#6291,1.);
#6291 = DIRECTION('',(1.,0.,0.));
#6292 = ORIENTED_EDGE('',*,*,#6019,.F.);
#6293 = PLANE('',#6294);
#6294 = AXIS2_PLACEMENT_3D('',#6295,#6296,#6297);
#6295 = CARTESIAN_POINT('',(-0.965,0.625,3.5E-02));
#6296 = DIRECTION('',(0.,1.,0.));
#6297 = DIRECTION('',(0.,-0.,1.));
#6298 = ADVANCED_FACE('',(#6299),#6317,.F.);
#6299 = FACE_BOUND('',#6300,.F.);
#6300 = EDGE_LOOP('',(#6301,#6309,#6315,#6316));
#6301 = ORIENTED_EDGE('',*,*,#6302,.F.);
#6302 = EDGE_CURVE('',#6303,#5847,#6305,.T.);
#6303 = VERTEX_POINT('',#6304);
#6304 = CARTESIAN_POINT('',(-0.9125,0.46875,0.5));
#6305 = LINE('',#6306,#6307);
#6306 = CARTESIAN_POINT('',(-0.95625,0.46875,0.5));
#6307 = VECTOR('',#6308,1.);
#6308 = DIRECTION('',(1.,0.,0.));
#6309 = ORIENTED_EDGE('',*,*,#6310,.T.);
#6310 = EDGE_CURVE('',#6303,#5807,#6311,.T.);
#6311 = LINE('',#6312,#6313);
#6312 = CARTESIAN_POINT('',(-0.9125,0.46875,0.75));
#6313 = VECTOR('',#6314,1.);
#6314 = DIRECTION('',(-0.,-0.,-1.));
#6315 = ORIENTED_EDGE('',*,*,#5814,.F.);
#6316 = ORIENTED_EDGE('',*,*,#5846,.F.);
#6317 = PLANE('',#6318);
#6318 = AXIS2_PLACEMENT_3D('',#6319,#6320,#6321);
#6319 = CARTESIAN_POINT('',(-0.9125,0.46875,0.75));
#6320 = DIRECTION('',(0.,-1.,0.));
#6321 = DIRECTION('',(1.,0.,0.));
#6322 = ADVANCED_FACE('',(#6323),#6341,.F.);
#6323 = FACE_BOUND('',#6324,.F.);
#6324 = EDGE_LOOP('',(#6325,#6326,#6334,#6340));
#6325 = ORIENTED_EDGE('',*,*,#6310,.F.);
#6326 = ORIENTED_EDGE('',*,*,#6327,.F.);
#6327 = EDGE_CURVE('',#6328,#6303,#6330,.T.);
#6328 = VERTEX_POINT('',#6329);
#6329 = CARTESIAN_POINT('',(-0.9125,0.625,0.5));
#6330 = LINE('',#6331,#6332);
#6331 = CARTESIAN_POINT('',(-0.9125,7.8125E-02,0.5));
#6332 = VECTOR('',#6333,1.);
#6333 = DIRECTION('',(0.,-1.,0.));
#6334 = ORIENTED_EDGE('',*,*,#6335,.F.);
#6335 = EDGE_CURVE('',#5799,#6328,#6336,.T.);
#6336 = LINE('',#6337,#6338);
#6337 = CARTESIAN_POINT('',(-0.9125,0.625,0.375));
#6338 = VECTOR('',#6339,1.);
#6339 = DIRECTION('',(0.,0.,1.));
#6340 = ORIENTED_EDGE('',*,*,#5806,.F.);
#6341 = PLANE('',#6342);
#6342 = AXIS2_PLACEMENT_3D('',#6343,#6344,#6345);
#6343 = CARTESIAN_POINT('',(-0.9125,0.78125,0.75));
#6344 = DIRECTION('',(-1.,0.,0.));
#6345 = DIRECTION('',(0.,-1.,0.));
#6346 = ADVANCED_FACE('',(#6347),#6365,.F.);
#6347 = FACE_BOUND('',#6348,.F.);
#6348 = EDGE_LOOP('',(#6349,#6357,#6363,#6364));
#6349 = ORIENTED_EDGE('',*,*,#6350,.F.);
#6350 = EDGE_CURVE('',#6351,#5880,#6353,.T.);
#6351 = VERTEX_POINT('',#6352);
#6352 = CARTESIAN_POINT('',(-0.9125,-0.46875,0.5));
#6353 = LINE('',#6354,#6355);
#6354 = CARTESIAN_POINT('',(-0.9125,-0.46875,0.75));
#6355 = VECTOR('',#6356,1.);
#6356 = DIRECTION('',(-0.,-0.,-1.));
#6357 = ORIENTED_EDGE('',*,*,#6358,.F.);
#6358 = EDGE_CURVE('',#5856,#6351,#6359,.T.);
#6359 = LINE('',#6360,#6361);
#6360 = CARTESIAN_POINT('',(-4.375E-02,-0.46875,0.5));
#6361 = VECTOR('',#6362,1.);
#6362 = DIRECTION('',(-1.,0.,0.));
#6363 = ORIENTED_EDGE('',*,*,#5863,.T.);
#6364 = ORIENTED_EDGE('',*,*,#5889,.F.);
#6365 = PLANE('',#6366);
#6366 = AXIS2_PLACEMENT_3D('',#6367,#6368,#6369);
#6367 = CARTESIAN_POINT('',(0.9125,-0.46875,0.75));
#6368 = DIRECTION('',(0.,1.,0.));
#6369 = DIRECTION('',(-1.,0.,0.));
#6370 = ADVANCED_FACE('',(#6371),#6398,.T.);
#6371 = FACE_BOUND('',#6372,.T.);
#6372 = EDGE_LOOP('',(#6373,#6381,#6387,#6388,#6394,#6395,#6396,#6397));
#6373 = ORIENTED_EDGE('',*,*,#6374,.F.);
#6374 = EDGE_CURVE('',#6375,#6328,#6377,.T.);
#6375 = VERTEX_POINT('',#6376);
#6376 = CARTESIAN_POINT('',(-0.965,0.625,0.5));
#6377 = LINE('',#6378,#6379);
#6378 = CARTESIAN_POINT('',(-1.,0.625,0.5));
#6379 = VECTOR('',#6380,1.);
#6380 = DIRECTION('',(1.,0.,0.));
#6381 = ORIENTED_EDGE('',*,*,#6382,.F.);
#6382 = EDGE_CURVE('',#5931,#6375,#6383,.T.);
#6383 = LINE('',#6384,#6385);
#6384 = CARTESIAN_POINT('',(-0.965,-0.625,0.5));
#6385 = VECTOR('',#6386,1.);
#6386 = DIRECTION('',(0.,1.,0.));
#6387 = ORIENTED_EDGE('',*,*,#5939,.T.);
#6388 = ORIENTED_EDGE('',*,*,#6389,.F.);
#6389 = EDGE_CURVE('',#6351,#5940,#6390,.T.);
#6390 = LINE('',#6391,#6392);
#6391 = CARTESIAN_POINT('',(-0.9125,-0.546875,0.5));
#6392 = VECTOR('',#6393,1.);
#6393 = DIRECTION('',(0.,-1.,0.));
#6394 = ORIENTED_EDGE('',*,*,#6358,.F.);
#6395 = ORIENTED_EDGE('',*,*,#5855,.T.);
#6396 = ORIENTED_EDGE('',*,*,#6302,.F.);
#6397 = ORIENTED_EDGE('',*,*,#6327,.F.);
#6398 = PLANE('',#6399);
#6399 = AXIS2_PLACEMENT_3D('',#6400,#6401,#6402);
#6400 = CARTESIAN_POINT('',(-1.,-0.625,0.5));
#6401 = DIRECTION('',(0.,0.,1.));
#6402 = DIRECTION('',(1.,0.,-0.));
#6403 = ADVANCED_FACE('',(#6404),#6410,.F.);
#6404 = FACE_BOUND('',#6405,.F.);
#6405 = EDGE_LOOP('',(#6406,#6407,#6408,#6409));
#6406 = ORIENTED_EDGE('',*,*,#6389,.F.);
#6407 = ORIENTED_EDGE('',*,*,#6350,.T.);
#6408 = ORIENTED_EDGE('',*,*,#5879,.F.);
#6409 = ORIENTED_EDGE('',*,*,#5947,.T.);
#6410 = PLANE('',#6411);
#6411 = AXIS2_PLACEMENT_3D('',#6412,#6413,#6414);
#6412 = CARTESIAN_POINT('',(-0.9125,-0.46875,0.75));
#6413 = DIRECTION('',(-1.,0.,0.));
#6414 = DIRECTION('',(0.,-1.,0.));
#6415 = ADVANCED_FACE('',(#6416),#6473,.F.);
#6416 = FACE_BOUND('',#6417,.F.);
#6417 = EDGE_LOOP('',(#6418,#6428,#6434,#6435,#6443,#6451,#6459,#6467));
#6418 = ORIENTED_EDGE('',*,*,#6419,.F.);
#6419 = EDGE_CURVE('',#6420,#6422,#6424,.T.);
#6420 = VERTEX_POINT('',#6421);
#6421 = CARTESIAN_POINT('',(-0.965,0.625,-6.938893903907E-18));
#6422 = VERTEX_POINT('',#6423);
#6423 = CARTESIAN_POINT('',(-0.9125,0.625,0.));
#6424 = LINE('',#6425,#6426);
#6425 = CARTESIAN_POINT('',(-1.,0.625,0.));
#6426 = VECTOR('',#6427,1.);
#6427 = DIRECTION('',(1.,0.,0.));
#6428 = ORIENTED_EDGE('',*,*,#6429,.F.);
#6429 = EDGE_CURVE('',#5904,#6420,#6430,.T.);
#6430 = LINE('',#6431,#6432);
#6431 = CARTESIAN_POINT('',(-0.965,-0.625,-6.938893903907E-18));
#6432 = VECTOR('',#6433,1.);
#6433 = DIRECTION('',(0.,1.,0.));
#6434 = ORIENTED_EDGE('',*,*,#5903,.T.);
#6435 = ORIENTED_EDGE('',*,*,#6436,.F.);
#6436 = EDGE_CURVE('',#6437,#5906,#6439,.T.);
#6437 = VERTEX_POINT('',#6438);
#6438 = CARTESIAN_POINT('',(-0.9125,-0.46875,0.));
#6439 = LINE('',#6440,#6441);
#6440 = CARTESIAN_POINT('',(-0.9125,-0.546875,0.));
#6441 = VECTOR('',#6442,1.);
#6442 = DIRECTION('',(0.,-1.,0.));
#6443 = ORIENTED_EDGE('',*,*,#6444,.F.);
#6444 = EDGE_CURVE('',#6445,#6437,#6447,.T.);
#6445 = VERTEX_POINT('',#6446);
#6446 = CARTESIAN_POINT('',(-0.685,-0.46875,-6.938893903907E-18));
#6447 = LINE('',#6448,#6449);
#6448 = CARTESIAN_POINT('',(-4.375E-02,-0.46875,0.));
#6449 = VECTOR('',#6450,1.);
#6450 = DIRECTION('',(-1.,0.,0.));
#6451 = ORIENTED_EDGE('',*,*,#6452,.T.);
#6452 = EDGE_CURVE('',#6445,#6453,#6455,.T.);
#6453 = VERTEX_POINT('',#6454);
#6454 = CARTESIAN_POINT('',(-0.685,0.46875,-6.938893903907E-18));
#6455 = LINE('',#6456,#6457);
#6456 = CARTESIAN_POINT('',(-0.685,-0.625,-6.938893903907E-18));
#6457 = VECTOR('',#6458,1.);
#6458 = DIRECTION('',(0.,1.,0.));
#6459 = ORIENTED_EDGE('',*,*,#6460,.F.);
#6460 = EDGE_CURVE('',#6461,#6453,#6463,.T.);
#6461 = VERTEX_POINT('',#6462);
#6462 = CARTESIAN_POINT('',(-0.9125,0.46875,0.));
#6463 = LINE('',#6464,#6465);
#6464 = CARTESIAN_POINT('',(-0.95625,0.46875,0.));
#6465 = VECTOR('',#6466,1.);
#6466 = DIRECTION('',(1.,0.,0.));
#6467 = ORIENTED_EDGE('',*,*,#6468,.F.);
#6468 = EDGE_CURVE('',#6422,#6461,#6469,.T.);
#6469 = LINE('',#6470,#6471);
#6470 = CARTESIAN_POINT('',(-0.9125,7.8125E-02,0.));
#6471 = VECTOR('',#6472,1.);
#6472 = DIRECTION('',(0.,-1.,0.));
#6473 = PLANE('',#6474);
#6474 = AXIS2_PLACEMENT_3D('',#6475,#6476,#6477);
#6475 = CARTESIAN_POINT('',(-1.,-0.625,0.));
#6476 = DIRECTION('',(0.,0.,1.));
#6477 = DIRECTION('',(1.,0.,-0.));
#6478 = ADVANCED_FACE('',(#6479),#6498,.T.);
#6479 = FACE_BOUND('',#6480,.T.);
#6480 = EDGE_LOOP('',(#6481,#6489,#6496,#6497));
#6481 = ORIENTED_EDGE('',*,*,#6482,.T.);
#6482 = EDGE_CURVE('',#5914,#6483,#6485,.T.);
#6483 = VERTEX_POINT('',#6484);
#6484 = CARTESIAN_POINT('',(-1.,0.625,3.5E-02));
#6485 = LINE('',#6486,#6487);
#6486 = CARTESIAN_POINT('',(-1.,-0.625,3.5E-02));
#6487 = VECTOR('',#6488,1.);
#6488 = DIRECTION('',(0.,1.,0.));
#6489 = ORIENTED_EDGE('',*,*,#6490,.T.);
#6490 = EDGE_CURVE('',#6483,#6420,#6491,.T.);
#6491 = CIRCLE('',#6492,3.5E-02);
#6492 = AXIS2_PLACEMENT_3D('',#6493,#6494,#6495);
#6493 = CARTESIAN_POINT('',(-0.965,0.625,3.5E-02));
#6494 = DIRECTION('',(0.,-1.,0.));
#6495 = DIRECTION('',(0.,0.,1.));
#6496 = ORIENTED_EDGE('',*,*,#6429,.F.);
#6497 = ORIENTED_EDGE('',*,*,#5913,.F.);
#6498 = CYLINDRICAL_SURFACE('',#6499,3.5E-02);
#6499 = AXIS2_PLACEMENT_3D('',#6500,#6501,#6502);
#6500 = CARTESIAN_POINT('',(-0.965,-0.625,3.5E-02));
#6501 = DIRECTION('',(0.,1.,0.));
#6502 = DIRECTION('',(-1.,0.,0.));
#6503 = ADVANCED_FACE('',(#6504),#6515,.F.);
#6504 = FACE_BOUND('',#6505,.F.);
#6505 = EDGE_LOOP('',(#6506,#6507,#6513,#6514));
#6506 = ORIENTED_EDGE('',*,*,#5970,.T.);
#6507 = ORIENTED_EDGE('',*,*,#6508,.T.);
#6508 = EDGE_CURVE('',#5971,#6437,#6509,.T.);
#6509 = LINE('',#6510,#6511);
#6510 = CARTESIAN_POINT('',(-0.9125,-0.46875,0.75));
#6511 = VECTOR('',#6512,1.);
#6512 = DIRECTION('',(-0.,-0.,-1.));
#6513 = ORIENTED_EDGE('',*,*,#6436,.T.);
#6514 = ORIENTED_EDGE('',*,*,#5956,.T.);
#6515 = PLANE('',#6516);
#6516 = AXIS2_PLACEMENT_3D('',#6517,#6518,#6519);
#6517 = CARTESIAN_POINT('',(-0.9125,-0.46875,0.75));
#6518 = DIRECTION('',(-1.,0.,0.));
#6519 = DIRECTION('',(0.,-1.,0.));
#6520 = ADVANCED_FACE('',(#6521),#6539,.F.);
#6521 = FACE_BOUND('',#6522,.F.);
#6522 = EDGE_LOOP('',(#6523,#6524,#6525,#6533));
#6523 = ORIENTED_EDGE('',*,*,#5922,.F.);
#6524 = ORIENTED_EDGE('',*,*,#6482,.T.);
#6525 = ORIENTED_EDGE('',*,*,#6526,.T.);
#6526 = EDGE_CURVE('',#6483,#6527,#6529,.T.);
#6527 = VERTEX_POINT('',#6528);
#6528 = CARTESIAN_POINT('',(-1.,0.625,0.465));
#6529 = LINE('',#6530,#6531);
#6530 = CARTESIAN_POINT('',(-1.,0.625,0.));
#6531 = VECTOR('',#6532,1.);
#6532 = DIRECTION('',(0.,0.,1.));
#6533 = ORIENTED_EDGE('',*,*,#6534,.F.);
#6534 = EDGE_CURVE('',#5923,#6527,#6535,.T.);
#6535 = LINE('',#6536,#6537);
#6536 = CARTESIAN_POINT('',(-1.,-0.625,0.465));
#6537 = VECTOR('',#6538,1.);
#6538 = DIRECTION('',(0.,1.,0.));
#6539 = PLANE('',#6540);
#6540 = AXIS2_PLACEMENT_3D('',#6541,#6542,#6543);
#6541 = CARTESIAN_POINT('',(-1.,-0.625,0.));
#6542 = DIRECTION('',(1.,0.,0.));
#6543 = DIRECTION('',(0.,0.,1.));
#6544 = ADVANCED_FACE('',(#6545),#6557,.T.);
#6545 = FACE_BOUND('',#6546,.T.);
#6546 = EDGE_LOOP('',(#6547,#6548,#6549,#6556));
#6547 = ORIENTED_EDGE('',*,*,#5930,.T.);
#6548 = ORIENTED_EDGE('',*,*,#6382,.T.);
#6549 = ORIENTED_EDGE('',*,*,#6550,.F.);
#6550 = EDGE_CURVE('',#6527,#6375,#6551,.T.);
#6551 = CIRCLE('',#6552,3.5E-02);
#6552 = AXIS2_PLACEMENT_3D('',#6553,#6554,#6555);
#6553 = CARTESIAN_POINT('',(-0.965,0.625,0.465));
#6554 = DIRECTION('',(0.,1.,0.));
#6555 = DIRECTION('',(0.,-0.,1.));
#6556 = ORIENTED_EDGE('',*,*,#6534,.F.);
#6557 = CYLINDRICAL_SURFACE('',#6558,3.5E-02);
#6558 = AXIS2_PLACEMENT_3D('',#6559,#6560,#6561);
#6559 = CARTESIAN_POINT('',(-0.965,-0.625,0.465));
#6560 = DIRECTION('',(0.,1.,0.));
#6561 = DIRECTION('',(-1.,0.,0.));
#6562 = ADVANCED_FACE('',(#6563),#6575,.F.);
#6563 = FACE_BOUND('',#6564,.F.);
#6564 = EDGE_LOOP('',(#6565,#6566,#6567,#6574));
#6565 = ORIENTED_EDGE('',*,*,#6508,.F.);
#6566 = ORIENTED_EDGE('',*,*,#6051,.T.);
#6567 = ORIENTED_EDGE('',*,*,#6568,.T.);
#6568 = EDGE_CURVE('',#6044,#6445,#6569,.T.);
#6569 = CIRCLE('',#6570,3.5E-02);
#6570 = AXIS2_PLACEMENT_3D('',#6571,#6572,#6573);
#6571 = CARTESIAN_POINT('',(-0.685,-0.46875,3.5E-02));
#6572 = DIRECTION('',(-0.,1.,0.));
#6573 = DIRECTION('',(1.,0.,0.));
#6574 = ORIENTED_EDGE('',*,*,#6444,.T.);
#6575 = PLANE('',#6576);
#6576 = AXIS2_PLACEMENT_3D('',#6577,#6578,#6579);
#6577 = CARTESIAN_POINT('',(0.9125,-0.46875,0.75));
#6578 = DIRECTION('',(0.,1.,0.));
#6579 = DIRECTION('',(-1.,0.,0.));
#6580 = ADVANCED_FACE('',(#6581),#6593,.T.);
#6581 = FACE_BOUND('',#6582,.T.);
#6582 = EDGE_LOOP('',(#6583,#6584,#6585,#6586));
#6583 = ORIENTED_EDGE('',*,*,#6043,.F.);
#6584 = ORIENTED_EDGE('',*,*,#6568,.T.);
#6585 = ORIENTED_EDGE('',*,*,#6452,.T.);
#6586 = ORIENTED_EDGE('',*,*,#6587,.F.);
#6587 = EDGE_CURVE('',#6036,#6453,#6588,.T.);
#6588 = CIRCLE('',#6589,3.5E-02);
#6589 = AXIS2_PLACEMENT_3D('',#6590,#6591,#6592);
#6590 = CARTESIAN_POINT('',(-0.685,0.46875,3.5E-02));
#6591 = DIRECTION('',(-0.,1.,0.));
#6592 = DIRECTION('',(1.,0.,0.));
#6593 = CYLINDRICAL_SURFACE('',#6594,3.5E-02);
#6594 = AXIS2_PLACEMENT_3D('',#6595,#6596,#6597);
#6595 = CARTESIAN_POINT('',(-0.685,-0.625,3.5E-02));
#6596 = DIRECTION('',(0.,1.,0.));
#6597 = DIRECTION('',(1.,0.,0.));
#6598 = ADVANCED_FACE('',(#6599),#6610,.F.);
#6599 = FACE_BOUND('',#6600,.F.);
#6600 = EDGE_LOOP('',(#6601,#6602,#6608,#6609));
#6601 = ORIENTED_EDGE('',*,*,#6035,.T.);
#6602 = ORIENTED_EDGE('',*,*,#6603,.T.);
#6603 = EDGE_CURVE('',#6028,#6461,#6604,.T.);
#6604 = LINE('',#6605,#6606);
#6605 = CARTESIAN_POINT('',(-0.9125,0.46875,0.75));
#6606 = VECTOR('',#6607,1.);
#6607 = DIRECTION('',(-0.,-0.,-1.));
#6608 = ORIENTED_EDGE('',*,*,#6460,.T.);
#6609 = ORIENTED_EDGE('',*,*,#6587,.F.);
#6610 = PLANE('',#6611);
#6611 = AXIS2_PLACEMENT_3D('',#6612,#6613,#6614);
#6612 = CARTESIAN_POINT('',(-0.9125,0.46875,0.75));
#6613 = DIRECTION('',(0.,-1.,0.));
#6614 = DIRECTION('',(1.,0.,0.));
#6615 = ADVANCED_FACE('',(#6616),#6627,.F.);
#6616 = FACE_BOUND('',#6617,.F.);
#6617 = EDGE_LOOP('',(#6618,#6619,#6620,#6626));
#6618 = ORIENTED_EDGE('',*,*,#6603,.F.);
#6619 = ORIENTED_EDGE('',*,*,#6027,.T.);
#6620 = ORIENTED_EDGE('',*,*,#6621,.F.);
#6621 = EDGE_CURVE('',#6422,#6020,#6622,.T.);
#6622 = LINE('',#6623,#6624);
#6623 = CARTESIAN_POINT('',(-0.9125,0.625,0.375));
#6624 = VECTOR('',#6625,1.);
#6625 = DIRECTION('',(0.,0.,1.));
#6626 = ORIENTED_EDGE('',*,*,#6468,.T.);
#6627 = PLANE('',#6628);
#6628 = AXIS2_PLACEMENT_3D('',#6629,#6630,#6631);
#6629 = CARTESIAN_POINT('',(-0.9125,0.78125,0.75));
#6630 = DIRECTION('',(-1.,0.,0.));
#6631 = DIRECTION('',(0.,-1.,0.));
#6632 = ADVANCED_FACE('',(#6633),#6658,.F.);
#6633 = FACE_BOUND('',#6634,.F.);
#6634 = EDGE_LOOP('',(#6635,#6636,#6644,#6652));
#6635 = ORIENTED_EDGE('',*,*,#6011,.T.);
#6636 = ORIENTED_EDGE('',*,*,#6637,.T.);
#6637 = EDGE_CURVE('',#6004,#6638,#6640,.T.);
#6638 = VERTEX_POINT('',#6639);
#6639 = CARTESIAN_POINT('',(0.9125,0.46875,0.));
#6640 = LINE('',#6641,#6642);
#6641 = CARTESIAN_POINT('',(0.9125,0.46875,0.75));
#6642 = VECTOR('',#6643,1.);
#6643 = DIRECTION('',(-0.,-0.,-1.));
#6644 = ORIENTED_EDGE('',*,*,#6645,.T.);
#6645 = EDGE_CURVE('',#6638,#6646,#6648,.T.);
#6646 = VERTEX_POINT('',#6647);
#6647 = CARTESIAN_POINT('',(0.9125,0.625,0.));
#6648 = LINE('',#6649,#6650);
#6649 = CARTESIAN_POINT('',(0.9125,-7.8125E-02,0.));
#6650 = VECTOR('',#6651,1.);
#6651 = DIRECTION('',(0.,1.,0.));
#6652 = ORIENTED_EDGE('',*,*,#6653,.F.);
#6653 = EDGE_CURVE('',#6012,#6646,#6654,.T.);
#6654 = LINE('',#6655,#6656);
#6655 = CARTESIAN_POINT('',(0.9125,0.625,0.375));
#6656 = VECTOR('',#6657,1.);
#6657 = DIRECTION('',(0.,0.,-1.));
#6658 = PLANE('',#6659);
#6659 = AXIS2_PLACEMENT_3D('',#6660,#6661,#6662);
#6660 = CARTESIAN_POINT('',(0.9125,0.46875,0.75));
#6661 = DIRECTION('',(1.,0.,0.));
#6662 = DIRECTION('',(-0.,1.,0.));
#6663 = ADVANCED_FACE('',(#6664),#6683,.F.);
#6664 = FACE_BOUND('',#6665,.F.);
#6665 = EDGE_LOOP('',(#6666,#6667,#6668,#6677));
#6666 = ORIENTED_EDGE('',*,*,#6637,.F.);
#6667 = ORIENTED_EDGE('',*,*,#6003,.T.);
#6668 = ORIENTED_EDGE('',*,*,#6669,.F.);
#6669 = EDGE_CURVE('',#6670,#5996,#6672,.T.);
#6670 = VERTEX_POINT('',#6671);
#6671 = CARTESIAN_POINT('',(0.685,0.46875,-6.938893903907E-18));
#6672 = CIRCLE('',#6673,3.5E-02);
#6673 = AXIS2_PLACEMENT_3D('',#6674,#6675,#6676);
#6674 = CARTESIAN_POINT('',(0.685,0.46875,3.5E-02));
#6675 = DIRECTION('',(0.,1.,-0.));
#6676 = DIRECTION('',(-1.,0.,0.));
#6677 = ORIENTED_EDGE('',*,*,#6678,.T.);
#6678 = EDGE_CURVE('',#6670,#6638,#6679,.T.);
#6679 = LINE('',#6680,#6681);
#6680 = CARTESIAN_POINT('',(-0.13125,0.46875,0.));
#6681 = VECTOR('',#6682,1.);
#6682 = DIRECTION('',(1.,0.,0.));
#6683 = PLANE('',#6684);
#6684 = AXIS2_PLACEMENT_3D('',#6685,#6686,#6687);
#6685 = CARTESIAN_POINT('',(-0.9125,0.46875,0.75));
#6686 = DIRECTION('',(0.,-1.,0.));
#6687 = DIRECTION('',(1.,0.,0.));
#6688 = ADVANCED_FACE('',(#6689),#6708,.T.);
#6689 = FACE_BOUND('',#6690,.T.);
#6690 = EDGE_LOOP('',(#6691,#6692,#6700,#6707));
#6691 = ORIENTED_EDGE('',*,*,#6669,.F.);
#6692 = ORIENTED_EDGE('',*,*,#6693,.F.);
#6693 = EDGE_CURVE('',#6694,#6670,#6696,.T.);
#6694 = VERTEX_POINT('',#6695);
#6695 = CARTESIAN_POINT('',(0.685,-0.46875,-6.938893903907E-18));
#6696 = LINE('',#6697,#6698);
#6697 = CARTESIAN_POINT('',(0.685,-0.625,-6.938893903907E-18));
#6698 = VECTOR('',#6699,1.);
#6699 = DIRECTION('',(0.,1.,0.));
#6700 = ORIENTED_EDGE('',*,*,#6701,.T.);
#6701 = EDGE_CURVE('',#6694,#5988,#6702,.T.);
#6702 = CIRCLE('',#6703,3.5E-02);
#6703 = AXIS2_PLACEMENT_3D('',#6704,#6705,#6706);
#6704 = CARTESIAN_POINT('',(0.685,-0.46875,3.5E-02));
#6705 = DIRECTION('',(0.,1.,-0.));
#6706 = DIRECTION('',(-1.,0.,0.));
#6707 = ORIENTED_EDGE('',*,*,#5995,.T.);
#6708 = CYLINDRICAL_SURFACE('',#6709,3.5E-02);
#6709 = AXIS2_PLACEMENT_3D('',#6710,#6711,#6712);
#6710 = CARTESIAN_POINT('',(0.685,-0.625,3.5E-02));
#6711 = DIRECTION('',(0.,1.,0.));
#6712 = DIRECTION('',(-1.,0.,0.));
#6713 = ADVANCED_FACE('',(#6714),#6732,.F.);
#6714 = FACE_BOUND('',#6715,.F.);
#6715 = EDGE_LOOP('',(#6716,#6717,#6725,#6731));
#6716 = ORIENTED_EDGE('',*,*,#5987,.T.);
#6717 = ORIENTED_EDGE('',*,*,#6718,.T.);
#6718 = EDGE_CURVE('',#5980,#6719,#6721,.T.);
#6719 = VERTEX_POINT('',#6720);
#6720 = CARTESIAN_POINT('',(0.9125,-0.46875,0.));
#6721 = LINE('',#6722,#6723);
#6722 = CARTESIAN_POINT('',(0.9125,-0.46875,0.75));
#6723 = VECTOR('',#6724,1.);
#6724 = DIRECTION('',(-0.,-0.,-1.));
#6725 = ORIENTED_EDGE('',*,*,#6726,.T.);
#6726 = EDGE_CURVE('',#6719,#6694,#6727,.T.);
#6727 = LINE('',#6728,#6729);
#6728 = CARTESIAN_POINT('',(0.78125,-0.46875,0.));
#6729 = VECTOR('',#6730,1.);
#6730 = DIRECTION('',(-1.,0.,0.));
#6731 = ORIENTED_EDGE('',*,*,#6701,.T.);
#6732 = PLANE('',#6733);
#6733 = AXIS2_PLACEMENT_3D('',#6734,#6735,#6736);
#6734 = CARTESIAN_POINT('',(0.9125,-0.46875,0.75));
#6735 = DIRECTION('',(0.,1.,0.));
#6736 = DIRECTION('',(-1.,0.,0.));
#6737 = ADVANCED_FACE('',(#6738),#6749,.F.);
#6738 = FACE_BOUND('',#6739,.F.);
#6739 = EDGE_LOOP('',(#6740,#6741,#6742,#6743));
#6740 = ORIENTED_EDGE('',*,*,#6718,.F.);
#6741 = ORIENTED_EDGE('',*,*,#5979,.T.);
#6742 = ORIENTED_EDGE('',*,*,#6101,.T.);
#6743 = ORIENTED_EDGE('',*,*,#6744,.T.);
#6744 = EDGE_CURVE('',#6092,#6719,#6745,.T.);
#6745 = LINE('',#6746,#6747);
#6746 = CARTESIAN_POINT('',(0.9125,-0.703125,0.));
#6747 = VECTOR('',#6748,1.);
#6748 = DIRECTION('',(0.,1.,0.));
#6749 = PLANE('',#6750);
#6750 = AXIS2_PLACEMENT_3D('',#6751,#6752,#6753);
#6751 = CARTESIAN_POINT('',(0.9125,-0.78125,0.75));
#6752 = DIRECTION('',(1.,0.,0.));
#6753 = DIRECTION('',(-0.,1.,0.));
#6754 = ADVANCED_FACE('',(#6755),#6780,.T.);
#6755 = FACE_BOUND('',#6756,.T.);
#6756 = EDGE_LOOP('',(#6757,#6765,#6766,#6774));
#6757 = ORIENTED_EDGE('',*,*,#6758,.T.);
#6758 = EDGE_CURVE('',#6759,#6060,#6761,.T.);
#6759 = VERTEX_POINT('',#6760);
#6760 = CARTESIAN_POINT('',(0.433012701892,0.5,1.75E-02));
#6761 = LINE('',#6762,#6763);
#6762 = CARTESIAN_POINT('',(0.433012701892,0.5,1.75E-02));
#6763 = VECTOR('',#6764,1.);
#6764 = DIRECTION('',(0.,0.,1.));
#6765 = ORIENTED_EDGE('',*,*,#6059,.T.);
#6766 = ORIENTED_EDGE('',*,*,#6767,.F.);
#6767 = EDGE_CURVE('',#6768,#6062,#6770,.T.);
#6768 = VERTEX_POINT('',#6769);
#6769 = CARTESIAN_POINT('',(0.433012701892,-0.5,1.75E-02));
#6770 = LINE('',#6771,#6772);
#6771 = CARTESIAN_POINT('',(0.433012701892,-0.5,1.75E-02));
#6772 = VECTOR('',#6773,1.);
#6773 = DIRECTION('',(0.,0.,1.));
#6774 = ORIENTED_EDGE('',*,*,#6775,.F.);
#6775 = EDGE_CURVE('',#6759,#6768,#6776,.T.);
#6776 = LINE('',#6777,#6778);
#6777 = CARTESIAN_POINT('',(0.433012701892,0.5,1.75E-02));
#6778 = VECTOR('',#6779,1.);
#6779 = DIRECTION('',(0.,-1.,0.));
#6780 = PLANE('',#6781);
#6781 = AXIS2_PLACEMENT_3D('',#6782,#6783,#6784);
#6782 = CARTESIAN_POINT('',(0.433012701892,0.5,1.75E-02));
#6783 = DIRECTION('',(1.,0.,0.));
#6784 = DIRECTION('',(0.,-1.,0.));
#6785 = ADVANCED_FACE('',(#6786),#6804,.T.);
#6786 = FACE_BOUND('',#6787,.T.);
#6787 = EDGE_LOOP('',(#6788,#6796,#6797,#6798));
#6788 = ORIENTED_EDGE('',*,*,#6789,.T.);
#6789 = EDGE_CURVE('',#6790,#6070,#6792,.T.);
#6790 = VERTEX_POINT('',#6791);
#6791 = CARTESIAN_POINT('',(-0.433012701892,0.,1.75E-02));
#6792 = LINE('',#6793,#6794);
#6793 = CARTESIAN_POINT('',(-0.433012701892,0.,1.75E-02));
#6794 = VECTOR('',#6795,1.);
#6795 = DIRECTION('',(0.,0.,1.));
#6796 = ORIENTED_EDGE('',*,*,#6077,.T.);
#6797 = ORIENTED_EDGE('',*,*,#6758,.F.);
#6798 = ORIENTED_EDGE('',*,*,#6799,.F.);
#6799 = EDGE_CURVE('',#6790,#6759,#6800,.T.);
#6800 = LINE('',#6801,#6802);
#6801 = CARTESIAN_POINT('',(-0.433012701892,0.,1.75E-02));
#6802 = VECTOR('',#6803,1.);
#6803 = DIRECTION('',(0.866025403784,0.5,0.));
#6804 = PLANE('',#6805);
#6805 = AXIS2_PLACEMENT_3D('',#6806,#6807,#6808);
#6806 = CARTESIAN_POINT('',(-0.433012701892,0.,1.75E-02));
#6807 = DIRECTION('',(-0.5,0.866025403784,0.));
#6808 = DIRECTION('',(0.866025403784,0.5,0.));
#6809 = ADVANCED_FACE('',(#6810),#6821,.T.);
#6810 = FACE_BOUND('',#6811,.T.);
#6811 = EDGE_LOOP('',(#6812,#6813,#6814,#6815));
#6812 = ORIENTED_EDGE('',*,*,#6767,.T.);
#6813 = ORIENTED_EDGE('',*,*,#6069,.T.);
#6814 = ORIENTED_EDGE('',*,*,#6789,.F.);
#6815 = ORIENTED_EDGE('',*,*,#6816,.F.);
#6816 = EDGE_CURVE('',#6768,#6790,#6817,.T.);
#6817 = LINE('',#6818,#6819);
#6818 = CARTESIAN_POINT('',(0.433012701892,-0.5,1.75E-02));
#6819 = VECTOR('',#6820,1.);
#6820 = DIRECTION('',(-0.866025403784,0.5,0.));
#6821 = PLANE('',#6822);
#6822 = AXIS2_PLACEMENT_3D('',#6823,#6824,#6825);
#6823 = CARTESIAN_POINT('',(0.433012701892,-0.5,1.75E-02));
#6824 = DIRECTION('',(-0.5,-0.866025403784,0.));
#6825 = DIRECTION('',(-0.866025403784,0.5,0.));
#6826 = ADVANCED_FACE('',(#6827),#6849,.F.);
#6827 = FACE_BOUND('',#6828,.F.);
#6828 = EDGE_LOOP('',(#6829,#6837,#6838,#6839,#6840,#6841,#6842,#6843));
#6829 = ORIENTED_EDGE('',*,*,#6830,.F.);
#6830 = EDGE_CURVE('',#6646,#6831,#6833,.T.);
#6831 = VERTEX_POINT('',#6832);
#6832 = CARTESIAN_POINT('',(0.965,0.625,-6.938893903907E-18));
#6833 = LINE('',#6834,#6835);
#6834 = CARTESIAN_POINT('',(0.65,0.625,0.));
#6835 = VECTOR('',#6836,1.);
#6836 = DIRECTION('',(1.,0.,0.));
#6837 = ORIENTED_EDGE('',*,*,#6645,.F.);
#6838 = ORIENTED_EDGE('',*,*,#6678,.F.);
#6839 = ORIENTED_EDGE('',*,*,#6693,.F.);
#6840 = ORIENTED_EDGE('',*,*,#6726,.F.);
#6841 = ORIENTED_EDGE('',*,*,#6744,.F.);
#6842 = ORIENTED_EDGE('',*,*,#6091,.T.);
#6843 = ORIENTED_EDGE('',*,*,#6844,.T.);
#6844 = EDGE_CURVE('',#6094,#6831,#6845,.T.);
#6845 = LINE('',#6846,#6847);
#6846 = CARTESIAN_POINT('',(0.965,-0.625,-6.938893903907E-18));
#6847 = VECTOR('',#6848,1.);
#6848 = DIRECTION('',(0.,1.,0.));
#6849 = PLANE('',#6850);
#6850 = AXIS2_PLACEMENT_3D('',#6851,#6852,#6853);
#6851 = CARTESIAN_POINT('',(0.65,-0.625,0.));
#6852 = DIRECTION('',(0.,0.,1.));
#6853 = DIRECTION('',(1.,0.,-0.));
#6854 = ADVANCED_FACE('',(#6855),#6874,.T.);
#6855 = FACE_BOUND('',#6856,.T.);
#6856 = EDGE_LOOP('',(#6857,#6858,#6859,#6868));
#6857 = ORIENTED_EDGE('',*,*,#6143,.T.);
#6858 = ORIENTED_EDGE('',*,*,#6844,.T.);
#6859 = ORIENTED_EDGE('',*,*,#6860,.F.);
#6860 = EDGE_CURVE('',#6861,#6831,#6863,.T.);
#6861 = VERTEX_POINT('',#6862);
#6862 = CARTESIAN_POINT('',(1.,0.625,3.5E-02));
#6863 = CIRCLE('',#6864,3.5E-02);
#6864 = AXIS2_PLACEMENT_3D('',#6865,#6866,#6867);
#6865 = CARTESIAN_POINT('',(0.965,0.625,3.5E-02));
#6866 = DIRECTION('',(0.,1.,0.));
#6867 = DIRECTION('',(0.,-0.,1.));
#6868 = ORIENTED_EDGE('',*,*,#6869,.F.);
#6869 = EDGE_CURVE('',#6136,#6861,#6870,.T.);
#6870 = LINE('',#6871,#6872);
#6871 = CARTESIAN_POINT('',(1.,-0.625,3.5E-02));
#6872 = VECTOR('',#6873,1.);
#6873 = DIRECTION('',(0.,1.,0.));
#6874 = CYLINDRICAL_SURFACE('',#6875,3.5E-02);
#6875 = AXIS2_PLACEMENT_3D('',#6876,#6877,#6878);
#6876 = CARTESIAN_POINT('',(0.965,-0.625,3.5E-02));
#6877 = DIRECTION('',(0.,1.,0.));
#6878 = DIRECTION('',(1.,0.,0.));
#6879 = ADVANCED_FACE('',(#6880),#6898,.T.);
#6880 = FACE_BOUND('',#6881,.T.);
#6881 = EDGE_LOOP('',(#6882,#6883,#6884,#6892));
#6882 = ORIENTED_EDGE('',*,*,#6135,.F.);
#6883 = ORIENTED_EDGE('',*,*,#6869,.T.);
#6884 = ORIENTED_EDGE('',*,*,#6885,.T.);
#6885 = EDGE_CURVE('',#6861,#6886,#6888,.T.);
#6886 = VERTEX_POINT('',#6887);
#6887 = CARTESIAN_POINT('',(1.,0.625,0.465));
#6888 = LINE('',#6889,#6890);
#6889 = CARTESIAN_POINT('',(1.,0.625,0.));
#6890 = VECTOR('',#6891,1.);
#6891 = DIRECTION('',(0.,0.,1.));
#6892 = ORIENTED_EDGE('',*,*,#6893,.F.);
#6893 = EDGE_CURVE('',#6127,#6886,#6894,.T.);
#6894 = LINE('',#6895,#6896);
#6895 = CARTESIAN_POINT('',(1.,-0.625,0.465));
#6896 = VECTOR('',#6897,1.);
#6897 = DIRECTION('',(0.,1.,0.));
#6898 = PLANE('',#6899);
#6899 = AXIS2_PLACEMENT_3D('',#6900,#6901,#6902);
#6900 = CARTESIAN_POINT('',(1.,-0.625,0.));
#6901 = DIRECTION('',(1.,0.,0.));
#6902 = DIRECTION('',(0.,0.,1.));
#6903 = ADVANCED_FACE('',(#6904),#6923,.T.);
#6904 = FACE_BOUND('',#6905,.T.);
#6905 = EDGE_LOOP('',(#6906,#6907,#6916,#6922));
#6906 = ORIENTED_EDGE('',*,*,#6893,.T.);
#6907 = ORIENTED_EDGE('',*,*,#6908,.T.);
#6908 = EDGE_CURVE('',#6886,#6909,#6911,.T.);
#6909 = VERTEX_POINT('',#6910);
#6910 = CARTESIAN_POINT('',(0.965,0.625,0.5));
#6911 = CIRCLE('',#6912,3.5E-02);
#6912 = AXIS2_PLACEMENT_3D('',#6913,#6914,#6915);
#6913 = CARTESIAN_POINT('',(0.965,0.625,0.465));
#6914 = DIRECTION('',(0.,-1.,0.));
#6915 = DIRECTION('',(0.,0.,1.));
#6916 = ORIENTED_EDGE('',*,*,#6917,.F.);
#6917 = EDGE_CURVE('',#6119,#6909,#6918,.T.);
#6918 = LINE('',#6919,#6920);
#6919 = CARTESIAN_POINT('',(0.965,-0.625,0.5));
#6920 = VECTOR('',#6921,1.);
#6921 = DIRECTION('',(0.,1.,0.));
#6922 = ORIENTED_EDGE('',*,*,#6126,.F.);
#6923 = CYLINDRICAL_SURFACE('',#6924,3.5E-02);
#6924 = AXIS2_PLACEMENT_3D('',#6925,#6926,#6927);
#6925 = CARTESIAN_POINT('',(0.965,-0.625,0.465));
#6926 = DIRECTION('',(0.,1.,0.));
#6927 = DIRECTION('',(1.,0.,0.));
#6928 = ADVANCED_FACE('',(#6929),#6970,.T.);
#6929 = FACE_BOUND('',#6930,.T.);
#6930 = EDGE_LOOP('',(#6931,#6939,#6947,#6953,#6954,#6962,#6968,#6969));
#6931 = ORIENTED_EDGE('',*,*,#6932,.F.);
#6932 = EDGE_CURVE('',#6933,#6909,#6935,.T.);
#6933 = VERTEX_POINT('',#6934);
#6934 = CARTESIAN_POINT('',(0.9125,0.625,0.5));
#6935 = LINE('',#6936,#6937);
#6936 = CARTESIAN_POINT('',(0.65,0.625,0.5));
#6937 = VECTOR('',#6938,1.);
#6938 = DIRECTION('',(1.,0.,0.));
#6939 = ORIENTED_EDGE('',*,*,#6940,.F.);
#6940 = EDGE_CURVE('',#6941,#6933,#6943,.T.);
#6941 = VERTEX_POINT('',#6942);
#6942 = CARTESIAN_POINT('',(0.9125,0.46875,0.5));
#6943 = LINE('',#6944,#6945);
#6944 = CARTESIAN_POINT('',(0.9125,-7.8125E-02,0.5));
#6945 = VECTOR('',#6946,1.);
#6946 = DIRECTION('',(0.,1.,0.));
#6947 = ORIENTED_EDGE('',*,*,#6948,.F.);
#6948 = EDGE_CURVE('',#6224,#6941,#6949,.T.);
#6949 = LINE('',#6950,#6951);
#6950 = CARTESIAN_POINT('',(-0.13125,0.46875,0.5));
#6951 = VECTOR('',#6952,1.);
#6952 = DIRECTION('',(1.,0.,0.));
#6953 = ORIENTED_EDGE('',*,*,#6223,.F.);
#6954 = ORIENTED_EDGE('',*,*,#6955,.F.);
#6955 = EDGE_CURVE('',#6956,#6215,#6958,.T.);
#6956 = VERTEX_POINT('',#6957);
#6957 = CARTESIAN_POINT('',(0.9125,-0.46875,0.5));
#6958 = LINE('',#6959,#6960);
#6959 = CARTESIAN_POINT('',(0.78125,-0.46875,0.5));
#6960 = VECTOR('',#6961,1.);
#6961 = DIRECTION('',(-1.,0.,0.));
#6962 = ORIENTED_EDGE('',*,*,#6963,.F.);
#6963 = EDGE_CURVE('',#6111,#6956,#6964,.T.);
#6964 = LINE('',#6965,#6966);
#6965 = CARTESIAN_POINT('',(0.9125,-0.703125,0.5));
#6966 = VECTOR('',#6967,1.);
#6967 = DIRECTION('',(0.,1.,0.));
#6968 = ORIENTED_EDGE('',*,*,#6118,.T.);
#6969 = ORIENTED_EDGE('',*,*,#6917,.T.);
#6970 = PLANE('',#6971);
#6971 = AXIS2_PLACEMENT_3D('',#6972,#6973,#6974);
#6972 = CARTESIAN_POINT('',(0.65,-0.625,0.5));
#6973 = DIRECTION('',(0.,0.,1.));
#6974 = DIRECTION('',(1.,0.,-0.));
#6975 = ADVANCED_FACE('',(#6976),#6987,.F.);
#6976 = FACE_BOUND('',#6977,.F.);
#6977 = EDGE_LOOP('',(#6978,#6984,#6985,#6986));
#6978 = ORIENTED_EDGE('',*,*,#6979,.F.);
#6979 = EDGE_CURVE('',#6956,#6159,#6980,.T.);
#6980 = LINE('',#6981,#6982);
#6981 = CARTESIAN_POINT('',(0.9125,-0.46875,0.75));
#6982 = VECTOR('',#6983,1.);
#6983 = DIRECTION('',(-0.,-0.,-1.));
#6984 = ORIENTED_EDGE('',*,*,#6963,.F.);
#6985 = ORIENTED_EDGE('',*,*,#6110,.T.);
#6986 = ORIENTED_EDGE('',*,*,#6168,.F.);
#6987 = PLANE('',#6988);
#6988 = AXIS2_PLACEMENT_3D('',#6989,#6990,#6991);
#6989 = CARTESIAN_POINT('',(0.9125,-0.78125,0.75));
#6990 = DIRECTION('',(1.,0.,0.));
#6991 = DIRECTION('',(-0.,1.,0.));
#6992 = ADVANCED_FACE('',(#6993),#6999,.F.);
#6993 = FACE_BOUND('',#6994,.F.);
#6994 = EDGE_LOOP('',(#6995,#6996,#6997,#6998));
#6995 = ORIENTED_EDGE('',*,*,#6955,.F.);
#6996 = ORIENTED_EDGE('',*,*,#6979,.T.);
#6997 = ORIENTED_EDGE('',*,*,#6158,.F.);
#6998 = ORIENTED_EDGE('',*,*,#6214,.T.);
#6999 = PLANE('',#7000);
#7000 = AXIS2_PLACEMENT_3D('',#7001,#7002,#7003);
#7001 = CARTESIAN_POINT('',(0.9125,-0.46875,0.75));
#7002 = DIRECTION('',(0.,1.,0.));
#7003 = DIRECTION('',(-1.,0.,0.));
#7004 = ADVANCED_FACE('',(#7005),#7021,.F.);
#7005 = FACE_BOUND('',#7006,.F.);
#7006 = EDGE_LOOP('',(#7007,#7008,#7014,#7015));
#7007 = ORIENTED_EDGE('',*,*,#6940,.F.);
#7008 = ORIENTED_EDGE('',*,*,#7009,.T.);
#7009 = EDGE_CURVE('',#6941,#6192,#7010,.T.);
#7010 = LINE('',#7011,#7012);
#7011 = CARTESIAN_POINT('',(0.9125,0.46875,0.75));
#7012 = VECTOR('',#7013,1.);
#7013 = DIRECTION('',(-0.,-0.,-1.));
#7014 = ORIENTED_EDGE('',*,*,#6199,.F.);
#7015 = ORIENTED_EDGE('',*,*,#7016,.F.);
#7016 = EDGE_CURVE('',#6933,#6183,#7017,.T.);
#7017 = LINE('',#7018,#7019);
#7018 = CARTESIAN_POINT('',(0.9125,0.625,0.375));
#7019 = VECTOR('',#7020,1.);
#7020 = DIRECTION('',(0.,0.,-1.));
#7021 = PLANE('',#7022);
#7022 = AXIS2_PLACEMENT_3D('',#7023,#7024,#7025);
#7023 = CARTESIAN_POINT('',(0.9125,0.46875,0.75));
#7024 = DIRECTION('',(1.,0.,0.));
#7025 = DIRECTION('',(-0.,1.,0.));
#7026 = ADVANCED_FACE('',(#7027),#7033,.F.);
#7027 = FACE_BOUND('',#7028,.F.);
#7028 = EDGE_LOOP('',(#7029,#7030,#7031,#7032));
#7029 = ORIENTED_EDGE('',*,*,#7009,.F.);
#7030 = ORIENTED_EDGE('',*,*,#6948,.F.);
#7031 = ORIENTED_EDGE('',*,*,#6231,.F.);
#7032 = ORIENTED_EDGE('',*,*,#6191,.F.);
#7033 = PLANE('',#7034);
#7034 = AXIS2_PLACEMENT_3D('',#7035,#7036,#7037);
#7035 = CARTESIAN_POINT('',(-0.9125,0.46875,0.75));
#7036 = DIRECTION('',(0.,-1.,0.));
#7037 = DIRECTION('',(1.,0.,0.));
#7038 = ADVANCED_FACE('',(#7039),#7051,.T.);
#7039 = FACE_BOUND('',#7040,.T.);
#7040 = EDGE_LOOP('',(#7041,#7042,#7043,#7044,#7045,#7046,#7047,#7048,
    #7049,#7050));
#7041 = ORIENTED_EDGE('',*,*,#6419,.F.);
#7042 = ORIENTED_EDGE('',*,*,#6490,.F.);
#7043 = ORIENTED_EDGE('',*,*,#6526,.T.);
#7044 = ORIENTED_EDGE('',*,*,#6550,.T.);
#7045 = ORIENTED_EDGE('',*,*,#6374,.T.);
#7046 = ORIENTED_EDGE('',*,*,#6335,.F.);
#7047 = ORIENTED_EDGE('',*,*,#6262,.F.);
#7048 = ORIENTED_EDGE('',*,*,#6254,.F.);
#7049 = ORIENTED_EDGE('',*,*,#6246,.T.);
#7050 = ORIENTED_EDGE('',*,*,#6621,.F.);
#7051 = PLANE('',#7052);
#7052 = AXIS2_PLACEMENT_3D('',#7053,#7054,#7055);
#7053 = CARTESIAN_POINT('',(-1.,0.625,0.));
#7054 = DIRECTION('',(0.,1.,0.));
#7055 = DIRECTION('',(0.,-0.,1.));
#7056 = ADVANCED_FACE('',(#7057),#7069,.T.);
#7057 = FACE_BOUND('',#7058,.T.);
#7058 = EDGE_LOOP('',(#7059,#7060,#7061,#7062,#7063,#7064,#7065,#7066,
    #7067,#7068));
#7059 = ORIENTED_EDGE('',*,*,#6830,.F.);
#7060 = ORIENTED_EDGE('',*,*,#6653,.F.);
#7061 = ORIENTED_EDGE('',*,*,#6287,.T.);
#7062 = ORIENTED_EDGE('',*,*,#6279,.T.);
#7063 = ORIENTED_EDGE('',*,*,#6271,.F.);
#7064 = ORIENTED_EDGE('',*,*,#7016,.F.);
#7065 = ORIENTED_EDGE('',*,*,#6932,.T.);
#7066 = ORIENTED_EDGE('',*,*,#6908,.F.);
#7067 = ORIENTED_EDGE('',*,*,#6885,.F.);
#7068 = ORIENTED_EDGE('',*,*,#6860,.T.);
#7069 = PLANE('',#7070);
#7070 = AXIS2_PLACEMENT_3D('',#7071,#7072,#7073);
#7071 = CARTESIAN_POINT('',(0.65,0.625,0.));
#7072 = DIRECTION('',(0.,1.,0.));
#7073 = DIRECTION('',(0.,-0.,1.));
#7074 = ADVANCED_FACE('',(#7075),#7080,.T.);
#7075 = FACE_BOUND('',#7076,.T.);
#7076 = EDGE_LOOP('',(#7077,#7078,#7079));
#7077 = ORIENTED_EDGE('',*,*,#6799,.T.);
#7078 = ORIENTED_EDGE('',*,*,#6775,.T.);
#7079 = ORIENTED_EDGE('',*,*,#6816,.T.);
#7080 = PLANE('',#7081);
#7081 = AXIS2_PLACEMENT_3D('',#7082,#7083,#7084);
#7082 = CARTESIAN_POINT('',(0.144337567297,9.251858538543E-18,1.75E-02)
  );
#7083 = DIRECTION('',(-0.,-0.,-1.));
#7084 = DIRECTION('',(-1.,0.,0.));
#7085 = ( GEOMETRIC_REPRESENTATION_CONTEXT(3) 
GLOBAL_UNCERTAINTY_ASSIGNED_CONTEXT((#7089)) 
GLOBAL_UNIT_ASSIGNED_CONTEXT((#7086,#7087,#7088)) REPRESENTATION_CONTEXT
('Context #1','3D Context with UNIT and UNCERTAINTY') );
#7086 = ( LENGTH_UNIT() NAMED_UNIT(*) SI_UNIT(.MILLI.,.METRE.) );
#7087 = ( NAMED_UNIT(*) PLANE_ANGLE_UNIT() SI_UNIT($,.RADIAN.) );
#7088 = ( NAMED_UNIT(*) SI_UNIT($,.STERADIAN.) SOLID_ANGLE_UNIT() );
#7089 = UNCERTAINTY_MEASURE_WITH_UNIT(LENGTH_MEASURE(1.E-07),#7086,
  'distance_accuracy_value','confusion accuracy');
#7090 = CONTEXT_DEPENDENT_SHAPE_REPRESENTATION(#7091,#7093);
#7091 = ( REPRESENTATION_RELATIONSHIP('','',#5561,#5538) 
REPRESENTATION_RELATIONSHIP_WITH_TRANSFORMATION(#7092) 
SHAPE_REPRESENTATION_RELATIONSHIP() );
#7092 = ITEM_DEFINED_TRANSFORMATION('','',#11,#5539);
#7093 = PRODUCT_DEFINITION_SHAPE('Placement','Placement of an item',
  #7094);
#7094 = NEXT_ASSEMBLY_USAGE_OCCURRENCE('17','=>[0:1:1:11]','',#5533,
  #5556,$);
#7095 = PRODUCT_RELATED_PRODUCT_CATEGORY('part',$,(#5558));
#7096 = SHAPE_DEFINITION_REPRESENTATION(#7097,#7103);
#7097 = PRODUCT_DEFINITION_SHAPE('','',#7098);
#7098 = PRODUCT_DEFINITION('design','',#7099,#7102);
#7099 = PRODUCT_DEFINITION_FORMATION('','',#7100);
#7100 = PRODUCT('PinSocket_1x07_P2.54mm_Vertical',
  'PinSocket_1x07_P2.54mm_Vertical','',(#7101));
#7101 = PRODUCT_CONTEXT('',#2,'mechanical');
#7102 = PRODUCT_DEFINITION_CONTEXT('part definition',#2,'design');
#7103 = SHAPE_REPRESENTATION('',(#11,#7104),#7108);
#7104 = AXIS2_PLACEMENT_3D('',#7105,#7106,#7107);
#7105 = CARTESIAN_POINT('',(0.,0.,0.));
#7106 = DIRECTION('',(0.,0.,1.));
#7107 = DIRECTION('',(1.,0.,-0.));
#7108 = ( GEOMETRIC_REPRESENTATION_CONTEXT(3) 
GLOBAL_UNCERTAINTY_ASSIGNED_CONTEXT((#7112)) 
GLOBAL_UNIT_ASSIGNED_CONTEXT((#7109,#7110,#7111)) REPRESENTATION_CONTEXT
('Context #1','3D Context with UNIT and UNCERTAINTY') );
#7109 = ( LENGTH_UNIT() NAMED_UNIT(*) SI_UNIT(.MILLI.,.METRE.) );
#7110 = ( NAMED_UNIT(*) PLANE_ANGLE_UNIT() SI_UNIT($,.RADIAN.) );
#7111 = ( NAMED_UNIT(*) SI_UNIT($,.STERADIAN.) SOLID_ANGLE_UNIT() );
#7112 = UNCERTAINTY_MEASURE_WITH_UNIT(LENGTH_MEASURE(1.E-07),#7109,
  'distance_accuracy_value','confusion accuracy');
#7113 = CONTEXT_DEPENDENT_SHAPE_REPRESENTATION(#7114,#7116);
#7114 = ( REPRESENTATION_RELATIONSHIP('','',#7103,#10) 
REPRESENTATION_RELATIONSHIP_WITH_TRANSFORMATION(#7115) 
SHAPE_REPRESENTATION_RELATIONSHIP() );
#7115 = ITEM_DEFINED_TRANSFORMATION('','',#11,#67);
#7116 = PRODUCT_DEFINITION_SHAPE('Placement','Placement of an item',
  #7117);
#7117 = NEXT_ASSEMBLY_USAGE_OCCURRENCE('20','J3','',#5,#7098,$);
#7118 = PRODUCT_RELATED_PRODUCT_CATEGORY('part',$,(#7100));
#7119 = SHAPE_DEFINITION_REPRESENTATION(#7120,#7126);
#7120 = PRODUCT_DEFINITION_SHAPE('','',#7121);
#7121 = PRODUCT_DEFINITION('design','',#7122,#7125);
#7122 = PRODUCT_DEFINITION_FORMATION('','',#7123);
#7123 = PRODUCT('PinSocket_1x07_P2.54mm_Vertical',
  'PinSocket_1x07_P2.54mm_Vertical','',(#7124));
#7124 = PRODUCT_CONTEXT('',#2,'mechanical');
#7125 = PRODUCT_DEFINITION_CONTEXT('part definition',#2,'design');
#7126 = ADVANCED_BREP_SHAPE_REPRESENTATION('',(#11,#7127),#12841);
#7127 = MANIFOLD_SOLID_BREP('',#7128);
#7128 = CLOSED_SHELL('',(#7129,#7169,#7232,#7295,#7312,#7567,#7589,#7606
    ,#8085,#8097,#8109,#8140,#8164,#8188,#8205,#8236,#8260,#8284,#8301,
    #8332,#8356,#8380,#8397,#8428,#8452,#8476,#8493,#8524,#8548,#8572,
    #8589,#8620,#8644,#8668,#8685,#8716,#8740,#8764,#8781,#8798,#8845,
    #8862,#8909,#8926,#8973,#8990,#9037,#9054,#9101,#9118,#9165,#9182,
    #9229,#9246,#9293,#9310,#9357,#9374,#9421,#9438,#9485,#9502,#9549,
    #9566,#9613,#9630,#9677,#9708,#9764,#9788,#9837,#9868,#9924,#9948,
    #9997,#10028,#10084,#10108,#10157,#10188,#10244,#10268,#10317,#10348
    ,#10404,#10428,#10477,#10508,#10564,#10588,#10637,#10668,#10724,
    #10748,#10797,#10814,#10831,#10848,#10865,#10877,#10894,#10911,
    #10928,#10945,#10957,#10974,#10991,#11008,#11025,#11037,#11054,
    #11071,#11088,#11105,#11117,#11134,#11151,#11168,#11185,#11197,
    #11214,#11231,#11248,#11265,#11277,#11294,#11311,#11328,#11345,
    #11357,#11374,#11391,#11440,#11464,#11506,#11523,#11540,#11557,
    #11606,#11630,#11672,#11689,#11706,#11723,#11772,#11796,#11838,
    #11855,#11872,#11889,#11938,#11962,#12004,#12021,#12038,#12055,
    #12104,#12128,#12170,#12187,#12204,#12221,#12270,#12294,#12336,
    #12353,#12370,#12387,#12436,#12460,#12502,#12519,#12536,#12553,
    #12565,#12582,#12599,#12611,#12628,#12645,#12657,#12674,#12691,
    #12703,#12720,#12737,#12749,#12766,#12783,#12795,#12812,#12829));
#7129 = ADVANCED_FACE('',(#7130),#7164,.F.);
#7130 = FACE_BOUND('',#7131,.F.);
#7131 = EDGE_LOOP('',(#7132,#7142,#7150,#7158));
#7132 = ORIENTED_EDGE('',*,*,#7133,.T.);
#7133 = EDGE_CURVE('',#7134,#7136,#7138,.T.);
#7134 = VERTEX_POINT('',#7135);
#7135 = CARTESIAN_POINT('',(1.27,-16.51,0.));
#7136 = VERTEX_POINT('',#7137);
#7137 = CARTESIAN_POINT('',(1.27,-16.51,8.5));
#7138 = LINE('',#7139,#7140);
#7139 = CARTESIAN_POINT('',(1.27,-16.51,0.));
#7140 = VECTOR('',#7141,1.);
#7141 = DIRECTION('',(0.,0.,1.));
#7142 = ORIENTED_EDGE('',*,*,#7143,.T.);
#7143 = EDGE_CURVE('',#7136,#7144,#7146,.T.);
#7144 = VERTEX_POINT('',#7145);
#7145 = CARTESIAN_POINT('',(1.27,1.27,8.5));
#7146 = LINE('',#7147,#7148);
#7147 = CARTESIAN_POINT('',(1.27,-16.51,8.5));
#7148 = VECTOR('',#7149,1.);
#7149 = DIRECTION('',(1.110223024625E-16,1.,0.));
#7150 = ORIENTED_EDGE('',*,*,#7151,.F.);
#7151 = EDGE_CURVE('',#7152,#7144,#7154,.T.);
#7152 = VERTEX_POINT('',#7153);
#7153 = CARTESIAN_POINT('',(1.27,1.27,0.));
#7154 = LINE('',#7155,#7156);
#7155 = CARTESIAN_POINT('',(1.27,1.27,0.));
#7156 = VECTOR('',#7157,1.);
#7157 = DIRECTION('',(0.,0.,1.));
#7158 = ORIENTED_EDGE('',*,*,#7159,.F.);
#7159 = EDGE_CURVE('',#7134,#7152,#7160,.T.);
#7160 = LINE('',#7161,#7162);
#7161 = CARTESIAN_POINT('',(1.27,-16.51,0.));
#7162 = VECTOR('',#7163,1.);
#7163 = DIRECTION('',(1.110223024625E-16,1.,0.));
#7164 = PLANE('',#7165);
#7165 = AXIS2_PLACEMENT_3D('',#7166,#7167,#7168);
#7166 = CARTESIAN_POINT('',(1.27,-16.51,0.));
#7167 = DIRECTION('',(-1.,1.110223024625E-16,0.));
#7168 = DIRECTION('',(1.110223024625E-16,1.,0.));
#7169 = ADVANCED_FACE('',(#7170),#7227,.F.);
#7170 = FACE_BOUND('',#7171,.F.);
#7171 = EDGE_LOOP('',(#7172,#7182,#7190,#7196,#7197,#7205,#7213,#7221));
#7172 = ORIENTED_EDGE('',*,*,#7173,.F.);
#7173 = EDGE_CURVE('',#7174,#7176,#7178,.T.);
#7174 = VERTEX_POINT('',#7175);
#7175 = CARTESIAN_POINT('',(-1.27,-16.51,0.));
#7176 = VERTEX_POINT('',#7177);
#7177 = CARTESIAN_POINT('',(-0.846666666667,-16.51,0.));
#7178 = LINE('',#7179,#7180);
#7179 = CARTESIAN_POINT('',(-1.27,-16.51,0.));
#7180 = VECTOR('',#7181,1.);
#7181 = DIRECTION('',(1.,-1.110223024625E-16,0.));
#7182 = ORIENTED_EDGE('',*,*,#7183,.T.);
#7183 = EDGE_CURVE('',#7174,#7184,#7186,.T.);
#7184 = VERTEX_POINT('',#7185);
#7185 = CARTESIAN_POINT('',(-1.27,-16.51,8.5));
#7186 = LINE('',#7187,#7188);
#7187 = CARTESIAN_POINT('',(-1.27,-16.51,0.));
#7188 = VECTOR('',#7189,1.);
#7189 = DIRECTION('',(0.,0.,1.));
#7190 = ORIENTED_EDGE('',*,*,#7191,.T.);
#7191 = EDGE_CURVE('',#7184,#7136,#7192,.T.);
#7192 = LINE('',#7193,#7194);
#7193 = CARTESIAN_POINT('',(-1.27,-16.51,8.5));
#7194 = VECTOR('',#7195,1.);
#7195 = DIRECTION('',(1.,-1.110223024625E-16,0.));
#7196 = ORIENTED_EDGE('',*,*,#7133,.F.);
#7197 = ORIENTED_EDGE('',*,*,#7198,.F.);
#7198 = EDGE_CURVE('',#7199,#7134,#7201,.T.);
#7199 = VERTEX_POINT('',#7200);
#7200 = CARTESIAN_POINT('',(0.846666666667,-16.51,0.));
#7201 = LINE('',#7202,#7203);
#7202 = CARTESIAN_POINT('',(-1.27,-16.51,0.));
#7203 = VECTOR('',#7204,1.);
#7204 = DIRECTION('',(1.,-1.110223024625E-16,0.));
#7205 = ORIENTED_EDGE('',*,*,#7206,.T.);
#7206 = EDGE_CURVE('',#7199,#7207,#7209,.T.);
#7207 = VERTEX_POINT('',#7208);
#7208 = CARTESIAN_POINT('',(0.846666666667,-16.51,0.2));
#7209 = LINE('',#7210,#7211);
#7210 = CARTESIAN_POINT('',(0.846666666667,-16.51,0.));
#7211 = VECTOR('',#7212,1.);
#7212 = DIRECTION('',(0.,0.,1.));
#7213 = ORIENTED_EDGE('',*,*,#7214,.F.);
#7214 = EDGE_CURVE('',#7215,#7207,#7217,.T.);
#7215 = VERTEX_POINT('',#7216);
#7216 = CARTESIAN_POINT('',(-0.846666666667,-16.51,0.2));
#7217 = LINE('',#7218,#7219);
#7218 = CARTESIAN_POINT('',(-0.846666666667,-16.51,0.2));
#7219 = VECTOR('',#7220,1.);
#7220 = DIRECTION('',(1.,-1.110223024625E-16,0.));
#7221 = ORIENTED_EDGE('',*,*,#7222,.F.);
#7222 = EDGE_CURVE('',#7176,#7215,#7223,.T.);
#7223 = LINE('',#7224,#7225);
#7224 = CARTESIAN_POINT('',(-0.846666666667,-16.51,0.));
#7225 = VECTOR('',#7226,1.);
#7226 = DIRECTION('',(0.,0.,1.));
#7227 = PLANE('',#7228);
#7228 = AXIS2_PLACEMENT_3D('',#7229,#7230,#7231);
#7229 = CARTESIAN_POINT('',(-1.27,-16.51,0.));
#7230 = DIRECTION('',(1.110223024625E-16,1.,0.));
#7231 = DIRECTION('',(1.,-1.110223024625E-16,0.));
#7232 = ADVANCED_FACE('',(#7233),#7290,.F.);
#7233 = FACE_BOUND('',#7234,.F.);
#7234 = EDGE_LOOP('',(#7235,#7243,#7244,#7252,#7260,#7268,#7276,#7284));
#7235 = ORIENTED_EDGE('',*,*,#7236,.F.);
#7236 = EDGE_CURVE('',#7152,#7237,#7239,.T.);
#7237 = VERTEX_POINT('',#7238);
#7238 = CARTESIAN_POINT('',(0.846666666667,1.27,0.));
#7239 = LINE('',#7240,#7241);
#7240 = CARTESIAN_POINT('',(1.27,1.27,0.));
#7241 = VECTOR('',#7242,1.);
#7242 = DIRECTION('',(-1.,1.110223024625E-16,0.));
#7243 = ORIENTED_EDGE('',*,*,#7151,.T.);
#7244 = ORIENTED_EDGE('',*,*,#7245,.T.);
#7245 = EDGE_CURVE('',#7144,#7246,#7248,.T.);
#7246 = VERTEX_POINT('',#7247);
#7247 = CARTESIAN_POINT('',(-1.27,1.27,8.5));
#7248 = LINE('',#7249,#7250);
#7249 = CARTESIAN_POINT('',(1.27,1.27,8.5));
#7250 = VECTOR('',#7251,1.);
#7251 = DIRECTION('',(-1.,1.110223024625E-16,0.));
#7252 = ORIENTED_EDGE('',*,*,#7253,.F.);
#7253 = EDGE_CURVE('',#7254,#7246,#7256,.T.);
#7254 = VERTEX_POINT('',#7255);
#7255 = CARTESIAN_POINT('',(-1.27,1.27,0.));
#7256 = LINE('',#7257,#7258);
#7257 = CARTESIAN_POINT('',(-1.27,1.27,0.));
#7258 = VECTOR('',#7259,1.);
#7259 = DIRECTION('',(0.,0.,1.));
#7260 = ORIENTED_EDGE('',*,*,#7261,.F.);
#7261 = EDGE_CURVE('',#7262,#7254,#7264,.T.);
#7262 = VERTEX_POINT('',#7263);
#7263 = CARTESIAN_POINT('',(-0.846666666667,1.27,0.));
#7264 = LINE('',#7265,#7266);
#7265 = CARTESIAN_POINT('',(1.27,1.27,0.));
#7266 = VECTOR('',#7267,1.);
#7267 = DIRECTION('',(-1.,1.110223024625E-16,0.));
#7268 = ORIENTED_EDGE('',*,*,#7269,.T.);
#7269 = EDGE_CURVE('',#7262,#7270,#7272,.T.);
#7270 = VERTEX_POINT('',#7271);
#7271 = CARTESIAN_POINT('',(-0.846666666667,1.27,0.2));
#7272 = LINE('',#7273,#7274);
#7273 = CARTESIAN_POINT('',(-0.846666666667,1.27,0.));
#7274 = VECTOR('',#7275,1.);
#7275 = DIRECTION('',(0.,0.,1.));
#7276 = ORIENTED_EDGE('',*,*,#7277,.F.);
#7277 = EDGE_CURVE('',#7278,#7270,#7280,.T.);
#7278 = VERTEX_POINT('',#7279);
#7279 = CARTESIAN_POINT('',(0.846666666667,1.27,0.2));
#7280 = LINE('',#7281,#7282);
#7281 = CARTESIAN_POINT('',(0.846666666667,1.27,0.2));
#7282 = VECTOR('',#7283,1.);
#7283 = DIRECTION('',(-1.,1.110223024625E-16,0.));
#7284 = ORIENTED_EDGE('',*,*,#7285,.F.);
#7285 = EDGE_CURVE('',#7237,#7278,#7286,.T.);
#7286 = LINE('',#7287,#7288);
#7287 = CARTESIAN_POINT('',(0.846666666667,1.27,0.));
#7288 = VECTOR('',#7289,1.);
#7289 = DIRECTION('',(0.,0.,1.));
#7290 = PLANE('',#7291);
#7291 = AXIS2_PLACEMENT_3D('',#7292,#7293,#7294);
#7292 = CARTESIAN_POINT('',(1.27,1.27,0.));
#7293 = DIRECTION('',(-1.110223024625E-16,-1.,0.));
#7294 = DIRECTION('',(-1.,1.110223024625E-16,0.));
#7295 = ADVANCED_FACE('',(#7296),#7307,.F.);
#7296 = FACE_BOUND('',#7297,.F.);
#7297 = EDGE_LOOP('',(#7298,#7299,#7300,#7301));
#7298 = ORIENTED_EDGE('',*,*,#7198,.T.);
#7299 = ORIENTED_EDGE('',*,*,#7159,.T.);
#7300 = ORIENTED_EDGE('',*,*,#7236,.T.);
#7301 = ORIENTED_EDGE('',*,*,#7302,.F.);
#7302 = EDGE_CURVE('',#7199,#7237,#7303,.T.);
#7303 = LINE('',#7304,#7305);
#7304 = CARTESIAN_POINT('',(0.846666666667,-16.51,0.));
#7305 = VECTOR('',#7306,1.);
#7306 = DIRECTION('',(1.110223024625E-16,1.,0.));
#7307 = PLANE('',#7308);
#7308 = AXIS2_PLACEMENT_3D('',#7309,#7310,#7311);
#7309 = CARTESIAN_POINT('',(-8.182343691487E-16,-7.62,0.));
#7310 = DIRECTION('',(0.,0.,1.));
#7311 = DIRECTION('',(1.110223024625E-16,1.,-0.));
#7312 = ADVANCED_FACE('',(#7313,#7324,#7358,#7392,#7426,#7460,#7494,
    #7528),#7562,.T.);
#7313 = FACE_BOUND('',#7314,.T.);
#7314 = EDGE_LOOP('',(#7315,#7316,#7317,#7323));
#7315 = ORIENTED_EDGE('',*,*,#7143,.T.);
#7316 = ORIENTED_EDGE('',*,*,#7245,.T.);
#7317 = ORIENTED_EDGE('',*,*,#7318,.T.);
#7318 = EDGE_CURVE('',#7246,#7184,#7319,.T.);
#7319 = LINE('',#7320,#7321);
#7320 = CARTESIAN_POINT('',(-1.27,1.27,8.5));
#7321 = VECTOR('',#7322,1.);
#7322 = DIRECTION('',(-1.110223024625E-16,-1.,0.));
#7323 = ORIENTED_EDGE('',*,*,#7191,.T.);
#7324 = FACE_BOUND('',#7325,.T.);
#7325 = EDGE_LOOP('',(#7326,#7336,#7344,#7352));
#7326 = ORIENTED_EDGE('',*,*,#7327,.F.);
#7327 = EDGE_CURVE('',#7328,#7330,#7332,.T.);
#7328 = VERTEX_POINT('',#7329);
#7329 = CARTESIAN_POINT('',(0.6,-15.84,8.5));
#7330 = VERTEX_POINT('',#7331);
#7331 = CARTESIAN_POINT('',(0.6,-14.64,8.5));
#7332 = LINE('',#7333,#7334);
#7333 = CARTESIAN_POINT('',(0.6,-15.84,8.5));
#7334 = VECTOR('',#7335,1.);
#7335 = DIRECTION('',(1.110223024625E-16,1.,0.));
#7336 = ORIENTED_EDGE('',*,*,#7337,.F.);
#7337 = EDGE_CURVE('',#7338,#7328,#7340,.T.);
#7338 = VERTEX_POINT('',#7339);
#7339 = CARTESIAN_POINT('',(-0.6,-15.84,8.5));
#7340 = LINE('',#7341,#7342);
#7341 = CARTESIAN_POINT('',(-0.6,-15.84,8.5));
#7342 = VECTOR('',#7343,1.);
#7343 = DIRECTION('',(1.,-1.110223024625E-16,0.));
#7344 = ORIENTED_EDGE('',*,*,#7345,.F.);
#7345 = EDGE_CURVE('',#7346,#7338,#7348,.T.);
#7346 = VERTEX_POINT('',#7347);
#7347 = CARTESIAN_POINT('',(-0.6,-14.64,8.5));
#7348 = LINE('',#7349,#7350);
#7349 = CARTESIAN_POINT('',(-0.6,-14.64,8.5));
#7350 = VECTOR('',#7351,1.);
#7351 = DIRECTION('',(-1.110223024625E-16,-1.,0.));
#7352 = ORIENTED_EDGE('',*,*,#7353,.F.);
#7353 = EDGE_CURVE('',#7330,#7346,#7354,.T.);
#7354 = LINE('',#7355,#7356);
#7355 = CARTESIAN_POINT('',(0.6,-14.64,8.5));
#7356 = VECTOR('',#7357,1.);
#7357 = DIRECTION('',(-1.,1.110223024625E-16,0.));
#7358 = FACE_BOUND('',#7359,.T.);
#7359 = EDGE_LOOP('',(#7360,#7370,#7378,#7386));
#7360 = ORIENTED_EDGE('',*,*,#7361,.F.);
#7361 = EDGE_CURVE('',#7362,#7364,#7366,.T.);
#7362 = VERTEX_POINT('',#7363);
#7363 = CARTESIAN_POINT('',(0.6,-13.3,8.5));
#7364 = VERTEX_POINT('',#7365);
#7365 = CARTESIAN_POINT('',(0.6,-12.1,8.5));
#7366 = LINE('',#7367,#7368);
#7367 = CARTESIAN_POINT('',(0.6,-13.3,8.5));
#7368 = VECTOR('',#7369,1.);
#7369 = DIRECTION('',(1.110223024625E-16,1.,0.));
#7370 = ORIENTED_EDGE('',*,*,#7371,.F.);
#7371 = EDGE_CURVE('',#7372,#7362,#7374,.T.);
#7372 = VERTEX_POINT('',#7373);
#7373 = CARTESIAN_POINT('',(-0.6,-13.3,8.5));
#7374 = LINE('',#7375,#7376);
#7375 = CARTESIAN_POINT('',(-0.6,-13.3,8.5));
#7376 = VECTOR('',#7377,1.);
#7377 = DIRECTION('',(1.,-1.110223024625E-16,0.));
#7378 = ORIENTED_EDGE('',*,*,#7379,.F.);
#7379 = EDGE_CURVE('',#7380,#7372,#7382,.T.);
#7380 = VERTEX_POINT('',#7381);
#7381 = CARTESIAN_POINT('',(-0.6,-12.1,8.5));
#7382 = LINE('',#7383,#7384);
#7383 = CARTESIAN_POINT('',(-0.6,-12.1,8.5));
#7384 = VECTOR('',#7385,1.);
#7385 = DIRECTION('',(-1.110223024625E-16,-1.,0.));
#7386 = ORIENTED_EDGE('',*,*,#7387,.F.);
#7387 = EDGE_CURVE('',#7364,#7380,#7388,.T.);
#7388 = LINE('',#7389,#7390);
#7389 = CARTESIAN_POINT('',(0.6,-12.1,8.5));
#7390 = VECTOR('',#7391,1.);
#7391 = DIRECTION('',(-1.,1.110223024625E-16,0.));
#7392 = FACE_BOUND('',#7393,.T.);
#7393 = EDGE_LOOP('',(#7394,#7404,#7412,#7420));
#7394 = ORIENTED_EDGE('',*,*,#7395,.F.);
#7395 = EDGE_CURVE('',#7396,#7398,#7400,.T.);
#7396 = VERTEX_POINT('',#7397);
#7397 = CARTESIAN_POINT('',(0.6,-10.76,8.5));
#7398 = VERTEX_POINT('',#7399);
#7399 = CARTESIAN_POINT('',(0.6,-9.56,8.5));
#7400 = LINE('',#7401,#7402);
#7401 = CARTESIAN_POINT('',(0.6,-10.76,8.5));
#7402 = VECTOR('',#7403,1.);
#7403 = DIRECTION('',(1.110223024625E-16,1.,0.));
#7404 = ORIENTED_EDGE('',*,*,#7405,.F.);
#7405 = EDGE_CURVE('',#7406,#7396,#7408,.T.);
#7406 = VERTEX_POINT('',#7407);
#7407 = CARTESIAN_POINT('',(-0.6,-10.76,8.5));
#7408 = LINE('',#7409,#7410);
#7409 = CARTESIAN_POINT('',(-0.6,-10.76,8.5));
#7410 = VECTOR('',#7411,1.);
#7411 = DIRECTION('',(1.,-1.110223024625E-16,0.));
#7412 = ORIENTED_EDGE('',*,*,#7413,.F.);
#7413 = EDGE_CURVE('',#7414,#7406,#7416,.T.);
#7414 = VERTEX_POINT('',#7415);
#7415 = CARTESIAN_POINT('',(-0.6,-9.56,8.5));
#7416 = LINE('',#7417,#7418);
#7417 = CARTESIAN_POINT('',(-0.6,-9.56,8.5));
#7418 = VECTOR('',#7419,1.);
#7419 = DIRECTION('',(-1.110223024625E-16,-1.,0.));
#7420 = ORIENTED_EDGE('',*,*,#7421,.F.);
#7421 = EDGE_CURVE('',#7398,#7414,#7422,.T.);
#7422 = LINE('',#7423,#7424);
#7423 = CARTESIAN_POINT('',(0.6,-9.56,8.5));
#7424 = VECTOR('',#7425,1.);
#7425 = DIRECTION('',(-1.,1.110223024625E-16,0.));
#7426 = FACE_BOUND('',#7427,.T.);
#7427 = EDGE_LOOP('',(#7428,#7438,#7446,#7454));
#7428 = ORIENTED_EDGE('',*,*,#7429,.F.);
#7429 = EDGE_CURVE('',#7430,#7432,#7434,.T.);
#7430 = VERTEX_POINT('',#7431);
#7431 = CARTESIAN_POINT('',(0.6,-8.22,8.5));
#7432 = VERTEX_POINT('',#7433);
#7433 = CARTESIAN_POINT('',(0.6,-7.02,8.5));
#7434 = LINE('',#7435,#7436);
#7435 = CARTESIAN_POINT('',(0.6,-8.22,8.5));
#7436 = VECTOR('',#7437,1.);
#7437 = DIRECTION('',(1.110223024625E-16,1.,0.));
#7438 = ORIENTED_EDGE('',*,*,#7439,.F.);
#7439 = EDGE_CURVE('',#7440,#7430,#7442,.T.);
#7440 = VERTEX_POINT('',#7441);
#7441 = CARTESIAN_POINT('',(-0.6,-8.22,8.5));
#7442 = LINE('',#7443,#7444);
#7443 = CARTESIAN_POINT('',(-0.6,-8.22,8.5));
#7444 = VECTOR('',#7445,1.);
#7445 = DIRECTION('',(1.,-1.110223024625E-16,0.));
#7446 = ORIENTED_EDGE('',*,*,#7447,.F.);
#7447 = EDGE_CURVE('',#7448,#7440,#7450,.T.);
#7448 = VERTEX_POINT('',#7449);
#7449 = CARTESIAN_POINT('',(-0.6,-7.02,8.5));
#7450 = LINE('',#7451,#7452);
#7451 = CARTESIAN_POINT('',(-0.6,-7.02,8.5));
#7452 = VECTOR('',#7453,1.);
#7453 = DIRECTION('',(-1.110223024625E-16,-1.,0.));
#7454 = ORIENTED_EDGE('',*,*,#7455,.F.);
#7455 = EDGE_CURVE('',#7432,#7448,#7456,.T.);
#7456 = LINE('',#7457,#7458);
#7457 = CARTESIAN_POINT('',(0.6,-7.02,8.5));
#7458 = VECTOR('',#7459,1.);
#7459 = DIRECTION('',(-1.,1.110223024625E-16,0.));
#7460 = FACE_BOUND('',#7461,.T.);
#7461 = EDGE_LOOP('',(#7462,#7472,#7480,#7488));
#7462 = ORIENTED_EDGE('',*,*,#7463,.F.);
#7463 = EDGE_CURVE('',#7464,#7466,#7468,.T.);
#7464 = VERTEX_POINT('',#7465);
#7465 = CARTESIAN_POINT('',(0.6,-5.68,8.5));
#7466 = VERTEX_POINT('',#7467);
#7467 = CARTESIAN_POINT('',(0.6,-4.48,8.5));
#7468 = LINE('',#7469,#7470);
#7469 = CARTESIAN_POINT('',(0.6,-5.68,8.5));
#7470 = VECTOR('',#7471,1.);
#7471 = DIRECTION('',(1.110223024625E-16,1.,0.));
#7472 = ORIENTED_EDGE('',*,*,#7473,.F.);
#7473 = EDGE_CURVE('',#7474,#7464,#7476,.T.);
#7474 = VERTEX_POINT('',#7475);
#7475 = CARTESIAN_POINT('',(-0.6,-5.68,8.5));
#7476 = LINE('',#7477,#7478);
#7477 = CARTESIAN_POINT('',(-0.6,-5.68,8.5));
#7478 = VECTOR('',#7479,1.);
#7479 = DIRECTION('',(1.,-1.110223024625E-16,0.));
#7480 = ORIENTED_EDGE('',*,*,#7481,.F.);
#7481 = EDGE_CURVE('',#7482,#7474,#7484,.T.);
#7482 = VERTEX_POINT('',#7483);
#7483 = CARTESIAN_POINT('',(-0.6,-4.48,8.5));
#7484 = LINE('',#7485,#7486);
#7485 = CARTESIAN_POINT('',(-0.6,-4.48,8.5));
#7486 = VECTOR('',#7487,1.);
#7487 = DIRECTION('',(-1.110223024625E-16,-1.,0.));
#7488 = ORIENTED_EDGE('',*,*,#7489,.F.);
#7489 = EDGE_CURVE('',#7466,#7482,#7490,.T.);
#7490 = LINE('',#7491,#7492);
#7491 = CARTESIAN_POINT('',(0.6,-4.48,8.5));
#7492 = VECTOR('',#7493,1.);
#7493 = DIRECTION('',(-1.,1.110223024625E-16,0.));
#7494 = FACE_BOUND('',#7495,.T.);
#7495 = EDGE_LOOP('',(#7496,#7506,#7514,#7522));
#7496 = ORIENTED_EDGE('',*,*,#7497,.F.);
#7497 = EDGE_CURVE('',#7498,#7500,#7502,.T.);
#7498 = VERTEX_POINT('',#7499);
#7499 = CARTESIAN_POINT('',(0.6,-3.14,8.5));
#7500 = VERTEX_POINT('',#7501);
#7501 = CARTESIAN_POINT('',(0.6,-1.94,8.5));
#7502 = LINE('',#7503,#7504);
#7503 = CARTESIAN_POINT('',(0.6,-3.14,8.5));
#7504 = VECTOR('',#7505,1.);
#7505 = DIRECTION('',(1.110223024625E-16,1.,0.));
#7506 = ORIENTED_EDGE('',*,*,#7507,.F.);
#7507 = EDGE_CURVE('',#7508,#7498,#7510,.T.);
#7508 = VERTEX_POINT('',#7509);
#7509 = CARTESIAN_POINT('',(-0.6,-3.14,8.5));
#7510 = LINE('',#7511,#7512);
#7511 = CARTESIAN_POINT('',(-0.6,-3.14,8.5));
#7512 = VECTOR('',#7513,1.);
#7513 = DIRECTION('',(1.,-1.110223024625E-16,0.));
#7514 = ORIENTED_EDGE('',*,*,#7515,.F.);
#7515 = EDGE_CURVE('',#7516,#7508,#7518,.T.);
#7516 = VERTEX_POINT('',#7517);
#7517 = CARTESIAN_POINT('',(-0.6,-1.94,8.5));
#7518 = LINE('',#7519,#7520);
#7519 = CARTESIAN_POINT('',(-0.6,-1.94,8.5));
#7520 = VECTOR('',#7521,1.);
#7521 = DIRECTION('',(-1.110223024625E-16,-1.,0.));
#7522 = ORIENTED_EDGE('',*,*,#7523,.F.);
#7523 = EDGE_CURVE('',#7500,#7516,#7524,.T.);
#7524 = LINE('',#7525,#7526);
#7525 = CARTESIAN_POINT('',(0.6,-1.94,8.5));
#7526 = VECTOR('',#7527,1.);
#7527 = DIRECTION('',(-1.,1.110223024625E-16,0.));
#7528 = FACE_BOUND('',#7529,.T.);
#7529 = EDGE_LOOP('',(#7530,#7540,#7548,#7556));
#7530 = ORIENTED_EDGE('',*,*,#7531,.F.);
#7531 = EDGE_CURVE('',#7532,#7534,#7536,.T.);
#7532 = VERTEX_POINT('',#7533);
#7533 = CARTESIAN_POINT('',(0.6,-0.6,8.5));
#7534 = VERTEX_POINT('',#7535);
#7535 = CARTESIAN_POINT('',(0.6,0.6,8.5));
#7536 = LINE('',#7537,#7538);
#7537 = CARTESIAN_POINT('',(0.6,-0.6,8.5));
#7538 = VECTOR('',#7539,1.);
#7539 = DIRECTION('',(1.110223024625E-16,1.,0.));
#7540 = ORIENTED_EDGE('',*,*,#7541,.F.);
#7541 = EDGE_CURVE('',#7542,#7532,#7544,.T.);
#7542 = VERTEX_POINT('',#7543);
#7543 = CARTESIAN_POINT('',(-0.6,-0.6,8.5));
#7544 = LINE('',#7545,#7546);
#7545 = CARTESIAN_POINT('',(-0.6,-0.6,8.5));
#7546 = VECTOR('',#7547,1.);
#7547 = DIRECTION('',(1.,-1.110223024625E-16,0.));
#7548 = ORIENTED_EDGE('',*,*,#7549,.F.);
#7549 = EDGE_CURVE('',#7550,#7542,#7552,.T.);
#7550 = VERTEX_POINT('',#7551);
#7551 = CARTESIAN_POINT('',(-0.6,0.6,8.5));
#7552 = LINE('',#7553,#7554);
#7553 = CARTESIAN_POINT('',(-0.6,0.6,8.5));
#7554 = VECTOR('',#7555,1.);
#7555 = DIRECTION('',(-1.110223024625E-16,-1.,0.));
#7556 = ORIENTED_EDGE('',*,*,#7557,.F.);
#7557 = EDGE_CURVE('',#7534,#7550,#7558,.T.);
#7558 = LINE('',#7559,#7560);
#7559 = CARTESIAN_POINT('',(0.6,0.6,8.5));
#7560 = VECTOR('',#7561,1.);
#7561 = DIRECTION('',(-1.,1.110223024625E-16,0.));
#7562 = PLANE('',#7563);
#7563 = AXIS2_PLACEMENT_3D('',#7564,#7565,#7566);
#7564 = CARTESIAN_POINT('',(-8.182343691487E-16,-7.62,8.5));
#7565 = DIRECTION('',(0.,0.,1.));
#7566 = DIRECTION('',(1.110223024625E-16,1.,-0.));
#7567 = ADVANCED_FACE('',(#7568),#7584,.F.);
#7568 = FACE_BOUND('',#7569,.F.);
#7569 = EDGE_LOOP('',(#7570,#7571,#7577,#7578));
#7570 = ORIENTED_EDGE('',*,*,#7173,.T.);
#7571 = ORIENTED_EDGE('',*,*,#7572,.F.);
#7572 = EDGE_CURVE('',#7262,#7176,#7573,.T.);
#7573 = LINE('',#7574,#7575);
#7574 = CARTESIAN_POINT('',(-0.846666666667,1.27,0.));
#7575 = VECTOR('',#7576,1.);
#7576 = DIRECTION('',(-1.110223024625E-16,-1.,0.));
#7577 = ORIENTED_EDGE('',*,*,#7261,.T.);
#7578 = ORIENTED_EDGE('',*,*,#7579,.T.);
#7579 = EDGE_CURVE('',#7254,#7174,#7580,.T.);
#7580 = LINE('',#7581,#7582);
#7581 = CARTESIAN_POINT('',(-1.27,1.27,0.));
#7582 = VECTOR('',#7583,1.);
#7583 = DIRECTION('',(-1.110223024625E-16,-1.,0.));
#7584 = PLANE('',#7585);
#7585 = AXIS2_PLACEMENT_3D('',#7586,#7587,#7588);
#7586 = CARTESIAN_POINT('',(-8.182343691487E-16,-7.62,0.));
#7587 = DIRECTION('',(0.,0.,1.));
#7588 = DIRECTION('',(1.110223024625E-16,1.,-0.));
#7589 = ADVANCED_FACE('',(#7590),#7601,.T.);
#7590 = FACE_BOUND('',#7591,.T.);
#7591 = EDGE_LOOP('',(#7592,#7593,#7599,#7600));
#7592 = ORIENTED_EDGE('',*,*,#7269,.T.);
#7593 = ORIENTED_EDGE('',*,*,#7594,.T.);
#7594 = EDGE_CURVE('',#7270,#7215,#7595,.T.);
#7595 = LINE('',#7596,#7597);
#7596 = CARTESIAN_POINT('',(-0.846666666667,1.27,0.2));
#7597 = VECTOR('',#7598,1.);
#7598 = DIRECTION('',(-1.110223024625E-16,-1.,0.));
#7599 = ORIENTED_EDGE('',*,*,#7222,.F.);
#7600 = ORIENTED_EDGE('',*,*,#7572,.F.);
#7601 = PLANE('',#7602);
#7602 = AXIS2_PLACEMENT_3D('',#7603,#7604,#7605);
#7603 = CARTESIAN_POINT('',(-0.846666666667,1.27,0.));
#7604 = DIRECTION('',(1.,-1.110223024625E-16,0.));
#7605 = DIRECTION('',(-1.110223024625E-16,-1.,0.));
#7606 = ADVANCED_FACE('',(#7607,#7618,#7684,#7750,#7816,#7882,#7948,
    #8014),#8080,.F.);
#7607 = FACE_BOUND('',#7608,.F.);
#7608 = EDGE_LOOP('',(#7609,#7615,#7616,#7617));
#7609 = ORIENTED_EDGE('',*,*,#7610,.T.);
#7610 = EDGE_CURVE('',#7207,#7278,#7611,.T.);
#7611 = LINE('',#7612,#7613);
#7612 = CARTESIAN_POINT('',(0.846666666667,-16.51,0.2));
#7613 = VECTOR('',#7614,1.);
#7614 = DIRECTION('',(1.110223024625E-16,1.,0.));
#7615 = ORIENTED_EDGE('',*,*,#7277,.T.);
#7616 = ORIENTED_EDGE('',*,*,#7594,.T.);
#7617 = ORIENTED_EDGE('',*,*,#7214,.T.);
#7618 = FACE_BOUND('',#7619,.F.);
#7619 = EDGE_LOOP('',(#7620,#7630,#7638,#7646,#7654,#7662,#7670,#7678));
#7620 = ORIENTED_EDGE('',*,*,#7621,.F.);
#7621 = EDGE_CURVE('',#7622,#7624,#7626,.T.);
#7622 = VERTEX_POINT('',#7623);
#7623 = CARTESIAN_POINT('',(-0.1,-15.69,0.2));
#7624 = VERTEX_POINT('',#7625);
#7625 = CARTESIAN_POINT('',(0.1,-15.69,0.2));
#7626 = LINE('',#7627,#7628);
#7627 = CARTESIAN_POINT('',(-0.1,-15.69,0.2));
#7628 = VECTOR('',#7629,1.);
#7629 = DIRECTION('',(1.,-1.110223024625E-16,0.));
#7630 = ORIENTED_EDGE('',*,*,#7631,.T.);
#7631 = EDGE_CURVE('',#7622,#7632,#7634,.T.);
#7632 = VERTEX_POINT('',#7633);
#7633 = CARTESIAN_POINT('',(-0.1,-15.54,0.2));
#7634 = LINE('',#7635,#7636);
#7635 = CARTESIAN_POINT('',(-0.1,-15.69,0.2));
#7636 = VECTOR('',#7637,1.);
#7637 = DIRECTION('',(1.110223024625E-16,1.,0.));
#7638 = ORIENTED_EDGE('',*,*,#7639,.F.);
#7639 = EDGE_CURVE('',#7640,#7632,#7642,.T.);
#7640 = VERTEX_POINT('',#7641);
#7641 = CARTESIAN_POINT('',(-0.1,-14.94,0.2));
#7642 = LINE('',#7643,#7644);
#7643 = CARTESIAN_POINT('',(-0.1,-11.43,0.2));
#7644 = VECTOR('',#7645,1.);
#7645 = DIRECTION('',(-1.110223024625E-16,-1.,0.));
#7646 = ORIENTED_EDGE('',*,*,#7647,.T.);
#7647 = EDGE_CURVE('',#7640,#7648,#7650,.T.);
#7648 = VERTEX_POINT('',#7649);
#7649 = CARTESIAN_POINT('',(-0.1,-14.79,0.2));
#7650 = LINE('',#7651,#7652);
#7651 = CARTESIAN_POINT('',(-0.1,-15.69,0.2));
#7652 = VECTOR('',#7653,1.);
#7653 = DIRECTION('',(1.110223024625E-16,1.,0.));
#7654 = ORIENTED_EDGE('',*,*,#7655,.T.);
#7655 = EDGE_CURVE('',#7648,#7656,#7658,.T.);
#7656 = VERTEX_POINT('',#7657);
#7657 = CARTESIAN_POINT('',(0.1,-14.79,0.2));
#7658 = LINE('',#7659,#7660);
#7659 = CARTESIAN_POINT('',(-0.1,-14.79,0.2));
#7660 = VECTOR('',#7661,1.);
#7661 = DIRECTION('',(1.,-1.110223024625E-16,0.));
#7662 = ORIENTED_EDGE('',*,*,#7663,.T.);
#7663 = EDGE_CURVE('',#7656,#7664,#7666,.T.);
#7664 = VERTEX_POINT('',#7665);
#7665 = CARTESIAN_POINT('',(0.1,-14.94,0.2));
#7666 = LINE('',#7667,#7668);
#7667 = CARTESIAN_POINT('',(0.1,-14.79,0.2));
#7668 = VECTOR('',#7669,1.);
#7669 = DIRECTION('',(-1.110223024625E-16,-1.,0.));
#7670 = ORIENTED_EDGE('',*,*,#7671,.T.);
#7671 = EDGE_CURVE('',#7664,#7672,#7674,.T.);
#7672 = VERTEX_POINT('',#7673);
#7673 = CARTESIAN_POINT('',(0.1,-15.54,0.2));
#7674 = LINE('',#7675,#7676);
#7675 = CARTESIAN_POINT('',(0.1,-11.43,0.2));
#7676 = VECTOR('',#7677,1.);
#7677 = DIRECTION('',(-1.110223024625E-16,-1.,0.));
#7678 = ORIENTED_EDGE('',*,*,#7679,.T.);
#7679 = EDGE_CURVE('',#7672,#7624,#7680,.T.);
#7680 = LINE('',#7681,#7682);
#7681 = CARTESIAN_POINT('',(0.1,-14.79,0.2));
#7682 = VECTOR('',#7683,1.);
#7683 = DIRECTION('',(-1.110223024625E-16,-1.,0.));
#7684 = FACE_BOUND('',#7685,.F.);
#7685 = EDGE_LOOP('',(#7686,#7696,#7704,#7712,#7720,#7728,#7736,#7744));
#7686 = ORIENTED_EDGE('',*,*,#7687,.F.);
#7687 = EDGE_CURVE('',#7688,#7690,#7692,.T.);
#7688 = VERTEX_POINT('',#7689);
#7689 = CARTESIAN_POINT('',(-0.1,-13.15,0.2));
#7690 = VERTEX_POINT('',#7691);
#7691 = CARTESIAN_POINT('',(0.1,-13.15,0.2));
#7692 = LINE('',#7693,#7694);
#7693 = CARTESIAN_POINT('',(-0.1,-13.15,0.2));
#7694 = VECTOR('',#7695,1.);
#7695 = DIRECTION('',(1.,-1.110223024625E-16,0.));
#7696 = ORIENTED_EDGE('',*,*,#7697,.T.);
#7697 = EDGE_CURVE('',#7688,#7698,#7700,.T.);
#7698 = VERTEX_POINT('',#7699);
#7699 = CARTESIAN_POINT('',(-0.1,-13.,0.2));
#7700 = LINE('',#7701,#7702);
#7701 = CARTESIAN_POINT('',(-0.1,-13.15,0.2));
#7702 = VECTOR('',#7703,1.);
#7703 = DIRECTION('',(1.110223024625E-16,1.,0.));
#7704 = ORIENTED_EDGE('',*,*,#7705,.F.);
#7705 = EDGE_CURVE('',#7706,#7698,#7708,.T.);
#7706 = VERTEX_POINT('',#7707);
#7707 = CARTESIAN_POINT('',(-0.1,-12.4,0.2));
#7708 = LINE('',#7709,#7710);
#7709 = CARTESIAN_POINT('',(-0.1,-10.16,0.2));
#7710 = VECTOR('',#7711,1.);
#7711 = DIRECTION('',(-1.110223024625E-16,-1.,0.));
#7712 = ORIENTED_EDGE('',*,*,#7713,.T.);
#7713 = EDGE_CURVE('',#7706,#7714,#7716,.T.);
#7714 = VERTEX_POINT('',#7715);
#7715 = CARTESIAN_POINT('',(-0.1,-12.25,0.2));
#7716 = LINE('',#7717,#7718);
#7717 = CARTESIAN_POINT('',(-0.1,-13.15,0.2));
#7718 = VECTOR('',#7719,1.);
#7719 = DIRECTION('',(1.110223024625E-16,1.,0.));
#7720 = ORIENTED_EDGE('',*,*,#7721,.T.);
#7721 = EDGE_CURVE('',#7714,#7722,#7724,.T.);
#7722 = VERTEX_POINT('',#7723);
#7723 = CARTESIAN_POINT('',(0.1,-12.25,0.2));
#7724 = LINE('',#7725,#7726);
#7725 = CARTESIAN_POINT('',(-0.1,-12.25,0.2));
#7726 = VECTOR('',#7727,1.);
#7727 = DIRECTION('',(1.,-1.110223024625E-16,0.));
#7728 = ORIENTED_EDGE('',*,*,#7729,.T.);
#7729 = EDGE_CURVE('',#7722,#7730,#7732,.T.);
#7730 = VERTEX_POINT('',#7731);
#7731 = CARTESIAN_POINT('',(0.1,-12.4,0.2));
#7732 = LINE('',#7733,#7734);
#7733 = CARTESIAN_POINT('',(0.1,-12.25,0.2));
#7734 = VECTOR('',#7735,1.);
#7735 = DIRECTION('',(-1.110223024625E-16,-1.,0.));
#7736 = ORIENTED_EDGE('',*,*,#7737,.T.);
#7737 = EDGE_CURVE('',#7730,#7738,#7740,.T.);
#7738 = VERTEX_POINT('',#7739);
#7739 = CARTESIAN_POINT('',(0.1,-13.,0.2));
#7740 = LINE('',#7741,#7742);
#7741 = CARTESIAN_POINT('',(0.1,-10.16,0.2));
#7742 = VECTOR('',#7743,1.);
#7743 = DIRECTION('',(-1.110223024625E-16,-1.,0.));
#7744 = ORIENTED_EDGE('',*,*,#7745,.T.);
#7745 = EDGE_CURVE('',#7738,#7690,#7746,.T.);
#7746 = LINE('',#7747,#7748);
#7747 = CARTESIAN_POINT('',(0.1,-12.25,0.2));
#7748 = VECTOR('',#7749,1.);
#7749 = DIRECTION('',(-1.110223024625E-16,-1.,0.));
#7750 = FACE_BOUND('',#7751,.F.);
#7751 = EDGE_LOOP('',(#7752,#7762,#7770,#7778,#7786,#7794,#7802,#7810));
#7752 = ORIENTED_EDGE('',*,*,#7753,.F.);
#7753 = EDGE_CURVE('',#7754,#7756,#7758,.T.);
#7754 = VERTEX_POINT('',#7755);
#7755 = CARTESIAN_POINT('',(-0.1,-10.61,0.2));
#7756 = VERTEX_POINT('',#7757);
#7757 = CARTESIAN_POINT('',(0.1,-10.61,0.2));
#7758 = LINE('',#7759,#7760);
#7759 = CARTESIAN_POINT('',(-0.1,-10.61,0.2));
#7760 = VECTOR('',#7761,1.);
#7761 = DIRECTION('',(1.,-1.110223024625E-16,0.));
#7762 = ORIENTED_EDGE('',*,*,#7763,.T.);
#7763 = EDGE_CURVE('',#7754,#7764,#7766,.T.);
#7764 = VERTEX_POINT('',#7765);
#7765 = CARTESIAN_POINT('',(-0.1,-10.46,0.2));
#7766 = LINE('',#7767,#7768);
#7767 = CARTESIAN_POINT('',(-0.1,-10.61,0.2));
#7768 = VECTOR('',#7769,1.);
#7769 = DIRECTION('',(1.110223024625E-16,1.,0.));
#7770 = ORIENTED_EDGE('',*,*,#7771,.F.);
#7771 = EDGE_CURVE('',#7772,#7764,#7774,.T.);
#7772 = VERTEX_POINT('',#7773);
#7773 = CARTESIAN_POINT('',(-0.1,-9.86,0.2));
#7774 = LINE('',#7775,#7776);
#7775 = CARTESIAN_POINT('',(-0.1,-8.89,0.2));
#7776 = VECTOR('',#7777,1.);
#7777 = DIRECTION('',(-1.110223024625E-16,-1.,0.));
#7778 = ORIENTED_EDGE('',*,*,#7779,.T.);
#7779 = EDGE_CURVE('',#7772,#7780,#7782,.T.);
#7780 = VERTEX_POINT('',#7781);
#7781 = CARTESIAN_POINT('',(-0.1,-9.71,0.2));
#7782 = LINE('',#7783,#7784);
#7783 = CARTESIAN_POINT('',(-0.1,-10.61,0.2));
#7784 = VECTOR('',#7785,1.);
#7785 = DIRECTION('',(1.110223024625E-16,1.,0.));
#7786 = ORIENTED_EDGE('',*,*,#7787,.T.);
#7787 = EDGE_CURVE('',#7780,#7788,#7790,.T.);
#7788 = VERTEX_POINT('',#7789);
#7789 = CARTESIAN_POINT('',(0.1,-9.71,0.2));
#7790 = LINE('',#7791,#7792);
#7791 = CARTESIAN_POINT('',(-0.1,-9.71,0.2));
#7792 = VECTOR('',#7793,1.);
#7793 = DIRECTION('',(1.,-1.110223024625E-16,0.));
#7794 = ORIENTED_EDGE('',*,*,#7795,.T.);
#7795 = EDGE_CURVE('',#7788,#7796,#7798,.T.);
#7796 = VERTEX_POINT('',#7797);
#7797 = CARTESIAN_POINT('',(0.1,-9.86,0.2));
#7798 = LINE('',#7799,#7800);
#7799 = CARTESIAN_POINT('',(0.1,-9.71,0.2));
#7800 = VECTOR('',#7801,1.);
#7801 = DIRECTION('',(-1.110223024625E-16,-1.,0.));
#7802 = ORIENTED_EDGE('',*,*,#7803,.T.);
#7803 = EDGE_CURVE('',#7796,#7804,#7806,.T.);
#7804 = VERTEX_POINT('',#7805);
#7805 = CARTESIAN_POINT('',(0.1,-10.46,0.2));
#7806 = LINE('',#7807,#7808);
#7807 = CARTESIAN_POINT('',(0.1,-8.89,0.2));
#7808 = VECTOR('',#7809,1.);
#7809 = DIRECTION('',(-1.110223024625E-16,-1.,0.));
#7810 = ORIENTED_EDGE('',*,*,#7811,.T.);
#7811 = EDGE_CURVE('',#7804,#7756,#7812,.T.);
#7812 = LINE('',#7813,#7814);
#7813 = CARTESIAN_POINT('',(0.1,-9.71,0.2));
#7814 = VECTOR('',#7815,1.);
#7815 = DIRECTION('',(-1.110223024625E-16,-1.,0.));
#7816 = FACE_BOUND('',#7817,.F.);
#7817 = EDGE_LOOP('',(#7818,#7828,#7836,#7844,#7852,#7860,#7868,#7876));
#7818 = ORIENTED_EDGE('',*,*,#7819,.F.);
#7819 = EDGE_CURVE('',#7820,#7822,#7824,.T.);
#7820 = VERTEX_POINT('',#7821);
#7821 = CARTESIAN_POINT('',(-0.1,-8.07,0.2));
#7822 = VERTEX_POINT('',#7823);
#7823 = CARTESIAN_POINT('',(0.1,-8.07,0.2));
#7824 = LINE('',#7825,#7826);
#7825 = CARTESIAN_POINT('',(-0.1,-8.07,0.2));
#7826 = VECTOR('',#7827,1.);
#7827 = DIRECTION('',(1.,-1.110223024625E-16,0.));
#7828 = ORIENTED_EDGE('',*,*,#7829,.T.);
#7829 = EDGE_CURVE('',#7820,#7830,#7832,.T.);
#7830 = VERTEX_POINT('',#7831);
#7831 = CARTESIAN_POINT('',(-0.1,-7.92,0.2));
#7832 = LINE('',#7833,#7834);
#7833 = CARTESIAN_POINT('',(-0.1,-8.07,0.2));
#7834 = VECTOR('',#7835,1.);
#7835 = DIRECTION('',(1.110223024625E-16,1.,0.));
#7836 = ORIENTED_EDGE('',*,*,#7837,.F.);
#7837 = EDGE_CURVE('',#7838,#7830,#7840,.T.);
#7838 = VERTEX_POINT('',#7839);
#7839 = CARTESIAN_POINT('',(-0.1,-7.32,0.2));
#7840 = LINE('',#7841,#7842);
#7841 = CARTESIAN_POINT('',(-0.1,-7.62,0.2));
#7842 = VECTOR('',#7843,1.);
#7843 = DIRECTION('',(-1.110223024625E-16,-1.,0.));
#7844 = ORIENTED_EDGE('',*,*,#7845,.T.);
#7845 = EDGE_CURVE('',#7838,#7846,#7848,.T.);
#7846 = VERTEX_POINT('',#7847);
#7847 = CARTESIAN_POINT('',(-0.1,-7.17,0.2));
#7848 = LINE('',#7849,#7850);
#7849 = CARTESIAN_POINT('',(-0.1,-8.07,0.2));
#7850 = VECTOR('',#7851,1.);
#7851 = DIRECTION('',(1.110223024625E-16,1.,0.));
#7852 = ORIENTED_EDGE('',*,*,#7853,.T.);
#7853 = EDGE_CURVE('',#7846,#7854,#7856,.T.);
#7854 = VERTEX_POINT('',#7855);
#7855 = CARTESIAN_POINT('',(0.1,-7.17,0.2));
#7856 = LINE('',#7857,#7858);
#7857 = CARTESIAN_POINT('',(-0.1,-7.17,0.2));
#7858 = VECTOR('',#7859,1.);
#7859 = DIRECTION('',(1.,-1.110223024625E-16,0.));
#7860 = ORIENTED_EDGE('',*,*,#7861,.T.);
#7861 = EDGE_CURVE('',#7854,#7862,#7864,.T.);
#7862 = VERTEX_POINT('',#7863);
#7863 = CARTESIAN_POINT('',(0.1,-7.32,0.2));
#7864 = LINE('',#7865,#7866);
#7865 = CARTESIAN_POINT('',(0.1,-7.17,0.2));
#7866 = VECTOR('',#7867,1.);
#7867 = DIRECTION('',(-1.110223024625E-16,-1.,0.));
#7868 = ORIENTED_EDGE('',*,*,#7869,.T.);
#7869 = EDGE_CURVE('',#7862,#7870,#7872,.T.);
#7870 = VERTEX_POINT('',#7871);
#7871 = CARTESIAN_POINT('',(0.1,-7.92,0.2));
#7872 = LINE('',#7873,#7874);
#7873 = CARTESIAN_POINT('',(0.1,-7.62,0.2));
#7874 = VECTOR('',#7875,1.);
#7875 = DIRECTION('',(-1.110223024625E-16,-1.,0.));
#7876 = ORIENTED_EDGE('',*,*,#7877,.T.);
#7877 = EDGE_CURVE('',#7870,#7822,#7878,.T.);
#7878 = LINE('',#7879,#7880);
#7879 = CARTESIAN_POINT('',(0.1,-7.17,0.2));
#7880 = VECTOR('',#7881,1.);
#7881 = DIRECTION('',(-1.110223024625E-16,-1.,0.));
#7882 = FACE_BOUND('',#7883,.F.);
#7883 = EDGE_LOOP('',(#7884,#7894,#7902,#7910,#7918,#7926,#7934,#7942));
#7884 = ORIENTED_EDGE('',*,*,#7885,.F.);
#7885 = EDGE_CURVE('',#7886,#7888,#7890,.T.);
#7886 = VERTEX_POINT('',#7887);
#7887 = CARTESIAN_POINT('',(-0.1,-5.53,0.2));
#7888 = VERTEX_POINT('',#7889);
#7889 = CARTESIAN_POINT('',(0.1,-5.53,0.2));
#7890 = LINE('',#7891,#7892);
#7891 = CARTESIAN_POINT('',(-0.1,-5.53,0.2));
#7892 = VECTOR('',#7893,1.);
#7893 = DIRECTION('',(1.,-1.110223024625E-16,0.));
#7894 = ORIENTED_EDGE('',*,*,#7895,.T.);
#7895 = EDGE_CURVE('',#7886,#7896,#7898,.T.);
#7896 = VERTEX_POINT('',#7897);
#7897 = CARTESIAN_POINT('',(-0.1,-5.38,0.2));
#7898 = LINE('',#7899,#7900);
#7899 = CARTESIAN_POINT('',(-0.1,-5.53,0.2));
#7900 = VECTOR('',#7901,1.);
#7901 = DIRECTION('',(1.110223024625E-16,1.,0.));
#7902 = ORIENTED_EDGE('',*,*,#7903,.F.);
#7903 = EDGE_CURVE('',#7904,#7896,#7906,.T.);
#7904 = VERTEX_POINT('',#7905);
#7905 = CARTESIAN_POINT('',(-0.1,-4.78,0.2));
#7906 = LINE('',#7907,#7908);
#7907 = CARTESIAN_POINT('',(-0.1,-6.35,0.2));
#7908 = VECTOR('',#7909,1.);
#7909 = DIRECTION('',(-1.110223024625E-16,-1.,0.));
#7910 = ORIENTED_EDGE('',*,*,#7911,.T.);
#7911 = EDGE_CURVE('',#7904,#7912,#7914,.T.);
#7912 = VERTEX_POINT('',#7913);
#7913 = CARTESIAN_POINT('',(-0.1,-4.63,0.2));
#7914 = LINE('',#7915,#7916);
#7915 = CARTESIAN_POINT('',(-0.1,-5.53,0.2));
#7916 = VECTOR('',#7917,1.);
#7917 = DIRECTION('',(1.110223024625E-16,1.,0.));
#7918 = ORIENTED_EDGE('',*,*,#7919,.T.);
#7919 = EDGE_CURVE('',#7912,#7920,#7922,.T.);
#7920 = VERTEX_POINT('',#7921);
#7921 = CARTESIAN_POINT('',(0.1,-4.63,0.2));
#7922 = LINE('',#7923,#7924);
#7923 = CARTESIAN_POINT('',(-0.1,-4.63,0.2));
#7924 = VECTOR('',#7925,1.);
#7925 = DIRECTION('',(1.,-1.110223024625E-16,0.));
#7926 = ORIENTED_EDGE('',*,*,#7927,.T.);
#7927 = EDGE_CURVE('',#7920,#7928,#7930,.T.);
#7928 = VERTEX_POINT('',#7929);
#7929 = CARTESIAN_POINT('',(0.1,-4.78,0.2));
#7930 = LINE('',#7931,#7932);
#7931 = CARTESIAN_POINT('',(0.1,-4.63,0.2));
#7932 = VECTOR('',#7933,1.);
#7933 = DIRECTION('',(-1.110223024625E-16,-1.,0.));
#7934 = ORIENTED_EDGE('',*,*,#7935,.T.);
#7935 = EDGE_CURVE('',#7928,#7936,#7938,.T.);
#7936 = VERTEX_POINT('',#7937);
#7937 = CARTESIAN_POINT('',(0.1,-5.38,0.2));
#7938 = LINE('',#7939,#7940);
#7939 = CARTESIAN_POINT('',(0.1,-6.35,0.2));
#7940 = VECTOR('',#7941,1.);
#7941 = DIRECTION('',(-1.110223024625E-16,-1.,0.));
#7942 = ORIENTED_EDGE('',*,*,#7943,.T.);
#7943 = EDGE_CURVE('',#7936,#7888,#7944,.T.);
#7944 = LINE('',#7945,#7946);
#7945 = CARTESIAN_POINT('',(0.1,-4.63,0.2));
#7946 = VECTOR('',#7947,1.);
#7947 = DIRECTION('',(-1.110223024625E-16,-1.,0.));
#7948 = FACE_BOUND('',#7949,.F.);
#7949 = EDGE_LOOP('',(#7950,#7960,#7968,#7976,#7984,#7992,#8000,#8008));
#7950 = ORIENTED_EDGE('',*,*,#7951,.F.);
#7951 = EDGE_CURVE('',#7952,#7954,#7956,.T.);
#7952 = VERTEX_POINT('',#7953);
#7953 = CARTESIAN_POINT('',(-0.1,-2.99,0.2));
#7954 = VERTEX_POINT('',#7955);
#7955 = CARTESIAN_POINT('',(0.1,-2.99,0.2));
#7956 = LINE('',#7957,#7958);
#7957 = CARTESIAN_POINT('',(-0.1,-2.99,0.2));
#7958 = VECTOR('',#7959,1.);
#7959 = DIRECTION('',(1.,-1.110223024625E-16,0.));
#7960 = ORIENTED_EDGE('',*,*,#7961,.T.);
#7961 = EDGE_CURVE('',#7952,#7962,#7964,.T.);
#7962 = VERTEX_POINT('',#7963);
#7963 = CARTESIAN_POINT('',(-0.1,-2.84,0.2));
#7964 = LINE('',#7965,#7966);
#7965 = CARTESIAN_POINT('',(-0.1,-2.99,0.2));
#7966 = VECTOR('',#7967,1.);
#7967 = DIRECTION('',(1.110223024625E-16,1.,0.));
#7968 = ORIENTED_EDGE('',*,*,#7969,.F.);
#7969 = EDGE_CURVE('',#7970,#7962,#7972,.T.);
#7970 = VERTEX_POINT('',#7971);
#7971 = CARTESIAN_POINT('',(-0.1,-2.24,0.2));
#7972 = LINE('',#7973,#7974);
#7973 = CARTESIAN_POINT('',(-0.1,-5.08,0.2));
#7974 = VECTOR('',#7975,1.);
#7975 = DIRECTION('',(-1.110223024625E-16,-1.,0.));
#7976 = ORIENTED_EDGE('',*,*,#7977,.T.);
#7977 = EDGE_CURVE('',#7970,#7978,#7980,.T.);
#7978 = VERTEX_POINT('',#7979);
#7979 = CARTESIAN_POINT('',(-0.1,-2.09,0.2));
#7980 = LINE('',#7981,#7982);
#7981 = CARTESIAN_POINT('',(-0.1,-2.99,0.2));
#7982 = VECTOR('',#7983,1.);
#7983 = DIRECTION('',(1.110223024625E-16,1.,0.));
#7984 = ORIENTED_EDGE('',*,*,#7985,.T.);
#7985 = EDGE_CURVE('',#7978,#7986,#7988,.T.);
#7986 = VERTEX_POINT('',#7987);
#7987 = CARTESIAN_POINT('',(0.1,-2.09,0.2));
#7988 = LINE('',#7989,#7990);
#7989 = CARTESIAN_POINT('',(-0.1,-2.09,0.2));
#7990 = VECTOR('',#7991,1.);
#7991 = DIRECTION('',(1.,-1.110223024625E-16,0.));
#7992 = ORIENTED_EDGE('',*,*,#7993,.T.);
#7993 = EDGE_CURVE('',#7986,#7994,#7996,.T.);
#7994 = VERTEX_POINT('',#7995);
#7995 = CARTESIAN_POINT('',(0.1,-2.24,0.2));
#7996 = LINE('',#7997,#7998);
#7997 = CARTESIAN_POINT('',(0.1,-2.09,0.2));
#7998 = VECTOR('',#7999,1.);
#7999 = DIRECTION('',(-1.110223024625E-16,-1.,0.));
#8000 = ORIENTED_EDGE('',*,*,#8001,.T.);
#8001 = EDGE_CURVE('',#7994,#8002,#8004,.T.);
#8002 = VERTEX_POINT('',#8003);
#8003 = CARTESIAN_POINT('',(0.1,-2.84,0.2));
#8004 = LINE('',#8005,#8006);
#8005 = CARTESIAN_POINT('',(0.1,-5.08,0.2));
#8006 = VECTOR('',#8007,1.);
#8007 = DIRECTION('',(-1.110223024625E-16,-1.,0.));
#8008 = ORIENTED_EDGE('',*,*,#8009,.T.);
#8009 = EDGE_CURVE('',#8002,#7954,#8010,.T.);
#8010 = LINE('',#8011,#8012);
#8011 = CARTESIAN_POINT('',(0.1,-2.09,0.2));
#8012 = VECTOR('',#8013,1.);
#8013 = DIRECTION('',(-1.110223024625E-16,-1.,0.));
#8014 = FACE_BOUND('',#8015,.F.);
#8015 = EDGE_LOOP('',(#8016,#8026,#8034,#8042,#8050,#8058,#8066,#8074));
#8016 = ORIENTED_EDGE('',*,*,#8017,.F.);
#8017 = EDGE_CURVE('',#8018,#8020,#8022,.T.);
#8018 = VERTEX_POINT('',#8019);
#8019 = CARTESIAN_POINT('',(-0.1,-0.45,0.2));
#8020 = VERTEX_POINT('',#8021);
#8021 = CARTESIAN_POINT('',(0.1,-0.45,0.2));
#8022 = LINE('',#8023,#8024);
#8023 = CARTESIAN_POINT('',(-0.1,-0.45,0.2));
#8024 = VECTOR('',#8025,1.);
#8025 = DIRECTION('',(1.,-1.110223024625E-16,0.));
#8026 = ORIENTED_EDGE('',*,*,#8027,.T.);
#8027 = EDGE_CURVE('',#8018,#8028,#8030,.T.);
#8028 = VERTEX_POINT('',#8029);
#8029 = CARTESIAN_POINT('',(-0.1,-0.3,0.2));
#8030 = LINE('',#8031,#8032);
#8031 = CARTESIAN_POINT('',(-0.1,-0.45,0.2));
#8032 = VECTOR('',#8033,1.);
#8033 = DIRECTION('',(1.110223024625E-16,1.,0.));
#8034 = ORIENTED_EDGE('',*,*,#8035,.F.);
#8035 = EDGE_CURVE('',#8036,#8028,#8038,.T.);
#8036 = VERTEX_POINT('',#8037);
#8037 = CARTESIAN_POINT('',(-0.1,0.3,0.2));
#8038 = LINE('',#8039,#8040);
#8039 = CARTESIAN_POINT('',(-0.1,-3.81,0.2));
#8040 = VECTOR('',#8041,1.);
#8041 = DIRECTION('',(-1.110223024625E-16,-1.,0.));
#8042 = ORIENTED_EDGE('',*,*,#8043,.T.);
#8043 = EDGE_CURVE('',#8036,#8044,#8046,.T.);
#8044 = VERTEX_POINT('',#8045);
#8045 = CARTESIAN_POINT('',(-0.1,0.45,0.2));
#8046 = LINE('',#8047,#8048);
#8047 = CARTESIAN_POINT('',(-0.1,-0.45,0.2));
#8048 = VECTOR('',#8049,1.);
#8049 = DIRECTION('',(1.110223024625E-16,1.,0.));
#8050 = ORIENTED_EDGE('',*,*,#8051,.T.);
#8051 = EDGE_CURVE('',#8044,#8052,#8054,.T.);
#8052 = VERTEX_POINT('',#8053);
#8053 = CARTESIAN_POINT('',(0.1,0.45,0.2));
#8054 = LINE('',#8055,#8056);
#8055 = CARTESIAN_POINT('',(-0.1,0.45,0.2));
#8056 = VECTOR('',#8057,1.);
#8057 = DIRECTION('',(1.,-1.110223024625E-16,0.));
#8058 = ORIENTED_EDGE('',*,*,#8059,.T.);
#8059 = EDGE_CURVE('',#8052,#8060,#8062,.T.);
#8060 = VERTEX_POINT('',#8061);
#8061 = CARTESIAN_POINT('',(0.1,0.3,0.2));
#8062 = LINE('',#8063,#8064);
#8063 = CARTESIAN_POINT('',(0.1,0.45,0.2));
#8064 = VECTOR('',#8065,1.);
#8065 = DIRECTION('',(-1.110223024625E-16,-1.,0.));
#8066 = ORIENTED_EDGE('',*,*,#8067,.T.);
#8067 = EDGE_CURVE('',#8060,#8068,#8070,.T.);
#8068 = VERTEX_POINT('',#8069);
#8069 = CARTESIAN_POINT('',(0.1,-0.3,0.2));
#8070 = LINE('',#8071,#8072);
#8071 = CARTESIAN_POINT('',(0.1,-3.81,0.2));
#8072 = VECTOR('',#8073,1.);
#8073 = DIRECTION('',(-1.110223024625E-16,-1.,0.));
#8074 = ORIENTED_EDGE('',*,*,#8075,.T.);
#8075 = EDGE_CURVE('',#8068,#8020,#8076,.T.);
#8076 = LINE('',#8077,#8078);
#8077 = CARTESIAN_POINT('',(0.1,0.45,0.2));
#8078 = VECTOR('',#8079,1.);
#8079 = DIRECTION('',(-1.110223024625E-16,-1.,0.));
#8080 = PLANE('',#8081);
#8081 = AXIS2_PLACEMENT_3D('',#8082,#8083,#8084);
#8082 = CARTESIAN_POINT('',(-6.785537934727E-16,-7.62,0.2));
#8083 = DIRECTION('',(0.,0.,1.));
#8084 = DIRECTION('',(1.110223024625E-16,1.,-0.));
#8085 = ADVANCED_FACE('',(#8086),#8092,.T.);
#8086 = FACE_BOUND('',#8087,.T.);
#8087 = EDGE_LOOP('',(#8088,#8089,#8090,#8091));
#8088 = ORIENTED_EDGE('',*,*,#7206,.T.);
#8089 = ORIENTED_EDGE('',*,*,#7610,.T.);
#8090 = ORIENTED_EDGE('',*,*,#7285,.F.);
#8091 = ORIENTED_EDGE('',*,*,#7302,.F.);
#8092 = PLANE('',#8093);
#8093 = AXIS2_PLACEMENT_3D('',#8094,#8095,#8096);
#8094 = CARTESIAN_POINT('',(0.846666666667,-16.51,0.));
#8095 = DIRECTION('',(-1.,1.110223024625E-16,0.));
#8096 = DIRECTION('',(1.110223024625E-16,1.,0.));
#8097 = ADVANCED_FACE('',(#8098),#8104,.F.);
#8098 = FACE_BOUND('',#8099,.F.);
#8099 = EDGE_LOOP('',(#8100,#8101,#8102,#8103));
#8100 = ORIENTED_EDGE('',*,*,#7253,.T.);
#8101 = ORIENTED_EDGE('',*,*,#7318,.T.);
#8102 = ORIENTED_EDGE('',*,*,#7183,.F.);
#8103 = ORIENTED_EDGE('',*,*,#7579,.F.);
#8104 = PLANE('',#8105);
#8105 = AXIS2_PLACEMENT_3D('',#8106,#8107,#8108);
#8106 = CARTESIAN_POINT('',(-1.27,1.27,0.));
#8107 = DIRECTION('',(1.,-1.110223024625E-16,0.));
#8108 = DIRECTION('',(-1.110223024625E-16,-1.,0.));
#8109 = ADVANCED_FACE('',(#8110),#8135,.T.);
#8110 = FACE_BOUND('',#8111,.T.);
#8111 = EDGE_LOOP('',(#8112,#8120,#8121,#8129));
#8112 = ORIENTED_EDGE('',*,*,#8113,.F.);
#8113 = EDGE_CURVE('',#7328,#8114,#8116,.T.);
#8114 = VERTEX_POINT('',#8115);
#8115 = CARTESIAN_POINT('',(0.3,-15.54,8.2));
#8116 = LINE('',#8117,#8118);
#8117 = CARTESIAN_POINT('',(0.3,-15.54,8.2));
#8118 = VECTOR('',#8119,1.);
#8119 = DIRECTION('',(-0.57735026919,0.57735026919,-0.57735026919));
#8120 = ORIENTED_EDGE('',*,*,#7327,.T.);
#8121 = ORIENTED_EDGE('',*,*,#8122,.T.);
#8122 = EDGE_CURVE('',#7330,#8123,#8125,.T.);
#8123 = VERTEX_POINT('',#8124);
#8124 = CARTESIAN_POINT('',(0.3,-14.94,8.2));
#8125 = LINE('',#8126,#8127);
#8126 = CARTESIAN_POINT('',(0.3,-14.94,8.2));
#8127 = VECTOR('',#8128,1.);
#8128 = DIRECTION('',(-0.57735026919,-0.57735026919,-0.57735026919));
#8129 = ORIENTED_EDGE('',*,*,#8130,.F.);
#8130 = EDGE_CURVE('',#8114,#8123,#8131,.T.);
#8131 = LINE('',#8132,#8133);
#8132 = CARTESIAN_POINT('',(0.3,-15.84,8.2));
#8133 = VECTOR('',#8134,1.);
#8134 = DIRECTION('',(1.110223024625E-16,1.,0.));
#8135 = PLANE('',#8136);
#8136 = AXIS2_PLACEMENT_3D('',#8137,#8138,#8139);
#8137 = CARTESIAN_POINT('',(0.45,-15.84,8.35));
#8138 = DIRECTION('',(-0.707106781187,7.850462293414E-17,0.707106781187)
  );
#8139 = DIRECTION('',(1.110223024625E-16,1.,2.680278185005E-29));
#8140 = ADVANCED_FACE('',(#8141),#8159,.T.);
#8141 = FACE_BOUND('',#8142,.T.);
#8142 = EDGE_LOOP('',(#8143,#8144,#8145,#8153));
#8143 = ORIENTED_EDGE('',*,*,#8122,.F.);
#8144 = ORIENTED_EDGE('',*,*,#7353,.T.);
#8145 = ORIENTED_EDGE('',*,*,#8146,.T.);
#8146 = EDGE_CURVE('',#7346,#8147,#8149,.T.);
#8147 = VERTEX_POINT('',#8148);
#8148 = CARTESIAN_POINT('',(-0.3,-14.94,8.2));
#8149 = LINE('',#8150,#8151);
#8150 = CARTESIAN_POINT('',(-0.3,-14.94,8.2));
#8151 = VECTOR('',#8152,1.);
#8152 = DIRECTION('',(0.57735026919,-0.57735026919,-0.57735026919));
#8153 = ORIENTED_EDGE('',*,*,#8154,.F.);
#8154 = EDGE_CURVE('',#8123,#8147,#8155,.T.);
#8155 = LINE('',#8156,#8157);
#8156 = CARTESIAN_POINT('',(0.6,-14.94,8.2));
#8157 = VECTOR('',#8158,1.);
#8158 = DIRECTION('',(-1.,1.110223024625E-16,0.));
#8159 = PLANE('',#8160);
#8160 = AXIS2_PLACEMENT_3D('',#8161,#8162,#8163);
#8161 = CARTESIAN_POINT('',(0.6,-14.79,8.35));
#8162 = DIRECTION('',(-8.197719098449E-17,-0.707106781187,0.707106781187
    ));
#8163 = DIRECTION('',(-1.,1.13477778879E-16,-2.455476416522E-18));
#8164 = ADVANCED_FACE('',(#8165),#8183,.T.);
#8165 = FACE_BOUND('',#8166,.T.);
#8166 = EDGE_LOOP('',(#8167,#8168,#8169,#8177));
#8167 = ORIENTED_EDGE('',*,*,#8146,.F.);
#8168 = ORIENTED_EDGE('',*,*,#7345,.T.);
#8169 = ORIENTED_EDGE('',*,*,#8170,.T.);
#8170 = EDGE_CURVE('',#7338,#8171,#8173,.T.);
#8171 = VERTEX_POINT('',#8172);
#8172 = CARTESIAN_POINT('',(-0.3,-15.54,8.2));
#8173 = LINE('',#8174,#8175);
#8174 = CARTESIAN_POINT('',(-0.3,-15.54,8.2));
#8175 = VECTOR('',#8176,1.);
#8176 = DIRECTION('',(0.57735026919,0.57735026919,-0.57735026919));
#8177 = ORIENTED_EDGE('',*,*,#8178,.F.);
#8178 = EDGE_CURVE('',#8147,#8171,#8179,.T.);
#8179 = LINE('',#8180,#8181);
#8180 = CARTESIAN_POINT('',(-0.3,-14.64,8.2));
#8181 = VECTOR('',#8182,1.);
#8182 = DIRECTION('',(-1.110223024625E-16,-1.,0.));
#8183 = PLANE('',#8184);
#8184 = AXIS2_PLACEMENT_3D('',#8185,#8186,#8187);
#8185 = CARTESIAN_POINT('',(-0.45,-14.64,8.35));
#8186 = DIRECTION('',(0.707106781187,-7.503205488379E-17,0.707106781187)
  );
#8187 = DIRECTION('',(-1.08566826046E-16,-1.,2.455476416575E-18));
#8188 = ADVANCED_FACE('',(#8189),#8200,.T.);
#8189 = FACE_BOUND('',#8190,.T.);
#8190 = EDGE_LOOP('',(#8191,#8192,#8193,#8194));
#8191 = ORIENTED_EDGE('',*,*,#8170,.F.);
#8192 = ORIENTED_EDGE('',*,*,#7337,.T.);
#8193 = ORIENTED_EDGE('',*,*,#8113,.T.);
#8194 = ORIENTED_EDGE('',*,*,#8195,.F.);
#8195 = EDGE_CURVE('',#8171,#8114,#8196,.T.);
#8196 = LINE('',#8197,#8198);
#8197 = CARTESIAN_POINT('',(-0.6,-15.54,8.2));
#8198 = VECTOR('',#8199,1.);
#8199 = DIRECTION('',(1.,-1.110223024625E-16,0.));
#8200 = PLANE('',#8201);
#8201 = AXIS2_PLACEMENT_3D('',#8202,#8203,#8204);
#8202 = CARTESIAN_POINT('',(-0.6,-15.69,8.35));
#8203 = DIRECTION('',(8.197719098449E-17,0.707106781187,0.707106781187)
  );
#8204 = DIRECTION('',(1.,-1.13477778879E-16,-2.455476416522E-18));
#8205 = ADVANCED_FACE('',(#8206),#8231,.T.);
#8206 = FACE_BOUND('',#8207,.T.);
#8207 = EDGE_LOOP('',(#8208,#8216,#8217,#8225));
#8208 = ORIENTED_EDGE('',*,*,#8209,.F.);
#8209 = EDGE_CURVE('',#7362,#8210,#8212,.T.);
#8210 = VERTEX_POINT('',#8211);
#8211 = CARTESIAN_POINT('',(0.3,-13.,8.2));
#8212 = LINE('',#8213,#8214);
#8213 = CARTESIAN_POINT('',(0.3,-13.,8.2));
#8214 = VECTOR('',#8215,1.);
#8215 = DIRECTION('',(-0.57735026919,0.57735026919,-0.57735026919));
#8216 = ORIENTED_EDGE('',*,*,#7361,.T.);
#8217 = ORIENTED_EDGE('',*,*,#8218,.T.);
#8218 = EDGE_CURVE('',#7364,#8219,#8221,.T.);
#8219 = VERTEX_POINT('',#8220);
#8220 = CARTESIAN_POINT('',(0.3,-12.4,8.2));
#8221 = LINE('',#8222,#8223);
#8222 = CARTESIAN_POINT('',(0.3,-12.4,8.2));
#8223 = VECTOR('',#8224,1.);
#8224 = DIRECTION('',(-0.57735026919,-0.57735026919,-0.57735026919));
#8225 = ORIENTED_EDGE('',*,*,#8226,.F.);
#8226 = EDGE_CURVE('',#8210,#8219,#8227,.T.);
#8227 = LINE('',#8228,#8229);
#8228 = CARTESIAN_POINT('',(0.3,-13.3,8.2));
#8229 = VECTOR('',#8230,1.);
#8230 = DIRECTION('',(1.110223024625E-16,1.,0.));
#8231 = PLANE('',#8232);
#8232 = AXIS2_PLACEMENT_3D('',#8233,#8234,#8235);
#8233 = CARTESIAN_POINT('',(0.45,-13.3,8.35));
#8234 = DIRECTION('',(-0.707106781187,7.850462293414E-17,0.707106781187)
  );
#8235 = DIRECTION('',(1.110223024625E-16,1.,2.680278185005E-29));
#8236 = ADVANCED_FACE('',(#8237),#8255,.T.);
#8237 = FACE_BOUND('',#8238,.T.);
#8238 = EDGE_LOOP('',(#8239,#8240,#8241,#8249));
#8239 = ORIENTED_EDGE('',*,*,#8218,.F.);
#8240 = ORIENTED_EDGE('',*,*,#7387,.T.);
#8241 = ORIENTED_EDGE('',*,*,#8242,.T.);
#8242 = EDGE_CURVE('',#7380,#8243,#8245,.T.);
#8243 = VERTEX_POINT('',#8244);
#8244 = CARTESIAN_POINT('',(-0.3,-12.4,8.2));
#8245 = LINE('',#8246,#8247);
#8246 = CARTESIAN_POINT('',(-0.3,-12.4,8.2));
#8247 = VECTOR('',#8248,1.);
#8248 = DIRECTION('',(0.57735026919,-0.57735026919,-0.57735026919));
#8249 = ORIENTED_EDGE('',*,*,#8250,.F.);
#8250 = EDGE_CURVE('',#8219,#8243,#8251,.T.);
#8251 = LINE('',#8252,#8253);
#8252 = CARTESIAN_POINT('',(0.6,-12.4,8.2));
#8253 = VECTOR('',#8254,1.);
#8254 = DIRECTION('',(-1.,1.110223024625E-16,0.));
#8255 = PLANE('',#8256);
#8256 = AXIS2_PLACEMENT_3D('',#8257,#8258,#8259);
#8257 = CARTESIAN_POINT('',(0.6,-12.25,8.35));
#8258 = DIRECTION('',(-8.197719098449E-17,-0.707106781187,0.707106781187
    ));
#8259 = DIRECTION('',(-1.,1.13477778879E-16,-2.455476416522E-18));
#8260 = ADVANCED_FACE('',(#8261),#8279,.T.);
#8261 = FACE_BOUND('',#8262,.T.);
#8262 = EDGE_LOOP('',(#8263,#8264,#8265,#8273));
#8263 = ORIENTED_EDGE('',*,*,#8242,.F.);
#8264 = ORIENTED_EDGE('',*,*,#7379,.T.);
#8265 = ORIENTED_EDGE('',*,*,#8266,.T.);
#8266 = EDGE_CURVE('',#7372,#8267,#8269,.T.);
#8267 = VERTEX_POINT('',#8268);
#8268 = CARTESIAN_POINT('',(-0.3,-13.,8.2));
#8269 = LINE('',#8270,#8271);
#8270 = CARTESIAN_POINT('',(-0.3,-13.,8.2));
#8271 = VECTOR('',#8272,1.);
#8272 = DIRECTION('',(0.57735026919,0.57735026919,-0.57735026919));
#8273 = ORIENTED_EDGE('',*,*,#8274,.F.);
#8274 = EDGE_CURVE('',#8243,#8267,#8275,.T.);
#8275 = LINE('',#8276,#8277);
#8276 = CARTESIAN_POINT('',(-0.3,-12.1,8.2));
#8277 = VECTOR('',#8278,1.);
#8278 = DIRECTION('',(-1.110223024625E-16,-1.,0.));
#8279 = PLANE('',#8280);
#8280 = AXIS2_PLACEMENT_3D('',#8281,#8282,#8283);
#8281 = CARTESIAN_POINT('',(-0.45,-12.1,8.35));
#8282 = DIRECTION('',(0.707106781187,-7.503205488379E-17,0.707106781187)
  );
#8283 = DIRECTION('',(-1.08566826046E-16,-1.,2.455476416575E-18));
#8284 = ADVANCED_FACE('',(#8285),#8296,.T.);
#8285 = FACE_BOUND('',#8286,.T.);
#8286 = EDGE_LOOP('',(#8287,#8288,#8289,#8290));
#8287 = ORIENTED_EDGE('',*,*,#8266,.F.);
#8288 = ORIENTED_EDGE('',*,*,#7371,.T.);
#8289 = ORIENTED_EDGE('',*,*,#8209,.T.);
#8290 = ORIENTED_EDGE('',*,*,#8291,.F.);
#8291 = EDGE_CURVE('',#8267,#8210,#8292,.T.);
#8292 = LINE('',#8293,#8294);
#8293 = CARTESIAN_POINT('',(-0.6,-13.,8.2));
#8294 = VECTOR('',#8295,1.);
#8295 = DIRECTION('',(1.,-1.110223024625E-16,0.));
#8296 = PLANE('',#8297);
#8297 = AXIS2_PLACEMENT_3D('',#8298,#8299,#8300);
#8298 = CARTESIAN_POINT('',(-0.6,-13.15,8.35));
#8299 = DIRECTION('',(8.197719098449E-17,0.707106781187,0.707106781187)
  );
#8300 = DIRECTION('',(1.,-1.13477778879E-16,-2.455476416522E-18));
#8301 = ADVANCED_FACE('',(#8302),#8327,.T.);
#8302 = FACE_BOUND('',#8303,.T.);
#8303 = EDGE_LOOP('',(#8304,#8312,#8313,#8321));
#8304 = ORIENTED_EDGE('',*,*,#8305,.F.);
#8305 = EDGE_CURVE('',#7396,#8306,#8308,.T.);
#8306 = VERTEX_POINT('',#8307);
#8307 = CARTESIAN_POINT('',(0.3,-10.46,8.2));
#8308 = LINE('',#8309,#8310);
#8309 = CARTESIAN_POINT('',(0.3,-10.46,8.2));
#8310 = VECTOR('',#8311,1.);
#8311 = DIRECTION('',(-0.57735026919,0.57735026919,-0.57735026919));
#8312 = ORIENTED_EDGE('',*,*,#7395,.T.);
#8313 = ORIENTED_EDGE('',*,*,#8314,.T.);
#8314 = EDGE_CURVE('',#7398,#8315,#8317,.T.);
#8315 = VERTEX_POINT('',#8316);
#8316 = CARTESIAN_POINT('',(0.3,-9.86,8.2));
#8317 = LINE('',#8318,#8319);
#8318 = CARTESIAN_POINT('',(0.3,-9.86,8.2));
#8319 = VECTOR('',#8320,1.);
#8320 = DIRECTION('',(-0.57735026919,-0.57735026919,-0.57735026919));
#8321 = ORIENTED_EDGE('',*,*,#8322,.F.);
#8322 = EDGE_CURVE('',#8306,#8315,#8323,.T.);
#8323 = LINE('',#8324,#8325);
#8324 = CARTESIAN_POINT('',(0.3,-10.76,8.2));
#8325 = VECTOR('',#8326,1.);
#8326 = DIRECTION('',(1.110223024625E-16,1.,0.));
#8327 = PLANE('',#8328);
#8328 = AXIS2_PLACEMENT_3D('',#8329,#8330,#8331);
#8329 = CARTESIAN_POINT('',(0.45,-10.76,8.35));
#8330 = DIRECTION('',(-0.707106781187,7.850462293414E-17,0.707106781187)
  );
#8331 = DIRECTION('',(1.110223024625E-16,1.,2.680278185005E-29));
#8332 = ADVANCED_FACE('',(#8333),#8351,.T.);
#8333 = FACE_BOUND('',#8334,.T.);
#8334 = EDGE_LOOP('',(#8335,#8336,#8337,#8345));
#8335 = ORIENTED_EDGE('',*,*,#8314,.F.);
#8336 = ORIENTED_EDGE('',*,*,#7421,.T.);
#8337 = ORIENTED_EDGE('',*,*,#8338,.T.);
#8338 = EDGE_CURVE('',#7414,#8339,#8341,.T.);
#8339 = VERTEX_POINT('',#8340);
#8340 = CARTESIAN_POINT('',(-0.3,-9.86,8.2));
#8341 = LINE('',#8342,#8343);
#8342 = CARTESIAN_POINT('',(-0.3,-9.86,8.2));
#8343 = VECTOR('',#8344,1.);
#8344 = DIRECTION('',(0.57735026919,-0.57735026919,-0.57735026919));
#8345 = ORIENTED_EDGE('',*,*,#8346,.F.);
#8346 = EDGE_CURVE('',#8315,#8339,#8347,.T.);
#8347 = LINE('',#8348,#8349);
#8348 = CARTESIAN_POINT('',(0.6,-9.86,8.2));
#8349 = VECTOR('',#8350,1.);
#8350 = DIRECTION('',(-1.,1.110223024625E-16,0.));
#8351 = PLANE('',#8352);
#8352 = AXIS2_PLACEMENT_3D('',#8353,#8354,#8355);
#8353 = CARTESIAN_POINT('',(0.6,-9.71,8.35));
#8354 = DIRECTION('',(-8.197719098449E-17,-0.707106781187,0.707106781187
    ));
#8355 = DIRECTION('',(-1.,1.13477778879E-16,-2.455476416522E-18));
#8356 = ADVANCED_FACE('',(#8357),#8375,.T.);
#8357 = FACE_BOUND('',#8358,.T.);
#8358 = EDGE_LOOP('',(#8359,#8360,#8361,#8369));
#8359 = ORIENTED_EDGE('',*,*,#8338,.F.);
#8360 = ORIENTED_EDGE('',*,*,#7413,.T.);
#8361 = ORIENTED_EDGE('',*,*,#8362,.T.);
#8362 = EDGE_CURVE('',#7406,#8363,#8365,.T.);
#8363 = VERTEX_POINT('',#8364);
#8364 = CARTESIAN_POINT('',(-0.3,-10.46,8.2));
#8365 = LINE('',#8366,#8367);
#8366 = CARTESIAN_POINT('',(-0.3,-10.46,8.2));
#8367 = VECTOR('',#8368,1.);
#8368 = DIRECTION('',(0.57735026919,0.57735026919,-0.57735026919));
#8369 = ORIENTED_EDGE('',*,*,#8370,.F.);
#8370 = EDGE_CURVE('',#8339,#8363,#8371,.T.);
#8371 = LINE('',#8372,#8373);
#8372 = CARTESIAN_POINT('',(-0.3,-9.56,8.2));
#8373 = VECTOR('',#8374,1.);
#8374 = DIRECTION('',(-1.110223024625E-16,-1.,0.));
#8375 = PLANE('',#8376);
#8376 = AXIS2_PLACEMENT_3D('',#8377,#8378,#8379);
#8377 = CARTESIAN_POINT('',(-0.45,-9.56,8.35));
#8378 = DIRECTION('',(0.707106781187,-7.503205488379E-17,0.707106781187)
  );
#8379 = DIRECTION('',(-1.08566826046E-16,-1.,2.455476416575E-18));
#8380 = ADVANCED_FACE('',(#8381),#8392,.T.);
#8381 = FACE_BOUND('',#8382,.T.);
#8382 = EDGE_LOOP('',(#8383,#8384,#8385,#8386));
#8383 = ORIENTED_EDGE('',*,*,#8362,.F.);
#8384 = ORIENTED_EDGE('',*,*,#7405,.T.);
#8385 = ORIENTED_EDGE('',*,*,#8305,.T.);
#8386 = ORIENTED_EDGE('',*,*,#8387,.F.);
#8387 = EDGE_CURVE('',#8363,#8306,#8388,.T.);
#8388 = LINE('',#8389,#8390);
#8389 = CARTESIAN_POINT('',(-0.6,-10.46,8.2));
#8390 = VECTOR('',#8391,1.);
#8391 = DIRECTION('',(1.,-1.110223024625E-16,0.));
#8392 = PLANE('',#8393);
#8393 = AXIS2_PLACEMENT_3D('',#8394,#8395,#8396);
#8394 = CARTESIAN_POINT('',(-0.6,-10.61,8.35));
#8395 = DIRECTION('',(8.197719098449E-17,0.707106781187,0.707106781187)
  );
#8396 = DIRECTION('',(1.,-1.13477778879E-16,-2.455476416522E-18));
#8397 = ADVANCED_FACE('',(#8398),#8423,.T.);
#8398 = FACE_BOUND('',#8399,.T.);
#8399 = EDGE_LOOP('',(#8400,#8408,#8409,#8417));
#8400 = ORIENTED_EDGE('',*,*,#8401,.F.);
#8401 = EDGE_CURVE('',#7430,#8402,#8404,.T.);
#8402 = VERTEX_POINT('',#8403);
#8403 = CARTESIAN_POINT('',(0.3,-7.92,8.2));
#8404 = LINE('',#8405,#8406);
#8405 = CARTESIAN_POINT('',(0.3,-7.92,8.2));
#8406 = VECTOR('',#8407,1.);
#8407 = DIRECTION('',(-0.57735026919,0.57735026919,-0.57735026919));
#8408 = ORIENTED_EDGE('',*,*,#7429,.T.);
#8409 = ORIENTED_EDGE('',*,*,#8410,.T.);
#8410 = EDGE_CURVE('',#7432,#8411,#8413,.T.);
#8411 = VERTEX_POINT('',#8412);
#8412 = CARTESIAN_POINT('',(0.3,-7.32,8.2));
#8413 = LINE('',#8414,#8415);
#8414 = CARTESIAN_POINT('',(0.3,-7.32,8.2));
#8415 = VECTOR('',#8416,1.);
#8416 = DIRECTION('',(-0.57735026919,-0.57735026919,-0.57735026919));
#8417 = ORIENTED_EDGE('',*,*,#8418,.F.);
#8418 = EDGE_CURVE('',#8402,#8411,#8419,.T.);
#8419 = LINE('',#8420,#8421);
#8420 = CARTESIAN_POINT('',(0.3,-8.22,8.2));
#8421 = VECTOR('',#8422,1.);
#8422 = DIRECTION('',(1.110223024625E-16,1.,0.));
#8423 = PLANE('',#8424);
#8424 = AXIS2_PLACEMENT_3D('',#8425,#8426,#8427);
#8425 = CARTESIAN_POINT('',(0.45,-8.22,8.35));
#8426 = DIRECTION('',(-0.707106781187,7.850462293414E-17,0.707106781187)
  );
#8427 = DIRECTION('',(1.110223024625E-16,1.,2.680278185005E-29));
#8428 = ADVANCED_FACE('',(#8429),#8447,.T.);
#8429 = FACE_BOUND('',#8430,.T.);
#8430 = EDGE_LOOP('',(#8431,#8432,#8433,#8441));
#8431 = ORIENTED_EDGE('',*,*,#8410,.F.);
#8432 = ORIENTED_EDGE('',*,*,#7455,.T.);
#8433 = ORIENTED_EDGE('',*,*,#8434,.T.);
#8434 = EDGE_CURVE('',#7448,#8435,#8437,.T.);
#8435 = VERTEX_POINT('',#8436);
#8436 = CARTESIAN_POINT('',(-0.3,-7.32,8.2));
#8437 = LINE('',#8438,#8439);
#8438 = CARTESIAN_POINT('',(-0.3,-7.32,8.2));
#8439 = VECTOR('',#8440,1.);
#8440 = DIRECTION('',(0.57735026919,-0.57735026919,-0.57735026919));
#8441 = ORIENTED_EDGE('',*,*,#8442,.F.);
#8442 = EDGE_CURVE('',#8411,#8435,#8443,.T.);
#8443 = LINE('',#8444,#8445);
#8444 = CARTESIAN_POINT('',(0.6,-7.32,8.2));
#8445 = VECTOR('',#8446,1.);
#8446 = DIRECTION('',(-1.,1.110223024625E-16,0.));
#8447 = PLANE('',#8448);
#8448 = AXIS2_PLACEMENT_3D('',#8449,#8450,#8451);
#8449 = CARTESIAN_POINT('',(0.6,-7.17,8.35));
#8450 = DIRECTION('',(-8.197719098449E-17,-0.707106781187,0.707106781187
    ));
#8451 = DIRECTION('',(-1.,1.13477778879E-16,-2.455476416522E-18));
#8452 = ADVANCED_FACE('',(#8453),#8471,.T.);
#8453 = FACE_BOUND('',#8454,.T.);
#8454 = EDGE_LOOP('',(#8455,#8456,#8457,#8465));
#8455 = ORIENTED_EDGE('',*,*,#8434,.F.);
#8456 = ORIENTED_EDGE('',*,*,#7447,.T.);
#8457 = ORIENTED_EDGE('',*,*,#8458,.T.);
#8458 = EDGE_CURVE('',#7440,#8459,#8461,.T.);
#8459 = VERTEX_POINT('',#8460);
#8460 = CARTESIAN_POINT('',(-0.3,-7.92,8.2));
#8461 = LINE('',#8462,#8463);
#8462 = CARTESIAN_POINT('',(-0.3,-7.92,8.2));
#8463 = VECTOR('',#8464,1.);
#8464 = DIRECTION('',(0.57735026919,0.57735026919,-0.57735026919));
#8465 = ORIENTED_EDGE('',*,*,#8466,.F.);
#8466 = EDGE_CURVE('',#8435,#8459,#8467,.T.);
#8467 = LINE('',#8468,#8469);
#8468 = CARTESIAN_POINT('',(-0.3,-7.02,8.2));
#8469 = VECTOR('',#8470,1.);
#8470 = DIRECTION('',(-1.110223024625E-16,-1.,0.));
#8471 = PLANE('',#8472);
#8472 = AXIS2_PLACEMENT_3D('',#8473,#8474,#8475);
#8473 = CARTESIAN_POINT('',(-0.45,-7.02,8.35));
#8474 = DIRECTION('',(0.707106781187,-7.503205488379E-17,0.707106781187)
  );
#8475 = DIRECTION('',(-1.08566826046E-16,-1.,2.455476416575E-18));
#8476 = ADVANCED_FACE('',(#8477),#8488,.T.);
#8477 = FACE_BOUND('',#8478,.T.);
#8478 = EDGE_LOOP('',(#8479,#8480,#8481,#8482));
#8479 = ORIENTED_EDGE('',*,*,#8458,.F.);
#8480 = ORIENTED_EDGE('',*,*,#7439,.T.);
#8481 = ORIENTED_EDGE('',*,*,#8401,.T.);
#8482 = ORIENTED_EDGE('',*,*,#8483,.F.);
#8483 = EDGE_CURVE('',#8459,#8402,#8484,.T.);
#8484 = LINE('',#8485,#8486);
#8485 = CARTESIAN_POINT('',(-0.6,-7.92,8.2));
#8486 = VECTOR('',#8487,1.);
#8487 = DIRECTION('',(1.,-1.110223024625E-16,0.));
#8488 = PLANE('',#8489);
#8489 = AXIS2_PLACEMENT_3D('',#8490,#8491,#8492);
#8490 = CARTESIAN_POINT('',(-0.6,-8.07,8.35));
#8491 = DIRECTION('',(8.197719098449E-17,0.707106781187,0.707106781187)
  );
#8492 = DIRECTION('',(1.,-1.13477778879E-16,-2.455476416522E-18));
#8493 = ADVANCED_FACE('',(#8494),#8519,.T.);
#8494 = FACE_BOUND('',#8495,.T.);
#8495 = EDGE_LOOP('',(#8496,#8504,#8505,#8513));
#8496 = ORIENTED_EDGE('',*,*,#8497,.F.);
#8497 = EDGE_CURVE('',#7464,#8498,#8500,.T.);
#8498 = VERTEX_POINT('',#8499);
#8499 = CARTESIAN_POINT('',(0.3,-5.38,8.2));
#8500 = LINE('',#8501,#8502);
#8501 = CARTESIAN_POINT('',(0.3,-5.38,8.2));
#8502 = VECTOR('',#8503,1.);
#8503 = DIRECTION('',(-0.57735026919,0.57735026919,-0.57735026919));
#8504 = ORIENTED_EDGE('',*,*,#7463,.T.);
#8505 = ORIENTED_EDGE('',*,*,#8506,.T.);
#8506 = EDGE_CURVE('',#7466,#8507,#8509,.T.);
#8507 = VERTEX_POINT('',#8508);
#8508 = CARTESIAN_POINT('',(0.3,-4.78,8.2));
#8509 = LINE('',#8510,#8511);
#8510 = CARTESIAN_POINT('',(0.3,-4.78,8.2));
#8511 = VECTOR('',#8512,1.);
#8512 = DIRECTION('',(-0.57735026919,-0.57735026919,-0.57735026919));
#8513 = ORIENTED_EDGE('',*,*,#8514,.F.);
#8514 = EDGE_CURVE('',#8498,#8507,#8515,.T.);
#8515 = LINE('',#8516,#8517);
#8516 = CARTESIAN_POINT('',(0.3,-5.68,8.2));
#8517 = VECTOR('',#8518,1.);
#8518 = DIRECTION('',(1.110223024625E-16,1.,0.));
#8519 = PLANE('',#8520);
#8520 = AXIS2_PLACEMENT_3D('',#8521,#8522,#8523);
#8521 = CARTESIAN_POINT('',(0.45,-5.68,8.35));
#8522 = DIRECTION('',(-0.707106781187,7.850462293414E-17,0.707106781187)
  );
#8523 = DIRECTION('',(1.110223024625E-16,1.,2.680278185005E-29));
#8524 = ADVANCED_FACE('',(#8525),#8543,.T.);
#8525 = FACE_BOUND('',#8526,.T.);
#8526 = EDGE_LOOP('',(#8527,#8528,#8529,#8537));
#8527 = ORIENTED_EDGE('',*,*,#8506,.F.);
#8528 = ORIENTED_EDGE('',*,*,#7489,.T.);
#8529 = ORIENTED_EDGE('',*,*,#8530,.T.);
#8530 = EDGE_CURVE('',#7482,#8531,#8533,.T.);
#8531 = VERTEX_POINT('',#8532);
#8532 = CARTESIAN_POINT('',(-0.3,-4.78,8.2));
#8533 = LINE('',#8534,#8535);
#8534 = CARTESIAN_POINT('',(-0.3,-4.78,8.2));
#8535 = VECTOR('',#8536,1.);
#8536 = DIRECTION('',(0.57735026919,-0.57735026919,-0.57735026919));
#8537 = ORIENTED_EDGE('',*,*,#8538,.F.);
#8538 = EDGE_CURVE('',#8507,#8531,#8539,.T.);
#8539 = LINE('',#8540,#8541);
#8540 = CARTESIAN_POINT('',(0.6,-4.78,8.2));
#8541 = VECTOR('',#8542,1.);
#8542 = DIRECTION('',(-1.,1.110223024625E-16,0.));
#8543 = PLANE('',#8544);
#8544 = AXIS2_PLACEMENT_3D('',#8545,#8546,#8547);
#8545 = CARTESIAN_POINT('',(0.6,-4.63,8.35));
#8546 = DIRECTION('',(-8.197719098449E-17,-0.707106781187,0.707106781187
    ));
#8547 = DIRECTION('',(-1.,1.13477778879E-16,-2.455476416522E-18));
#8548 = ADVANCED_FACE('',(#8549),#8567,.T.);
#8549 = FACE_BOUND('',#8550,.T.);
#8550 = EDGE_LOOP('',(#8551,#8552,#8553,#8561));
#8551 = ORIENTED_EDGE('',*,*,#8530,.F.);
#8552 = ORIENTED_EDGE('',*,*,#7481,.T.);
#8553 = ORIENTED_EDGE('',*,*,#8554,.T.);
#8554 = EDGE_CURVE('',#7474,#8555,#8557,.T.);
#8555 = VERTEX_POINT('',#8556);
#8556 = CARTESIAN_POINT('',(-0.3,-5.38,8.2));
#8557 = LINE('',#8558,#8559);
#8558 = CARTESIAN_POINT('',(-0.3,-5.38,8.2));
#8559 = VECTOR('',#8560,1.);
#8560 = DIRECTION('',(0.57735026919,0.57735026919,-0.57735026919));
#8561 = ORIENTED_EDGE('',*,*,#8562,.F.);
#8562 = EDGE_CURVE('',#8531,#8555,#8563,.T.);
#8563 = LINE('',#8564,#8565);
#8564 = CARTESIAN_POINT('',(-0.3,-4.48,8.2));
#8565 = VECTOR('',#8566,1.);
#8566 = DIRECTION('',(-1.110223024625E-16,-1.,0.));
#8567 = PLANE('',#8568);
#8568 = AXIS2_PLACEMENT_3D('',#8569,#8570,#8571);
#8569 = CARTESIAN_POINT('',(-0.45,-4.48,8.35));
#8570 = DIRECTION('',(0.707106781187,-7.503205488379E-17,0.707106781187)
  );
#8571 = DIRECTION('',(-1.08566826046E-16,-1.,2.455476416575E-18));
#8572 = ADVANCED_FACE('',(#8573),#8584,.T.);
#8573 = FACE_BOUND('',#8574,.T.);
#8574 = EDGE_LOOP('',(#8575,#8576,#8577,#8578));
#8575 = ORIENTED_EDGE('',*,*,#8554,.F.);
#8576 = ORIENTED_EDGE('',*,*,#7473,.T.);
#8577 = ORIENTED_EDGE('',*,*,#8497,.T.);
#8578 = ORIENTED_EDGE('',*,*,#8579,.F.);
#8579 = EDGE_CURVE('',#8555,#8498,#8580,.T.);
#8580 = LINE('',#8581,#8582);
#8581 = CARTESIAN_POINT('',(-0.6,-5.38,8.2));
#8582 = VECTOR('',#8583,1.);
#8583 = DIRECTION('',(1.,-1.110223024625E-16,0.));
#8584 = PLANE('',#8585);
#8585 = AXIS2_PLACEMENT_3D('',#8586,#8587,#8588);
#8586 = CARTESIAN_POINT('',(-0.6,-5.53,8.35));
#8587 = DIRECTION('',(8.197719098449E-17,0.707106781187,0.707106781187)
  );
#8588 = DIRECTION('',(1.,-1.13477778879E-16,-2.455476416522E-18));
#8589 = ADVANCED_FACE('',(#8590),#8615,.T.);
#8590 = FACE_BOUND('',#8591,.T.);
#8591 = EDGE_LOOP('',(#8592,#8600,#8601,#8609));
#8592 = ORIENTED_EDGE('',*,*,#8593,.F.);
#8593 = EDGE_CURVE('',#7498,#8594,#8596,.T.);
#8594 = VERTEX_POINT('',#8595);
#8595 = CARTESIAN_POINT('',(0.3,-2.84,8.2));
#8596 = LINE('',#8597,#8598);
#8597 = CARTESIAN_POINT('',(0.3,-2.84,8.2));
#8598 = VECTOR('',#8599,1.);
#8599 = DIRECTION('',(-0.57735026919,0.57735026919,-0.57735026919));
#8600 = ORIENTED_EDGE('',*,*,#7497,.T.);
#8601 = ORIENTED_EDGE('',*,*,#8602,.T.);
#8602 = EDGE_CURVE('',#7500,#8603,#8605,.T.);
#8603 = VERTEX_POINT('',#8604);
#8604 = CARTESIAN_POINT('',(0.3,-2.24,8.2));
#8605 = LINE('',#8606,#8607);
#8606 = CARTESIAN_POINT('',(0.3,-2.24,8.2));
#8607 = VECTOR('',#8608,1.);
#8608 = DIRECTION('',(-0.57735026919,-0.57735026919,-0.57735026919));
#8609 = ORIENTED_EDGE('',*,*,#8610,.F.);
#8610 = EDGE_CURVE('',#8594,#8603,#8611,.T.);
#8611 = LINE('',#8612,#8613);
#8612 = CARTESIAN_POINT('',(0.3,-3.14,8.2));
#8613 = VECTOR('',#8614,1.);
#8614 = DIRECTION('',(1.110223024625E-16,1.,0.));
#8615 = PLANE('',#8616);
#8616 = AXIS2_PLACEMENT_3D('',#8617,#8618,#8619);
#8617 = CARTESIAN_POINT('',(0.45,-3.14,8.35));
#8618 = DIRECTION('',(-0.707106781187,7.850462293414E-17,0.707106781187)
  );
#8619 = DIRECTION('',(1.110223024625E-16,1.,2.680278185005E-29));
#8620 = ADVANCED_FACE('',(#8621),#8639,.T.);
#8621 = FACE_BOUND('',#8622,.T.);
#8622 = EDGE_LOOP('',(#8623,#8624,#8625,#8633));
#8623 = ORIENTED_EDGE('',*,*,#8602,.F.);
#8624 = ORIENTED_EDGE('',*,*,#7523,.T.);
#8625 = ORIENTED_EDGE('',*,*,#8626,.T.);
#8626 = EDGE_CURVE('',#7516,#8627,#8629,.T.);
#8627 = VERTEX_POINT('',#8628);
#8628 = CARTESIAN_POINT('',(-0.3,-2.24,8.2));
#8629 = LINE('',#8630,#8631);
#8630 = CARTESIAN_POINT('',(-0.3,-2.24,8.2));
#8631 = VECTOR('',#8632,1.);
#8632 = DIRECTION('',(0.57735026919,-0.57735026919,-0.57735026919));
#8633 = ORIENTED_EDGE('',*,*,#8634,.F.);
#8634 = EDGE_CURVE('',#8603,#8627,#8635,.T.);
#8635 = LINE('',#8636,#8637);
#8636 = CARTESIAN_POINT('',(0.6,-2.24,8.2));
#8637 = VECTOR('',#8638,1.);
#8638 = DIRECTION('',(-1.,1.110223024625E-16,0.));
#8639 = PLANE('',#8640);
#8640 = AXIS2_PLACEMENT_3D('',#8641,#8642,#8643);
#8641 = CARTESIAN_POINT('',(0.6,-2.09,8.35));
#8642 = DIRECTION('',(-8.197719098449E-17,-0.707106781187,0.707106781187
    ));
#8643 = DIRECTION('',(-1.,1.13477778879E-16,-2.455476416522E-18));
#8644 = ADVANCED_FACE('',(#8645),#8663,.T.);
#8645 = FACE_BOUND('',#8646,.T.);
#8646 = EDGE_LOOP('',(#8647,#8648,#8649,#8657));
#8647 = ORIENTED_EDGE('',*,*,#8626,.F.);
#8648 = ORIENTED_EDGE('',*,*,#7515,.T.);
#8649 = ORIENTED_EDGE('',*,*,#8650,.T.);
#8650 = EDGE_CURVE('',#7508,#8651,#8653,.T.);
#8651 = VERTEX_POINT('',#8652);
#8652 = CARTESIAN_POINT('',(-0.3,-2.84,8.2));
#8653 = LINE('',#8654,#8655);
#8654 = CARTESIAN_POINT('',(-0.3,-2.84,8.2));
#8655 = VECTOR('',#8656,1.);
#8656 = DIRECTION('',(0.57735026919,0.57735026919,-0.57735026919));
#8657 = ORIENTED_EDGE('',*,*,#8658,.F.);
#8658 = EDGE_CURVE('',#8627,#8651,#8659,.T.);
#8659 = LINE('',#8660,#8661);
#8660 = CARTESIAN_POINT('',(-0.3,-1.94,8.2));
#8661 = VECTOR('',#8662,1.);
#8662 = DIRECTION('',(-1.110223024625E-16,-1.,0.));
#8663 = PLANE('',#8664);
#8664 = AXIS2_PLACEMENT_3D('',#8665,#8666,#8667);
#8665 = CARTESIAN_POINT('',(-0.45,-1.94,8.35));
#8666 = DIRECTION('',(0.707106781187,-7.503205488379E-17,0.707106781187)
  );
#8667 = DIRECTION('',(-1.08566826046E-16,-1.,2.455476416575E-18));
#8668 = ADVANCED_FACE('',(#8669),#8680,.T.);
#8669 = FACE_BOUND('',#8670,.T.);
#8670 = EDGE_LOOP('',(#8671,#8672,#8673,#8674));
#8671 = ORIENTED_EDGE('',*,*,#8650,.F.);
#8672 = ORIENTED_EDGE('',*,*,#7507,.T.);
#8673 = ORIENTED_EDGE('',*,*,#8593,.T.);
#8674 = ORIENTED_EDGE('',*,*,#8675,.F.);
#8675 = EDGE_CURVE('',#8651,#8594,#8676,.T.);
#8676 = LINE('',#8677,#8678);
#8677 = CARTESIAN_POINT('',(-0.6,-2.84,8.2));
#8678 = VECTOR('',#8679,1.);
#8679 = DIRECTION('',(1.,-1.110223024625E-16,0.));
#8680 = PLANE('',#8681);
#8681 = AXIS2_PLACEMENT_3D('',#8682,#8683,#8684);
#8682 = CARTESIAN_POINT('',(-0.6,-2.99,8.35));
#8683 = DIRECTION('',(8.197719098449E-17,0.707106781187,0.707106781187)
  );
#8684 = DIRECTION('',(1.,-1.13477778879E-16,-2.455476416522E-18));
#8685 = ADVANCED_FACE('',(#8686),#8711,.T.);
#8686 = FACE_BOUND('',#8687,.T.);
#8687 = EDGE_LOOP('',(#8688,#8696,#8697,#8705));
#8688 = ORIENTED_EDGE('',*,*,#8689,.F.);
#8689 = EDGE_CURVE('',#7532,#8690,#8692,.T.);
#8690 = VERTEX_POINT('',#8691);
#8691 = CARTESIAN_POINT('',(0.3,-0.3,8.2));
#8692 = LINE('',#8693,#8694);
#8693 = CARTESIAN_POINT('',(0.3,-0.3,8.2));
#8694 = VECTOR('',#8695,1.);
#8695 = DIRECTION('',(-0.57735026919,0.57735026919,-0.57735026919));
#8696 = ORIENTED_EDGE('',*,*,#7531,.T.);
#8697 = ORIENTED_EDGE('',*,*,#8698,.T.);
#8698 = EDGE_CURVE('',#7534,#8699,#8701,.T.);
#8699 = VERTEX_POINT('',#8700);
#8700 = CARTESIAN_POINT('',(0.3,0.3,8.2));
#8701 = LINE('',#8702,#8703);
#8702 = CARTESIAN_POINT('',(0.3,0.3,8.2));
#8703 = VECTOR('',#8704,1.);
#8704 = DIRECTION('',(-0.57735026919,-0.57735026919,-0.57735026919));
#8705 = ORIENTED_EDGE('',*,*,#8706,.F.);
#8706 = EDGE_CURVE('',#8690,#8699,#8707,.T.);
#8707 = LINE('',#8708,#8709);
#8708 = CARTESIAN_POINT('',(0.3,-0.6,8.2));
#8709 = VECTOR('',#8710,1.);
#8710 = DIRECTION('',(1.110223024625E-16,1.,0.));
#8711 = PLANE('',#8712);
#8712 = AXIS2_PLACEMENT_3D('',#8713,#8714,#8715);
#8713 = CARTESIAN_POINT('',(0.45,-0.6,8.35));
#8714 = DIRECTION('',(-0.707106781187,7.850462293414E-17,0.707106781187)
  );
#8715 = DIRECTION('',(1.110223024625E-16,1.,2.680278185005E-29));
#8716 = ADVANCED_FACE('',(#8717),#8735,.T.);
#8717 = FACE_BOUND('',#8718,.T.);
#8718 = EDGE_LOOP('',(#8719,#8720,#8721,#8729));
#8719 = ORIENTED_EDGE('',*,*,#8698,.F.);
#8720 = ORIENTED_EDGE('',*,*,#7557,.T.);
#8721 = ORIENTED_EDGE('',*,*,#8722,.T.);
#8722 = EDGE_CURVE('',#7550,#8723,#8725,.T.);
#8723 = VERTEX_POINT('',#8724);
#8724 = CARTESIAN_POINT('',(-0.3,0.3,8.2));
#8725 = LINE('',#8726,#8727);
#8726 = CARTESIAN_POINT('',(-0.3,0.3,8.2));
#8727 = VECTOR('',#8728,1.);
#8728 = DIRECTION('',(0.57735026919,-0.57735026919,-0.57735026919));
#8729 = ORIENTED_EDGE('',*,*,#8730,.F.);
#8730 = EDGE_CURVE('',#8699,#8723,#8731,.T.);
#8731 = LINE('',#8732,#8733);
#8732 = CARTESIAN_POINT('',(0.6,0.3,8.2));
#8733 = VECTOR('',#8734,1.);
#8734 = DIRECTION('',(-1.,1.110223024625E-16,0.));
#8735 = PLANE('',#8736);
#8736 = AXIS2_PLACEMENT_3D('',#8737,#8738,#8739);
#8737 = CARTESIAN_POINT('',(0.6,0.45,8.35));
#8738 = DIRECTION('',(-8.197719098449E-17,-0.707106781187,0.707106781187
    ));
#8739 = DIRECTION('',(-1.,1.13477778879E-16,-2.455476416522E-18));
#8740 = ADVANCED_FACE('',(#8741),#8759,.T.);
#8741 = FACE_BOUND('',#8742,.T.);
#8742 = EDGE_LOOP('',(#8743,#8744,#8745,#8753));
#8743 = ORIENTED_EDGE('',*,*,#8722,.F.);
#8744 = ORIENTED_EDGE('',*,*,#7549,.T.);
#8745 = ORIENTED_EDGE('',*,*,#8746,.T.);
#8746 = EDGE_CURVE('',#7542,#8747,#8749,.T.);
#8747 = VERTEX_POINT('',#8748);
#8748 = CARTESIAN_POINT('',(-0.3,-0.3,8.2));
#8749 = LINE('',#8750,#8751);
#8750 = CARTESIAN_POINT('',(-0.3,-0.3,8.2));
#8751 = VECTOR('',#8752,1.);
#8752 = DIRECTION('',(0.57735026919,0.57735026919,-0.57735026919));
#8753 = ORIENTED_EDGE('',*,*,#8754,.F.);
#8754 = EDGE_CURVE('',#8723,#8747,#8755,.T.);
#8755 = LINE('',#8756,#8757);
#8756 = CARTESIAN_POINT('',(-0.3,0.6,8.2));
#8757 = VECTOR('',#8758,1.);
#8758 = DIRECTION('',(-1.110223024625E-16,-1.,0.));
#8759 = PLANE('',#8760);
#8760 = AXIS2_PLACEMENT_3D('',#8761,#8762,#8763);
#8761 = CARTESIAN_POINT('',(-0.45,0.6,8.35));
#8762 = DIRECTION('',(0.707106781187,-7.503205488379E-17,0.707106781187)
  );
#8763 = DIRECTION('',(-1.08566826046E-16,-1.,2.455476416575E-18));
#8764 = ADVANCED_FACE('',(#8765),#8776,.T.);
#8765 = FACE_BOUND('',#8766,.T.);
#8766 = EDGE_LOOP('',(#8767,#8768,#8769,#8770));
#8767 = ORIENTED_EDGE('',*,*,#8746,.F.);
#8768 = ORIENTED_EDGE('',*,*,#7541,.T.);
#8769 = ORIENTED_EDGE('',*,*,#8689,.T.);
#8770 = ORIENTED_EDGE('',*,*,#8771,.F.);
#8771 = EDGE_CURVE('',#8747,#8690,#8772,.T.);
#8772 = LINE('',#8773,#8774);
#8773 = CARTESIAN_POINT('',(-0.6,-0.3,8.2));
#8774 = VECTOR('',#8775,1.);
#8775 = DIRECTION('',(1.,-1.110223024625E-16,0.));
#8776 = PLANE('',#8777);
#8777 = AXIS2_PLACEMENT_3D('',#8778,#8779,#8780);
#8778 = CARTESIAN_POINT('',(-0.6,-0.45,8.35));
#8779 = DIRECTION('',(8.197719098449E-17,0.707106781187,0.707106781187)
  );
#8780 = DIRECTION('',(1.,-1.13477778879E-16,-2.455476416522E-18));
#8781 = ADVANCED_FACE('',(#8782),#8793,.T.);
#8782 = FACE_BOUND('',#8783,.T.);
#8783 = EDGE_LOOP('',(#8784,#8785,#8786,#8792));
#8784 = ORIENTED_EDGE('',*,*,#7621,.F.);
#8785 = ORIENTED_EDGE('',*,*,#7631,.T.);
#8786 = ORIENTED_EDGE('',*,*,#8787,.T.);
#8787 = EDGE_CURVE('',#7632,#7672,#8788,.T.);
#8788 = LINE('',#8789,#8790);
#8789 = CARTESIAN_POINT('',(-0.1,-15.54,0.2));
#8790 = VECTOR('',#8791,1.);
#8791 = DIRECTION('',(1.,-1.110223024625E-16,0.));
#8792 = ORIENTED_EDGE('',*,*,#7679,.T.);
#8793 = PLANE('',#8794);
#8794 = AXIS2_PLACEMENT_3D('',#8795,#8796,#8797);
#8795 = CARTESIAN_POINT('',(-0.1,-15.54,0.2));
#8796 = DIRECTION('',(0.,-0.,-1.));
#8797 = DIRECTION('',(-1.110223024625E-16,-1.,0.));
#8798 = ADVANCED_FACE('',(#8799),#8840,.F.);
#8799 = FACE_BOUND('',#8800,.F.);
#8800 = EDGE_LOOP('',(#8801,#8809,#8810,#8818,#8826,#8834));
#8801 = ORIENTED_EDGE('',*,*,#8802,.T.);
#8802 = EDGE_CURVE('',#8803,#7672,#8805,.T.);
#8803 = VERTEX_POINT('',#8804);
#8804 = CARTESIAN_POINT('',(0.1,-15.54,-2.5));
#8805 = LINE('',#8806,#8807);
#8806 = CARTESIAN_POINT('',(0.1,-15.54,-2.5));
#8807 = VECTOR('',#8808,1.);
#8808 = DIRECTION('',(0.,0.,1.));
#8809 = ORIENTED_EDGE('',*,*,#7671,.F.);
#8810 = ORIENTED_EDGE('',*,*,#8811,.T.);
#8811 = EDGE_CURVE('',#7664,#8812,#8814,.T.);
#8812 = VERTEX_POINT('',#8813);
#8813 = CARTESIAN_POINT('',(0.1,-14.94,-2.5));
#8814 = LINE('',#8815,#8816);
#8815 = CARTESIAN_POINT('',(0.1,-14.94,0.2));
#8816 = VECTOR('',#8817,1.);
#8817 = DIRECTION('',(0.,0.,-1.));
#8818 = ORIENTED_EDGE('',*,*,#8819,.T.);
#8819 = EDGE_CURVE('',#8812,#8820,#8822,.T.);
#8820 = VERTEX_POINT('',#8821);
#8821 = CARTESIAN_POINT('',(0.1,-15.09,-3.1));
#8822 = LINE('',#8823,#8824);
#8823 = CARTESIAN_POINT('',(0.1,-14.94,-2.5));
#8824 = VECTOR('',#8825,1.);
#8825 = DIRECTION('',(-2.692686352073E-17,-0.242535625036,
    -0.970142500145));
#8826 = ORIENTED_EDGE('',*,*,#8827,.T.);
#8827 = EDGE_CURVE('',#8820,#8828,#8830,.T.);
#8828 = VERTEX_POINT('',#8829);
#8829 = CARTESIAN_POINT('',(0.1,-15.39,-3.1));
#8830 = LINE('',#8831,#8832);
#8831 = CARTESIAN_POINT('',(0.1,-15.09,-3.1));
#8832 = VECTOR('',#8833,1.);
#8833 = DIRECTION('',(-1.110223024625E-16,-1.,0.));
#8834 = ORIENTED_EDGE('',*,*,#8835,.T.);
#8835 = EDGE_CURVE('',#8828,#8803,#8836,.T.);
#8836 = LINE('',#8837,#8838);
#8837 = CARTESIAN_POINT('',(0.1,-15.39,-3.1));
#8838 = VECTOR('',#8839,1.);
#8839 = DIRECTION('',(-2.692686352073E-17,-0.242535625036,0.970142500145
    ));
#8840 = PLANE('',#8841);
#8841 = AXIS2_PLACEMENT_3D('',#8842,#8843,#8844);
#8842 = CARTESIAN_POINT('',(0.1,-15.24,3.911477598424));
#8843 = DIRECTION('',(-1.,1.110223024625E-16,0.));
#8844 = DIRECTION('',(0.,0.,1.));
#8845 = ADVANCED_FACE('',(#8846),#8857,.T.);
#8846 = FACE_BOUND('',#8847,.T.);
#8847 = EDGE_LOOP('',(#8848,#8854,#8855,#8856));
#8848 = ORIENTED_EDGE('',*,*,#8849,.F.);
#8849 = EDGE_CURVE('',#7640,#7664,#8850,.T.);
#8850 = LINE('',#8851,#8852);
#8851 = CARTESIAN_POINT('',(-0.1,-14.94,0.2));
#8852 = VECTOR('',#8853,1.);
#8853 = DIRECTION('',(1.,-1.110223024625E-16,0.));
#8854 = ORIENTED_EDGE('',*,*,#7647,.T.);
#8855 = ORIENTED_EDGE('',*,*,#7655,.T.);
#8856 = ORIENTED_EDGE('',*,*,#7663,.T.);
#8857 = PLANE('',#8858);
#8858 = AXIS2_PLACEMENT_3D('',#8859,#8860,#8861);
#8859 = CARTESIAN_POINT('',(-0.1,-15.54,0.2));
#8860 = DIRECTION('',(0.,-0.,-1.));
#8861 = DIRECTION('',(-1.110223024625E-16,-1.,0.));
#8862 = ADVANCED_FACE('',(#8863),#8904,.T.);
#8863 = FACE_BOUND('',#8864,.T.);
#8864 = EDGE_LOOP('',(#8865,#8873,#8874,#8882,#8890,#8898));
#8865 = ORIENTED_EDGE('',*,*,#8866,.T.);
#8866 = EDGE_CURVE('',#8867,#7632,#8869,.T.);
#8867 = VERTEX_POINT('',#8868);
#8868 = CARTESIAN_POINT('',(-0.1,-15.54,-2.5));
#8869 = LINE('',#8870,#8871);
#8870 = CARTESIAN_POINT('',(-0.1,-15.54,-2.5));
#8871 = VECTOR('',#8872,1.);
#8872 = DIRECTION('',(0.,0.,1.));
#8873 = ORIENTED_EDGE('',*,*,#7639,.F.);
#8874 = ORIENTED_EDGE('',*,*,#8875,.T.);
#8875 = EDGE_CURVE('',#7640,#8876,#8878,.T.);
#8876 = VERTEX_POINT('',#8877);
#8877 = CARTESIAN_POINT('',(-0.1,-14.94,-2.5));
#8878 = LINE('',#8879,#8880);
#8879 = CARTESIAN_POINT('',(-0.1,-14.94,0.2));
#8880 = VECTOR('',#8881,1.);
#8881 = DIRECTION('',(0.,0.,-1.));
#8882 = ORIENTED_EDGE('',*,*,#8883,.T.);
#8883 = EDGE_CURVE('',#8876,#8884,#8886,.T.);
#8884 = VERTEX_POINT('',#8885);
#8885 = CARTESIAN_POINT('',(-0.1,-15.09,-3.1));
#8886 = LINE('',#8887,#8888);
#8887 = CARTESIAN_POINT('',(-0.1,-14.94,-2.5));
#8888 = VECTOR('',#8889,1.);
#8889 = DIRECTION('',(-2.692686352073E-17,-0.242535625036,
    -0.970142500145));
#8890 = ORIENTED_EDGE('',*,*,#8891,.F.);
#8891 = EDGE_CURVE('',#8892,#8884,#8894,.T.);
#8892 = VERTEX_POINT('',#8893);
#8893 = CARTESIAN_POINT('',(-0.1,-15.39,-3.1));
#8894 = LINE('',#8895,#8896);
#8895 = CARTESIAN_POINT('',(-0.1,-15.39,-3.1));
#8896 = VECTOR('',#8897,1.);
#8897 = DIRECTION('',(1.110223024625E-16,1.,0.));
#8898 = ORIENTED_EDGE('',*,*,#8899,.T.);
#8899 = EDGE_CURVE('',#8892,#8867,#8900,.T.);
#8900 = LINE('',#8901,#8902);
#8901 = CARTESIAN_POINT('',(-0.1,-15.39,-3.1));
#8902 = VECTOR('',#8903,1.);
#8903 = DIRECTION('',(-2.692686352073E-17,-0.242535625036,0.970142500145
    ));
#8904 = PLANE('',#8905);
#8905 = AXIS2_PLACEMENT_3D('',#8906,#8907,#8908);
#8906 = CARTESIAN_POINT('',(-0.1,-15.24,3.911477598424));
#8907 = DIRECTION('',(-1.,1.110223024625E-16,0.));
#8908 = DIRECTION('',(0.,0.,1.));
#8909 = ADVANCED_FACE('',(#8910),#8921,.T.);
#8910 = FACE_BOUND('',#8911,.T.);
#8911 = EDGE_LOOP('',(#8912,#8913,#8914,#8920));
#8912 = ORIENTED_EDGE('',*,*,#7687,.F.);
#8913 = ORIENTED_EDGE('',*,*,#7697,.T.);
#8914 = ORIENTED_EDGE('',*,*,#8915,.T.);
#8915 = EDGE_CURVE('',#7698,#7738,#8916,.T.);
#8916 = LINE('',#8917,#8918);
#8917 = CARTESIAN_POINT('',(-0.1,-13.,0.2));
#8918 = VECTOR('',#8919,1.);
#8919 = DIRECTION('',(1.,-1.110223024625E-16,0.));
#8920 = ORIENTED_EDGE('',*,*,#7745,.T.);
#8921 = PLANE('',#8922);
#8922 = AXIS2_PLACEMENT_3D('',#8923,#8924,#8925);
#8923 = CARTESIAN_POINT('',(-0.1,-13.,0.2));
#8924 = DIRECTION('',(0.,-0.,-1.));
#8925 = DIRECTION('',(-1.110223024625E-16,-1.,0.));
#8926 = ADVANCED_FACE('',(#8927),#8968,.F.);
#8927 = FACE_BOUND('',#8928,.F.);
#8928 = EDGE_LOOP('',(#8929,#8937,#8938,#8946,#8954,#8962));
#8929 = ORIENTED_EDGE('',*,*,#8930,.T.);
#8930 = EDGE_CURVE('',#8931,#7738,#8933,.T.);
#8931 = VERTEX_POINT('',#8932);
#8932 = CARTESIAN_POINT('',(0.1,-13.,-2.5));
#8933 = LINE('',#8934,#8935);
#8934 = CARTESIAN_POINT('',(0.1,-13.,-2.5));
#8935 = VECTOR('',#8936,1.);
#8936 = DIRECTION('',(0.,0.,1.));
#8937 = ORIENTED_EDGE('',*,*,#7737,.F.);
#8938 = ORIENTED_EDGE('',*,*,#8939,.T.);
#8939 = EDGE_CURVE('',#7730,#8940,#8942,.T.);
#8940 = VERTEX_POINT('',#8941);
#8941 = CARTESIAN_POINT('',(0.1,-12.4,-2.5));
#8942 = LINE('',#8943,#8944);
#8943 = CARTESIAN_POINT('',(0.1,-12.4,0.2));
#8944 = VECTOR('',#8945,1.);
#8945 = DIRECTION('',(0.,0.,-1.));
#8946 = ORIENTED_EDGE('',*,*,#8947,.T.);
#8947 = EDGE_CURVE('',#8940,#8948,#8950,.T.);
#8948 = VERTEX_POINT('',#8949);
#8949 = CARTESIAN_POINT('',(0.1,-12.55,-3.1));
#8950 = LINE('',#8951,#8952);
#8951 = CARTESIAN_POINT('',(0.1,-12.4,-2.5));
#8952 = VECTOR('',#8953,1.);
#8953 = DIRECTION('',(-2.692686352073E-17,-0.242535625036,
    -0.970142500145));
#8954 = ORIENTED_EDGE('',*,*,#8955,.T.);
#8955 = EDGE_CURVE('',#8948,#8956,#8958,.T.);
#8956 = VERTEX_POINT('',#8957);
#8957 = CARTESIAN_POINT('',(0.1,-12.85,-3.1));
#8958 = LINE('',#8959,#8960);
#8959 = CARTESIAN_POINT('',(0.1,-12.55,-3.1));
#8960 = VECTOR('',#8961,1.);
#8961 = DIRECTION('',(-1.110223024625E-16,-1.,0.));
#8962 = ORIENTED_EDGE('',*,*,#8963,.T.);
#8963 = EDGE_CURVE('',#8956,#8931,#8964,.T.);
#8964 = LINE('',#8965,#8966);
#8965 = CARTESIAN_POINT('',(0.1,-12.85,-3.1));
#8966 = VECTOR('',#8967,1.);
#8967 = DIRECTION('',(-2.692686352073E-17,-0.242535625036,0.970142500145
    ));
#8968 = PLANE('',#8969);
#8969 = AXIS2_PLACEMENT_3D('',#8970,#8971,#8972);
#8970 = CARTESIAN_POINT('',(0.1,-12.7,3.911477598424));
#8971 = DIRECTION('',(-1.,1.110223024625E-16,0.));
#8972 = DIRECTION('',(0.,0.,1.));
#8973 = ADVANCED_FACE('',(#8974),#8985,.T.);
#8974 = FACE_BOUND('',#8975,.T.);
#8975 = EDGE_LOOP('',(#8976,#8982,#8983,#8984));
#8976 = ORIENTED_EDGE('',*,*,#8977,.F.);
#8977 = EDGE_CURVE('',#7706,#7730,#8978,.T.);
#8978 = LINE('',#8979,#8980);
#8979 = CARTESIAN_POINT('',(-0.1,-12.4,0.2));
#8980 = VECTOR('',#8981,1.);
#8981 = DIRECTION('',(1.,-1.110223024625E-16,0.));
#8982 = ORIENTED_EDGE('',*,*,#7713,.T.);
#8983 = ORIENTED_EDGE('',*,*,#7721,.T.);
#8984 = ORIENTED_EDGE('',*,*,#7729,.T.);
#8985 = PLANE('',#8986);
#8986 = AXIS2_PLACEMENT_3D('',#8987,#8988,#8989);
#8987 = CARTESIAN_POINT('',(-0.1,-13.,0.2));
#8988 = DIRECTION('',(0.,-0.,-1.));
#8989 = DIRECTION('',(-1.110223024625E-16,-1.,0.));
#8990 = ADVANCED_FACE('',(#8991),#9032,.T.);
#8991 = FACE_BOUND('',#8992,.T.);
#8992 = EDGE_LOOP('',(#8993,#9001,#9002,#9010,#9018,#9026));
#8993 = ORIENTED_EDGE('',*,*,#8994,.T.);
#8994 = EDGE_CURVE('',#8995,#7698,#8997,.T.);
#8995 = VERTEX_POINT('',#8996);
#8996 = CARTESIAN_POINT('',(-0.1,-13.,-2.5));
#8997 = LINE('',#8998,#8999);
#8998 = CARTESIAN_POINT('',(-0.1,-13.,-2.5));
#8999 = VECTOR('',#9000,1.);
#9000 = DIRECTION('',(0.,0.,1.));
#9001 = ORIENTED_EDGE('',*,*,#7705,.F.);
#9002 = ORIENTED_EDGE('',*,*,#9003,.T.);
#9003 = EDGE_CURVE('',#7706,#9004,#9006,.T.);
#9004 = VERTEX_POINT('',#9005);
#9005 = CARTESIAN_POINT('',(-0.1,-12.4,-2.5));
#9006 = LINE('',#9007,#9008);
#9007 = CARTESIAN_POINT('',(-0.1,-12.4,0.2));
#9008 = VECTOR('',#9009,1.);
#9009 = DIRECTION('',(0.,0.,-1.));
#9010 = ORIENTED_EDGE('',*,*,#9011,.T.);
#9011 = EDGE_CURVE('',#9004,#9012,#9014,.T.);
#9012 = VERTEX_POINT('',#9013);
#9013 = CARTESIAN_POINT('',(-0.1,-12.55,-3.1));
#9014 = LINE('',#9015,#9016);
#9015 = CARTESIAN_POINT('',(-0.1,-12.4,-2.5));
#9016 = VECTOR('',#9017,1.);
#9017 = DIRECTION('',(-2.692686352073E-17,-0.242535625036,
    -0.970142500145));
#9018 = ORIENTED_EDGE('',*,*,#9019,.F.);
#9019 = EDGE_CURVE('',#9020,#9012,#9022,.T.);
#9020 = VERTEX_POINT('',#9021);
#9021 = CARTESIAN_POINT('',(-0.1,-12.85,-3.1));
#9022 = LINE('',#9023,#9024);
#9023 = CARTESIAN_POINT('',(-0.1,-12.85,-3.1));
#9024 = VECTOR('',#9025,1.);
#9025 = DIRECTION('',(1.110223024625E-16,1.,0.));
#9026 = ORIENTED_EDGE('',*,*,#9027,.T.);
#9027 = EDGE_CURVE('',#9020,#8995,#9028,.T.);
#9028 = LINE('',#9029,#9030);
#9029 = CARTESIAN_POINT('',(-0.1,-12.85,-3.1));
#9030 = VECTOR('',#9031,1.);
#9031 = DIRECTION('',(-2.692686352073E-17,-0.242535625036,0.970142500145
    ));
#9032 = PLANE('',#9033);
#9033 = AXIS2_PLACEMENT_3D('',#9034,#9035,#9036);
#9034 = CARTESIAN_POINT('',(-0.1,-12.7,3.911477598424));
#9035 = DIRECTION('',(-1.,1.110223024625E-16,0.));
#9036 = DIRECTION('',(0.,0.,1.));
#9037 = ADVANCED_FACE('',(#9038),#9049,.T.);
#9038 = FACE_BOUND('',#9039,.T.);
#9039 = EDGE_LOOP('',(#9040,#9041,#9042,#9048));
#9040 = ORIENTED_EDGE('',*,*,#7753,.F.);
#9041 = ORIENTED_EDGE('',*,*,#7763,.T.);
#9042 = ORIENTED_EDGE('',*,*,#9043,.T.);
#9043 = EDGE_CURVE('',#7764,#7804,#9044,.T.);
#9044 = LINE('',#9045,#9046);
#9045 = CARTESIAN_POINT('',(-0.1,-10.46,0.2));
#9046 = VECTOR('',#9047,1.);
#9047 = DIRECTION('',(1.,-1.110223024625E-16,0.));
#9048 = ORIENTED_EDGE('',*,*,#7811,.T.);
#9049 = PLANE('',#9050);
#9050 = AXIS2_PLACEMENT_3D('',#9051,#9052,#9053);
#9051 = CARTESIAN_POINT('',(-0.1,-10.46,0.2));
#9052 = DIRECTION('',(0.,-0.,-1.));
#9053 = DIRECTION('',(-1.110223024625E-16,-1.,0.));
#9054 = ADVANCED_FACE('',(#9055),#9096,.F.);
#9055 = FACE_BOUND('',#9056,.F.);
#9056 = EDGE_LOOP('',(#9057,#9065,#9066,#9074,#9082,#9090));
#9057 = ORIENTED_EDGE('',*,*,#9058,.T.);
#9058 = EDGE_CURVE('',#9059,#7804,#9061,.T.);
#9059 = VERTEX_POINT('',#9060);
#9060 = CARTESIAN_POINT('',(0.1,-10.46,-2.5));
#9061 = LINE('',#9062,#9063);
#9062 = CARTESIAN_POINT('',(0.1,-10.46,-2.5));
#9063 = VECTOR('',#9064,1.);
#9064 = DIRECTION('',(0.,0.,1.));
#9065 = ORIENTED_EDGE('',*,*,#7803,.F.);
#9066 = ORIENTED_EDGE('',*,*,#9067,.T.);
#9067 = EDGE_CURVE('',#7796,#9068,#9070,.T.);
#9068 = VERTEX_POINT('',#9069);
#9069 = CARTESIAN_POINT('',(0.1,-9.86,-2.5));
#9070 = LINE('',#9071,#9072);
#9071 = CARTESIAN_POINT('',(0.1,-9.86,0.2));
#9072 = VECTOR('',#9073,1.);
#9073 = DIRECTION('',(0.,0.,-1.));
#9074 = ORIENTED_EDGE('',*,*,#9075,.T.);
#9075 = EDGE_CURVE('',#9068,#9076,#9078,.T.);
#9076 = VERTEX_POINT('',#9077);
#9077 = CARTESIAN_POINT('',(0.1,-10.01,-3.1));
#9078 = LINE('',#9079,#9080);
#9079 = CARTESIAN_POINT('',(0.1,-9.86,-2.5));
#9080 = VECTOR('',#9081,1.);
#9081 = DIRECTION('',(-2.692686352073E-17,-0.242535625036,
    -0.970142500145));
#9082 = ORIENTED_EDGE('',*,*,#9083,.T.);
#9083 = EDGE_CURVE('',#9076,#9084,#9086,.T.);
#9084 = VERTEX_POINT('',#9085);
#9085 = CARTESIAN_POINT('',(0.1,-10.31,-3.1));
#9086 = LINE('',#9087,#9088);
#9087 = CARTESIAN_POINT('',(0.1,-10.01,-3.1));
#9088 = VECTOR('',#9089,1.);
#9089 = DIRECTION('',(-1.110223024625E-16,-1.,0.));
#9090 = ORIENTED_EDGE('',*,*,#9091,.T.);
#9091 = EDGE_CURVE('',#9084,#9059,#9092,.T.);
#9092 = LINE('',#9093,#9094);
#9093 = CARTESIAN_POINT('',(0.1,-10.31,-3.1));
#9094 = VECTOR('',#9095,1.);
#9095 = DIRECTION('',(-2.692686352073E-17,-0.242535625036,0.970142500145
    ));
#9096 = PLANE('',#9097);
#9097 = AXIS2_PLACEMENT_3D('',#9098,#9099,#9100);
#9098 = CARTESIAN_POINT('',(0.1,-10.16,3.911477598424));
#9099 = DIRECTION('',(-1.,1.110223024625E-16,0.));
#9100 = DIRECTION('',(0.,0.,1.));
#9101 = ADVANCED_FACE('',(#9102),#9113,.T.);
#9102 = FACE_BOUND('',#9103,.T.);
#9103 = EDGE_LOOP('',(#9104,#9110,#9111,#9112));
#9104 = ORIENTED_EDGE('',*,*,#9105,.F.);
#9105 = EDGE_CURVE('',#7772,#7796,#9106,.T.);
#9106 = LINE('',#9107,#9108);
#9107 = CARTESIAN_POINT('',(-0.1,-9.86,0.2));
#9108 = VECTOR('',#9109,1.);
#9109 = DIRECTION('',(1.,-1.110223024625E-16,0.));
#9110 = ORIENTED_EDGE('',*,*,#7779,.T.);
#9111 = ORIENTED_EDGE('',*,*,#7787,.T.);
#9112 = ORIENTED_EDGE('',*,*,#7795,.T.);
#9113 = PLANE('',#9114);
#9114 = AXIS2_PLACEMENT_3D('',#9115,#9116,#9117);
#9115 = CARTESIAN_POINT('',(-0.1,-10.46,0.2));
#9116 = DIRECTION('',(0.,-0.,-1.));
#9117 = DIRECTION('',(-1.110223024625E-16,-1.,0.));
#9118 = ADVANCED_FACE('',(#9119),#9160,.T.);
#9119 = FACE_BOUND('',#9120,.T.);
#9120 = EDGE_LOOP('',(#9121,#9129,#9130,#9138,#9146,#9154));
#9121 = ORIENTED_EDGE('',*,*,#9122,.T.);
#9122 = EDGE_CURVE('',#9123,#7764,#9125,.T.);
#9123 = VERTEX_POINT('',#9124);
#9124 = CARTESIAN_POINT('',(-0.1,-10.46,-2.5));
#9125 = LINE('',#9126,#9127);
#9126 = CARTESIAN_POINT('',(-0.1,-10.46,-2.5));
#9127 = VECTOR('',#9128,1.);
#9128 = DIRECTION('',(0.,0.,1.));
#9129 = ORIENTED_EDGE('',*,*,#7771,.F.);
#9130 = ORIENTED_EDGE('',*,*,#9131,.T.);
#9131 = EDGE_CURVE('',#7772,#9132,#9134,.T.);
#9132 = VERTEX_POINT('',#9133);
#9133 = CARTESIAN_POINT('',(-0.1,-9.86,-2.5));
#9134 = LINE('',#9135,#9136);
#9135 = CARTESIAN_POINT('',(-0.1,-9.86,0.2));
#9136 = VECTOR('',#9137,1.);
#9137 = DIRECTION('',(0.,0.,-1.));
#9138 = ORIENTED_EDGE('',*,*,#9139,.T.);
#9139 = EDGE_CURVE('',#9132,#9140,#9142,.T.);
#9140 = VERTEX_POINT('',#9141);
#9141 = CARTESIAN_POINT('',(-0.1,-10.01,-3.1));
#9142 = LINE('',#9143,#9144);
#9143 = CARTESIAN_POINT('',(-0.1,-9.86,-2.5));
#9144 = VECTOR('',#9145,1.);
#9145 = DIRECTION('',(-2.692686352073E-17,-0.242535625036,
    -0.970142500145));
#9146 = ORIENTED_EDGE('',*,*,#9147,.F.);
#9147 = EDGE_CURVE('',#9148,#9140,#9150,.T.);
#9148 = VERTEX_POINT('',#9149);
#9149 = CARTESIAN_POINT('',(-0.1,-10.31,-3.1));
#9150 = LINE('',#9151,#9152);
#9151 = CARTESIAN_POINT('',(-0.1,-10.31,-3.1));
#9152 = VECTOR('',#9153,1.);
#9153 = DIRECTION('',(1.110223024625E-16,1.,0.));
#9154 = ORIENTED_EDGE('',*,*,#9155,.T.);
#9155 = EDGE_CURVE('',#9148,#9123,#9156,.T.);
#9156 = LINE('',#9157,#9158);
#9157 = CARTESIAN_POINT('',(-0.1,-10.31,-3.1));
#9158 = VECTOR('',#9159,1.);
#9159 = DIRECTION('',(-2.692686352073E-17,-0.242535625036,0.970142500145
    ));
#9160 = PLANE('',#9161);
#9161 = AXIS2_PLACEMENT_3D('',#9162,#9163,#9164);
#9162 = CARTESIAN_POINT('',(-0.1,-10.16,3.911477598424));
#9163 = DIRECTION('',(-1.,1.110223024625E-16,0.));
#9164 = DIRECTION('',(0.,0.,1.));
#9165 = ADVANCED_FACE('',(#9166),#9177,.T.);
#9166 = FACE_BOUND('',#9167,.T.);
#9167 = EDGE_LOOP('',(#9168,#9169,#9170,#9176));
#9168 = ORIENTED_EDGE('',*,*,#7819,.F.);
#9169 = ORIENTED_EDGE('',*,*,#7829,.T.);
#9170 = ORIENTED_EDGE('',*,*,#9171,.T.);
#9171 = EDGE_CURVE('',#7830,#7870,#9172,.T.);
#9172 = LINE('',#9173,#9174);
#9173 = CARTESIAN_POINT('',(-0.1,-7.92,0.2));
#9174 = VECTOR('',#9175,1.);
#9175 = DIRECTION('',(1.,-1.110223024625E-16,0.));
#9176 = ORIENTED_EDGE('',*,*,#7877,.T.);
#9177 = PLANE('',#9178);
#9178 = AXIS2_PLACEMENT_3D('',#9179,#9180,#9181);
#9179 = CARTESIAN_POINT('',(-0.1,-7.92,0.2));
#9180 = DIRECTION('',(0.,-0.,-1.));
#9181 = DIRECTION('',(-1.110223024625E-16,-1.,0.));
#9182 = ADVANCED_FACE('',(#9183),#9224,.F.);
#9183 = FACE_BOUND('',#9184,.F.);
#9184 = EDGE_LOOP('',(#9185,#9193,#9194,#9202,#9210,#9218));
#9185 = ORIENTED_EDGE('',*,*,#9186,.T.);
#9186 = EDGE_CURVE('',#9187,#7870,#9189,.T.);
#9187 = VERTEX_POINT('',#9188);
#9188 = CARTESIAN_POINT('',(0.1,-7.92,-2.5));
#9189 = LINE('',#9190,#9191);
#9190 = CARTESIAN_POINT('',(0.1,-7.92,-2.5));
#9191 = VECTOR('',#9192,1.);
#9192 = DIRECTION('',(0.,0.,1.));
#9193 = ORIENTED_EDGE('',*,*,#7869,.F.);
#9194 = ORIENTED_EDGE('',*,*,#9195,.T.);
#9195 = EDGE_CURVE('',#7862,#9196,#9198,.T.);
#9196 = VERTEX_POINT('',#9197);
#9197 = CARTESIAN_POINT('',(0.1,-7.32,-2.5));
#9198 = LINE('',#9199,#9200);
#9199 = CARTESIAN_POINT('',(0.1,-7.32,0.2));
#9200 = VECTOR('',#9201,1.);
#9201 = DIRECTION('',(0.,0.,-1.));
#9202 = ORIENTED_EDGE('',*,*,#9203,.T.);
#9203 = EDGE_CURVE('',#9196,#9204,#9206,.T.);
#9204 = VERTEX_POINT('',#9205);
#9205 = CARTESIAN_POINT('',(0.1,-7.47,-3.1));
#9206 = LINE('',#9207,#9208);
#9207 = CARTESIAN_POINT('',(0.1,-7.32,-2.5));
#9208 = VECTOR('',#9209,1.);
#9209 = DIRECTION('',(-2.692686352073E-17,-0.242535625036,
    -0.970142500145));
#9210 = ORIENTED_EDGE('',*,*,#9211,.T.);
#9211 = EDGE_CURVE('',#9204,#9212,#9214,.T.);
#9212 = VERTEX_POINT('',#9213);
#9213 = CARTESIAN_POINT('',(0.1,-7.77,-3.1));
#9214 = LINE('',#9215,#9216);
#9215 = CARTESIAN_POINT('',(0.1,-7.47,-3.1));
#9216 = VECTOR('',#9217,1.);
#9217 = DIRECTION('',(-1.110223024625E-16,-1.,0.));
#9218 = ORIENTED_EDGE('',*,*,#9219,.T.);
#9219 = EDGE_CURVE('',#9212,#9187,#9220,.T.);
#9220 = LINE('',#9221,#9222);
#9221 = CARTESIAN_POINT('',(0.1,-7.77,-3.1));
#9222 = VECTOR('',#9223,1.);
#9223 = DIRECTION('',(-2.692686352073E-17,-0.242535625036,0.970142500145
    ));
#9224 = PLANE('',#9225);
#9225 = AXIS2_PLACEMENT_3D('',#9226,#9227,#9228);
#9226 = CARTESIAN_POINT('',(0.1,-7.62,3.911477598424));
#9227 = DIRECTION('',(-1.,1.110223024625E-16,0.));
#9228 = DIRECTION('',(0.,0.,1.));
#9229 = ADVANCED_FACE('',(#9230),#9241,.T.);
#9230 = FACE_BOUND('',#9231,.T.);
#9231 = EDGE_LOOP('',(#9232,#9238,#9239,#9240));
#9232 = ORIENTED_EDGE('',*,*,#9233,.F.);
#9233 = EDGE_CURVE('',#7838,#7862,#9234,.T.);
#9234 = LINE('',#9235,#9236);
#9235 = CARTESIAN_POINT('',(-0.1,-7.32,0.2));
#9236 = VECTOR('',#9237,1.);
#9237 = DIRECTION('',(1.,-1.110223024625E-16,0.));
#9238 = ORIENTED_EDGE('',*,*,#7845,.T.);
#9239 = ORIENTED_EDGE('',*,*,#7853,.T.);
#9240 = ORIENTED_EDGE('',*,*,#7861,.T.);
#9241 = PLANE('',#9242);
#9242 = AXIS2_PLACEMENT_3D('',#9243,#9244,#9245);
#9243 = CARTESIAN_POINT('',(-0.1,-7.92,0.2));
#9244 = DIRECTION('',(0.,-0.,-1.));
#9245 = DIRECTION('',(-1.110223024625E-16,-1.,0.));
#9246 = ADVANCED_FACE('',(#9247),#9288,.T.);
#9247 = FACE_BOUND('',#9248,.T.);
#9248 = EDGE_LOOP('',(#9249,#9257,#9258,#9266,#9274,#9282));
#9249 = ORIENTED_EDGE('',*,*,#9250,.T.);
#9250 = EDGE_CURVE('',#9251,#7830,#9253,.T.);
#9251 = VERTEX_POINT('',#9252);
#9252 = CARTESIAN_POINT('',(-0.1,-7.92,-2.5));
#9253 = LINE('',#9254,#9255);
#9254 = CARTESIAN_POINT('',(-0.1,-7.92,-2.5));
#9255 = VECTOR('',#9256,1.);
#9256 = DIRECTION('',(0.,0.,1.));
#9257 = ORIENTED_EDGE('',*,*,#7837,.F.);
#9258 = ORIENTED_EDGE('',*,*,#9259,.T.);
#9259 = EDGE_CURVE('',#7838,#9260,#9262,.T.);
#9260 = VERTEX_POINT('',#9261);
#9261 = CARTESIAN_POINT('',(-0.1,-7.32,-2.5));
#9262 = LINE('',#9263,#9264);
#9263 = CARTESIAN_POINT('',(-0.1,-7.32,0.2));
#9264 = VECTOR('',#9265,1.);
#9265 = DIRECTION('',(0.,0.,-1.));
#9266 = ORIENTED_EDGE('',*,*,#9267,.T.);
#9267 = EDGE_CURVE('',#9260,#9268,#9270,.T.);
#9268 = VERTEX_POINT('',#9269);
#9269 = CARTESIAN_POINT('',(-0.1,-7.47,-3.1));
#9270 = LINE('',#9271,#9272);
#9271 = CARTESIAN_POINT('',(-0.1,-7.32,-2.5));
#9272 = VECTOR('',#9273,1.);
#9273 = DIRECTION('',(-2.692686352073E-17,-0.242535625036,
    -0.970142500145));
#9274 = ORIENTED_EDGE('',*,*,#9275,.F.);
#9275 = EDGE_CURVE('',#9276,#9268,#9278,.T.);
#9276 = VERTEX_POINT('',#9277);
#9277 = CARTESIAN_POINT('',(-0.1,-7.77,-3.1));
#9278 = LINE('',#9279,#9280);
#9279 = CARTESIAN_POINT('',(-0.1,-7.77,-3.1));
#9280 = VECTOR('',#9281,1.);
#9281 = DIRECTION('',(1.110223024625E-16,1.,0.));
#9282 = ORIENTED_EDGE('',*,*,#9283,.T.);
#9283 = EDGE_CURVE('',#9276,#9251,#9284,.T.);
#9284 = LINE('',#9285,#9286);
#9285 = CARTESIAN_POINT('',(-0.1,-7.77,-3.1));
#9286 = VECTOR('',#9287,1.);
#9287 = DIRECTION('',(-2.692686352073E-17,-0.242535625036,0.970142500145
    ));
#9288 = PLANE('',#9289);
#9289 = AXIS2_PLACEMENT_3D('',#9290,#9291,#9292);
#9290 = CARTESIAN_POINT('',(-0.1,-7.62,3.911477598424));
#9291 = DIRECTION('',(-1.,1.110223024625E-16,0.));
#9292 = DIRECTION('',(0.,0.,1.));
#9293 = ADVANCED_FACE('',(#9294),#9305,.T.);
#9294 = FACE_BOUND('',#9295,.T.);
#9295 = EDGE_LOOP('',(#9296,#9297,#9298,#9304));
#9296 = ORIENTED_EDGE('',*,*,#7885,.F.);
#9297 = ORIENTED_EDGE('',*,*,#7895,.T.);
#9298 = ORIENTED_EDGE('',*,*,#9299,.T.);
#9299 = EDGE_CURVE('',#7896,#7936,#9300,.T.);
#9300 = LINE('',#9301,#9302);
#9301 = CARTESIAN_POINT('',(-0.1,-5.38,0.2));
#9302 = VECTOR('',#9303,1.);
#9303 = DIRECTION('',(1.,-1.110223024625E-16,0.));
#9304 = ORIENTED_EDGE('',*,*,#7943,.T.);
#9305 = PLANE('',#9306);
#9306 = AXIS2_PLACEMENT_3D('',#9307,#9308,#9309);
#9307 = CARTESIAN_POINT('',(-0.1,-5.38,0.2));
#9308 = DIRECTION('',(0.,-0.,-1.));
#9309 = DIRECTION('',(-1.110223024625E-16,-1.,0.));
#9310 = ADVANCED_FACE('',(#9311),#9352,.F.);
#9311 = FACE_BOUND('',#9312,.F.);
#9312 = EDGE_LOOP('',(#9313,#9321,#9322,#9330,#9338,#9346));
#9313 = ORIENTED_EDGE('',*,*,#9314,.T.);
#9314 = EDGE_CURVE('',#9315,#7936,#9317,.T.);
#9315 = VERTEX_POINT('',#9316);
#9316 = CARTESIAN_POINT('',(0.1,-5.38,-2.5));
#9317 = LINE('',#9318,#9319);
#9318 = CARTESIAN_POINT('',(0.1,-5.38,-2.5));
#9319 = VECTOR('',#9320,1.);
#9320 = DIRECTION('',(0.,0.,1.));
#9321 = ORIENTED_EDGE('',*,*,#7935,.F.);
#9322 = ORIENTED_EDGE('',*,*,#9323,.T.);
#9323 = EDGE_CURVE('',#7928,#9324,#9326,.T.);
#9324 = VERTEX_POINT('',#9325);
#9325 = CARTESIAN_POINT('',(0.1,-4.78,-2.5));
#9326 = LINE('',#9327,#9328);
#9327 = CARTESIAN_POINT('',(0.1,-4.78,0.2));
#9328 = VECTOR('',#9329,1.);
#9329 = DIRECTION('',(0.,0.,-1.));
#9330 = ORIENTED_EDGE('',*,*,#9331,.T.);
#9331 = EDGE_CURVE('',#9324,#9332,#9334,.T.);
#9332 = VERTEX_POINT('',#9333);
#9333 = CARTESIAN_POINT('',(0.1,-4.93,-3.1));
#9334 = LINE('',#9335,#9336);
#9335 = CARTESIAN_POINT('',(0.1,-4.78,-2.5));
#9336 = VECTOR('',#9337,1.);
#9337 = DIRECTION('',(-2.692686352073E-17,-0.242535625036,
    -0.970142500145));
#9338 = ORIENTED_EDGE('',*,*,#9339,.T.);
#9339 = EDGE_CURVE('',#9332,#9340,#9342,.T.);
#9340 = VERTEX_POINT('',#9341);
#9341 = CARTESIAN_POINT('',(0.1,-5.23,-3.1));
#9342 = LINE('',#9343,#9344);
#9343 = CARTESIAN_POINT('',(0.1,-4.93,-3.1));
#9344 = VECTOR('',#9345,1.);
#9345 = DIRECTION('',(-1.110223024625E-16,-1.,0.));
#9346 = ORIENTED_EDGE('',*,*,#9347,.T.);
#9347 = EDGE_CURVE('',#9340,#9315,#9348,.T.);
#9348 = LINE('',#9349,#9350);
#9349 = CARTESIAN_POINT('',(0.1,-5.23,-3.1));
#9350 = VECTOR('',#9351,1.);
#9351 = DIRECTION('',(-2.692686352073E-17,-0.242535625036,0.970142500145
    ));
#9352 = PLANE('',#9353);
#9353 = AXIS2_PLACEMENT_3D('',#9354,#9355,#9356);
#9354 = CARTESIAN_POINT('',(0.1,-5.08,3.911477598424));
#9355 = DIRECTION('',(-1.,1.110223024625E-16,0.));
#9356 = DIRECTION('',(0.,0.,1.));
#9357 = ADVANCED_FACE('',(#9358),#9369,.T.);
#9358 = FACE_BOUND('',#9359,.T.);
#9359 = EDGE_LOOP('',(#9360,#9366,#9367,#9368));
#9360 = ORIENTED_EDGE('',*,*,#9361,.F.);
#9361 = EDGE_CURVE('',#7904,#7928,#9362,.T.);
#9362 = LINE('',#9363,#9364);
#9363 = CARTESIAN_POINT('',(-0.1,-4.78,0.2));
#9364 = VECTOR('',#9365,1.);
#9365 = DIRECTION('',(1.,-1.110223024625E-16,0.));
#9366 = ORIENTED_EDGE('',*,*,#7911,.T.);
#9367 = ORIENTED_EDGE('',*,*,#7919,.T.);
#9368 = ORIENTED_EDGE('',*,*,#7927,.T.);
#9369 = PLANE('',#9370);
#9370 = AXIS2_PLACEMENT_3D('',#9371,#9372,#9373);
#9371 = CARTESIAN_POINT('',(-0.1,-5.38,0.2));
#9372 = DIRECTION('',(0.,-0.,-1.));
#9373 = DIRECTION('',(-1.110223024625E-16,-1.,0.));
#9374 = ADVANCED_FACE('',(#9375),#9416,.T.);
#9375 = FACE_BOUND('',#9376,.T.);
#9376 = EDGE_LOOP('',(#9377,#9385,#9386,#9394,#9402,#9410));
#9377 = ORIENTED_EDGE('',*,*,#9378,.T.);
#9378 = EDGE_CURVE('',#9379,#7896,#9381,.T.);
#9379 = VERTEX_POINT('',#9380);
#9380 = CARTESIAN_POINT('',(-0.1,-5.38,-2.5));
#9381 = LINE('',#9382,#9383);
#9382 = CARTESIAN_POINT('',(-0.1,-5.38,-2.5));
#9383 = VECTOR('',#9384,1.);
#9384 = DIRECTION('',(0.,0.,1.));
#9385 = ORIENTED_EDGE('',*,*,#7903,.F.);
#9386 = ORIENTED_EDGE('',*,*,#9387,.T.);
#9387 = EDGE_CURVE('',#7904,#9388,#9390,.T.);
#9388 = VERTEX_POINT('',#9389);
#9389 = CARTESIAN_POINT('',(-0.1,-4.78,-2.5));
#9390 = LINE('',#9391,#9392);
#9391 = CARTESIAN_POINT('',(-0.1,-4.78,0.2));
#9392 = VECTOR('',#9393,1.);
#9393 = DIRECTION('',(0.,0.,-1.));
#9394 = ORIENTED_EDGE('',*,*,#9395,.T.);
#9395 = EDGE_CURVE('',#9388,#9396,#9398,.T.);
#9396 = VERTEX_POINT('',#9397);
#9397 = CARTESIAN_POINT('',(-0.1,-4.93,-3.1));
#9398 = LINE('',#9399,#9400);
#9399 = CARTESIAN_POINT('',(-0.1,-4.78,-2.5));
#9400 = VECTOR('',#9401,1.);
#9401 = DIRECTION('',(-2.692686352073E-17,-0.242535625036,
    -0.970142500145));
#9402 = ORIENTED_EDGE('',*,*,#9403,.F.);
#9403 = EDGE_CURVE('',#9404,#9396,#9406,.T.);
#9404 = VERTEX_POINT('',#9405);
#9405 = CARTESIAN_POINT('',(-0.1,-5.23,-3.1));
#9406 = LINE('',#9407,#9408);
#9407 = CARTESIAN_POINT('',(-0.1,-5.23,-3.1));
#9408 = VECTOR('',#9409,1.);
#9409 = DIRECTION('',(1.110223024625E-16,1.,0.));
#9410 = ORIENTED_EDGE('',*,*,#9411,.T.);
#9411 = EDGE_CURVE('',#9404,#9379,#9412,.T.);
#9412 = LINE('',#9413,#9414);
#9413 = CARTESIAN_POINT('',(-0.1,-5.23,-3.1));
#9414 = VECTOR('',#9415,1.);
#9415 = DIRECTION('',(-2.692686352073E-17,-0.242535625036,0.970142500145
    ));
#9416 = PLANE('',#9417);
#9417 = AXIS2_PLACEMENT_3D('',#9418,#9419,#9420);
#9418 = CARTESIAN_POINT('',(-0.1,-5.08,3.911477598424));
#9419 = DIRECTION('',(-1.,1.110223024625E-16,0.));
#9420 = DIRECTION('',(0.,0.,1.));
#9421 = ADVANCED_FACE('',(#9422),#9433,.T.);
#9422 = FACE_BOUND('',#9423,.T.);
#9423 = EDGE_LOOP('',(#9424,#9425,#9426,#9432));
#9424 = ORIENTED_EDGE('',*,*,#7951,.F.);
#9425 = ORIENTED_EDGE('',*,*,#7961,.T.);
#9426 = ORIENTED_EDGE('',*,*,#9427,.T.);
#9427 = EDGE_CURVE('',#7962,#8002,#9428,.T.);
#9428 = LINE('',#9429,#9430);
#9429 = CARTESIAN_POINT('',(-0.1,-2.84,0.2));
#9430 = VECTOR('',#9431,1.);
#9431 = DIRECTION('',(1.,-1.110223024625E-16,0.));
#9432 = ORIENTED_EDGE('',*,*,#8009,.T.);
#9433 = PLANE('',#9434);
#9434 = AXIS2_PLACEMENT_3D('',#9435,#9436,#9437);
#9435 = CARTESIAN_POINT('',(-0.1,-2.84,0.2));
#9436 = DIRECTION('',(0.,-0.,-1.));
#9437 = DIRECTION('',(-1.110223024625E-16,-1.,0.));
#9438 = ADVANCED_FACE('',(#9439),#9480,.F.);
#9439 = FACE_BOUND('',#9440,.F.);
#9440 = EDGE_LOOP('',(#9441,#9449,#9450,#9458,#9466,#9474));
#9441 = ORIENTED_EDGE('',*,*,#9442,.T.);
#9442 = EDGE_CURVE('',#9443,#8002,#9445,.T.);
#9443 = VERTEX_POINT('',#9444);
#9444 = CARTESIAN_POINT('',(0.1,-2.84,-2.5));
#9445 = LINE('',#9446,#9447);
#9446 = CARTESIAN_POINT('',(0.1,-2.84,-2.5));
#9447 = VECTOR('',#9448,1.);
#9448 = DIRECTION('',(0.,0.,1.));
#9449 = ORIENTED_EDGE('',*,*,#8001,.F.);
#9450 = ORIENTED_EDGE('',*,*,#9451,.T.);
#9451 = EDGE_CURVE('',#7994,#9452,#9454,.T.);
#9452 = VERTEX_POINT('',#9453);
#9453 = CARTESIAN_POINT('',(0.1,-2.24,-2.5));
#9454 = LINE('',#9455,#9456);
#9455 = CARTESIAN_POINT('',(0.1,-2.24,0.2));
#9456 = VECTOR('',#9457,1.);
#9457 = DIRECTION('',(0.,0.,-1.));
#9458 = ORIENTED_EDGE('',*,*,#9459,.T.);
#9459 = EDGE_CURVE('',#9452,#9460,#9462,.T.);
#9460 = VERTEX_POINT('',#9461);
#9461 = CARTESIAN_POINT('',(0.1,-2.39,-3.1));
#9462 = LINE('',#9463,#9464);
#9463 = CARTESIAN_POINT('',(0.1,-2.24,-2.5));
#9464 = VECTOR('',#9465,1.);
#9465 = DIRECTION('',(-2.692686352073E-17,-0.242535625036,
    -0.970142500145));
#9466 = ORIENTED_EDGE('',*,*,#9467,.T.);
#9467 = EDGE_CURVE('',#9460,#9468,#9470,.T.);
#9468 = VERTEX_POINT('',#9469);
#9469 = CARTESIAN_POINT('',(0.1,-2.69,-3.1));
#9470 = LINE('',#9471,#9472);
#9471 = CARTESIAN_POINT('',(0.1,-2.39,-3.1));
#9472 = VECTOR('',#9473,1.);
#9473 = DIRECTION('',(-1.110223024625E-16,-1.,0.));
#9474 = ORIENTED_EDGE('',*,*,#9475,.T.);
#9475 = EDGE_CURVE('',#9468,#9443,#9476,.T.);
#9476 = LINE('',#9477,#9478);
#9477 = CARTESIAN_POINT('',(0.1,-2.69,-3.1));
#9478 = VECTOR('',#9479,1.);
#9479 = DIRECTION('',(-2.692686352073E-17,-0.242535625036,0.970142500145
    ));
#9480 = PLANE('',#9481);
#9481 = AXIS2_PLACEMENT_3D('',#9482,#9483,#9484);
#9482 = CARTESIAN_POINT('',(0.1,-2.54,3.911477598424));
#9483 = DIRECTION('',(-1.,1.110223024625E-16,0.));
#9484 = DIRECTION('',(0.,0.,1.));
#9485 = ADVANCED_FACE('',(#9486),#9497,.T.);
#9486 = FACE_BOUND('',#9487,.T.);
#9487 = EDGE_LOOP('',(#9488,#9494,#9495,#9496));
#9488 = ORIENTED_EDGE('',*,*,#9489,.F.);
#9489 = EDGE_CURVE('',#7970,#7994,#9490,.T.);
#9490 = LINE('',#9491,#9492);
#9491 = CARTESIAN_POINT('',(-0.1,-2.24,0.2));
#9492 = VECTOR('',#9493,1.);
#9493 = DIRECTION('',(1.,-1.110223024625E-16,0.));
#9494 = ORIENTED_EDGE('',*,*,#7977,.T.);
#9495 = ORIENTED_EDGE('',*,*,#7985,.T.);
#9496 = ORIENTED_EDGE('',*,*,#7993,.T.);
#9497 = PLANE('',#9498);
#9498 = AXIS2_PLACEMENT_3D('',#9499,#9500,#9501);
#9499 = CARTESIAN_POINT('',(-0.1,-2.84,0.2));
#9500 = DIRECTION('',(0.,-0.,-1.));
#9501 = DIRECTION('',(-1.110223024625E-16,-1.,0.));
#9502 = ADVANCED_FACE('',(#9503),#9544,.T.);
#9503 = FACE_BOUND('',#9504,.T.);
#9504 = EDGE_LOOP('',(#9505,#9513,#9514,#9522,#9530,#9538));
#9505 = ORIENTED_EDGE('',*,*,#9506,.T.);
#9506 = EDGE_CURVE('',#9507,#7962,#9509,.T.);
#9507 = VERTEX_POINT('',#9508);
#9508 = CARTESIAN_POINT('',(-0.1,-2.84,-2.5));
#9509 = LINE('',#9510,#9511);
#9510 = CARTESIAN_POINT('',(-0.1,-2.84,-2.5));
#9511 = VECTOR('',#9512,1.);
#9512 = DIRECTION('',(0.,0.,1.));
#9513 = ORIENTED_EDGE('',*,*,#7969,.F.);
#9514 = ORIENTED_EDGE('',*,*,#9515,.T.);
#9515 = EDGE_CURVE('',#7970,#9516,#9518,.T.);
#9516 = VERTEX_POINT('',#9517);
#9517 = CARTESIAN_POINT('',(-0.1,-2.24,-2.5));
#9518 = LINE('',#9519,#9520);
#9519 = CARTESIAN_POINT('',(-0.1,-2.24,0.2));
#9520 = VECTOR('',#9521,1.);
#9521 = DIRECTION('',(0.,0.,-1.));
#9522 = ORIENTED_EDGE('',*,*,#9523,.T.);
#9523 = EDGE_CURVE('',#9516,#9524,#9526,.T.);
#9524 = VERTEX_POINT('',#9525);
#9525 = CARTESIAN_POINT('',(-0.1,-2.39,-3.1));
#9526 = LINE('',#9527,#9528);
#9527 = CARTESIAN_POINT('',(-0.1,-2.24,-2.5));
#9528 = VECTOR('',#9529,1.);
#9529 = DIRECTION('',(-2.692686352073E-17,-0.242535625036,
    -0.970142500145));
#9530 = ORIENTED_EDGE('',*,*,#9531,.F.);
#9531 = EDGE_CURVE('',#9532,#9524,#9534,.T.);
#9532 = VERTEX_POINT('',#9533);
#9533 = CARTESIAN_POINT('',(-0.1,-2.69,-3.1));
#9534 = LINE('',#9535,#9536);
#9535 = CARTESIAN_POINT('',(-0.1,-2.69,-3.1));
#9536 = VECTOR('',#9537,1.);
#9537 = DIRECTION('',(1.110223024625E-16,1.,0.));
#9538 = ORIENTED_EDGE('',*,*,#9539,.T.);
#9539 = EDGE_CURVE('',#9532,#9507,#9540,.T.);
#9540 = LINE('',#9541,#9542);
#9541 = CARTESIAN_POINT('',(-0.1,-2.69,-3.1));
#9542 = VECTOR('',#9543,1.);
#9543 = DIRECTION('',(-2.692686352073E-17,-0.242535625036,0.970142500145
    ));
#9544 = PLANE('',#9545);
#9545 = AXIS2_PLACEMENT_3D('',#9546,#9547,#9548);
#9546 = CARTESIAN_POINT('',(-0.1,-2.54,3.911477598424));
#9547 = DIRECTION('',(-1.,1.110223024625E-16,0.));
#9548 = DIRECTION('',(0.,0.,1.));
#9549 = ADVANCED_FACE('',(#9550),#9561,.T.);
#9550 = FACE_BOUND('',#9551,.T.);
#9551 = EDGE_LOOP('',(#9552,#9553,#9554,#9560));
#9552 = ORIENTED_EDGE('',*,*,#8017,.F.);
#9553 = ORIENTED_EDGE('',*,*,#8027,.T.);
#9554 = ORIENTED_EDGE('',*,*,#9555,.T.);
#9555 = EDGE_CURVE('',#8028,#8068,#9556,.T.);
#9556 = LINE('',#9557,#9558);
#9557 = CARTESIAN_POINT('',(-0.1,-0.3,0.2));
#9558 = VECTOR('',#9559,1.);
#9559 = DIRECTION('',(1.,-1.110223024625E-16,0.));
#9560 = ORIENTED_EDGE('',*,*,#8075,.T.);
#9561 = PLANE('',#9562);
#9562 = AXIS2_PLACEMENT_3D('',#9563,#9564,#9565);
#9563 = CARTESIAN_POINT('',(-0.1,-0.3,0.2));
#9564 = DIRECTION('',(0.,-0.,-1.));
#9565 = DIRECTION('',(-1.110223024625E-16,-1.,0.));
#9566 = ADVANCED_FACE('',(#9567),#9608,.F.);
#9567 = FACE_BOUND('',#9568,.F.);
#9568 = EDGE_LOOP('',(#9569,#9577,#9578,#9586,#9594,#9602));
#9569 = ORIENTED_EDGE('',*,*,#9570,.T.);
#9570 = EDGE_CURVE('',#9571,#8068,#9573,.T.);
#9571 = VERTEX_POINT('',#9572);
#9572 = CARTESIAN_POINT('',(0.1,-0.3,-2.5));
#9573 = LINE('',#9574,#9575);
#9574 = CARTESIAN_POINT('',(0.1,-0.3,-2.5));
#9575 = VECTOR('',#9576,1.);
#9576 = DIRECTION('',(0.,0.,1.));
#9577 = ORIENTED_EDGE('',*,*,#8067,.F.);
#9578 = ORIENTED_EDGE('',*,*,#9579,.T.);
#9579 = EDGE_CURVE('',#8060,#9580,#9582,.T.);
#9580 = VERTEX_POINT('',#9581);
#9581 = CARTESIAN_POINT('',(0.1,0.3,-2.5));
#9582 = LINE('',#9583,#9584);
#9583 = CARTESIAN_POINT('',(0.1,0.3,0.2));
#9584 = VECTOR('',#9585,1.);
#9585 = DIRECTION('',(0.,0.,-1.));
#9586 = ORIENTED_EDGE('',*,*,#9587,.T.);
#9587 = EDGE_CURVE('',#9580,#9588,#9590,.T.);
#9588 = VERTEX_POINT('',#9589);
#9589 = CARTESIAN_POINT('',(0.1,0.15,-3.1));
#9590 = LINE('',#9591,#9592);
#9591 = CARTESIAN_POINT('',(0.1,0.3,-2.5));
#9592 = VECTOR('',#9593,1.);
#9593 = DIRECTION('',(-2.692686352073E-17,-0.242535625036,
    -0.970142500145));
#9594 = ORIENTED_EDGE('',*,*,#9595,.T.);
#9595 = EDGE_CURVE('',#9588,#9596,#9598,.T.);
#9596 = VERTEX_POINT('',#9597);
#9597 = CARTESIAN_POINT('',(0.1,-0.15,-3.1));
#9598 = LINE('',#9599,#9600);
#9599 = CARTESIAN_POINT('',(0.1,0.15,-3.1));
#9600 = VECTOR('',#9601,1.);
#9601 = DIRECTION('',(-1.110223024625E-16,-1.,0.));
#9602 = ORIENTED_EDGE('',*,*,#9603,.T.);
#9603 = EDGE_CURVE('',#9596,#9571,#9604,.T.);
#9604 = LINE('',#9605,#9606);
#9605 = CARTESIAN_POINT('',(0.1,-0.15,-3.1));
#9606 = VECTOR('',#9607,1.);
#9607 = DIRECTION('',(-2.692686352073E-17,-0.242535625036,0.970142500145
    ));
#9608 = PLANE('',#9609);
#9609 = AXIS2_PLACEMENT_3D('',#9610,#9611,#9612);
#9610 = CARTESIAN_POINT('',(0.1,-1.110223024625E-17,3.911477598424));
#9611 = DIRECTION('',(-1.,1.110223024625E-16,0.));
#9612 = DIRECTION('',(0.,0.,1.));
#9613 = ADVANCED_FACE('',(#9614),#9625,.T.);
#9614 = FACE_BOUND('',#9615,.T.);
#9615 = EDGE_LOOP('',(#9616,#9622,#9623,#9624));
#9616 = ORIENTED_EDGE('',*,*,#9617,.F.);
#9617 = EDGE_CURVE('',#8036,#8060,#9618,.T.);
#9618 = LINE('',#9619,#9620);
#9619 = CARTESIAN_POINT('',(-0.1,0.3,0.2));
#9620 = VECTOR('',#9621,1.);
#9621 = DIRECTION('',(1.,-1.110223024625E-16,0.));
#9622 = ORIENTED_EDGE('',*,*,#8043,.T.);
#9623 = ORIENTED_EDGE('',*,*,#8051,.T.);
#9624 = ORIENTED_EDGE('',*,*,#8059,.T.);
#9625 = PLANE('',#9626);
#9626 = AXIS2_PLACEMENT_3D('',#9627,#9628,#9629);
#9627 = CARTESIAN_POINT('',(-0.1,-0.3,0.2));
#9628 = DIRECTION('',(0.,-0.,-1.));
#9629 = DIRECTION('',(-1.110223024625E-16,-1.,0.));
#9630 = ADVANCED_FACE('',(#9631),#9672,.T.);
#9631 = FACE_BOUND('',#9632,.T.);
#9632 = EDGE_LOOP('',(#9633,#9641,#9642,#9650,#9658,#9666));
#9633 = ORIENTED_EDGE('',*,*,#9634,.T.);
#9634 = EDGE_CURVE('',#9635,#8028,#9637,.T.);
#9635 = VERTEX_POINT('',#9636);
#9636 = CARTESIAN_POINT('',(-0.1,-0.3,-2.5));
#9637 = LINE('',#9638,#9639);
#9638 = CARTESIAN_POINT('',(-0.1,-0.3,-2.5));
#9639 = VECTOR('',#9640,1.);
#9640 = DIRECTION('',(0.,0.,1.));
#9641 = ORIENTED_EDGE('',*,*,#8035,.F.);
#9642 = ORIENTED_EDGE('',*,*,#9643,.T.);
#9643 = EDGE_CURVE('',#8036,#9644,#9646,.T.);
#9644 = VERTEX_POINT('',#9645);
#9645 = CARTESIAN_POINT('',(-0.1,0.3,-2.5));
#9646 = LINE('',#9647,#9648);
#9647 = CARTESIAN_POINT('',(-0.1,0.3,0.2));
#9648 = VECTOR('',#9649,1.);
#9649 = DIRECTION('',(0.,0.,-1.));
#9650 = ORIENTED_EDGE('',*,*,#9651,.T.);
#9651 = EDGE_CURVE('',#9644,#9652,#9654,.T.);
#9652 = VERTEX_POINT('',#9653);
#9653 = CARTESIAN_POINT('',(-0.1,0.15,-3.1));
#9654 = LINE('',#9655,#9656);
#9655 = CARTESIAN_POINT('',(-0.1,0.3,-2.5));
#9656 = VECTOR('',#9657,1.);
#9657 = DIRECTION('',(-2.692686352073E-17,-0.242535625036,
    -0.970142500145));
#9658 = ORIENTED_EDGE('',*,*,#9659,.F.);
#9659 = EDGE_CURVE('',#9660,#9652,#9662,.T.);
#9660 = VERTEX_POINT('',#9661);
#9661 = CARTESIAN_POINT('',(-0.1,-0.15,-3.1));
#9662 = LINE('',#9663,#9664);
#9663 = CARTESIAN_POINT('',(-0.1,-0.15,-3.1));
#9664 = VECTOR('',#9665,1.);
#9665 = DIRECTION('',(1.110223024625E-16,1.,0.));
#9666 = ORIENTED_EDGE('',*,*,#9667,.T.);
#9667 = EDGE_CURVE('',#9660,#9635,#9668,.T.);
#9668 = LINE('',#9669,#9670);
#9669 = CARTESIAN_POINT('',(-0.1,-0.15,-3.1));
#9670 = VECTOR('',#9671,1.);
#9671 = DIRECTION('',(-2.692686352073E-17,-0.242535625036,0.970142500145
    ));
#9672 = PLANE('',#9673);
#9673 = AXIS2_PLACEMENT_3D('',#9674,#9675,#9676);
#9674 = CARTESIAN_POINT('',(-0.1,1.110223024625E-17,3.911477598424));
#9675 = DIRECTION('',(-1.,1.110223024625E-16,0.));
#9676 = DIRECTION('',(0.,0.,1.));
#9677 = ADVANCED_FACE('',(#9678),#9703,.F.);
#9678 = FACE_BOUND('',#9679,.F.);
#9679 = EDGE_LOOP('',(#9680,#9688,#9696,#9702));
#9680 = ORIENTED_EDGE('',*,*,#9681,.T.);
#9681 = EDGE_CURVE('',#8114,#9682,#9684,.T.);
#9682 = VERTEX_POINT('',#9683);
#9683 = CARTESIAN_POINT('',(0.3,-15.54,0.9));
#9684 = LINE('',#9685,#9686);
#9685 = CARTESIAN_POINT('',(0.3,-15.54,8.2));
#9686 = VECTOR('',#9687,1.);
#9687 = DIRECTION('',(0.,-0.,-1.));
#9688 = ORIENTED_EDGE('',*,*,#9689,.T.);
#9689 = EDGE_CURVE('',#9682,#9690,#9692,.T.);
#9690 = VERTEX_POINT('',#9691);
#9691 = CARTESIAN_POINT('',(0.3,-14.94,0.9));
#9692 = LINE('',#9693,#9694);
#9693 = CARTESIAN_POINT('',(0.3,-15.54,0.9));
#9694 = VECTOR('',#9695,1.);
#9695 = DIRECTION('',(1.110223024625E-16,1.,0.));
#9696 = ORIENTED_EDGE('',*,*,#9697,.F.);
#9697 = EDGE_CURVE('',#8123,#9690,#9698,.T.);
#9698 = LINE('',#9699,#9700);
#9699 = CARTESIAN_POINT('',(0.3,-14.94,8.2));
#9700 = VECTOR('',#9701,1.);
#9701 = DIRECTION('',(0.,-0.,-1.));
#9702 = ORIENTED_EDGE('',*,*,#8130,.F.);
#9703 = PLANE('',#9704);
#9704 = AXIS2_PLACEMENT_3D('',#9705,#9706,#9707);
#9705 = CARTESIAN_POINT('',(0.3,-15.54,8.2));
#9706 = DIRECTION('',(1.,-1.110223024625E-16,0.));
#9707 = DIRECTION('',(1.110223024625E-16,1.,0.));
#9708 = ADVANCED_FACE('',(#9709),#9759,.F.);
#9709 = FACE_BOUND('',#9710,.F.);
#9710 = EDGE_LOOP('',(#9711,#9712,#9713,#9721,#9729,#9737,#9745,#9753));
#9711 = ORIENTED_EDGE('',*,*,#8154,.F.);
#9712 = ORIENTED_EDGE('',*,*,#9697,.T.);
#9713 = ORIENTED_EDGE('',*,*,#9714,.T.);
#9714 = EDGE_CURVE('',#9690,#9715,#9717,.T.);
#9715 = VERTEX_POINT('',#9716);
#9716 = CARTESIAN_POINT('',(0.1,-14.94,0.9));
#9717 = LINE('',#9718,#9719);
#9718 = CARTESIAN_POINT('',(0.3,-14.94,0.9));
#9719 = VECTOR('',#9720,1.);
#9720 = DIRECTION('',(-1.,1.110223024625E-16,0.));
#9721 = ORIENTED_EDGE('',*,*,#9722,.T.);
#9722 = EDGE_CURVE('',#9715,#9723,#9725,.T.);
#9723 = VERTEX_POINT('',#9724);
#9724 = CARTESIAN_POINT('',(0.1,-14.94,7.4));
#9725 = LINE('',#9726,#9727);
#9726 = CARTESIAN_POINT('',(0.1,-14.94,6.055738799212));
#9727 = VECTOR('',#9728,1.);
#9728 = DIRECTION('',(0.,-0.,1.));
#9729 = ORIENTED_EDGE('',*,*,#9730,.F.);
#9730 = EDGE_CURVE('',#9731,#9723,#9733,.T.);
#9731 = VERTEX_POINT('',#9732);
#9732 = CARTESIAN_POINT('',(-0.1,-14.94,7.4));
#9733 = LINE('',#9734,#9735);
#9734 = CARTESIAN_POINT('',(-0.1,-14.94,7.4));
#9735 = VECTOR('',#9736,1.);
#9736 = DIRECTION('',(1.,-1.110223024625E-16,0.));
#9737 = ORIENTED_EDGE('',*,*,#9738,.F.);
#9738 = EDGE_CURVE('',#9739,#9731,#9741,.T.);
#9739 = VERTEX_POINT('',#9740);
#9740 = CARTESIAN_POINT('',(-0.1,-14.94,0.9));
#9741 = LINE('',#9742,#9743);
#9742 = CARTESIAN_POINT('',(-0.1,-14.94,6.055738799212));
#9743 = VECTOR('',#9744,1.);
#9744 = DIRECTION('',(0.,-0.,1.));
#9745 = ORIENTED_EDGE('',*,*,#9746,.T.);
#9746 = EDGE_CURVE('',#9739,#9747,#9749,.T.);
#9747 = VERTEX_POINT('',#9748);
#9748 = CARTESIAN_POINT('',(-0.3,-14.94,0.9));
#9749 = LINE('',#9750,#9751);
#9750 = CARTESIAN_POINT('',(0.3,-14.94,0.9));
#9751 = VECTOR('',#9752,1.);
#9752 = DIRECTION('',(-1.,1.110223024625E-16,0.));
#9753 = ORIENTED_EDGE('',*,*,#9754,.F.);
#9754 = EDGE_CURVE('',#8147,#9747,#9755,.T.);
#9755 = LINE('',#9756,#9757);
#9756 = CARTESIAN_POINT('',(-0.3,-14.94,8.2));
#9757 = VECTOR('',#9758,1.);
#9758 = DIRECTION('',(0.,-0.,-1.));
#9759 = PLANE('',#9760);
#9760 = AXIS2_PLACEMENT_3D('',#9761,#9762,#9763);
#9761 = CARTESIAN_POINT('',(0.3,-14.94,8.2));
#9762 = DIRECTION('',(1.110223024625E-16,1.,0.));
#9763 = DIRECTION('',(-1.,1.110223024625E-16,0.));
#9764 = ADVANCED_FACE('',(#9765),#9783,.F.);
#9765 = FACE_BOUND('',#9766,.F.);
#9766 = EDGE_LOOP('',(#9767,#9768,#9776,#9782));
#9767 = ORIENTED_EDGE('',*,*,#9754,.T.);
#9768 = ORIENTED_EDGE('',*,*,#9769,.T.);
#9769 = EDGE_CURVE('',#9747,#9770,#9772,.T.);
#9770 = VERTEX_POINT('',#9771);
#9771 = CARTESIAN_POINT('',(-0.3,-15.54,0.9));
#9772 = LINE('',#9773,#9774);
#9773 = CARTESIAN_POINT('',(-0.3,-14.94,0.9));
#9774 = VECTOR('',#9775,1.);
#9775 = DIRECTION('',(-1.110223024625E-16,-1.,0.));
#9776 = ORIENTED_EDGE('',*,*,#9777,.F.);
#9777 = EDGE_CURVE('',#8171,#9770,#9778,.T.);
#9778 = LINE('',#9779,#9780);
#9779 = CARTESIAN_POINT('',(-0.3,-15.54,8.2));
#9780 = VECTOR('',#9781,1.);
#9781 = DIRECTION('',(0.,-0.,-1.));
#9782 = ORIENTED_EDGE('',*,*,#8178,.F.);
#9783 = PLANE('',#9784);
#9784 = AXIS2_PLACEMENT_3D('',#9785,#9786,#9787);
#9785 = CARTESIAN_POINT('',(-0.3,-14.94,8.2));
#9786 = DIRECTION('',(-1.,1.110223024625E-16,0.));
#9787 = DIRECTION('',(-1.110223024625E-16,-1.,0.));
#9788 = ADVANCED_FACE('',(#9789),#9832,.F.);
#9789 = FACE_BOUND('',#9790,.F.);
#9790 = EDGE_LOOP('',(#9791,#9792,#9793,#9801,#9809,#9817,#9825,#9831));
#9791 = ORIENTED_EDGE('',*,*,#8195,.F.);
#9792 = ORIENTED_EDGE('',*,*,#9777,.T.);
#9793 = ORIENTED_EDGE('',*,*,#9794,.T.);
#9794 = EDGE_CURVE('',#9770,#9795,#9797,.T.);
#9795 = VERTEX_POINT('',#9796);
#9796 = CARTESIAN_POINT('',(-0.1,-15.54,0.9));
#9797 = LINE('',#9798,#9799);
#9798 = CARTESIAN_POINT('',(-0.3,-15.54,0.9));
#9799 = VECTOR('',#9800,1.);
#9800 = DIRECTION('',(1.,-1.110223024625E-16,0.));
#9801 = ORIENTED_EDGE('',*,*,#9802,.F.);
#9802 = EDGE_CURVE('',#9803,#9795,#9805,.T.);
#9803 = VERTEX_POINT('',#9804);
#9804 = CARTESIAN_POINT('',(-0.1,-15.54,7.4));
#9805 = LINE('',#9806,#9807);
#9806 = CARTESIAN_POINT('',(-0.1,-15.54,6.055738799212));
#9807 = VECTOR('',#9808,1.);
#9808 = DIRECTION('',(-0.,0.,-1.));
#9809 = ORIENTED_EDGE('',*,*,#9810,.T.);
#9810 = EDGE_CURVE('',#9803,#9811,#9813,.T.);
#9811 = VERTEX_POINT('',#9812);
#9812 = CARTESIAN_POINT('',(0.1,-15.54,7.4));
#9813 = LINE('',#9814,#9815);
#9814 = CARTESIAN_POINT('',(-0.1,-15.54,7.4));
#9815 = VECTOR('',#9816,1.);
#9816 = DIRECTION('',(1.,-1.110223024625E-16,0.));
#9817 = ORIENTED_EDGE('',*,*,#9818,.T.);
#9818 = EDGE_CURVE('',#9811,#9819,#9821,.T.);
#9819 = VERTEX_POINT('',#9820);
#9820 = CARTESIAN_POINT('',(0.1,-15.54,0.9));
#9821 = LINE('',#9822,#9823);
#9822 = CARTESIAN_POINT('',(0.1,-15.54,6.055738799212));
#9823 = VECTOR('',#9824,1.);
#9824 = DIRECTION('',(-0.,0.,-1.));
#9825 = ORIENTED_EDGE('',*,*,#9826,.T.);
#9826 = EDGE_CURVE('',#9819,#9682,#9827,.T.);
#9827 = LINE('',#9828,#9829);
#9828 = CARTESIAN_POINT('',(-0.3,-15.54,0.9));
#9829 = VECTOR('',#9830,1.);
#9830 = DIRECTION('',(1.,-1.110223024625E-16,0.));
#9831 = ORIENTED_EDGE('',*,*,#9681,.F.);
#9832 = PLANE('',#9833);
#9833 = AXIS2_PLACEMENT_3D('',#9834,#9835,#9836);
#9834 = CARTESIAN_POINT('',(-0.3,-15.54,8.2));
#9835 = DIRECTION('',(-1.110223024625E-16,-1.,0.));
#9836 = DIRECTION('',(1.,-1.110223024625E-16,0.));
#9837 = ADVANCED_FACE('',(#9838),#9863,.F.);
#9838 = FACE_BOUND('',#9839,.F.);
#9839 = EDGE_LOOP('',(#9840,#9848,#9856,#9862));
#9840 = ORIENTED_EDGE('',*,*,#9841,.T.);
#9841 = EDGE_CURVE('',#8210,#9842,#9844,.T.);
#9842 = VERTEX_POINT('',#9843);
#9843 = CARTESIAN_POINT('',(0.3,-13.,0.9));
#9844 = LINE('',#9845,#9846);
#9845 = CARTESIAN_POINT('',(0.3,-13.,8.2));
#9846 = VECTOR('',#9847,1.);
#9847 = DIRECTION('',(0.,-0.,-1.));
#9848 = ORIENTED_EDGE('',*,*,#9849,.T.);
#9849 = EDGE_CURVE('',#9842,#9850,#9852,.T.);
#9850 = VERTEX_POINT('',#9851);
#9851 = CARTESIAN_POINT('',(0.3,-12.4,0.9));
#9852 = LINE('',#9853,#9854);
#9853 = CARTESIAN_POINT('',(0.3,-13.,0.9));
#9854 = VECTOR('',#9855,1.);
#9855 = DIRECTION('',(1.110223024625E-16,1.,0.));
#9856 = ORIENTED_EDGE('',*,*,#9857,.F.);
#9857 = EDGE_CURVE('',#8219,#9850,#9858,.T.);
#9858 = LINE('',#9859,#9860);
#9859 = CARTESIAN_POINT('',(0.3,-12.4,8.2));
#9860 = VECTOR('',#9861,1.);
#9861 = DIRECTION('',(0.,-0.,-1.));
#9862 = ORIENTED_EDGE('',*,*,#8226,.F.);
#9863 = PLANE('',#9864);
#9864 = AXIS2_PLACEMENT_3D('',#9865,#9866,#9867);
#9865 = CARTESIAN_POINT('',(0.3,-13.,8.2));
#9866 = DIRECTION('',(1.,-1.110223024625E-16,0.));
#9867 = DIRECTION('',(1.110223024625E-16,1.,0.));
#9868 = ADVANCED_FACE('',(#9869),#9919,.F.);
#9869 = FACE_BOUND('',#9870,.F.);
#9870 = EDGE_LOOP('',(#9871,#9872,#9873,#9881,#9889,#9897,#9905,#9913));
#9871 = ORIENTED_EDGE('',*,*,#8250,.F.);
#9872 = ORIENTED_EDGE('',*,*,#9857,.T.);
#9873 = ORIENTED_EDGE('',*,*,#9874,.T.);
#9874 = EDGE_CURVE('',#9850,#9875,#9877,.T.);
#9875 = VERTEX_POINT('',#9876);
#9876 = CARTESIAN_POINT('',(0.1,-12.4,0.9));
#9877 = LINE('',#9878,#9879);
#9878 = CARTESIAN_POINT('',(0.3,-12.4,0.9));
#9879 = VECTOR('',#9880,1.);
#9880 = DIRECTION('',(-1.,1.110223024625E-16,0.));
#9881 = ORIENTED_EDGE('',*,*,#9882,.T.);
#9882 = EDGE_CURVE('',#9875,#9883,#9885,.T.);
#9883 = VERTEX_POINT('',#9884);
#9884 = CARTESIAN_POINT('',(0.1,-12.4,7.4));
#9885 = LINE('',#9886,#9887);
#9886 = CARTESIAN_POINT('',(0.1,-12.4,6.055738799212));
#9887 = VECTOR('',#9888,1.);
#9888 = DIRECTION('',(0.,-0.,1.));
#9889 = ORIENTED_EDGE('',*,*,#9890,.F.);
#9890 = EDGE_CURVE('',#9891,#9883,#9893,.T.);
#9891 = VERTEX_POINT('',#9892);
#9892 = CARTESIAN_POINT('',(-0.1,-12.4,7.4));
#9893 = LINE('',#9894,#9895);
#9894 = CARTESIAN_POINT('',(-0.1,-12.4,7.4));
#9895 = VECTOR('',#9896,1.);
#9896 = DIRECTION('',(1.,-1.110223024625E-16,0.));
#9897 = ORIENTED_EDGE('',*,*,#9898,.F.);
#9898 = EDGE_CURVE('',#9899,#9891,#9901,.T.);
#9899 = VERTEX_POINT('',#9900);
#9900 = CARTESIAN_POINT('',(-0.1,-12.4,0.9));
#9901 = LINE('',#9902,#9903);
#9902 = CARTESIAN_POINT('',(-0.1,-12.4,6.055738799212));
#9903 = VECTOR('',#9904,1.);
#9904 = DIRECTION('',(0.,-0.,1.));
#9905 = ORIENTED_EDGE('',*,*,#9906,.T.);
#9906 = EDGE_CURVE('',#9899,#9907,#9909,.T.);
#9907 = VERTEX_POINT('',#9908);
#9908 = CARTESIAN_POINT('',(-0.3,-12.4,0.9));
#9909 = LINE('',#9910,#9911);
#9910 = CARTESIAN_POINT('',(0.3,-12.4,0.9));
#9911 = VECTOR('',#9912,1.);
#9912 = DIRECTION('',(-1.,1.110223024625E-16,0.));
#9913 = ORIENTED_EDGE('',*,*,#9914,.F.);
#9914 = EDGE_CURVE('',#8243,#9907,#9915,.T.);
#9915 = LINE('',#9916,#9917);
#9916 = CARTESIAN_POINT('',(-0.3,-12.4,8.2));
#9917 = VECTOR('',#9918,1.);
#9918 = DIRECTION('',(0.,-0.,-1.));
#9919 = PLANE('',#9920);
#9920 = AXIS2_PLACEMENT_3D('',#9921,#9922,#9923);
#9921 = CARTESIAN_POINT('',(0.3,-12.4,8.2));
#9922 = DIRECTION('',(1.110223024625E-16,1.,0.));
#9923 = DIRECTION('',(-1.,1.110223024625E-16,0.));
#9924 = ADVANCED_FACE('',(#9925),#9943,.F.);
#9925 = FACE_BOUND('',#9926,.F.);
#9926 = EDGE_LOOP('',(#9927,#9928,#9936,#9942));
#9927 = ORIENTED_EDGE('',*,*,#9914,.T.);
#9928 = ORIENTED_EDGE('',*,*,#9929,.T.);
#9929 = EDGE_CURVE('',#9907,#9930,#9932,.T.);
#9930 = VERTEX_POINT('',#9931);
#9931 = CARTESIAN_POINT('',(-0.3,-13.,0.9));
#9932 = LINE('',#9933,#9934);
#9933 = CARTESIAN_POINT('',(-0.3,-12.4,0.9));
#9934 = VECTOR('',#9935,1.);
#9935 = DIRECTION('',(-1.110223024625E-16,-1.,0.));
#9936 = ORIENTED_EDGE('',*,*,#9937,.F.);
#9937 = EDGE_CURVE('',#8267,#9930,#9938,.T.);
#9938 = LINE('',#9939,#9940);
#9939 = CARTESIAN_POINT('',(-0.3,-13.,8.2));
#9940 = VECTOR('',#9941,1.);
#9941 = DIRECTION('',(0.,-0.,-1.));
#9942 = ORIENTED_EDGE('',*,*,#8274,.F.);
#9943 = PLANE('',#9944);
#9944 = AXIS2_PLACEMENT_3D('',#9945,#9946,#9947);
#9945 = CARTESIAN_POINT('',(-0.3,-12.4,8.2));
#9946 = DIRECTION('',(-1.,1.110223024625E-16,0.));
#9947 = DIRECTION('',(-1.110223024625E-16,-1.,0.));
#9948 = ADVANCED_FACE('',(#9949),#9992,.F.);
#9949 = FACE_BOUND('',#9950,.F.);
#9950 = EDGE_LOOP('',(#9951,#9952,#9953,#9961,#9969,#9977,#9985,#9991));
#9951 = ORIENTED_EDGE('',*,*,#8291,.F.);
#9952 = ORIENTED_EDGE('',*,*,#9937,.T.);
#9953 = ORIENTED_EDGE('',*,*,#9954,.T.);
#9954 = EDGE_CURVE('',#9930,#9955,#9957,.T.);
#9955 = VERTEX_POINT('',#9956);
#9956 = CARTESIAN_POINT('',(-0.1,-13.,0.9));
#9957 = LINE('',#9958,#9959);
#9958 = CARTESIAN_POINT('',(-0.3,-13.,0.9));
#9959 = VECTOR('',#9960,1.);
#9960 = DIRECTION('',(1.,-1.110223024625E-16,0.));
#9961 = ORIENTED_EDGE('',*,*,#9962,.F.);
#9962 = EDGE_CURVE('',#9963,#9955,#9965,.T.);
#9963 = VERTEX_POINT('',#9964);
#9964 = CARTESIAN_POINT('',(-0.1,-13.,7.4));
#9965 = LINE('',#9966,#9967);
#9966 = CARTESIAN_POINT('',(-0.1,-13.,6.055738799212));
#9967 = VECTOR('',#9968,1.);
#9968 = DIRECTION('',(-0.,0.,-1.));
#9969 = ORIENTED_EDGE('',*,*,#9970,.T.);
#9970 = EDGE_CURVE('',#9963,#9971,#9973,.T.);
#9971 = VERTEX_POINT('',#9972);
#9972 = CARTESIAN_POINT('',(0.1,-13.,7.4));
#9973 = LINE('',#9974,#9975);
#9974 = CARTESIAN_POINT('',(-0.1,-13.,7.4));
#9975 = VECTOR('',#9976,1.);
#9976 = DIRECTION('',(1.,-1.110223024625E-16,0.));
#9977 = ORIENTED_EDGE('',*,*,#9978,.T.);
#9978 = EDGE_CURVE('',#9971,#9979,#9981,.T.);
#9979 = VERTEX_POINT('',#9980);
#9980 = CARTESIAN_POINT('',(0.1,-13.,0.9));
#9981 = LINE('',#9982,#9983);
#9982 = CARTESIAN_POINT('',(0.1,-13.,6.055738799212));
#9983 = VECTOR('',#9984,1.);
#9984 = DIRECTION('',(-0.,0.,-1.));
#9985 = ORIENTED_EDGE('',*,*,#9986,.T.);
#9986 = EDGE_CURVE('',#9979,#9842,#9987,.T.);
#9987 = LINE('',#9988,#9989);
#9988 = CARTESIAN_POINT('',(-0.3,-13.,0.9));
#9989 = VECTOR('',#9990,1.);
#9990 = DIRECTION('',(1.,-1.110223024625E-16,0.));
#9991 = ORIENTED_EDGE('',*,*,#9841,.F.);
#9992 = PLANE('',#9993);
#9993 = AXIS2_PLACEMENT_3D('',#9994,#9995,#9996);
#9994 = CARTESIAN_POINT('',(-0.3,-13.,8.2));
#9995 = DIRECTION('',(-1.110223024625E-16,-1.,0.));
#9996 = DIRECTION('',(1.,-1.110223024625E-16,0.));
#9997 = ADVANCED_FACE('',(#9998),#10023,.F.);
#9998 = FACE_BOUND('',#9999,.F.);
#9999 = EDGE_LOOP('',(#10000,#10008,#10016,#10022));
#10000 = ORIENTED_EDGE('',*,*,#10001,.T.);
#10001 = EDGE_CURVE('',#8306,#10002,#10004,.T.);
#10002 = VERTEX_POINT('',#10003);
#10003 = CARTESIAN_POINT('',(0.3,-10.46,0.9));
#10004 = LINE('',#10005,#10006);
#10005 = CARTESIAN_POINT('',(0.3,-10.46,8.2));
#10006 = VECTOR('',#10007,1.);
#10007 = DIRECTION('',(0.,-0.,-1.));
#10008 = ORIENTED_EDGE('',*,*,#10009,.T.);
#10009 = EDGE_CURVE('',#10002,#10010,#10012,.T.);
#10010 = VERTEX_POINT('',#10011);
#10011 = CARTESIAN_POINT('',(0.3,-9.86,0.9));
#10012 = LINE('',#10013,#10014);
#10013 = CARTESIAN_POINT('',(0.3,-10.46,0.9));
#10014 = VECTOR('',#10015,1.);
#10015 = DIRECTION('',(1.110223024625E-16,1.,0.));
#10016 = ORIENTED_EDGE('',*,*,#10017,.F.);
#10017 = EDGE_CURVE('',#8315,#10010,#10018,.T.);
#10018 = LINE('',#10019,#10020);
#10019 = CARTESIAN_POINT('',(0.3,-9.86,8.2));
#10020 = VECTOR('',#10021,1.);
#10021 = DIRECTION('',(0.,-0.,-1.));
#10022 = ORIENTED_EDGE('',*,*,#8322,.F.);
#10023 = PLANE('',#10024);
#10024 = AXIS2_PLACEMENT_3D('',#10025,#10026,#10027);
#10025 = CARTESIAN_POINT('',(0.3,-10.46,8.2));
#10026 = DIRECTION('',(1.,-1.110223024625E-16,0.));
#10027 = DIRECTION('',(1.110223024625E-16,1.,0.));
#10028 = ADVANCED_FACE('',(#10029),#10079,.F.);
#10029 = FACE_BOUND('',#10030,.F.);
#10030 = EDGE_LOOP('',(#10031,#10032,#10033,#10041,#10049,#10057,#10065,
    #10073));
#10031 = ORIENTED_EDGE('',*,*,#8346,.F.);
#10032 = ORIENTED_EDGE('',*,*,#10017,.T.);
#10033 = ORIENTED_EDGE('',*,*,#10034,.T.);
#10034 = EDGE_CURVE('',#10010,#10035,#10037,.T.);
#10035 = VERTEX_POINT('',#10036);
#10036 = CARTESIAN_POINT('',(0.1,-9.86,0.9));
#10037 = LINE('',#10038,#10039);
#10038 = CARTESIAN_POINT('',(0.3,-9.86,0.9));
#10039 = VECTOR('',#10040,1.);
#10040 = DIRECTION('',(-1.,1.110223024625E-16,0.));
#10041 = ORIENTED_EDGE('',*,*,#10042,.T.);
#10042 = EDGE_CURVE('',#10035,#10043,#10045,.T.);
#10043 = VERTEX_POINT('',#10044);
#10044 = CARTESIAN_POINT('',(0.1,-9.86,7.4));
#10045 = LINE('',#10046,#10047);
#10046 = CARTESIAN_POINT('',(0.1,-9.86,6.055738799212));
#10047 = VECTOR('',#10048,1.);
#10048 = DIRECTION('',(0.,-0.,1.));
#10049 = ORIENTED_EDGE('',*,*,#10050,.F.);
#10050 = EDGE_CURVE('',#10051,#10043,#10053,.T.);
#10051 = VERTEX_POINT('',#10052);
#10052 = CARTESIAN_POINT('',(-0.1,-9.86,7.4));
#10053 = LINE('',#10054,#10055);
#10054 = CARTESIAN_POINT('',(-0.1,-9.86,7.4));
#10055 = VECTOR('',#10056,1.);
#10056 = DIRECTION('',(1.,-1.110223024625E-16,0.));
#10057 = ORIENTED_EDGE('',*,*,#10058,.F.);
#10058 = EDGE_CURVE('',#10059,#10051,#10061,.T.);
#10059 = VERTEX_POINT('',#10060);
#10060 = CARTESIAN_POINT('',(-0.1,-9.86,0.9));
#10061 = LINE('',#10062,#10063);
#10062 = CARTESIAN_POINT('',(-0.1,-9.86,6.055738799212));
#10063 = VECTOR('',#10064,1.);
#10064 = DIRECTION('',(0.,-0.,1.));
#10065 = ORIENTED_EDGE('',*,*,#10066,.T.);
#10066 = EDGE_CURVE('',#10059,#10067,#10069,.T.);
#10067 = VERTEX_POINT('',#10068);
#10068 = CARTESIAN_POINT('',(-0.3,-9.86,0.9));
#10069 = LINE('',#10070,#10071);
#10070 = CARTESIAN_POINT('',(0.3,-9.86,0.9));
#10071 = VECTOR('',#10072,1.);
#10072 = DIRECTION('',(-1.,1.110223024625E-16,0.));
#10073 = ORIENTED_EDGE('',*,*,#10074,.F.);
#10074 = EDGE_CURVE('',#8339,#10067,#10075,.T.);
#10075 = LINE('',#10076,#10077);
#10076 = CARTESIAN_POINT('',(-0.3,-9.86,8.2));
#10077 = VECTOR('',#10078,1.);
#10078 = DIRECTION('',(0.,-0.,-1.));
#10079 = PLANE('',#10080);
#10080 = AXIS2_PLACEMENT_3D('',#10081,#10082,#10083);
#10081 = CARTESIAN_POINT('',(0.3,-9.86,8.2));
#10082 = DIRECTION('',(1.110223024625E-16,1.,0.));
#10083 = DIRECTION('',(-1.,1.110223024625E-16,0.));
#10084 = ADVANCED_FACE('',(#10085),#10103,.F.);
#10085 = FACE_BOUND('',#10086,.F.);
#10086 = EDGE_LOOP('',(#10087,#10088,#10096,#10102));
#10087 = ORIENTED_EDGE('',*,*,#10074,.T.);
#10088 = ORIENTED_EDGE('',*,*,#10089,.T.);
#10089 = EDGE_CURVE('',#10067,#10090,#10092,.T.);
#10090 = VERTEX_POINT('',#10091);
#10091 = CARTESIAN_POINT('',(-0.3,-10.46,0.9));
#10092 = LINE('',#10093,#10094);
#10093 = CARTESIAN_POINT('',(-0.3,-9.86,0.9));
#10094 = VECTOR('',#10095,1.);
#10095 = DIRECTION('',(-1.110223024625E-16,-1.,0.));
#10096 = ORIENTED_EDGE('',*,*,#10097,.F.);
#10097 = EDGE_CURVE('',#8363,#10090,#10098,.T.);
#10098 = LINE('',#10099,#10100);
#10099 = CARTESIAN_POINT('',(-0.3,-10.46,8.2));
#10100 = VECTOR('',#10101,1.);
#10101 = DIRECTION('',(0.,-0.,-1.));
#10102 = ORIENTED_EDGE('',*,*,#8370,.F.);
#10103 = PLANE('',#10104);
#10104 = AXIS2_PLACEMENT_3D('',#10105,#10106,#10107);
#10105 = CARTESIAN_POINT('',(-0.3,-9.86,8.2));
#10106 = DIRECTION('',(-1.,1.110223024625E-16,0.));
#10107 = DIRECTION('',(-1.110223024625E-16,-1.,0.));
#10108 = ADVANCED_FACE('',(#10109),#10152,.F.);
#10109 = FACE_BOUND('',#10110,.F.);
#10110 = EDGE_LOOP('',(#10111,#10112,#10113,#10121,#10129,#10137,#10145,
    #10151));
#10111 = ORIENTED_EDGE('',*,*,#8387,.F.);
#10112 = ORIENTED_EDGE('',*,*,#10097,.T.);
#10113 = ORIENTED_EDGE('',*,*,#10114,.T.);
#10114 = EDGE_CURVE('',#10090,#10115,#10117,.T.);
#10115 = VERTEX_POINT('',#10116);
#10116 = CARTESIAN_POINT('',(-0.1,-10.46,0.9));
#10117 = LINE('',#10118,#10119);
#10118 = CARTESIAN_POINT('',(-0.3,-10.46,0.9));
#10119 = VECTOR('',#10120,1.);
#10120 = DIRECTION('',(1.,-1.110223024625E-16,0.));
#10121 = ORIENTED_EDGE('',*,*,#10122,.F.);
#10122 = EDGE_CURVE('',#10123,#10115,#10125,.T.);
#10123 = VERTEX_POINT('',#10124);
#10124 = CARTESIAN_POINT('',(-0.1,-10.46,7.4));
#10125 = LINE('',#10126,#10127);
#10126 = CARTESIAN_POINT('',(-0.1,-10.46,6.055738799212));
#10127 = VECTOR('',#10128,1.);
#10128 = DIRECTION('',(-0.,0.,-1.));
#10129 = ORIENTED_EDGE('',*,*,#10130,.T.);
#10130 = EDGE_CURVE('',#10123,#10131,#10133,.T.);
#10131 = VERTEX_POINT('',#10132);
#10132 = CARTESIAN_POINT('',(0.1,-10.46,7.4));
#10133 = LINE('',#10134,#10135);
#10134 = CARTESIAN_POINT('',(-0.1,-10.46,7.4));
#10135 = VECTOR('',#10136,1.);
#10136 = DIRECTION('',(1.,-1.110223024625E-16,0.));
#10137 = ORIENTED_EDGE('',*,*,#10138,.T.);
#10138 = EDGE_CURVE('',#10131,#10139,#10141,.T.);
#10139 = VERTEX_POINT('',#10140);
#10140 = CARTESIAN_POINT('',(0.1,-10.46,0.9));
#10141 = LINE('',#10142,#10143);
#10142 = CARTESIAN_POINT('',(0.1,-10.46,6.055738799212));
#10143 = VECTOR('',#10144,1.);
#10144 = DIRECTION('',(-0.,0.,-1.));
#10145 = ORIENTED_EDGE('',*,*,#10146,.T.);
#10146 = EDGE_CURVE('',#10139,#10002,#10147,.T.);
#10147 = LINE('',#10148,#10149);
#10148 = CARTESIAN_POINT('',(-0.3,-10.46,0.9));
#10149 = VECTOR('',#10150,1.);
#10150 = DIRECTION('',(1.,-1.110223024625E-16,0.));
#10151 = ORIENTED_EDGE('',*,*,#10001,.F.);
#10152 = PLANE('',#10153);
#10153 = AXIS2_PLACEMENT_3D('',#10154,#10155,#10156);
#10154 = CARTESIAN_POINT('',(-0.3,-10.46,8.2));
#10155 = DIRECTION('',(-1.110223024625E-16,-1.,0.));
#10156 = DIRECTION('',(1.,-1.110223024625E-16,0.));
#10157 = ADVANCED_FACE('',(#10158),#10183,.F.);
#10158 = FACE_BOUND('',#10159,.F.);
#10159 = EDGE_LOOP('',(#10160,#10168,#10176,#10182));
#10160 = ORIENTED_EDGE('',*,*,#10161,.T.);
#10161 = EDGE_CURVE('',#8402,#10162,#10164,.T.);
#10162 = VERTEX_POINT('',#10163);
#10163 = CARTESIAN_POINT('',(0.3,-7.92,0.9));
#10164 = LINE('',#10165,#10166);
#10165 = CARTESIAN_POINT('',(0.3,-7.92,8.2));
#10166 = VECTOR('',#10167,1.);
#10167 = DIRECTION('',(0.,-0.,-1.));
#10168 = ORIENTED_EDGE('',*,*,#10169,.T.);
#10169 = EDGE_CURVE('',#10162,#10170,#10172,.T.);
#10170 = VERTEX_POINT('',#10171);
#10171 = CARTESIAN_POINT('',(0.3,-7.32,0.9));
#10172 = LINE('',#10173,#10174);
#10173 = CARTESIAN_POINT('',(0.3,-7.92,0.9));
#10174 = VECTOR('',#10175,1.);
#10175 = DIRECTION('',(1.110223024625E-16,1.,0.));
#10176 = ORIENTED_EDGE('',*,*,#10177,.F.);
#10177 = EDGE_CURVE('',#8411,#10170,#10178,.T.);
#10178 = LINE('',#10179,#10180);
#10179 = CARTESIAN_POINT('',(0.3,-7.32,8.2));
#10180 = VECTOR('',#10181,1.);
#10181 = DIRECTION('',(0.,-0.,-1.));
#10182 = ORIENTED_EDGE('',*,*,#8418,.F.);
#10183 = PLANE('',#10184);
#10184 = AXIS2_PLACEMENT_3D('',#10185,#10186,#10187);
#10185 = CARTESIAN_POINT('',(0.3,-7.92,8.2));
#10186 = DIRECTION('',(1.,-1.110223024625E-16,0.));
#10187 = DIRECTION('',(1.110223024625E-16,1.,0.));
#10188 = ADVANCED_FACE('',(#10189),#10239,.F.);
#10189 = FACE_BOUND('',#10190,.F.);
#10190 = EDGE_LOOP('',(#10191,#10192,#10193,#10201,#10209,#10217,#10225,
    #10233));
#10191 = ORIENTED_EDGE('',*,*,#8442,.F.);
#10192 = ORIENTED_EDGE('',*,*,#10177,.T.);
#10193 = ORIENTED_EDGE('',*,*,#10194,.T.);
#10194 = EDGE_CURVE('',#10170,#10195,#10197,.T.);
#10195 = VERTEX_POINT('',#10196);
#10196 = CARTESIAN_POINT('',(0.1,-7.32,0.9));
#10197 = LINE('',#10198,#10199);
#10198 = CARTESIAN_POINT('',(0.3,-7.32,0.9));
#10199 = VECTOR('',#10200,1.);
#10200 = DIRECTION('',(-1.,1.110223024625E-16,0.));
#10201 = ORIENTED_EDGE('',*,*,#10202,.T.);
#10202 = EDGE_CURVE('',#10195,#10203,#10205,.T.);
#10203 = VERTEX_POINT('',#10204);
#10204 = CARTESIAN_POINT('',(0.1,-7.32,7.4));
#10205 = LINE('',#10206,#10207);
#10206 = CARTESIAN_POINT('',(0.1,-7.32,6.055738799212));
#10207 = VECTOR('',#10208,1.);
#10208 = DIRECTION('',(0.,-0.,1.));
#10209 = ORIENTED_EDGE('',*,*,#10210,.F.);
#10210 = EDGE_CURVE('',#10211,#10203,#10213,.T.);
#10211 = VERTEX_POINT('',#10212);
#10212 = CARTESIAN_POINT('',(-0.1,-7.32,7.4));
#10213 = LINE('',#10214,#10215);
#10214 = CARTESIAN_POINT('',(-0.1,-7.32,7.4));
#10215 = VECTOR('',#10216,1.);
#10216 = DIRECTION('',(1.,-1.110223024625E-16,0.));
#10217 = ORIENTED_EDGE('',*,*,#10218,.F.);
#10218 = EDGE_CURVE('',#10219,#10211,#10221,.T.);
#10219 = VERTEX_POINT('',#10220);
#10220 = CARTESIAN_POINT('',(-0.1,-7.32,0.9));
#10221 = LINE('',#10222,#10223);
#10222 = CARTESIAN_POINT('',(-0.1,-7.32,6.055738799212));
#10223 = VECTOR('',#10224,1.);
#10224 = DIRECTION('',(0.,-0.,1.));
#10225 = ORIENTED_EDGE('',*,*,#10226,.T.);
#10226 = EDGE_CURVE('',#10219,#10227,#10229,.T.);
#10227 = VERTEX_POINT('',#10228);
#10228 = CARTESIAN_POINT('',(-0.3,-7.32,0.9));
#10229 = LINE('',#10230,#10231);
#10230 = CARTESIAN_POINT('',(0.3,-7.32,0.9));
#10231 = VECTOR('',#10232,1.);
#10232 = DIRECTION('',(-1.,1.110223024625E-16,0.));
#10233 = ORIENTED_EDGE('',*,*,#10234,.F.);
#10234 = EDGE_CURVE('',#8435,#10227,#10235,.T.);
#10235 = LINE('',#10236,#10237);
#10236 = CARTESIAN_POINT('',(-0.3,-7.32,8.2));
#10237 = VECTOR('',#10238,1.);
#10238 = DIRECTION('',(0.,-0.,-1.));
#10239 = PLANE('',#10240);
#10240 = AXIS2_PLACEMENT_3D('',#10241,#10242,#10243);
#10241 = CARTESIAN_POINT('',(0.3,-7.32,8.2));
#10242 = DIRECTION('',(1.110223024625E-16,1.,0.));
#10243 = DIRECTION('',(-1.,1.110223024625E-16,0.));
#10244 = ADVANCED_FACE('',(#10245),#10263,.F.);
#10245 = FACE_BOUND('',#10246,.F.);
#10246 = EDGE_LOOP('',(#10247,#10248,#10256,#10262));
#10247 = ORIENTED_EDGE('',*,*,#10234,.T.);
#10248 = ORIENTED_EDGE('',*,*,#10249,.T.);
#10249 = EDGE_CURVE('',#10227,#10250,#10252,.T.);
#10250 = VERTEX_POINT('',#10251);
#10251 = CARTESIAN_POINT('',(-0.3,-7.92,0.9));
#10252 = LINE('',#10253,#10254);
#10253 = CARTESIAN_POINT('',(-0.3,-7.32,0.9));
#10254 = VECTOR('',#10255,1.);
#10255 = DIRECTION('',(-1.110223024625E-16,-1.,0.));
#10256 = ORIENTED_EDGE('',*,*,#10257,.F.);
#10257 = EDGE_CURVE('',#8459,#10250,#10258,.T.);
#10258 = LINE('',#10259,#10260);
#10259 = CARTESIAN_POINT('',(-0.3,-7.92,8.2));
#10260 = VECTOR('',#10261,1.);
#10261 = DIRECTION('',(0.,-0.,-1.));
#10262 = ORIENTED_EDGE('',*,*,#8466,.F.);
#10263 = PLANE('',#10264);
#10264 = AXIS2_PLACEMENT_3D('',#10265,#10266,#10267);
#10265 = CARTESIAN_POINT('',(-0.3,-7.32,8.2));
#10266 = DIRECTION('',(-1.,1.110223024625E-16,0.));
#10267 = DIRECTION('',(-1.110223024625E-16,-1.,0.));
#10268 = ADVANCED_FACE('',(#10269),#10312,.F.);
#10269 = FACE_BOUND('',#10270,.F.);
#10270 = EDGE_LOOP('',(#10271,#10272,#10273,#10281,#10289,#10297,#10305,
    #10311));
#10271 = ORIENTED_EDGE('',*,*,#8483,.F.);
#10272 = ORIENTED_EDGE('',*,*,#10257,.T.);
#10273 = ORIENTED_EDGE('',*,*,#10274,.T.);
#10274 = EDGE_CURVE('',#10250,#10275,#10277,.T.);
#10275 = VERTEX_POINT('',#10276);
#10276 = CARTESIAN_POINT('',(-0.1,-7.92,0.9));
#10277 = LINE('',#10278,#10279);
#10278 = CARTESIAN_POINT('',(-0.3,-7.92,0.9));
#10279 = VECTOR('',#10280,1.);
#10280 = DIRECTION('',(1.,-1.110223024625E-16,0.));
#10281 = ORIENTED_EDGE('',*,*,#10282,.F.);
#10282 = EDGE_CURVE('',#10283,#10275,#10285,.T.);
#10283 = VERTEX_POINT('',#10284);
#10284 = CARTESIAN_POINT('',(-0.1,-7.92,7.4));
#10285 = LINE('',#10286,#10287);
#10286 = CARTESIAN_POINT('',(-0.1,-7.92,6.055738799212));
#10287 = VECTOR('',#10288,1.);
#10288 = DIRECTION('',(-0.,0.,-1.));
#10289 = ORIENTED_EDGE('',*,*,#10290,.T.);
#10290 = EDGE_CURVE('',#10283,#10291,#10293,.T.);
#10291 = VERTEX_POINT('',#10292);
#10292 = CARTESIAN_POINT('',(0.1,-7.92,7.4));
#10293 = LINE('',#10294,#10295);
#10294 = CARTESIAN_POINT('',(-0.1,-7.92,7.4));
#10295 = VECTOR('',#10296,1.);
#10296 = DIRECTION('',(1.,-1.110223024625E-16,0.));
#10297 = ORIENTED_EDGE('',*,*,#10298,.T.);
#10298 = EDGE_CURVE('',#10291,#10299,#10301,.T.);
#10299 = VERTEX_POINT('',#10300);
#10300 = CARTESIAN_POINT('',(0.1,-7.92,0.9));
#10301 = LINE('',#10302,#10303);
#10302 = CARTESIAN_POINT('',(0.1,-7.92,6.055738799212));
#10303 = VECTOR('',#10304,1.);
#10304 = DIRECTION('',(-0.,0.,-1.));
#10305 = ORIENTED_EDGE('',*,*,#10306,.T.);
#10306 = EDGE_CURVE('',#10299,#10162,#10307,.T.);
#10307 = LINE('',#10308,#10309);
#10308 = CARTESIAN_POINT('',(-0.3,-7.92,0.9));
#10309 = VECTOR('',#10310,1.);
#10310 = DIRECTION('',(1.,-1.110223024625E-16,0.));
#10311 = ORIENTED_EDGE('',*,*,#10161,.F.);
#10312 = PLANE('',#10313);
#10313 = AXIS2_PLACEMENT_3D('',#10314,#10315,#10316);
#10314 = CARTESIAN_POINT('',(-0.3,-7.92,8.2));
#10315 = DIRECTION('',(-1.110223024625E-16,-1.,0.));
#10316 = DIRECTION('',(1.,-1.110223024625E-16,0.));
#10317 = ADVANCED_FACE('',(#10318),#10343,.F.);
#10318 = FACE_BOUND('',#10319,.F.);
#10319 = EDGE_LOOP('',(#10320,#10328,#10336,#10342));
#10320 = ORIENTED_EDGE('',*,*,#10321,.T.);
#10321 = EDGE_CURVE('',#8498,#10322,#10324,.T.);
#10322 = VERTEX_POINT('',#10323);
#10323 = CARTESIAN_POINT('',(0.3,-5.38,0.9));
#10324 = LINE('',#10325,#10326);
#10325 = CARTESIAN_POINT('',(0.3,-5.38,8.2));
#10326 = VECTOR('',#10327,1.);
#10327 = DIRECTION('',(0.,-0.,-1.));
#10328 = ORIENTED_EDGE('',*,*,#10329,.T.);
#10329 = EDGE_CURVE('',#10322,#10330,#10332,.T.);
#10330 = VERTEX_POINT('',#10331);
#10331 = CARTESIAN_POINT('',(0.3,-4.78,0.9));
#10332 = LINE('',#10333,#10334);
#10333 = CARTESIAN_POINT('',(0.3,-5.38,0.9));
#10334 = VECTOR('',#10335,1.);
#10335 = DIRECTION('',(1.110223024625E-16,1.,0.));
#10336 = ORIENTED_EDGE('',*,*,#10337,.F.);
#10337 = EDGE_CURVE('',#8507,#10330,#10338,.T.);
#10338 = LINE('',#10339,#10340);
#10339 = CARTESIAN_POINT('',(0.3,-4.78,8.2));
#10340 = VECTOR('',#10341,1.);
#10341 = DIRECTION('',(0.,-0.,-1.));
#10342 = ORIENTED_EDGE('',*,*,#8514,.F.);
#10343 = PLANE('',#10344);
#10344 = AXIS2_PLACEMENT_3D('',#10345,#10346,#10347);
#10345 = CARTESIAN_POINT('',(0.3,-5.38,8.2));
#10346 = DIRECTION('',(1.,-1.110223024625E-16,0.));
#10347 = DIRECTION('',(1.110223024625E-16,1.,0.));
#10348 = ADVANCED_FACE('',(#10349),#10399,.F.);
#10349 = FACE_BOUND('',#10350,.F.);
#10350 = EDGE_LOOP('',(#10351,#10352,#10353,#10361,#10369,#10377,#10385,
    #10393));
#10351 = ORIENTED_EDGE('',*,*,#8538,.F.);
#10352 = ORIENTED_EDGE('',*,*,#10337,.T.);
#10353 = ORIENTED_EDGE('',*,*,#10354,.T.);
#10354 = EDGE_CURVE('',#10330,#10355,#10357,.T.);
#10355 = VERTEX_POINT('',#10356);
#10356 = CARTESIAN_POINT('',(0.1,-4.78,0.9));
#10357 = LINE('',#10358,#10359);
#10358 = CARTESIAN_POINT('',(0.3,-4.78,0.9));
#10359 = VECTOR('',#10360,1.);
#10360 = DIRECTION('',(-1.,1.110223024625E-16,0.));
#10361 = ORIENTED_EDGE('',*,*,#10362,.T.);
#10362 = EDGE_CURVE('',#10355,#10363,#10365,.T.);
#10363 = VERTEX_POINT('',#10364);
#10364 = CARTESIAN_POINT('',(0.1,-4.78,7.4));
#10365 = LINE('',#10366,#10367);
#10366 = CARTESIAN_POINT('',(0.1,-4.78,6.055738799212));
#10367 = VECTOR('',#10368,1.);
#10368 = DIRECTION('',(0.,-0.,1.));
#10369 = ORIENTED_EDGE('',*,*,#10370,.F.);
#10370 = EDGE_CURVE('',#10371,#10363,#10373,.T.);
#10371 = VERTEX_POINT('',#10372);
#10372 = CARTESIAN_POINT('',(-0.1,-4.78,7.4));
#10373 = LINE('',#10374,#10375);
#10374 = CARTESIAN_POINT('',(-0.1,-4.78,7.4));
#10375 = VECTOR('',#10376,1.);
#10376 = DIRECTION('',(1.,-1.110223024625E-16,0.));
#10377 = ORIENTED_EDGE('',*,*,#10378,.F.);
#10378 = EDGE_CURVE('',#10379,#10371,#10381,.T.);
#10379 = VERTEX_POINT('',#10380);
#10380 = CARTESIAN_POINT('',(-0.1,-4.78,0.9));
#10381 = LINE('',#10382,#10383);
#10382 = CARTESIAN_POINT('',(-0.1,-4.78,6.055738799212));
#10383 = VECTOR('',#10384,1.);
#10384 = DIRECTION('',(0.,-0.,1.));
#10385 = ORIENTED_EDGE('',*,*,#10386,.T.);
#10386 = EDGE_CURVE('',#10379,#10387,#10389,.T.);
#10387 = VERTEX_POINT('',#10388);
#10388 = CARTESIAN_POINT('',(-0.3,-4.78,0.9));
#10389 = LINE('',#10390,#10391);
#10390 = CARTESIAN_POINT('',(0.3,-4.78,0.9));
#10391 = VECTOR('',#10392,1.);
#10392 = DIRECTION('',(-1.,1.110223024625E-16,0.));
#10393 = ORIENTED_EDGE('',*,*,#10394,.F.);
#10394 = EDGE_CURVE('',#8531,#10387,#10395,.T.);
#10395 = LINE('',#10396,#10397);
#10396 = CARTESIAN_POINT('',(-0.3,-4.78,8.2));
#10397 = VECTOR('',#10398,1.);
#10398 = DIRECTION('',(0.,-0.,-1.));
#10399 = PLANE('',#10400);
#10400 = AXIS2_PLACEMENT_3D('',#10401,#10402,#10403);
#10401 = CARTESIAN_POINT('',(0.3,-4.78,8.2));
#10402 = DIRECTION('',(1.110223024625E-16,1.,0.));
#10403 = DIRECTION('',(-1.,1.110223024625E-16,0.));
#10404 = ADVANCED_FACE('',(#10405),#10423,.F.);
#10405 = FACE_BOUND('',#10406,.F.);
#10406 = EDGE_LOOP('',(#10407,#10408,#10416,#10422));
#10407 = ORIENTED_EDGE('',*,*,#10394,.T.);
#10408 = ORIENTED_EDGE('',*,*,#10409,.T.);
#10409 = EDGE_CURVE('',#10387,#10410,#10412,.T.);
#10410 = VERTEX_POINT('',#10411);
#10411 = CARTESIAN_POINT('',(-0.3,-5.38,0.9));
#10412 = LINE('',#10413,#10414);
#10413 = CARTESIAN_POINT('',(-0.3,-4.78,0.9));
#10414 = VECTOR('',#10415,1.);
#10415 = DIRECTION('',(-1.110223024625E-16,-1.,0.));
#10416 = ORIENTED_EDGE('',*,*,#10417,.F.);
#10417 = EDGE_CURVE('',#8555,#10410,#10418,.T.);
#10418 = LINE('',#10419,#10420);
#10419 = CARTESIAN_POINT('',(-0.3,-5.38,8.2));
#10420 = VECTOR('',#10421,1.);
#10421 = DIRECTION('',(0.,-0.,-1.));
#10422 = ORIENTED_EDGE('',*,*,#8562,.F.);
#10423 = PLANE('',#10424);
#10424 = AXIS2_PLACEMENT_3D('',#10425,#10426,#10427);
#10425 = CARTESIAN_POINT('',(-0.3,-4.78,8.2));
#10426 = DIRECTION('',(-1.,1.110223024625E-16,0.));
#10427 = DIRECTION('',(-1.110223024625E-16,-1.,0.));
#10428 = ADVANCED_FACE('',(#10429),#10472,.F.);
#10429 = FACE_BOUND('',#10430,.F.);
#10430 = EDGE_LOOP('',(#10431,#10432,#10433,#10441,#10449,#10457,#10465,
    #10471));
#10431 = ORIENTED_EDGE('',*,*,#8579,.F.);
#10432 = ORIENTED_EDGE('',*,*,#10417,.T.);
#10433 = ORIENTED_EDGE('',*,*,#10434,.T.);
#10434 = EDGE_CURVE('',#10410,#10435,#10437,.T.);
#10435 = VERTEX_POINT('',#10436);
#10436 = CARTESIAN_POINT('',(-0.1,-5.38,0.9));
#10437 = LINE('',#10438,#10439);
#10438 = CARTESIAN_POINT('',(-0.3,-5.38,0.9));
#10439 = VECTOR('',#10440,1.);
#10440 = DIRECTION('',(1.,-1.110223024625E-16,0.));
#10441 = ORIENTED_EDGE('',*,*,#10442,.F.);
#10442 = EDGE_CURVE('',#10443,#10435,#10445,.T.);
#10443 = VERTEX_POINT('',#10444);
#10444 = CARTESIAN_POINT('',(-0.1,-5.38,7.4));
#10445 = LINE('',#10446,#10447);
#10446 = CARTESIAN_POINT('',(-0.1,-5.38,6.055738799212));
#10447 = VECTOR('',#10448,1.);
#10448 = DIRECTION('',(-0.,0.,-1.));
#10449 = ORIENTED_EDGE('',*,*,#10450,.T.);
#10450 = EDGE_CURVE('',#10443,#10451,#10453,.T.);
#10451 = VERTEX_POINT('',#10452);
#10452 = CARTESIAN_POINT('',(0.1,-5.38,7.4));
#10453 = LINE('',#10454,#10455);
#10454 = CARTESIAN_POINT('',(-0.1,-5.38,7.4));
#10455 = VECTOR('',#10456,1.);
#10456 = DIRECTION('',(1.,-1.110223024625E-16,0.));
#10457 = ORIENTED_EDGE('',*,*,#10458,.T.);
#10458 = EDGE_CURVE('',#10451,#10459,#10461,.T.);
#10459 = VERTEX_POINT('',#10460);
#10460 = CARTESIAN_POINT('',(0.1,-5.38,0.9));
#10461 = LINE('',#10462,#10463);
#10462 = CARTESIAN_POINT('',(0.1,-5.38,6.055738799212));
#10463 = VECTOR('',#10464,1.);
#10464 = DIRECTION('',(-0.,0.,-1.));
#10465 = ORIENTED_EDGE('',*,*,#10466,.T.);
#10466 = EDGE_CURVE('',#10459,#10322,#10467,.T.);
#10467 = LINE('',#10468,#10469);
#10468 = CARTESIAN_POINT('',(-0.3,-5.38,0.9));
#10469 = VECTOR('',#10470,1.);
#10470 = DIRECTION('',(1.,-1.110223024625E-16,0.));
#10471 = ORIENTED_EDGE('',*,*,#10321,.F.);
#10472 = PLANE('',#10473);
#10473 = AXIS2_PLACEMENT_3D('',#10474,#10475,#10476);
#10474 = CARTESIAN_POINT('',(-0.3,-5.38,8.2));
#10475 = DIRECTION('',(-1.110223024625E-16,-1.,0.));
#10476 = DIRECTION('',(1.,-1.110223024625E-16,0.));
#10477 = ADVANCED_FACE('',(#10478),#10503,.F.);
#10478 = FACE_BOUND('',#10479,.F.);
#10479 = EDGE_LOOP('',(#10480,#10488,#10496,#10502));
#10480 = ORIENTED_EDGE('',*,*,#10481,.T.);
#10481 = EDGE_CURVE('',#8594,#10482,#10484,.T.);
#10482 = VERTEX_POINT('',#10483);
#10483 = CARTESIAN_POINT('',(0.3,-2.84,0.9));
#10484 = LINE('',#10485,#10486);
#10485 = CARTESIAN_POINT('',(0.3,-2.84,8.2));
#10486 = VECTOR('',#10487,1.);
#10487 = DIRECTION('',(0.,-0.,-1.));
#10488 = ORIENTED_EDGE('',*,*,#10489,.T.);
#10489 = EDGE_CURVE('',#10482,#10490,#10492,.T.);
#10490 = VERTEX_POINT('',#10491);
#10491 = CARTESIAN_POINT('',(0.3,-2.24,0.9));
#10492 = LINE('',#10493,#10494);
#10493 = CARTESIAN_POINT('',(0.3,-2.84,0.9));
#10494 = VECTOR('',#10495,1.);
#10495 = DIRECTION('',(1.110223024625E-16,1.,0.));
#10496 = ORIENTED_EDGE('',*,*,#10497,.F.);
#10497 = EDGE_CURVE('',#8603,#10490,#10498,.T.);
#10498 = LINE('',#10499,#10500);
#10499 = CARTESIAN_POINT('',(0.3,-2.24,8.2));
#10500 = VECTOR('',#10501,1.);
#10501 = DIRECTION('',(0.,-0.,-1.));
#10502 = ORIENTED_EDGE('',*,*,#8610,.F.);
#10503 = PLANE('',#10504);
#10504 = AXIS2_PLACEMENT_3D('',#10505,#10506,#10507);
#10505 = CARTESIAN_POINT('',(0.3,-2.84,8.2));
#10506 = DIRECTION('',(1.,-1.110223024625E-16,0.));
#10507 = DIRECTION('',(1.110223024625E-16,1.,0.));
#10508 = ADVANCED_FACE('',(#10509),#10559,.F.);
#10509 = FACE_BOUND('',#10510,.F.);
#10510 = EDGE_LOOP('',(#10511,#10512,#10513,#10521,#10529,#10537,#10545,
    #10553));
#10511 = ORIENTED_EDGE('',*,*,#8634,.F.);
#10512 = ORIENTED_EDGE('',*,*,#10497,.T.);
#10513 = ORIENTED_EDGE('',*,*,#10514,.T.);
#10514 = EDGE_CURVE('',#10490,#10515,#10517,.T.);
#10515 = VERTEX_POINT('',#10516);
#10516 = CARTESIAN_POINT('',(0.1,-2.24,0.9));
#10517 = LINE('',#10518,#10519);
#10518 = CARTESIAN_POINT('',(0.3,-2.24,0.9));
#10519 = VECTOR('',#10520,1.);
#10520 = DIRECTION('',(-1.,1.110223024625E-16,0.));
#10521 = ORIENTED_EDGE('',*,*,#10522,.T.);
#10522 = EDGE_CURVE('',#10515,#10523,#10525,.T.);
#10523 = VERTEX_POINT('',#10524);
#10524 = CARTESIAN_POINT('',(0.1,-2.24,7.4));
#10525 = LINE('',#10526,#10527);
#10526 = CARTESIAN_POINT('',(0.1,-2.24,6.055738799212));
#10527 = VECTOR('',#10528,1.);
#10528 = DIRECTION('',(0.,-0.,1.));
#10529 = ORIENTED_EDGE('',*,*,#10530,.F.);
#10530 = EDGE_CURVE('',#10531,#10523,#10533,.T.);
#10531 = VERTEX_POINT('',#10532);
#10532 = CARTESIAN_POINT('',(-0.1,-2.24,7.4));
#10533 = LINE('',#10534,#10535);
#10534 = CARTESIAN_POINT('',(-0.1,-2.24,7.4));
#10535 = VECTOR('',#10536,1.);
#10536 = DIRECTION('',(1.,-1.110223024625E-16,0.));
#10537 = ORIENTED_EDGE('',*,*,#10538,.F.);
#10538 = EDGE_CURVE('',#10539,#10531,#10541,.T.);
#10539 = VERTEX_POINT('',#10540);
#10540 = CARTESIAN_POINT('',(-0.1,-2.24,0.9));
#10541 = LINE('',#10542,#10543);
#10542 = CARTESIAN_POINT('',(-0.1,-2.24,6.055738799212));
#10543 = VECTOR('',#10544,1.);
#10544 = DIRECTION('',(0.,-0.,1.));
#10545 = ORIENTED_EDGE('',*,*,#10546,.T.);
#10546 = EDGE_CURVE('',#10539,#10547,#10549,.T.);
#10547 = VERTEX_POINT('',#10548);
#10548 = CARTESIAN_POINT('',(-0.3,-2.24,0.9));
#10549 = LINE('',#10550,#10551);
#10550 = CARTESIAN_POINT('',(0.3,-2.24,0.9));
#10551 = VECTOR('',#10552,1.);
#10552 = DIRECTION('',(-1.,1.110223024625E-16,0.));
#10553 = ORIENTED_EDGE('',*,*,#10554,.F.);
#10554 = EDGE_CURVE('',#8627,#10547,#10555,.T.);
#10555 = LINE('',#10556,#10557);
#10556 = CARTESIAN_POINT('',(-0.3,-2.24,8.2));
#10557 = VECTOR('',#10558,1.);
#10558 = DIRECTION('',(0.,-0.,-1.));
#10559 = PLANE('',#10560);
#10560 = AXIS2_PLACEMENT_3D('',#10561,#10562,#10563);
#10561 = CARTESIAN_POINT('',(0.3,-2.24,8.2));
#10562 = DIRECTION('',(1.110223024625E-16,1.,0.));
#10563 = DIRECTION('',(-1.,1.110223024625E-16,0.));
#10564 = ADVANCED_FACE('',(#10565),#10583,.F.);
#10565 = FACE_BOUND('',#10566,.F.);
#10566 = EDGE_LOOP('',(#10567,#10568,#10576,#10582));
#10567 = ORIENTED_EDGE('',*,*,#10554,.T.);
#10568 = ORIENTED_EDGE('',*,*,#10569,.T.);
#10569 = EDGE_CURVE('',#10547,#10570,#10572,.T.);
#10570 = VERTEX_POINT('',#10571);
#10571 = CARTESIAN_POINT('',(-0.3,-2.84,0.9));
#10572 = LINE('',#10573,#10574);
#10573 = CARTESIAN_POINT('',(-0.3,-2.24,0.9));
#10574 = VECTOR('',#10575,1.);
#10575 = DIRECTION('',(-1.110223024625E-16,-1.,0.));
#10576 = ORIENTED_EDGE('',*,*,#10577,.F.);
#10577 = EDGE_CURVE('',#8651,#10570,#10578,.T.);
#10578 = LINE('',#10579,#10580);
#10579 = CARTESIAN_POINT('',(-0.3,-2.84,8.2));
#10580 = VECTOR('',#10581,1.);
#10581 = DIRECTION('',(0.,-0.,-1.));
#10582 = ORIENTED_EDGE('',*,*,#8658,.F.);
#10583 = PLANE('',#10584);
#10584 = AXIS2_PLACEMENT_3D('',#10585,#10586,#10587);
#10585 = CARTESIAN_POINT('',(-0.3,-2.24,8.2));
#10586 = DIRECTION('',(-1.,1.110223024625E-16,0.));
#10587 = DIRECTION('',(-1.110223024625E-16,-1.,0.));
#10588 = ADVANCED_FACE('',(#10589),#10632,.F.);
#10589 = FACE_BOUND('',#10590,.F.);
#10590 = EDGE_LOOP('',(#10591,#10592,#10593,#10601,#10609,#10617,#10625,
    #10631));
#10591 = ORIENTED_EDGE('',*,*,#8675,.F.);
#10592 = ORIENTED_EDGE('',*,*,#10577,.T.);
#10593 = ORIENTED_EDGE('',*,*,#10594,.T.);
#10594 = EDGE_CURVE('',#10570,#10595,#10597,.T.);
#10595 = VERTEX_POINT('',#10596);
#10596 = CARTESIAN_POINT('',(-0.1,-2.84,0.9));
#10597 = LINE('',#10598,#10599);
#10598 = CARTESIAN_POINT('',(-0.3,-2.84,0.9));
#10599 = VECTOR('',#10600,1.);
#10600 = DIRECTION('',(1.,-1.110223024625E-16,0.));
#10601 = ORIENTED_EDGE('',*,*,#10602,.F.);
#10602 = EDGE_CURVE('',#10603,#10595,#10605,.T.);
#10603 = VERTEX_POINT('',#10604);
#10604 = CARTESIAN_POINT('',(-0.1,-2.84,7.4));
#10605 = LINE('',#10606,#10607);
#10606 = CARTESIAN_POINT('',(-0.1,-2.84,6.055738799212));
#10607 = VECTOR('',#10608,1.);
#10608 = DIRECTION('',(-0.,0.,-1.));
#10609 = ORIENTED_EDGE('',*,*,#10610,.T.);
#10610 = EDGE_CURVE('',#10603,#10611,#10613,.T.);
#10611 = VERTEX_POINT('',#10612);
#10612 = CARTESIAN_POINT('',(0.1,-2.84,7.4));
#10613 = LINE('',#10614,#10615);
#10614 = CARTESIAN_POINT('',(-0.1,-2.84,7.4));
#10615 = VECTOR('',#10616,1.);
#10616 = DIRECTION('',(1.,-1.110223024625E-16,0.));
#10617 = ORIENTED_EDGE('',*,*,#10618,.T.);
#10618 = EDGE_CURVE('',#10611,#10619,#10621,.T.);
#10619 = VERTEX_POINT('',#10620);
#10620 = CARTESIAN_POINT('',(0.1,-2.84,0.9));
#10621 = LINE('',#10622,#10623);
#10622 = CARTESIAN_POINT('',(0.1,-2.84,6.055738799212));
#10623 = VECTOR('',#10624,1.);
#10624 = DIRECTION('',(-0.,0.,-1.));
#10625 = ORIENTED_EDGE('',*,*,#10626,.T.);
#10626 = EDGE_CURVE('',#10619,#10482,#10627,.T.);
#10627 = LINE('',#10628,#10629);
#10628 = CARTESIAN_POINT('',(-0.3,-2.84,0.9));
#10629 = VECTOR('',#10630,1.);
#10630 = DIRECTION('',(1.,-1.110223024625E-16,0.));
#10631 = ORIENTED_EDGE('',*,*,#10481,.F.);
#10632 = PLANE('',#10633);
#10633 = AXIS2_PLACEMENT_3D('',#10634,#10635,#10636);
#10634 = CARTESIAN_POINT('',(-0.3,-2.84,8.2));
#10635 = DIRECTION('',(-1.110223024625E-16,-1.,0.));
#10636 = DIRECTION('',(1.,-1.110223024625E-16,0.));
#10637 = ADVANCED_FACE('',(#10638),#10663,.F.);
#10638 = FACE_BOUND('',#10639,.F.);
#10639 = EDGE_LOOP('',(#10640,#10648,#10656,#10662));
#10640 = ORIENTED_EDGE('',*,*,#10641,.T.);
#10641 = EDGE_CURVE('',#8690,#10642,#10644,.T.);
#10642 = VERTEX_POINT('',#10643);
#10643 = CARTESIAN_POINT('',(0.3,-0.3,0.9));
#10644 = LINE('',#10645,#10646);
#10645 = CARTESIAN_POINT('',(0.3,-0.3,8.2));
#10646 = VECTOR('',#10647,1.);
#10647 = DIRECTION('',(0.,-0.,-1.));
#10648 = ORIENTED_EDGE('',*,*,#10649,.T.);
#10649 = EDGE_CURVE('',#10642,#10650,#10652,.T.);
#10650 = VERTEX_POINT('',#10651);
#10651 = CARTESIAN_POINT('',(0.3,0.3,0.9));
#10652 = LINE('',#10653,#10654);
#10653 = CARTESIAN_POINT('',(0.3,-0.3,0.9));
#10654 = VECTOR('',#10655,1.);
#10655 = DIRECTION('',(1.110223024625E-16,1.,0.));
#10656 = ORIENTED_EDGE('',*,*,#10657,.F.);
#10657 = EDGE_CURVE('',#8699,#10650,#10658,.T.);
#10658 = LINE('',#10659,#10660);
#10659 = CARTESIAN_POINT('',(0.3,0.3,8.2));
#10660 = VECTOR('',#10661,1.);
#10661 = DIRECTION('',(0.,-0.,-1.));
#10662 = ORIENTED_EDGE('',*,*,#8706,.F.);
#10663 = PLANE('',#10664);
#10664 = AXIS2_PLACEMENT_3D('',#10665,#10666,#10667);
#10665 = CARTESIAN_POINT('',(0.3,-0.3,8.2));
#10666 = DIRECTION('',(1.,-1.110223024625E-16,0.));
#10667 = DIRECTION('',(1.110223024625E-16,1.,0.));
#10668 = ADVANCED_FACE('',(#10669),#10719,.F.);
#10669 = FACE_BOUND('',#10670,.F.);
#10670 = EDGE_LOOP('',(#10671,#10672,#10673,#10681,#10689,#10697,#10705,
    #10713));
#10671 = ORIENTED_EDGE('',*,*,#8730,.F.);
#10672 = ORIENTED_EDGE('',*,*,#10657,.T.);
#10673 = ORIENTED_EDGE('',*,*,#10674,.T.);
#10674 = EDGE_CURVE('',#10650,#10675,#10677,.T.);
#10675 = VERTEX_POINT('',#10676);
#10676 = CARTESIAN_POINT('',(0.1,0.3,0.9));
#10677 = LINE('',#10678,#10679);
#10678 = CARTESIAN_POINT('',(0.3,0.3,0.9));
#10679 = VECTOR('',#10680,1.);
#10680 = DIRECTION('',(-1.,1.110223024625E-16,0.));
#10681 = ORIENTED_EDGE('',*,*,#10682,.T.);
#10682 = EDGE_CURVE('',#10675,#10683,#10685,.T.);
#10683 = VERTEX_POINT('',#10684);
#10684 = CARTESIAN_POINT('',(0.1,0.3,7.4));
#10685 = LINE('',#10686,#10687);
#10686 = CARTESIAN_POINT('',(0.1,0.3,6.055738799212));
#10687 = VECTOR('',#10688,1.);
#10688 = DIRECTION('',(0.,-0.,1.));
#10689 = ORIENTED_EDGE('',*,*,#10690,.F.);
#10690 = EDGE_CURVE('',#10691,#10683,#10693,.T.);
#10691 = VERTEX_POINT('',#10692);
#10692 = CARTESIAN_POINT('',(-0.1,0.3,7.4));
#10693 = LINE('',#10694,#10695);
#10694 = CARTESIAN_POINT('',(-0.1,0.3,7.4));
#10695 = VECTOR('',#10696,1.);
#10696 = DIRECTION('',(1.,-1.110223024625E-16,0.));
#10697 = ORIENTED_EDGE('',*,*,#10698,.F.);
#10698 = EDGE_CURVE('',#10699,#10691,#10701,.T.);
#10699 = VERTEX_POINT('',#10700);
#10700 = CARTESIAN_POINT('',(-0.1,0.3,0.9));
#10701 = LINE('',#10702,#10703);
#10702 = CARTESIAN_POINT('',(-0.1,0.3,6.055738799212));
#10703 = VECTOR('',#10704,1.);
#10704 = DIRECTION('',(0.,-0.,1.));
#10705 = ORIENTED_EDGE('',*,*,#10706,.T.);
#10706 = EDGE_CURVE('',#10699,#10707,#10709,.T.);
#10707 = VERTEX_POINT('',#10708);
#10708 = CARTESIAN_POINT('',(-0.3,0.3,0.9));
#10709 = LINE('',#10710,#10711);
#10710 = CARTESIAN_POINT('',(0.3,0.3,0.9));
#10711 = VECTOR('',#10712,1.);
#10712 = DIRECTION('',(-1.,1.110223024625E-16,0.));
#10713 = ORIENTED_EDGE('',*,*,#10714,.F.);
#10714 = EDGE_CURVE('',#8723,#10707,#10715,.T.);
#10715 = LINE('',#10716,#10717);
#10716 = CARTESIAN_POINT('',(-0.3,0.3,8.2));
#10717 = VECTOR('',#10718,1.);
#10718 = DIRECTION('',(0.,-0.,-1.));
#10719 = PLANE('',#10720);
#10720 = AXIS2_PLACEMENT_3D('',#10721,#10722,#10723);
#10721 = CARTESIAN_POINT('',(0.3,0.3,8.2));
#10722 = DIRECTION('',(1.110223024625E-16,1.,0.));
#10723 = DIRECTION('',(-1.,1.110223024625E-16,0.));
#10724 = ADVANCED_FACE('',(#10725),#10743,.F.);
#10725 = FACE_BOUND('',#10726,.F.);
#10726 = EDGE_LOOP('',(#10727,#10728,#10736,#10742));
#10727 = ORIENTED_EDGE('',*,*,#10714,.T.);
#10728 = ORIENTED_EDGE('',*,*,#10729,.T.);
#10729 = EDGE_CURVE('',#10707,#10730,#10732,.T.);
#10730 = VERTEX_POINT('',#10731);
#10731 = CARTESIAN_POINT('',(-0.3,-0.3,0.9));
#10732 = LINE('',#10733,#10734);
#10733 = CARTESIAN_POINT('',(-0.3,0.3,0.9));
#10734 = VECTOR('',#10735,1.);
#10735 = DIRECTION('',(-1.110223024625E-16,-1.,0.));
#10736 = ORIENTED_EDGE('',*,*,#10737,.F.);
#10737 = EDGE_CURVE('',#8747,#10730,#10738,.T.);
#10738 = LINE('',#10739,#10740);
#10739 = CARTESIAN_POINT('',(-0.3,-0.3,8.2));
#10740 = VECTOR('',#10741,1.);
#10741 = DIRECTION('',(0.,-0.,-1.));
#10742 = ORIENTED_EDGE('',*,*,#8754,.F.);
#10743 = PLANE('',#10744);
#10744 = AXIS2_PLACEMENT_3D('',#10745,#10746,#10747);
#10745 = CARTESIAN_POINT('',(-0.3,0.3,8.2));
#10746 = DIRECTION('',(-1.,1.110223024625E-16,0.));
#10747 = DIRECTION('',(-1.110223024625E-16,-1.,0.));
#10748 = ADVANCED_FACE('',(#10749),#10792,.F.);
#10749 = FACE_BOUND('',#10750,.F.);
#10750 = EDGE_LOOP('',(#10751,#10752,#10753,#10761,#10769,#10777,#10785,
    #10791));
#10751 = ORIENTED_EDGE('',*,*,#8771,.F.);
#10752 = ORIENTED_EDGE('',*,*,#10737,.T.);
#10753 = ORIENTED_EDGE('',*,*,#10754,.T.);
#10754 = EDGE_CURVE('',#10730,#10755,#10757,.T.);
#10755 = VERTEX_POINT('',#10756);
#10756 = CARTESIAN_POINT('',(-0.1,-0.3,0.9));
#10757 = LINE('',#10758,#10759);
#10758 = CARTESIAN_POINT('',(-0.3,-0.3,0.9));
#10759 = VECTOR('',#10760,1.);
#10760 = DIRECTION('',(1.,-1.110223024625E-16,0.));
#10761 = ORIENTED_EDGE('',*,*,#10762,.F.);
#10762 = EDGE_CURVE('',#10763,#10755,#10765,.T.);
#10763 = VERTEX_POINT('',#10764);
#10764 = CARTESIAN_POINT('',(-0.1,-0.3,7.4));
#10765 = LINE('',#10766,#10767);
#10766 = CARTESIAN_POINT('',(-0.1,-0.3,6.055738799212));
#10767 = VECTOR('',#10768,1.);
#10768 = DIRECTION('',(-0.,0.,-1.));
#10769 = ORIENTED_EDGE('',*,*,#10770,.T.);
#10770 = EDGE_CURVE('',#10763,#10771,#10773,.T.);
#10771 = VERTEX_POINT('',#10772);
#10772 = CARTESIAN_POINT('',(0.1,-0.3,7.4));
#10773 = LINE('',#10774,#10775);
#10774 = CARTESIAN_POINT('',(-0.1,-0.3,7.4));
#10775 = VECTOR('',#10776,1.);
#10776 = DIRECTION('',(1.,-1.110223024625E-16,0.));
#10777 = ORIENTED_EDGE('',*,*,#10778,.T.);
#10778 = EDGE_CURVE('',#10771,#10779,#10781,.T.);
#10779 = VERTEX_POINT('',#10780);
#10780 = CARTESIAN_POINT('',(0.1,-0.3,0.9));
#10781 = LINE('',#10782,#10783);
#10782 = CARTESIAN_POINT('',(0.1,-0.3,6.055738799212));
#10783 = VECTOR('',#10784,1.);
#10784 = DIRECTION('',(-0.,0.,-1.));
#10785 = ORIENTED_EDGE('',*,*,#10786,.T.);
#10786 = EDGE_CURVE('',#10779,#10642,#10787,.T.);
#10787 = LINE('',#10788,#10789);
#10788 = CARTESIAN_POINT('',(-0.3,-0.3,0.9));
#10789 = VECTOR('',#10790,1.);
#10790 = DIRECTION('',(1.,-1.110223024625E-16,0.));
#10791 = ORIENTED_EDGE('',*,*,#10641,.F.);
#10792 = PLANE('',#10793);
#10793 = AXIS2_PLACEMENT_3D('',#10794,#10795,#10796);
#10794 = CARTESIAN_POINT('',(-0.3,-0.3,8.2));
#10795 = DIRECTION('',(-1.110223024625E-16,-1.,0.));
#10796 = DIRECTION('',(1.,-1.110223024625E-16,0.));
#10797 = ADVANCED_FACE('',(#10798),#10809,.T.);
#10798 = FACE_BOUND('',#10799,.T.);
#10799 = EDGE_LOOP('',(#10800,#10806,#10807,#10808));
#10800 = ORIENTED_EDGE('',*,*,#10801,.T.);
#10801 = EDGE_CURVE('',#8867,#8803,#10802,.T.);
#10802 = LINE('',#10803,#10804);
#10803 = CARTESIAN_POINT('',(-0.1,-15.54,-2.5));
#10804 = VECTOR('',#10805,1.);
#10805 = DIRECTION('',(1.,-1.110223024625E-16,0.));
#10806 = ORIENTED_EDGE('',*,*,#8802,.T.);
#10807 = ORIENTED_EDGE('',*,*,#8787,.F.);
#10808 = ORIENTED_EDGE('',*,*,#8866,.F.);
#10809 = PLANE('',#10810);
#10810 = AXIS2_PLACEMENT_3D('',#10811,#10812,#10813);
#10811 = CARTESIAN_POINT('',(-0.1,-15.54,-2.5));
#10812 = DIRECTION('',(-1.110223024625E-16,-1.,0.));
#10813 = DIRECTION('',(0.,0.,1.));
#10814 = ADVANCED_FACE('',(#10815),#10826,.T.);
#10815 = FACE_BOUND('',#10816,.T.);
#10816 = EDGE_LOOP('',(#10817,#10823,#10824,#10825));
#10817 = ORIENTED_EDGE('',*,*,#10818,.T.);
#10818 = EDGE_CURVE('',#8892,#8828,#10819,.T.);
#10819 = LINE('',#10820,#10821);
#10820 = CARTESIAN_POINT('',(-0.1,-15.39,-3.1));
#10821 = VECTOR('',#10822,1.);
#10822 = DIRECTION('',(1.,-1.110223024625E-16,0.));
#10823 = ORIENTED_EDGE('',*,*,#8835,.T.);
#10824 = ORIENTED_EDGE('',*,*,#10801,.F.);
#10825 = ORIENTED_EDGE('',*,*,#8899,.F.);
#10826 = PLANE('',#10827);
#10827 = AXIS2_PLACEMENT_3D('',#10828,#10829,#10830);
#10828 = CARTESIAN_POINT('',(-0.1,-15.39,-3.1));
#10829 = DIRECTION('',(-1.077074540829E-16,-0.970142500145,
    -0.242535625036));
#10830 = DIRECTION('',(-2.692686352073E-17,-0.242535625036,
    0.970142500145));
#10831 = ADVANCED_FACE('',(#10832),#10843,.T.);
#10832 = FACE_BOUND('',#10833,.T.);
#10833 = EDGE_LOOP('',(#10834,#10840,#10841,#10842));
#10834 = ORIENTED_EDGE('',*,*,#10835,.T.);
#10835 = EDGE_CURVE('',#8884,#8820,#10836,.T.);
#10836 = LINE('',#10837,#10838);
#10837 = CARTESIAN_POINT('',(-0.1,-15.09,-3.1));
#10838 = VECTOR('',#10839,1.);
#10839 = DIRECTION('',(1.,-1.110223024625E-16,0.));
#10840 = ORIENTED_EDGE('',*,*,#8827,.T.);
#10841 = ORIENTED_EDGE('',*,*,#10818,.F.);
#10842 = ORIENTED_EDGE('',*,*,#8891,.T.);
#10843 = PLANE('',#10844);
#10844 = AXIS2_PLACEMENT_3D('',#10845,#10846,#10847);
#10845 = CARTESIAN_POINT('',(-0.1,-15.09,-3.1));
#10846 = DIRECTION('',(0.,-0.,-1.));
#10847 = DIRECTION('',(-1.110223024625E-16,-1.,0.));
#10848 = ADVANCED_FACE('',(#10849),#10860,.T.);
#10849 = FACE_BOUND('',#10850,.T.);
#10850 = EDGE_LOOP('',(#10851,#10857,#10858,#10859));
#10851 = ORIENTED_EDGE('',*,*,#10852,.T.);
#10852 = EDGE_CURVE('',#8876,#8812,#10853,.T.);
#10853 = LINE('',#10854,#10855);
#10854 = CARTESIAN_POINT('',(-0.1,-14.94,-2.5));
#10855 = VECTOR('',#10856,1.);
#10856 = DIRECTION('',(1.,-1.110223024625E-16,0.));
#10857 = ORIENTED_EDGE('',*,*,#8819,.T.);
#10858 = ORIENTED_EDGE('',*,*,#10835,.F.);
#10859 = ORIENTED_EDGE('',*,*,#8883,.F.);
#10860 = PLANE('',#10861);
#10861 = AXIS2_PLACEMENT_3D('',#10862,#10863,#10864);
#10862 = CARTESIAN_POINT('',(-0.1,-14.94,-2.5));
#10863 = DIRECTION('',(1.077074540829E-16,0.970142500145,-0.242535625036
    ));
#10864 = DIRECTION('',(-2.692686352073E-17,-0.242535625036,
    -0.970142500145));
#10865 = ADVANCED_FACE('',(#10866),#10872,.T.);
#10866 = FACE_BOUND('',#10867,.T.);
#10867 = EDGE_LOOP('',(#10868,#10869,#10870,#10871));
#10868 = ORIENTED_EDGE('',*,*,#8849,.T.);
#10869 = ORIENTED_EDGE('',*,*,#8811,.T.);
#10870 = ORIENTED_EDGE('',*,*,#10852,.F.);
#10871 = ORIENTED_EDGE('',*,*,#8875,.F.);
#10872 = PLANE('',#10873);
#10873 = AXIS2_PLACEMENT_3D('',#10874,#10875,#10876);
#10874 = CARTESIAN_POINT('',(-0.1,-14.94,0.2));
#10875 = DIRECTION('',(1.110223024625E-16,1.,0.));
#10876 = DIRECTION('',(0.,0.,-1.));
#10877 = ADVANCED_FACE('',(#10878),#10889,.T.);
#10878 = FACE_BOUND('',#10879,.T.);
#10879 = EDGE_LOOP('',(#10880,#10886,#10887,#10888));
#10880 = ORIENTED_EDGE('',*,*,#10881,.T.);
#10881 = EDGE_CURVE('',#8995,#8931,#10882,.T.);
#10882 = LINE('',#10883,#10884);
#10883 = CARTESIAN_POINT('',(-0.1,-13.,-2.5));
#10884 = VECTOR('',#10885,1.);
#10885 = DIRECTION('',(1.,-1.110223024625E-16,0.));
#10886 = ORIENTED_EDGE('',*,*,#8930,.T.);
#10887 = ORIENTED_EDGE('',*,*,#8915,.F.);
#10888 = ORIENTED_EDGE('',*,*,#8994,.F.);
#10889 = PLANE('',#10890);
#10890 = AXIS2_PLACEMENT_3D('',#10891,#10892,#10893);
#10891 = CARTESIAN_POINT('',(-0.1,-13.,-2.5));
#10892 = DIRECTION('',(-1.110223024625E-16,-1.,0.));
#10893 = DIRECTION('',(0.,0.,1.));
#10894 = ADVANCED_FACE('',(#10895),#10906,.T.);
#10895 = FACE_BOUND('',#10896,.T.);
#10896 = EDGE_LOOP('',(#10897,#10903,#10904,#10905));
#10897 = ORIENTED_EDGE('',*,*,#10898,.T.);
#10898 = EDGE_CURVE('',#9020,#8956,#10899,.T.);
#10899 = LINE('',#10900,#10901);
#10900 = CARTESIAN_POINT('',(-0.1,-12.85,-3.1));
#10901 = VECTOR('',#10902,1.);
#10902 = DIRECTION('',(1.,-1.110223024625E-16,0.));
#10903 = ORIENTED_EDGE('',*,*,#8963,.T.);
#10904 = ORIENTED_EDGE('',*,*,#10881,.F.);
#10905 = ORIENTED_EDGE('',*,*,#9027,.F.);
#10906 = PLANE('',#10907);
#10907 = AXIS2_PLACEMENT_3D('',#10908,#10909,#10910);
#10908 = CARTESIAN_POINT('',(-0.1,-12.85,-3.1));
#10909 = DIRECTION('',(-1.077074540829E-16,-0.970142500145,
    -0.242535625036));
#10910 = DIRECTION('',(-2.692686352073E-17,-0.242535625036,
    0.970142500145));
#10911 = ADVANCED_FACE('',(#10912),#10923,.T.);
#10912 = FACE_BOUND('',#10913,.T.);
#10913 = EDGE_LOOP('',(#10914,#10920,#10921,#10922));
#10914 = ORIENTED_EDGE('',*,*,#10915,.T.);
#10915 = EDGE_CURVE('',#9012,#8948,#10916,.T.);
#10916 = LINE('',#10917,#10918);
#10917 = CARTESIAN_POINT('',(-0.1,-12.55,-3.1));
#10918 = VECTOR('',#10919,1.);
#10919 = DIRECTION('',(1.,-1.110223024625E-16,0.));
#10920 = ORIENTED_EDGE('',*,*,#8955,.T.);
#10921 = ORIENTED_EDGE('',*,*,#10898,.F.);
#10922 = ORIENTED_EDGE('',*,*,#9019,.T.);
#10923 = PLANE('',#10924);
#10924 = AXIS2_PLACEMENT_3D('',#10925,#10926,#10927);
#10925 = CARTESIAN_POINT('',(-0.1,-12.55,-3.1));
#10926 = DIRECTION('',(0.,-0.,-1.));
#10927 = DIRECTION('',(-1.110223024625E-16,-1.,0.));
#10928 = ADVANCED_FACE('',(#10929),#10940,.T.);
#10929 = FACE_BOUND('',#10930,.T.);
#10930 = EDGE_LOOP('',(#10931,#10937,#10938,#10939));
#10931 = ORIENTED_EDGE('',*,*,#10932,.T.);
#10932 = EDGE_CURVE('',#9004,#8940,#10933,.T.);
#10933 = LINE('',#10934,#10935);
#10934 = CARTESIAN_POINT('',(-0.1,-12.4,-2.5));
#10935 = VECTOR('',#10936,1.);
#10936 = DIRECTION('',(1.,-1.110223024625E-16,0.));
#10937 = ORIENTED_EDGE('',*,*,#8947,.T.);
#10938 = ORIENTED_EDGE('',*,*,#10915,.F.);
#10939 = ORIENTED_EDGE('',*,*,#9011,.F.);
#10940 = PLANE('',#10941);
#10941 = AXIS2_PLACEMENT_3D('',#10942,#10943,#10944);
#10942 = CARTESIAN_POINT('',(-0.1,-12.4,-2.5));
#10943 = DIRECTION('',(1.077074540829E-16,0.970142500145,-0.242535625036
    ));
#10944 = DIRECTION('',(-2.692686352073E-17,-0.242535625036,
    -0.970142500145));
#10945 = ADVANCED_FACE('',(#10946),#10952,.T.);
#10946 = FACE_BOUND('',#10947,.T.);
#10947 = EDGE_LOOP('',(#10948,#10949,#10950,#10951));
#10948 = ORIENTED_EDGE('',*,*,#8977,.T.);
#10949 = ORIENTED_EDGE('',*,*,#8939,.T.);
#10950 = ORIENTED_EDGE('',*,*,#10932,.F.);
#10951 = ORIENTED_EDGE('',*,*,#9003,.F.);
#10952 = PLANE('',#10953);
#10953 = AXIS2_PLACEMENT_3D('',#10954,#10955,#10956);
#10954 = CARTESIAN_POINT('',(-0.1,-12.4,0.2));
#10955 = DIRECTION('',(1.110223024625E-16,1.,0.));
#10956 = DIRECTION('',(0.,0.,-1.));
#10957 = ADVANCED_FACE('',(#10958),#10969,.T.);
#10958 = FACE_BOUND('',#10959,.T.);
#10959 = EDGE_LOOP('',(#10960,#10966,#10967,#10968));
#10960 = ORIENTED_EDGE('',*,*,#10961,.T.);
#10961 = EDGE_CURVE('',#9123,#9059,#10962,.T.);
#10962 = LINE('',#10963,#10964);
#10963 = CARTESIAN_POINT('',(-0.1,-10.46,-2.5));
#10964 = VECTOR('',#10965,1.);
#10965 = DIRECTION('',(1.,-1.110223024625E-16,0.));
#10966 = ORIENTED_EDGE('',*,*,#9058,.T.);
#10967 = ORIENTED_EDGE('',*,*,#9043,.F.);
#10968 = ORIENTED_EDGE('',*,*,#9122,.F.);
#10969 = PLANE('',#10970);
#10970 = AXIS2_PLACEMENT_3D('',#10971,#10972,#10973);
#10971 = CARTESIAN_POINT('',(-0.1,-10.46,-2.5));
#10972 = DIRECTION('',(-1.110223024625E-16,-1.,0.));
#10973 = DIRECTION('',(0.,0.,1.));
#10974 = ADVANCED_FACE('',(#10975),#10986,.T.);
#10975 = FACE_BOUND('',#10976,.T.);
#10976 = EDGE_LOOP('',(#10977,#10983,#10984,#10985));
#10977 = ORIENTED_EDGE('',*,*,#10978,.T.);
#10978 = EDGE_CURVE('',#9148,#9084,#10979,.T.);
#10979 = LINE('',#10980,#10981);
#10980 = CARTESIAN_POINT('',(-0.1,-10.31,-3.1));
#10981 = VECTOR('',#10982,1.);
#10982 = DIRECTION('',(1.,-1.110223024625E-16,0.));
#10983 = ORIENTED_EDGE('',*,*,#9091,.T.);
#10984 = ORIENTED_EDGE('',*,*,#10961,.F.);
#10985 = ORIENTED_EDGE('',*,*,#9155,.F.);
#10986 = PLANE('',#10987);
#10987 = AXIS2_PLACEMENT_3D('',#10988,#10989,#10990);
#10988 = CARTESIAN_POINT('',(-0.1,-10.31,-3.1));
#10989 = DIRECTION('',(-1.077074540829E-16,-0.970142500145,
    -0.242535625036));
#10990 = DIRECTION('',(-2.692686352073E-17,-0.242535625036,
    0.970142500145));
#10991 = ADVANCED_FACE('',(#10992),#11003,.T.);
#10992 = FACE_BOUND('',#10993,.T.);
#10993 = EDGE_LOOP('',(#10994,#11000,#11001,#11002));
#10994 = ORIENTED_EDGE('',*,*,#10995,.T.);
#10995 = EDGE_CURVE('',#9140,#9076,#10996,.T.);
#10996 = LINE('',#10997,#10998);
#10997 = CARTESIAN_POINT('',(-0.1,-10.01,-3.1));
#10998 = VECTOR('',#10999,1.);
#10999 = DIRECTION('',(1.,-1.110223024625E-16,0.));
#11000 = ORIENTED_EDGE('',*,*,#9083,.T.);
#11001 = ORIENTED_EDGE('',*,*,#10978,.F.);
#11002 = ORIENTED_EDGE('',*,*,#9147,.T.);
#11003 = PLANE('',#11004);
#11004 = AXIS2_PLACEMENT_3D('',#11005,#11006,#11007);
#11005 = CARTESIAN_POINT('',(-0.1,-10.01,-3.1));
#11006 = DIRECTION('',(0.,-0.,-1.));
#11007 = DIRECTION('',(-1.110223024625E-16,-1.,0.));
#11008 = ADVANCED_FACE('',(#11009),#11020,.T.);
#11009 = FACE_BOUND('',#11010,.T.);
#11010 = EDGE_LOOP('',(#11011,#11017,#11018,#11019));
#11011 = ORIENTED_EDGE('',*,*,#11012,.T.);
#11012 = EDGE_CURVE('',#9132,#9068,#11013,.T.);
#11013 = LINE('',#11014,#11015);
#11014 = CARTESIAN_POINT('',(-0.1,-9.86,-2.5));
#11015 = VECTOR('',#11016,1.);
#11016 = DIRECTION('',(1.,-1.110223024625E-16,0.));
#11017 = ORIENTED_EDGE('',*,*,#9075,.T.);
#11018 = ORIENTED_EDGE('',*,*,#10995,.F.);
#11019 = ORIENTED_EDGE('',*,*,#9139,.F.);
#11020 = PLANE('',#11021);
#11021 = AXIS2_PLACEMENT_3D('',#11022,#11023,#11024);
#11022 = CARTESIAN_POINT('',(-0.1,-9.86,-2.5));
#11023 = DIRECTION('',(1.077074540829E-16,0.970142500145,-0.242535625036
    ));
#11024 = DIRECTION('',(-2.692686352073E-17,-0.242535625036,
    -0.970142500145));
#11025 = ADVANCED_FACE('',(#11026),#11032,.T.);
#11026 = FACE_BOUND('',#11027,.T.);
#11027 = EDGE_LOOP('',(#11028,#11029,#11030,#11031));
#11028 = ORIENTED_EDGE('',*,*,#9105,.T.);
#11029 = ORIENTED_EDGE('',*,*,#9067,.T.);
#11030 = ORIENTED_EDGE('',*,*,#11012,.F.);
#11031 = ORIENTED_EDGE('',*,*,#9131,.F.);
#11032 = PLANE('',#11033);
#11033 = AXIS2_PLACEMENT_3D('',#11034,#11035,#11036);
#11034 = CARTESIAN_POINT('',(-0.1,-9.86,0.2));
#11035 = DIRECTION('',(1.110223024625E-16,1.,0.));
#11036 = DIRECTION('',(0.,0.,-1.));
#11037 = ADVANCED_FACE('',(#11038),#11049,.T.);
#11038 = FACE_BOUND('',#11039,.T.);
#11039 = EDGE_LOOP('',(#11040,#11046,#11047,#11048));
#11040 = ORIENTED_EDGE('',*,*,#11041,.T.);
#11041 = EDGE_CURVE('',#9251,#9187,#11042,.T.);
#11042 = LINE('',#11043,#11044);
#11043 = CARTESIAN_POINT('',(-0.1,-7.92,-2.5));
#11044 = VECTOR('',#11045,1.);
#11045 = DIRECTION('',(1.,-1.110223024625E-16,0.));
#11046 = ORIENTED_EDGE('',*,*,#9186,.T.);
#11047 = ORIENTED_EDGE('',*,*,#9171,.F.);
#11048 = ORIENTED_EDGE('',*,*,#9250,.F.);
#11049 = PLANE('',#11050);
#11050 = AXIS2_PLACEMENT_3D('',#11051,#11052,#11053);
#11051 = CARTESIAN_POINT('',(-0.1,-7.92,-2.5));
#11052 = DIRECTION('',(-1.110223024625E-16,-1.,0.));
#11053 = DIRECTION('',(0.,0.,1.));
#11054 = ADVANCED_FACE('',(#11055),#11066,.T.);
#11055 = FACE_BOUND('',#11056,.T.);
#11056 = EDGE_LOOP('',(#11057,#11063,#11064,#11065));
#11057 = ORIENTED_EDGE('',*,*,#11058,.T.);
#11058 = EDGE_CURVE('',#9276,#9212,#11059,.T.);
#11059 = LINE('',#11060,#11061);
#11060 = CARTESIAN_POINT('',(-0.1,-7.77,-3.1));
#11061 = VECTOR('',#11062,1.);
#11062 = DIRECTION('',(1.,-1.110223024625E-16,0.));
#11063 = ORIENTED_EDGE('',*,*,#9219,.T.);
#11064 = ORIENTED_EDGE('',*,*,#11041,.F.);
#11065 = ORIENTED_EDGE('',*,*,#9283,.F.);
#11066 = PLANE('',#11067);
#11067 = AXIS2_PLACEMENT_3D('',#11068,#11069,#11070);
#11068 = CARTESIAN_POINT('',(-0.1,-7.77,-3.1));
#11069 = DIRECTION('',(-1.077074540829E-16,-0.970142500145,
    -0.242535625036));
#11070 = DIRECTION('',(-2.692686352073E-17,-0.242535625036,
    0.970142500145));
#11071 = ADVANCED_FACE('',(#11072),#11083,.T.);
#11072 = FACE_BOUND('',#11073,.T.);
#11073 = EDGE_LOOP('',(#11074,#11080,#11081,#11082));
#11074 = ORIENTED_EDGE('',*,*,#11075,.T.);
#11075 = EDGE_CURVE('',#9268,#9204,#11076,.T.);
#11076 = LINE('',#11077,#11078);
#11077 = CARTESIAN_POINT('',(-0.1,-7.47,-3.1));
#11078 = VECTOR('',#11079,1.);
#11079 = DIRECTION('',(1.,-1.110223024625E-16,0.));
#11080 = ORIENTED_EDGE('',*,*,#9211,.T.);
#11081 = ORIENTED_EDGE('',*,*,#11058,.F.);
#11082 = ORIENTED_EDGE('',*,*,#9275,.T.);
#11083 = PLANE('',#11084);
#11084 = AXIS2_PLACEMENT_3D('',#11085,#11086,#11087);
#11085 = CARTESIAN_POINT('',(-0.1,-7.47,-3.1));
#11086 = DIRECTION('',(0.,-0.,-1.));
#11087 = DIRECTION('',(-1.110223024625E-16,-1.,0.));
#11088 = ADVANCED_FACE('',(#11089),#11100,.T.);
#11089 = FACE_BOUND('',#11090,.T.);
#11090 = EDGE_LOOP('',(#11091,#11097,#11098,#11099));
#11091 = ORIENTED_EDGE('',*,*,#11092,.T.);
#11092 = EDGE_CURVE('',#9260,#9196,#11093,.T.);
#11093 = LINE('',#11094,#11095);
#11094 = CARTESIAN_POINT('',(-0.1,-7.32,-2.5));
#11095 = VECTOR('',#11096,1.);
#11096 = DIRECTION('',(1.,-1.110223024625E-16,0.));
#11097 = ORIENTED_EDGE('',*,*,#9203,.T.);
#11098 = ORIENTED_EDGE('',*,*,#11075,.F.);
#11099 = ORIENTED_EDGE('',*,*,#9267,.F.);
#11100 = PLANE('',#11101);
#11101 = AXIS2_PLACEMENT_3D('',#11102,#11103,#11104);
#11102 = CARTESIAN_POINT('',(-0.1,-7.32,-2.5));
#11103 = DIRECTION('',(1.077074540829E-16,0.970142500145,-0.242535625036
    ));
#11104 = DIRECTION('',(-2.692686352073E-17,-0.242535625036,
    -0.970142500145));
#11105 = ADVANCED_FACE('',(#11106),#11112,.T.);
#11106 = FACE_BOUND('',#11107,.T.);
#11107 = EDGE_LOOP('',(#11108,#11109,#11110,#11111));
#11108 = ORIENTED_EDGE('',*,*,#9233,.T.);
#11109 = ORIENTED_EDGE('',*,*,#9195,.T.);
#11110 = ORIENTED_EDGE('',*,*,#11092,.F.);
#11111 = ORIENTED_EDGE('',*,*,#9259,.F.);
#11112 = PLANE('',#11113);
#11113 = AXIS2_PLACEMENT_3D('',#11114,#11115,#11116);
#11114 = CARTESIAN_POINT('',(-0.1,-7.32,0.2));
#11115 = DIRECTION('',(1.110223024625E-16,1.,0.));
#11116 = DIRECTION('',(0.,0.,-1.));
#11117 = ADVANCED_FACE('',(#11118),#11129,.T.);
#11118 = FACE_BOUND('',#11119,.T.);
#11119 = EDGE_LOOP('',(#11120,#11126,#11127,#11128));
#11120 = ORIENTED_EDGE('',*,*,#11121,.T.);
#11121 = EDGE_CURVE('',#9379,#9315,#11122,.T.);
#11122 = LINE('',#11123,#11124);
#11123 = CARTESIAN_POINT('',(-0.1,-5.38,-2.5));
#11124 = VECTOR('',#11125,1.);
#11125 = DIRECTION('',(1.,-1.110223024625E-16,0.));
#11126 = ORIENTED_EDGE('',*,*,#9314,.T.);
#11127 = ORIENTED_EDGE('',*,*,#9299,.F.);
#11128 = ORIENTED_EDGE('',*,*,#9378,.F.);
#11129 = PLANE('',#11130);
#11130 = AXIS2_PLACEMENT_3D('',#11131,#11132,#11133);
#11131 = CARTESIAN_POINT('',(-0.1,-5.38,-2.5));
#11132 = DIRECTION('',(-1.110223024625E-16,-1.,0.));
#11133 = DIRECTION('',(0.,0.,1.));
#11134 = ADVANCED_FACE('',(#11135),#11146,.T.);
#11135 = FACE_BOUND('',#11136,.T.);
#11136 = EDGE_LOOP('',(#11137,#11143,#11144,#11145));
#11137 = ORIENTED_EDGE('',*,*,#11138,.T.);
#11138 = EDGE_CURVE('',#9404,#9340,#11139,.T.);
#11139 = LINE('',#11140,#11141);
#11140 = CARTESIAN_POINT('',(-0.1,-5.23,-3.1));
#11141 = VECTOR('',#11142,1.);
#11142 = DIRECTION('',(1.,-1.110223024625E-16,0.));
#11143 = ORIENTED_EDGE('',*,*,#9347,.T.);
#11144 = ORIENTED_EDGE('',*,*,#11121,.F.);
#11145 = ORIENTED_EDGE('',*,*,#9411,.F.);
#11146 = PLANE('',#11147);
#11147 = AXIS2_PLACEMENT_3D('',#11148,#11149,#11150);
#11148 = CARTESIAN_POINT('',(-0.1,-5.23,-3.1));
#11149 = DIRECTION('',(-1.077074540829E-16,-0.970142500145,
    -0.242535625036));
#11150 = DIRECTION('',(-2.692686352073E-17,-0.242535625036,
    0.970142500145));
#11151 = ADVANCED_FACE('',(#11152),#11163,.T.);
#11152 = FACE_BOUND('',#11153,.T.);
#11153 = EDGE_LOOP('',(#11154,#11160,#11161,#11162));
#11154 = ORIENTED_EDGE('',*,*,#11155,.T.);
#11155 = EDGE_CURVE('',#9396,#9332,#11156,.T.);
#11156 = LINE('',#11157,#11158);
#11157 = CARTESIAN_POINT('',(-0.1,-4.93,-3.1));
#11158 = VECTOR('',#11159,1.);
#11159 = DIRECTION('',(1.,-1.110223024625E-16,0.));
#11160 = ORIENTED_EDGE('',*,*,#9339,.T.);
#11161 = ORIENTED_EDGE('',*,*,#11138,.F.);
#11162 = ORIENTED_EDGE('',*,*,#9403,.T.);
#11163 = PLANE('',#11164);
#11164 = AXIS2_PLACEMENT_3D('',#11165,#11166,#11167);
#11165 = CARTESIAN_POINT('',(-0.1,-4.93,-3.1));
#11166 = DIRECTION('',(0.,-0.,-1.));
#11167 = DIRECTION('',(-1.110223024625E-16,-1.,0.));
#11168 = ADVANCED_FACE('',(#11169),#11180,.T.);
#11169 = FACE_BOUND('',#11170,.T.);
#11170 = EDGE_LOOP('',(#11171,#11177,#11178,#11179));
#11171 = ORIENTED_EDGE('',*,*,#11172,.T.);
#11172 = EDGE_CURVE('',#9388,#9324,#11173,.T.);
#11173 = LINE('',#11174,#11175);
#11174 = CARTESIAN_POINT('',(-0.1,-4.78,-2.5));
#11175 = VECTOR('',#11176,1.);
#11176 = DIRECTION('',(1.,-1.110223024625E-16,0.));
#11177 = ORIENTED_EDGE('',*,*,#9331,.T.);
#11178 = ORIENTED_EDGE('',*,*,#11155,.F.);
#11179 = ORIENTED_EDGE('',*,*,#9395,.F.);
#11180 = PLANE('',#11181);
#11181 = AXIS2_PLACEMENT_3D('',#11182,#11183,#11184);
#11182 = CARTESIAN_POINT('',(-0.1,-4.78,-2.5));
#11183 = DIRECTION('',(1.077074540829E-16,0.970142500145,-0.242535625036
    ));
#11184 = DIRECTION('',(-2.692686352073E-17,-0.242535625036,
    -0.970142500145));
#11185 = ADVANCED_FACE('',(#11186),#11192,.T.);
#11186 = FACE_BOUND('',#11187,.T.);
#11187 = EDGE_LOOP('',(#11188,#11189,#11190,#11191));
#11188 = ORIENTED_EDGE('',*,*,#9361,.T.);
#11189 = ORIENTED_EDGE('',*,*,#9323,.T.);
#11190 = ORIENTED_EDGE('',*,*,#11172,.F.);
#11191 = ORIENTED_EDGE('',*,*,#9387,.F.);
#11192 = PLANE('',#11193);
#11193 = AXIS2_PLACEMENT_3D('',#11194,#11195,#11196);
#11194 = CARTESIAN_POINT('',(-0.1,-4.78,0.2));
#11195 = DIRECTION('',(1.110223024625E-16,1.,0.));
#11196 = DIRECTION('',(0.,0.,-1.));
#11197 = ADVANCED_FACE('',(#11198),#11209,.T.);
#11198 = FACE_BOUND('',#11199,.T.);
#11199 = EDGE_LOOP('',(#11200,#11206,#11207,#11208));
#11200 = ORIENTED_EDGE('',*,*,#11201,.T.);
#11201 = EDGE_CURVE('',#9507,#9443,#11202,.T.);
#11202 = LINE('',#11203,#11204);
#11203 = CARTESIAN_POINT('',(-0.1,-2.84,-2.5));
#11204 = VECTOR('',#11205,1.);
#11205 = DIRECTION('',(1.,-1.110223024625E-16,0.));
#11206 = ORIENTED_EDGE('',*,*,#9442,.T.);
#11207 = ORIENTED_EDGE('',*,*,#9427,.F.);
#11208 = ORIENTED_EDGE('',*,*,#9506,.F.);
#11209 = PLANE('',#11210);
#11210 = AXIS2_PLACEMENT_3D('',#11211,#11212,#11213);
#11211 = CARTESIAN_POINT('',(-0.1,-2.84,-2.5));
#11212 = DIRECTION('',(-1.110223024625E-16,-1.,0.));
#11213 = DIRECTION('',(0.,0.,1.));
#11214 = ADVANCED_FACE('',(#11215),#11226,.T.);
#11215 = FACE_BOUND('',#11216,.T.);
#11216 = EDGE_LOOP('',(#11217,#11223,#11224,#11225));
#11217 = ORIENTED_EDGE('',*,*,#11218,.T.);
#11218 = EDGE_CURVE('',#9532,#9468,#11219,.T.);
#11219 = LINE('',#11220,#11221);
#11220 = CARTESIAN_POINT('',(-0.1,-2.69,-3.1));
#11221 = VECTOR('',#11222,1.);
#11222 = DIRECTION('',(1.,-1.110223024625E-16,0.));
#11223 = ORIENTED_EDGE('',*,*,#9475,.T.);
#11224 = ORIENTED_EDGE('',*,*,#11201,.F.);
#11225 = ORIENTED_EDGE('',*,*,#9539,.F.);
#11226 = PLANE('',#11227);
#11227 = AXIS2_PLACEMENT_3D('',#11228,#11229,#11230);
#11228 = CARTESIAN_POINT('',(-0.1,-2.69,-3.1));
#11229 = DIRECTION('',(-1.077074540829E-16,-0.970142500145,
    -0.242535625036));
#11230 = DIRECTION('',(-2.692686352073E-17,-0.242535625036,
    0.970142500145));
#11231 = ADVANCED_FACE('',(#11232),#11243,.T.);
#11232 = FACE_BOUND('',#11233,.T.);
#11233 = EDGE_LOOP('',(#11234,#11240,#11241,#11242));
#11234 = ORIENTED_EDGE('',*,*,#11235,.T.);
#11235 = EDGE_CURVE('',#9524,#9460,#11236,.T.);
#11236 = LINE('',#11237,#11238);
#11237 = CARTESIAN_POINT('',(-0.1,-2.39,-3.1));
#11238 = VECTOR('',#11239,1.);
#11239 = DIRECTION('',(1.,-1.110223024625E-16,0.));
#11240 = ORIENTED_EDGE('',*,*,#9467,.T.);
#11241 = ORIENTED_EDGE('',*,*,#11218,.F.);
#11242 = ORIENTED_EDGE('',*,*,#9531,.T.);
#11243 = PLANE('',#11244);
#11244 = AXIS2_PLACEMENT_3D('',#11245,#11246,#11247);
#11245 = CARTESIAN_POINT('',(-0.1,-2.39,-3.1));
#11246 = DIRECTION('',(0.,-0.,-1.));
#11247 = DIRECTION('',(-1.110223024625E-16,-1.,0.));
#11248 = ADVANCED_FACE('',(#11249),#11260,.T.);
#11249 = FACE_BOUND('',#11250,.T.);
#11250 = EDGE_LOOP('',(#11251,#11257,#11258,#11259));
#11251 = ORIENTED_EDGE('',*,*,#11252,.T.);
#11252 = EDGE_CURVE('',#9516,#9452,#11253,.T.);
#11253 = LINE('',#11254,#11255);
#11254 = CARTESIAN_POINT('',(-0.1,-2.24,-2.5));
#11255 = VECTOR('',#11256,1.);
#11256 = DIRECTION('',(1.,-1.110223024625E-16,0.));
#11257 = ORIENTED_EDGE('',*,*,#9459,.T.);
#11258 = ORIENTED_EDGE('',*,*,#11235,.F.);
#11259 = ORIENTED_EDGE('',*,*,#9523,.F.);
#11260 = PLANE('',#11261);
#11261 = AXIS2_PLACEMENT_3D('',#11262,#11263,#11264);
#11262 = CARTESIAN_POINT('',(-0.1,-2.24,-2.5));
#11263 = DIRECTION('',(1.077074540829E-16,0.970142500145,-0.242535625036
    ));
#11264 = DIRECTION('',(-2.692686352073E-17,-0.242535625036,
    -0.970142500145));
#11265 = ADVANCED_FACE('',(#11266),#11272,.T.);
#11266 = FACE_BOUND('',#11267,.T.);
#11267 = EDGE_LOOP('',(#11268,#11269,#11270,#11271));
#11268 = ORIENTED_EDGE('',*,*,#9489,.T.);
#11269 = ORIENTED_EDGE('',*,*,#9451,.T.);
#11270 = ORIENTED_EDGE('',*,*,#11252,.F.);
#11271 = ORIENTED_EDGE('',*,*,#9515,.F.);
#11272 = PLANE('',#11273);
#11273 = AXIS2_PLACEMENT_3D('',#11274,#11275,#11276);
#11274 = CARTESIAN_POINT('',(-0.1,-2.24,0.2));
#11275 = DIRECTION('',(1.110223024625E-16,1.,0.));
#11276 = DIRECTION('',(0.,0.,-1.));
#11277 = ADVANCED_FACE('',(#11278),#11289,.T.);
#11278 = FACE_BOUND('',#11279,.T.);
#11279 = EDGE_LOOP('',(#11280,#11286,#11287,#11288));
#11280 = ORIENTED_EDGE('',*,*,#11281,.T.);
#11281 = EDGE_CURVE('',#9635,#9571,#11282,.T.);
#11282 = LINE('',#11283,#11284);
#11283 = CARTESIAN_POINT('',(-0.1,-0.3,-2.5));
#11284 = VECTOR('',#11285,1.);
#11285 = DIRECTION('',(1.,-1.110223024625E-16,0.));
#11286 = ORIENTED_EDGE('',*,*,#9570,.T.);
#11287 = ORIENTED_EDGE('',*,*,#9555,.F.);
#11288 = ORIENTED_EDGE('',*,*,#9634,.F.);
#11289 = PLANE('',#11290);
#11290 = AXIS2_PLACEMENT_3D('',#11291,#11292,#11293);
#11291 = CARTESIAN_POINT('',(-0.1,-0.3,-2.5));
#11292 = DIRECTION('',(-1.110223024625E-16,-1.,0.));
#11293 = DIRECTION('',(0.,0.,1.));
#11294 = ADVANCED_FACE('',(#11295),#11306,.T.);
#11295 = FACE_BOUND('',#11296,.T.);
#11296 = EDGE_LOOP('',(#11297,#11303,#11304,#11305));
#11297 = ORIENTED_EDGE('',*,*,#11298,.T.);
#11298 = EDGE_CURVE('',#9660,#9596,#11299,.T.);
#11299 = LINE('',#11300,#11301);
#11300 = CARTESIAN_POINT('',(-0.1,-0.15,-3.1));
#11301 = VECTOR('',#11302,1.);
#11302 = DIRECTION('',(1.,-1.110223024625E-16,0.));
#11303 = ORIENTED_EDGE('',*,*,#9603,.T.);
#11304 = ORIENTED_EDGE('',*,*,#11281,.F.);
#11305 = ORIENTED_EDGE('',*,*,#9667,.F.);
#11306 = PLANE('',#11307);
#11307 = AXIS2_PLACEMENT_3D('',#11308,#11309,#11310);
#11308 = CARTESIAN_POINT('',(-0.1,-0.15,-3.1));
#11309 = DIRECTION('',(-1.077074540829E-16,-0.970142500145,
    -0.242535625036));
#11310 = DIRECTION('',(-2.692686352073E-17,-0.242535625036,
    0.970142500145));
#11311 = ADVANCED_FACE('',(#11312),#11323,.T.);
#11312 = FACE_BOUND('',#11313,.T.);
#11313 = EDGE_LOOP('',(#11314,#11320,#11321,#11322));
#11314 = ORIENTED_EDGE('',*,*,#11315,.T.);
#11315 = EDGE_CURVE('',#9652,#9588,#11316,.T.);
#11316 = LINE('',#11317,#11318);
#11317 = CARTESIAN_POINT('',(-0.1,0.15,-3.1));
#11318 = VECTOR('',#11319,1.);
#11319 = DIRECTION('',(1.,-1.110223024625E-16,0.));
#11320 = ORIENTED_EDGE('',*,*,#9595,.T.);
#11321 = ORIENTED_EDGE('',*,*,#11298,.F.);
#11322 = ORIENTED_EDGE('',*,*,#9659,.T.);
#11323 = PLANE('',#11324);
#11324 = AXIS2_PLACEMENT_3D('',#11325,#11326,#11327);
#11325 = CARTESIAN_POINT('',(-0.1,0.15,-3.1));
#11326 = DIRECTION('',(0.,-0.,-1.));
#11327 = DIRECTION('',(-1.110223024625E-16,-1.,0.));
#11328 = ADVANCED_FACE('',(#11329),#11340,.T.);
#11329 = FACE_BOUND('',#11330,.T.);
#11330 = EDGE_LOOP('',(#11331,#11337,#11338,#11339));
#11331 = ORIENTED_EDGE('',*,*,#11332,.T.);
#11332 = EDGE_CURVE('',#9644,#9580,#11333,.T.);
#11333 = LINE('',#11334,#11335);
#11334 = CARTESIAN_POINT('',(-0.1,0.3,-2.5));
#11335 = VECTOR('',#11336,1.);
#11336 = DIRECTION('',(1.,-1.110223024625E-16,0.));
#11337 = ORIENTED_EDGE('',*,*,#9587,.T.);
#11338 = ORIENTED_EDGE('',*,*,#11315,.F.);
#11339 = ORIENTED_EDGE('',*,*,#9651,.F.);
#11340 = PLANE('',#11341);
#11341 = AXIS2_PLACEMENT_3D('',#11342,#11343,#11344);
#11342 = CARTESIAN_POINT('',(-0.1,0.3,-2.5));
#11343 = DIRECTION('',(1.077074540829E-16,0.970142500145,-0.242535625036
    ));
#11344 = DIRECTION('',(-2.692686352073E-17,-0.242535625036,
    -0.970142500145));
#11345 = ADVANCED_FACE('',(#11346),#11352,.T.);
#11346 = FACE_BOUND('',#11347,.T.);
#11347 = EDGE_LOOP('',(#11348,#11349,#11350,#11351));
#11348 = ORIENTED_EDGE('',*,*,#9617,.T.);
#11349 = ORIENTED_EDGE('',*,*,#9579,.T.);
#11350 = ORIENTED_EDGE('',*,*,#11332,.F.);
#11351 = ORIENTED_EDGE('',*,*,#9643,.F.);
#11352 = PLANE('',#11353);
#11353 = AXIS2_PLACEMENT_3D('',#11354,#11355,#11356);
#11354 = CARTESIAN_POINT('',(-0.1,0.3,0.2));
#11355 = DIRECTION('',(1.110223024625E-16,1.,0.));
#11356 = DIRECTION('',(0.,0.,-1.));
#11357 = ADVANCED_FACE('',(#11358),#11369,.T.);
#11358 = FACE_BOUND('',#11359,.T.);
#11359 = EDGE_LOOP('',(#11360,#11361,#11362,#11363));
#11360 = ORIENTED_EDGE('',*,*,#9826,.T.);
#11361 = ORIENTED_EDGE('',*,*,#9689,.T.);
#11362 = ORIENTED_EDGE('',*,*,#9714,.T.);
#11363 = ORIENTED_EDGE('',*,*,#11364,.T.);
#11364 = EDGE_CURVE('',#9715,#9819,#11365,.T.);
#11365 = LINE('',#11366,#11367);
#11366 = CARTESIAN_POINT('',(0.1,-15.24,0.9));
#11367 = VECTOR('',#11368,1.);
#11368 = DIRECTION('',(-1.110223024625E-16,-1.,0.));
#11369 = PLANE('',#11370);
#11370 = AXIS2_PLACEMENT_3D('',#11371,#11372,#11373);
#11371 = CARTESIAN_POINT('',(-1.65265949074E-15,-15.24,0.9));
#11372 = DIRECTION('',(0.,0.,1.));
#11373 = DIRECTION('',(1.110223024625E-16,1.,-0.));
#11374 = ADVANCED_FACE('',(#11375),#11386,.T.);
#11375 = FACE_BOUND('',#11376,.T.);
#11376 = EDGE_LOOP('',(#11377,#11378,#11384,#11385));
#11377 = ORIENTED_EDGE('',*,*,#9794,.T.);
#11378 = ORIENTED_EDGE('',*,*,#11379,.F.);
#11379 = EDGE_CURVE('',#9739,#9795,#11380,.T.);
#11380 = LINE('',#11381,#11382);
#11381 = CARTESIAN_POINT('',(-0.1,-15.24,0.9));
#11382 = VECTOR('',#11383,1.);
#11383 = DIRECTION('',(-1.110223024625E-16,-1.,0.));
#11384 = ORIENTED_EDGE('',*,*,#9746,.T.);
#11385 = ORIENTED_EDGE('',*,*,#9769,.T.);
#11386 = PLANE('',#11387);
#11387 = AXIS2_PLACEMENT_3D('',#11388,#11389,#11390);
#11388 = CARTESIAN_POINT('',(-1.65265949074E-15,-15.24,0.9));
#11389 = DIRECTION('',(0.,0.,1.));
#11390 = DIRECTION('',(1.110223024625E-16,1.,-0.));
#11391 = ADVANCED_FACE('',(#11392),#11435,.T.);
#11392 = FACE_BOUND('',#11393,.T.);
#11393 = EDGE_LOOP('',(#11394,#11395,#11403,#11411,#11419,#11427,#11433,
    #11434));
#11394 = ORIENTED_EDGE('',*,*,#9802,.F.);
#11395 = ORIENTED_EDGE('',*,*,#11396,.T.);
#11396 = EDGE_CURVE('',#9803,#11397,#11399,.T.);
#11397 = VERTEX_POINT('',#11398);
#11398 = CARTESIAN_POINT('',(-0.1,-15.49,7.35));
#11399 = LINE('',#11400,#11401);
#11400 = CARTESIAN_POINT('',(-0.1,-15.54,7.4));
#11401 = VECTOR('',#11402,1.);
#11402 = DIRECTION('',(7.850462293414E-17,0.707106781187,-0.707106781187
    ));
#11403 = ORIENTED_EDGE('',*,*,#11404,.T.);
#11404 = EDGE_CURVE('',#11397,#11405,#11407,.T.);
#11405 = VERTEX_POINT('',#11406);
#11406 = CARTESIAN_POINT('',(-0.1,-15.49,1.25));
#11407 = LINE('',#11408,#11409);
#11408 = CARTESIAN_POINT('',(-0.1,-15.49,7.35));
#11409 = VECTOR('',#11410,1.);
#11410 = DIRECTION('',(0.,0.,-1.));
#11411 = ORIENTED_EDGE('',*,*,#11412,.T.);
#11412 = EDGE_CURVE('',#11405,#11413,#11415,.T.);
#11413 = VERTEX_POINT('',#11414);
#11414 = CARTESIAN_POINT('',(-0.1,-14.99,1.25));
#11415 = LINE('',#11416,#11417);
#11416 = CARTESIAN_POINT('',(-0.1,-15.49,1.25));
#11417 = VECTOR('',#11418,1.);
#11418 = DIRECTION('',(1.110223024625E-16,1.,0.));
#11419 = ORIENTED_EDGE('',*,*,#11420,.T.);
#11420 = EDGE_CURVE('',#11413,#11421,#11423,.T.);
#11421 = VERTEX_POINT('',#11422);
#11422 = CARTESIAN_POINT('',(-0.1,-14.99,7.35));
#11423 = LINE('',#11424,#11425);
#11424 = CARTESIAN_POINT('',(-0.1,-14.99,1.25));
#11425 = VECTOR('',#11426,1.);
#11426 = DIRECTION('',(0.,0.,1.));
#11427 = ORIENTED_EDGE('',*,*,#11428,.T.);
#11428 = EDGE_CURVE('',#11421,#9731,#11429,.T.);
#11429 = LINE('',#11430,#11431);
#11430 = CARTESIAN_POINT('',(-0.1,-14.99,7.35));
#11431 = VECTOR('',#11432,1.);
#11432 = DIRECTION('',(7.850462293414E-17,0.707106781187,0.707106781187)
  );
#11433 = ORIENTED_EDGE('',*,*,#9738,.F.);
#11434 = ORIENTED_EDGE('',*,*,#11379,.T.);
#11435 = PLANE('',#11436);
#11436 = AXIS2_PLACEMENT_3D('',#11437,#11438,#11439);
#11437 = CARTESIAN_POINT('',(-0.1,-15.24,3.911477598424));
#11438 = DIRECTION('',(-1.,1.110223024625E-16,0.));
#11439 = DIRECTION('',(0.,0.,1.));
#11440 = ADVANCED_FACE('',(#11441),#11459,.T.);
#11441 = FACE_BOUND('',#11442,.T.);
#11442 = EDGE_LOOP('',(#11443,#11451,#11457,#11458));
#11443 = ORIENTED_EDGE('',*,*,#11444,.T.);
#11444 = EDGE_CURVE('',#11421,#11445,#11447,.T.);
#11445 = VERTEX_POINT('',#11446);
#11446 = CARTESIAN_POINT('',(0.1,-14.99,7.35));
#11447 = LINE('',#11448,#11449);
#11448 = CARTESIAN_POINT('',(-0.1,-14.99,7.35));
#11449 = VECTOR('',#11450,1.);
#11450 = DIRECTION('',(1.,-1.110223024625E-16,0.));
#11451 = ORIENTED_EDGE('',*,*,#11452,.T.);
#11452 = EDGE_CURVE('',#11445,#9723,#11453,.T.);
#11453 = LINE('',#11454,#11455);
#11454 = CARTESIAN_POINT('',(0.1,-14.99,7.35));
#11455 = VECTOR('',#11456,1.);
#11456 = DIRECTION('',(7.850462293414E-17,0.707106781187,0.707106781187)
  );
#11457 = ORIENTED_EDGE('',*,*,#9730,.F.);
#11458 = ORIENTED_EDGE('',*,*,#11428,.F.);
#11459 = PLANE('',#11460);
#11460 = AXIS2_PLACEMENT_3D('',#11461,#11462,#11463);
#11461 = CARTESIAN_POINT('',(-0.1,-14.99,7.35));
#11462 = DIRECTION('',(-7.850462293414E-17,-0.707106781187,
    0.707106781187));
#11463 = DIRECTION('',(7.850462293414E-17,0.707106781187,0.707106781187)
  );
#11464 = ADVANCED_FACE('',(#11465),#11501,.F.);
#11465 = FACE_BOUND('',#11466,.F.);
#11466 = EDGE_LOOP('',(#11467,#11468,#11476,#11484,#11492,#11498,#11499,
    #11500));
#11467 = ORIENTED_EDGE('',*,*,#9818,.F.);
#11468 = ORIENTED_EDGE('',*,*,#11469,.T.);
#11469 = EDGE_CURVE('',#9811,#11470,#11472,.T.);
#11470 = VERTEX_POINT('',#11471);
#11471 = CARTESIAN_POINT('',(0.1,-15.49,7.35));
#11472 = LINE('',#11473,#11474);
#11473 = CARTESIAN_POINT('',(0.1,-15.54,7.4));
#11474 = VECTOR('',#11475,1.);
#11475 = DIRECTION('',(7.850462293414E-17,0.707106781187,-0.707106781187
    ));
#11476 = ORIENTED_EDGE('',*,*,#11477,.T.);
#11477 = EDGE_CURVE('',#11470,#11478,#11480,.T.);
#11478 = VERTEX_POINT('',#11479);
#11479 = CARTESIAN_POINT('',(0.1,-15.49,1.25));
#11480 = LINE('',#11481,#11482);
#11481 = CARTESIAN_POINT('',(0.1,-15.49,7.35));
#11482 = VECTOR('',#11483,1.);
#11483 = DIRECTION('',(0.,0.,-1.));
#11484 = ORIENTED_EDGE('',*,*,#11485,.T.);
#11485 = EDGE_CURVE('',#11478,#11486,#11488,.T.);
#11486 = VERTEX_POINT('',#11487);
#11487 = CARTESIAN_POINT('',(0.1,-14.99,1.25));
#11488 = LINE('',#11489,#11490);
#11489 = CARTESIAN_POINT('',(0.1,-15.49,1.25));
#11490 = VECTOR('',#11491,1.);
#11491 = DIRECTION('',(1.110223024625E-16,1.,0.));
#11492 = ORIENTED_EDGE('',*,*,#11493,.T.);
#11493 = EDGE_CURVE('',#11486,#11445,#11494,.T.);
#11494 = LINE('',#11495,#11496);
#11495 = CARTESIAN_POINT('',(0.1,-14.99,1.25));
#11496 = VECTOR('',#11497,1.);
#11497 = DIRECTION('',(0.,0.,1.));
#11498 = ORIENTED_EDGE('',*,*,#11452,.T.);
#11499 = ORIENTED_EDGE('',*,*,#9722,.F.);
#11500 = ORIENTED_EDGE('',*,*,#11364,.T.);
#11501 = PLANE('',#11502);
#11502 = AXIS2_PLACEMENT_3D('',#11503,#11504,#11505);
#11503 = CARTESIAN_POINT('',(0.1,-15.24,3.911477598424));
#11504 = DIRECTION('',(-1.,1.110223024625E-16,0.));
#11505 = DIRECTION('',(0.,0.,1.));
#11506 = ADVANCED_FACE('',(#11507),#11518,.T.);
#11507 = FACE_BOUND('',#11508,.T.);
#11508 = EDGE_LOOP('',(#11509,#11510,#11511,#11517));
#11509 = ORIENTED_EDGE('',*,*,#9810,.T.);
#11510 = ORIENTED_EDGE('',*,*,#11469,.T.);
#11511 = ORIENTED_EDGE('',*,*,#11512,.F.);
#11512 = EDGE_CURVE('',#11397,#11470,#11513,.T.);
#11513 = LINE('',#11514,#11515);
#11514 = CARTESIAN_POINT('',(-0.1,-15.49,7.35));
#11515 = VECTOR('',#11516,1.);
#11516 = DIRECTION('',(1.,-1.110223024625E-16,0.));
#11517 = ORIENTED_EDGE('',*,*,#11396,.F.);
#11518 = PLANE('',#11519);
#11519 = AXIS2_PLACEMENT_3D('',#11520,#11521,#11522);
#11520 = CARTESIAN_POINT('',(-0.1,-15.54,7.4));
#11521 = DIRECTION('',(7.850462293414E-17,0.707106781187,0.707106781187)
  );
#11522 = DIRECTION('',(7.850462293414E-17,0.707106781187,-0.707106781187
    ));
#11523 = ADVANCED_FACE('',(#11524),#11535,.T.);
#11524 = FACE_BOUND('',#11525,.T.);
#11525 = EDGE_LOOP('',(#11526,#11527,#11528,#11529));
#11526 = ORIENTED_EDGE('',*,*,#9986,.T.);
#11527 = ORIENTED_EDGE('',*,*,#9849,.T.);
#11528 = ORIENTED_EDGE('',*,*,#9874,.T.);
#11529 = ORIENTED_EDGE('',*,*,#11530,.T.);
#11530 = EDGE_CURVE('',#9875,#9979,#11531,.T.);
#11531 = LINE('',#11532,#11533);
#11532 = CARTESIAN_POINT('',(0.1,-12.7,0.9));
#11533 = VECTOR('',#11534,1.);
#11534 = DIRECTION('',(-1.110223024625E-16,-1.,0.));
#11535 = PLANE('',#11536);
#11536 = AXIS2_PLACEMENT_3D('',#11537,#11538,#11539);
#11537 = CARTESIAN_POINT('',(-1.370662842485E-15,-12.7,0.9));
#11538 = DIRECTION('',(0.,0.,1.));
#11539 = DIRECTION('',(1.110223024625E-16,1.,-0.));
#11540 = ADVANCED_FACE('',(#11541),#11552,.T.);
#11541 = FACE_BOUND('',#11542,.T.);
#11542 = EDGE_LOOP('',(#11543,#11544,#11550,#11551));
#11543 = ORIENTED_EDGE('',*,*,#9954,.T.);
#11544 = ORIENTED_EDGE('',*,*,#11545,.F.);
#11545 = EDGE_CURVE('',#9899,#9955,#11546,.T.);
#11546 = LINE('',#11547,#11548);
#11547 = CARTESIAN_POINT('',(-0.1,-12.7,0.9));
#11548 = VECTOR('',#11549,1.);
#11549 = DIRECTION('',(-1.110223024625E-16,-1.,0.));
#11550 = ORIENTED_EDGE('',*,*,#9906,.T.);
#11551 = ORIENTED_EDGE('',*,*,#9929,.T.);
#11552 = PLANE('',#11553);
#11553 = AXIS2_PLACEMENT_3D('',#11554,#11555,#11556);
#11554 = CARTESIAN_POINT('',(-1.370662842485E-15,-12.7,0.9));
#11555 = DIRECTION('',(0.,0.,1.));
#11556 = DIRECTION('',(1.110223024625E-16,1.,-0.));
#11557 = ADVANCED_FACE('',(#11558),#11601,.T.);
#11558 = FACE_BOUND('',#11559,.T.);
#11559 = EDGE_LOOP('',(#11560,#11561,#11569,#11577,#11585,#11593,#11599,
    #11600));
#11560 = ORIENTED_EDGE('',*,*,#9962,.F.);
#11561 = ORIENTED_EDGE('',*,*,#11562,.T.);
#11562 = EDGE_CURVE('',#9963,#11563,#11565,.T.);
#11563 = VERTEX_POINT('',#11564);
#11564 = CARTESIAN_POINT('',(-0.1,-12.95,7.35));
#11565 = LINE('',#11566,#11567);
#11566 = CARTESIAN_POINT('',(-0.1,-13.,7.4));
#11567 = VECTOR('',#11568,1.);
#11568 = DIRECTION('',(7.850462293414E-17,0.707106781187,-0.707106781187
    ));
#11569 = ORIENTED_EDGE('',*,*,#11570,.T.);
#11570 = EDGE_CURVE('',#11563,#11571,#11573,.T.);
#11571 = VERTEX_POINT('',#11572);
#11572 = CARTESIAN_POINT('',(-0.1,-12.95,1.25));
#11573 = LINE('',#11574,#11575);
#11574 = CARTESIAN_POINT('',(-0.1,-12.95,7.35));
#11575 = VECTOR('',#11576,1.);
#11576 = DIRECTION('',(0.,0.,-1.));
#11577 = ORIENTED_EDGE('',*,*,#11578,.T.);
#11578 = EDGE_CURVE('',#11571,#11579,#11581,.T.);
#11579 = VERTEX_POINT('',#11580);
#11580 = CARTESIAN_POINT('',(-0.1,-12.45,1.25));
#11581 = LINE('',#11582,#11583);
#11582 = CARTESIAN_POINT('',(-0.1,-12.95,1.25));
#11583 = VECTOR('',#11584,1.);
#11584 = DIRECTION('',(1.110223024625E-16,1.,0.));
#11585 = ORIENTED_EDGE('',*,*,#11586,.T.);
#11586 = EDGE_CURVE('',#11579,#11587,#11589,.T.);
#11587 = VERTEX_POINT('',#11588);
#11588 = CARTESIAN_POINT('',(-0.1,-12.45,7.35));
#11589 = LINE('',#11590,#11591);
#11590 = CARTESIAN_POINT('',(-0.1,-12.45,1.25));
#11591 = VECTOR('',#11592,1.);
#11592 = DIRECTION('',(0.,0.,1.));
#11593 = ORIENTED_EDGE('',*,*,#11594,.T.);
#11594 = EDGE_CURVE('',#11587,#9891,#11595,.T.);
#11595 = LINE('',#11596,#11597);
#11596 = CARTESIAN_POINT('',(-0.1,-12.45,7.35));
#11597 = VECTOR('',#11598,1.);
#11598 = DIRECTION('',(7.850462293414E-17,0.707106781187,0.707106781187)
  );
#11599 = ORIENTED_EDGE('',*,*,#9898,.F.);
#11600 = ORIENTED_EDGE('',*,*,#11545,.T.);
#11601 = PLANE('',#11602);
#11602 = AXIS2_PLACEMENT_3D('',#11603,#11604,#11605);
#11603 = CARTESIAN_POINT('',(-0.1,-12.7,3.911477598424));
#11604 = DIRECTION('',(-1.,1.110223024625E-16,0.));
#11605 = DIRECTION('',(0.,0.,1.));
#11606 = ADVANCED_FACE('',(#11607),#11625,.T.);
#11607 = FACE_BOUND('',#11608,.T.);
#11608 = EDGE_LOOP('',(#11609,#11617,#11623,#11624));
#11609 = ORIENTED_EDGE('',*,*,#11610,.T.);
#11610 = EDGE_CURVE('',#11587,#11611,#11613,.T.);
#11611 = VERTEX_POINT('',#11612);
#11612 = CARTESIAN_POINT('',(0.1,-12.45,7.35));
#11613 = LINE('',#11614,#11615);
#11614 = CARTESIAN_POINT('',(-0.1,-12.45,7.35));
#11615 = VECTOR('',#11616,1.);
#11616 = DIRECTION('',(1.,-1.110223024625E-16,0.));
#11617 = ORIENTED_EDGE('',*,*,#11618,.T.);
#11618 = EDGE_CURVE('',#11611,#9883,#11619,.T.);
#11619 = LINE('',#11620,#11621);
#11620 = CARTESIAN_POINT('',(0.1,-12.45,7.35));
#11621 = VECTOR('',#11622,1.);
#11622 = DIRECTION('',(7.850462293414E-17,0.707106781187,0.707106781187)
  );
#11623 = ORIENTED_EDGE('',*,*,#9890,.F.);
#11624 = ORIENTED_EDGE('',*,*,#11594,.F.);
#11625 = PLANE('',#11626);
#11626 = AXIS2_PLACEMENT_3D('',#11627,#11628,#11629);
#11627 = CARTESIAN_POINT('',(-0.1,-12.45,7.35));
#11628 = DIRECTION('',(-7.850462293414E-17,-0.707106781187,
    0.707106781187));
#11629 = DIRECTION('',(7.850462293414E-17,0.707106781187,0.707106781187)
  );
#11630 = ADVANCED_FACE('',(#11631),#11667,.F.);
#11631 = FACE_BOUND('',#11632,.F.);
#11632 = EDGE_LOOP('',(#11633,#11634,#11642,#11650,#11658,#11664,#11665,
    #11666));
#11633 = ORIENTED_EDGE('',*,*,#9978,.F.);
#11634 = ORIENTED_EDGE('',*,*,#11635,.T.);
#11635 = EDGE_CURVE('',#9971,#11636,#11638,.T.);
#11636 = VERTEX_POINT('',#11637);
#11637 = CARTESIAN_POINT('',(0.1,-12.95,7.35));
#11638 = LINE('',#11639,#11640);
#11639 = CARTESIAN_POINT('',(0.1,-13.,7.4));
#11640 = VECTOR('',#11641,1.);
#11641 = DIRECTION('',(7.850462293414E-17,0.707106781187,-0.707106781187
    ));
#11642 = ORIENTED_EDGE('',*,*,#11643,.T.);
#11643 = EDGE_CURVE('',#11636,#11644,#11646,.T.);
#11644 = VERTEX_POINT('',#11645);
#11645 = CARTESIAN_POINT('',(0.1,-12.95,1.25));
#11646 = LINE('',#11647,#11648);
#11647 = CARTESIAN_POINT('',(0.1,-12.95,7.35));
#11648 = VECTOR('',#11649,1.);
#11649 = DIRECTION('',(0.,0.,-1.));
#11650 = ORIENTED_EDGE('',*,*,#11651,.T.);
#11651 = EDGE_CURVE('',#11644,#11652,#11654,.T.);
#11652 = VERTEX_POINT('',#11653);
#11653 = CARTESIAN_POINT('',(0.1,-12.45,1.25));
#11654 = LINE('',#11655,#11656);
#11655 = CARTESIAN_POINT('',(0.1,-12.95,1.25));
#11656 = VECTOR('',#11657,1.);
#11657 = DIRECTION('',(1.110223024625E-16,1.,0.));
#11658 = ORIENTED_EDGE('',*,*,#11659,.T.);
#11659 = EDGE_CURVE('',#11652,#11611,#11660,.T.);
#11660 = LINE('',#11661,#11662);
#11661 = CARTESIAN_POINT('',(0.1,-12.45,1.25));
#11662 = VECTOR('',#11663,1.);
#11663 = DIRECTION('',(0.,0.,1.));
#11664 = ORIENTED_EDGE('',*,*,#11618,.T.);
#11665 = ORIENTED_EDGE('',*,*,#9882,.F.);
#11666 = ORIENTED_EDGE('',*,*,#11530,.T.);
#11667 = PLANE('',#11668);
#11668 = AXIS2_PLACEMENT_3D('',#11669,#11670,#11671);
#11669 = CARTESIAN_POINT('',(0.1,-12.7,3.911477598424));
#11670 = DIRECTION('',(-1.,1.110223024625E-16,0.));
#11671 = DIRECTION('',(0.,0.,1.));
#11672 = ADVANCED_FACE('',(#11673),#11684,.T.);
#11673 = FACE_BOUND('',#11674,.T.);
#11674 = EDGE_LOOP('',(#11675,#11676,#11677,#11683));
#11675 = ORIENTED_EDGE('',*,*,#9970,.T.);
#11676 = ORIENTED_EDGE('',*,*,#11635,.T.);
#11677 = ORIENTED_EDGE('',*,*,#11678,.F.);
#11678 = EDGE_CURVE('',#11563,#11636,#11679,.T.);
#11679 = LINE('',#11680,#11681);
#11680 = CARTESIAN_POINT('',(-0.1,-12.95,7.35));
#11681 = VECTOR('',#11682,1.);
#11682 = DIRECTION('',(1.,-1.110223024625E-16,0.));
#11683 = ORIENTED_EDGE('',*,*,#11562,.F.);
#11684 = PLANE('',#11685);
#11685 = AXIS2_PLACEMENT_3D('',#11686,#11687,#11688);
#11686 = CARTESIAN_POINT('',(-0.1,-13.,7.4));
#11687 = DIRECTION('',(7.850462293414E-17,0.707106781187,0.707106781187)
  );
#11688 = DIRECTION('',(7.850462293414E-17,0.707106781187,-0.707106781187
    ));
#11689 = ADVANCED_FACE('',(#11690),#11701,.T.);
#11690 = FACE_BOUND('',#11691,.T.);
#11691 = EDGE_LOOP('',(#11692,#11693,#11694,#11695));
#11692 = ORIENTED_EDGE('',*,*,#10146,.T.);
#11693 = ORIENTED_EDGE('',*,*,#10009,.T.);
#11694 = ORIENTED_EDGE('',*,*,#10034,.T.);
#11695 = ORIENTED_EDGE('',*,*,#11696,.T.);
#11696 = EDGE_CURVE('',#10035,#10139,#11697,.T.);
#11697 = LINE('',#11698,#11699);
#11698 = CARTESIAN_POINT('',(0.1,-10.16,0.9));
#11699 = VECTOR('',#11700,1.);
#11700 = DIRECTION('',(-1.110223024625E-16,-1.,0.));
#11701 = PLANE('',#11702);
#11702 = AXIS2_PLACEMENT_3D('',#11703,#11704,#11705);
#11703 = CARTESIAN_POINT('',(-1.08866619423E-15,-10.16,0.9));
#11704 = DIRECTION('',(0.,0.,1.));
#11705 = DIRECTION('',(1.110223024625E-16,1.,-0.));
#11706 = ADVANCED_FACE('',(#11707),#11718,.T.);
#11707 = FACE_BOUND('',#11708,.T.);
#11708 = EDGE_LOOP('',(#11709,#11710,#11716,#11717));
#11709 = ORIENTED_EDGE('',*,*,#10114,.T.);
#11710 = ORIENTED_EDGE('',*,*,#11711,.F.);
#11711 = EDGE_CURVE('',#10059,#10115,#11712,.T.);
#11712 = LINE('',#11713,#11714);
#11713 = CARTESIAN_POINT('',(-0.1,-10.16,0.9));
#11714 = VECTOR('',#11715,1.);
#11715 = DIRECTION('',(-1.110223024625E-16,-1.,0.));
#11716 = ORIENTED_EDGE('',*,*,#10066,.T.);
#11717 = ORIENTED_EDGE('',*,*,#10089,.T.);
#11718 = PLANE('',#11719);
#11719 = AXIS2_PLACEMENT_3D('',#11720,#11721,#11722);
#11720 = CARTESIAN_POINT('',(-1.08866619423E-15,-10.16,0.9));
#11721 = DIRECTION('',(0.,0.,1.));
#11722 = DIRECTION('',(1.110223024625E-16,1.,-0.));
#11723 = ADVANCED_FACE('',(#11724),#11767,.T.);
#11724 = FACE_BOUND('',#11725,.T.);
#11725 = EDGE_LOOP('',(#11726,#11727,#11735,#11743,#11751,#11759,#11765,
    #11766));
#11726 = ORIENTED_EDGE('',*,*,#10122,.F.);
#11727 = ORIENTED_EDGE('',*,*,#11728,.T.);
#11728 = EDGE_CURVE('',#10123,#11729,#11731,.T.);
#11729 = VERTEX_POINT('',#11730);
#11730 = CARTESIAN_POINT('',(-0.1,-10.41,7.35));
#11731 = LINE('',#11732,#11733);
#11732 = CARTESIAN_POINT('',(-0.1,-10.46,7.4));
#11733 = VECTOR('',#11734,1.);
#11734 = DIRECTION('',(7.850462293414E-17,0.707106781187,-0.707106781187
    ));
#11735 = ORIENTED_EDGE('',*,*,#11736,.T.);
#11736 = EDGE_CURVE('',#11729,#11737,#11739,.T.);
#11737 = VERTEX_POINT('',#11738);
#11738 = CARTESIAN_POINT('',(-0.1,-10.41,1.25));
#11739 = LINE('',#11740,#11741);
#11740 = CARTESIAN_POINT('',(-0.1,-10.41,7.35));
#11741 = VECTOR('',#11742,1.);
#11742 = DIRECTION('',(0.,0.,-1.));
#11743 = ORIENTED_EDGE('',*,*,#11744,.T.);
#11744 = EDGE_CURVE('',#11737,#11745,#11747,.T.);
#11745 = VERTEX_POINT('',#11746);
#11746 = CARTESIAN_POINT('',(-0.1,-9.91,1.25));
#11747 = LINE('',#11748,#11749);
#11748 = CARTESIAN_POINT('',(-0.1,-10.41,1.25));
#11749 = VECTOR('',#11750,1.);
#11750 = DIRECTION('',(1.110223024625E-16,1.,0.));
#11751 = ORIENTED_EDGE('',*,*,#11752,.T.);
#11752 = EDGE_CURVE('',#11745,#11753,#11755,.T.);
#11753 = VERTEX_POINT('',#11754);
#11754 = CARTESIAN_POINT('',(-0.1,-9.91,7.35));
#11755 = LINE('',#11756,#11757);
#11756 = CARTESIAN_POINT('',(-0.1,-9.91,1.25));
#11757 = VECTOR('',#11758,1.);
#11758 = DIRECTION('',(0.,0.,1.));
#11759 = ORIENTED_EDGE('',*,*,#11760,.T.);
#11760 = EDGE_CURVE('',#11753,#10051,#11761,.T.);
#11761 = LINE('',#11762,#11763);
#11762 = CARTESIAN_POINT('',(-0.1,-9.91,7.35));
#11763 = VECTOR('',#11764,1.);
#11764 = DIRECTION('',(7.850462293414E-17,0.707106781187,0.707106781187)
  );
#11765 = ORIENTED_EDGE('',*,*,#10058,.F.);
#11766 = ORIENTED_EDGE('',*,*,#11711,.T.);
#11767 = PLANE('',#11768);
#11768 = AXIS2_PLACEMENT_3D('',#11769,#11770,#11771);
#11769 = CARTESIAN_POINT('',(-0.1,-10.16,3.911477598424));
#11770 = DIRECTION('',(-1.,1.110223024625E-16,0.));
#11771 = DIRECTION('',(0.,0.,1.));
#11772 = ADVANCED_FACE('',(#11773),#11791,.T.);
#11773 = FACE_BOUND('',#11774,.T.);
#11774 = EDGE_LOOP('',(#11775,#11783,#11789,#11790));
#11775 = ORIENTED_EDGE('',*,*,#11776,.T.);
#11776 = EDGE_CURVE('',#11753,#11777,#11779,.T.);
#11777 = VERTEX_POINT('',#11778);
#11778 = CARTESIAN_POINT('',(0.1,-9.91,7.35));
#11779 = LINE('',#11780,#11781);
#11780 = CARTESIAN_POINT('',(-0.1,-9.91,7.35));
#11781 = VECTOR('',#11782,1.);
#11782 = DIRECTION('',(1.,-1.110223024625E-16,0.));
#11783 = ORIENTED_EDGE('',*,*,#11784,.T.);
#11784 = EDGE_CURVE('',#11777,#10043,#11785,.T.);
#11785 = LINE('',#11786,#11787);
#11786 = CARTESIAN_POINT('',(0.1,-9.91,7.35));
#11787 = VECTOR('',#11788,1.);
#11788 = DIRECTION('',(7.850462293414E-17,0.707106781187,0.707106781187)
  );
#11789 = ORIENTED_EDGE('',*,*,#10050,.F.);
#11790 = ORIENTED_EDGE('',*,*,#11760,.F.);
#11791 = PLANE('',#11792);
#11792 = AXIS2_PLACEMENT_3D('',#11793,#11794,#11795);
#11793 = CARTESIAN_POINT('',(-0.1,-9.91,7.35));
#11794 = DIRECTION('',(-7.850462293414E-17,-0.707106781187,
    0.707106781187));
#11795 = DIRECTION('',(7.850462293414E-17,0.707106781187,0.707106781187)
  );
#11796 = ADVANCED_FACE('',(#11797),#11833,.F.);
#11797 = FACE_BOUND('',#11798,.F.);
#11798 = EDGE_LOOP('',(#11799,#11800,#11808,#11816,#11824,#11830,#11831,
    #11832));
#11799 = ORIENTED_EDGE('',*,*,#10138,.F.);
#11800 = ORIENTED_EDGE('',*,*,#11801,.T.);
#11801 = EDGE_CURVE('',#10131,#11802,#11804,.T.);
#11802 = VERTEX_POINT('',#11803);
#11803 = CARTESIAN_POINT('',(0.1,-10.41,7.35));
#11804 = LINE('',#11805,#11806);
#11805 = CARTESIAN_POINT('',(0.1,-10.46,7.4));
#11806 = VECTOR('',#11807,1.);
#11807 = DIRECTION('',(7.850462293414E-17,0.707106781187,-0.707106781187
    ));
#11808 = ORIENTED_EDGE('',*,*,#11809,.T.);
#11809 = EDGE_CURVE('',#11802,#11810,#11812,.T.);
#11810 = VERTEX_POINT('',#11811);
#11811 = CARTESIAN_POINT('',(0.1,-10.41,1.25));
#11812 = LINE('',#11813,#11814);
#11813 = CARTESIAN_POINT('',(0.1,-10.41,7.35));
#11814 = VECTOR('',#11815,1.);
#11815 = DIRECTION('',(0.,0.,-1.));
#11816 = ORIENTED_EDGE('',*,*,#11817,.T.);
#11817 = EDGE_CURVE('',#11810,#11818,#11820,.T.);
#11818 = VERTEX_POINT('',#11819);
#11819 = CARTESIAN_POINT('',(0.1,-9.91,1.25));
#11820 = LINE('',#11821,#11822);
#11821 = CARTESIAN_POINT('',(0.1,-10.41,1.25));
#11822 = VECTOR('',#11823,1.);
#11823 = DIRECTION('',(1.110223024625E-16,1.,0.));
#11824 = ORIENTED_EDGE('',*,*,#11825,.T.);
#11825 = EDGE_CURVE('',#11818,#11777,#11826,.T.);
#11826 = LINE('',#11827,#11828);
#11827 = CARTESIAN_POINT('',(0.1,-9.91,1.25));
#11828 = VECTOR('',#11829,1.);
#11829 = DIRECTION('',(0.,0.,1.));
#11830 = ORIENTED_EDGE('',*,*,#11784,.T.);
#11831 = ORIENTED_EDGE('',*,*,#10042,.F.);
#11832 = ORIENTED_EDGE('',*,*,#11696,.T.);
#11833 = PLANE('',#11834);
#11834 = AXIS2_PLACEMENT_3D('',#11835,#11836,#11837);
#11835 = CARTESIAN_POINT('',(0.1,-10.16,3.911477598424));
#11836 = DIRECTION('',(-1.,1.110223024625E-16,0.));
#11837 = DIRECTION('',(0.,0.,1.));
#11838 = ADVANCED_FACE('',(#11839),#11850,.T.);
#11839 = FACE_BOUND('',#11840,.T.);
#11840 = EDGE_LOOP('',(#11841,#11842,#11843,#11849));
#11841 = ORIENTED_EDGE('',*,*,#10130,.T.);
#11842 = ORIENTED_EDGE('',*,*,#11801,.T.);
#11843 = ORIENTED_EDGE('',*,*,#11844,.F.);
#11844 = EDGE_CURVE('',#11729,#11802,#11845,.T.);
#11845 = LINE('',#11846,#11847);
#11846 = CARTESIAN_POINT('',(-0.1,-10.41,7.35));
#11847 = VECTOR('',#11848,1.);
#11848 = DIRECTION('',(1.,-1.110223024625E-16,0.));
#11849 = ORIENTED_EDGE('',*,*,#11728,.F.);
#11850 = PLANE('',#11851);
#11851 = AXIS2_PLACEMENT_3D('',#11852,#11853,#11854);
#11852 = CARTESIAN_POINT('',(-0.1,-10.46,7.4));
#11853 = DIRECTION('',(7.850462293414E-17,0.707106781187,0.707106781187)
  );
#11854 = DIRECTION('',(7.850462293414E-17,0.707106781187,-0.707106781187
    ));
#11855 = ADVANCED_FACE('',(#11856),#11867,.T.);
#11856 = FACE_BOUND('',#11857,.T.);
#11857 = EDGE_LOOP('',(#11858,#11859,#11860,#11861));
#11858 = ORIENTED_EDGE('',*,*,#10306,.T.);
#11859 = ORIENTED_EDGE('',*,*,#10169,.T.);
#11860 = ORIENTED_EDGE('',*,*,#10194,.T.);
#11861 = ORIENTED_EDGE('',*,*,#11862,.T.);
#11862 = EDGE_CURVE('',#10195,#10299,#11863,.T.);
#11863 = LINE('',#11864,#11865);
#11864 = CARTESIAN_POINT('',(0.1,-7.62,0.9));
#11865 = VECTOR('',#11866,1.);
#11866 = DIRECTION('',(-1.110223024625E-16,-1.,0.));
#11867 = PLANE('',#11868);
#11868 = AXIS2_PLACEMENT_3D('',#11869,#11870,#11871);
#11869 = CARTESIAN_POINT('',(-8.066695459756E-16,-7.62,0.9));
#11870 = DIRECTION('',(0.,0.,1.));
#11871 = DIRECTION('',(1.110223024625E-16,1.,-0.));
#11872 = ADVANCED_FACE('',(#11873),#11884,.T.);
#11873 = FACE_BOUND('',#11874,.T.);
#11874 = EDGE_LOOP('',(#11875,#11876,#11882,#11883));
#11875 = ORIENTED_EDGE('',*,*,#10274,.T.);
#11876 = ORIENTED_EDGE('',*,*,#11877,.F.);
#11877 = EDGE_CURVE('',#10219,#10275,#11878,.T.);
#11878 = LINE('',#11879,#11880);
#11879 = CARTESIAN_POINT('',(-0.1,-7.62,0.9));
#11880 = VECTOR('',#11881,1.);
#11881 = DIRECTION('',(-1.110223024625E-16,-1.,0.));
#11882 = ORIENTED_EDGE('',*,*,#10226,.T.);
#11883 = ORIENTED_EDGE('',*,*,#10249,.T.);
#11884 = PLANE('',#11885);
#11885 = AXIS2_PLACEMENT_3D('',#11886,#11887,#11888);
#11886 = CARTESIAN_POINT('',(-8.066695459756E-16,-7.62,0.9));
#11887 = DIRECTION('',(0.,0.,1.));
#11888 = DIRECTION('',(1.110223024625E-16,1.,-0.));
#11889 = ADVANCED_FACE('',(#11890),#11933,.T.);
#11890 = FACE_BOUND('',#11891,.T.);
#11891 = EDGE_LOOP('',(#11892,#11893,#11901,#11909,#11917,#11925,#11931,
    #11932));
#11892 = ORIENTED_EDGE('',*,*,#10282,.F.);
#11893 = ORIENTED_EDGE('',*,*,#11894,.T.);
#11894 = EDGE_CURVE('',#10283,#11895,#11897,.T.);
#11895 = VERTEX_POINT('',#11896);
#11896 = CARTESIAN_POINT('',(-0.1,-7.87,7.35));
#11897 = LINE('',#11898,#11899);
#11898 = CARTESIAN_POINT('',(-0.1,-7.92,7.4));
#11899 = VECTOR('',#11900,1.);
#11900 = DIRECTION('',(7.850462293414E-17,0.707106781187,-0.707106781187
    ));
#11901 = ORIENTED_EDGE('',*,*,#11902,.T.);
#11902 = EDGE_CURVE('',#11895,#11903,#11905,.T.);
#11903 = VERTEX_POINT('',#11904);
#11904 = CARTESIAN_POINT('',(-0.1,-7.87,1.25));
#11905 = LINE('',#11906,#11907);
#11906 = CARTESIAN_POINT('',(-0.1,-7.87,7.35));
#11907 = VECTOR('',#11908,1.);
#11908 = DIRECTION('',(0.,0.,-1.));
#11909 = ORIENTED_EDGE('',*,*,#11910,.T.);
#11910 = EDGE_CURVE('',#11903,#11911,#11913,.T.);
#11911 = VERTEX_POINT('',#11912);
#11912 = CARTESIAN_POINT('',(-0.1,-7.37,1.25));
#11913 = LINE('',#11914,#11915);
#11914 = CARTESIAN_POINT('',(-0.1,-7.87,1.25));
#11915 = VECTOR('',#11916,1.);
#11916 = DIRECTION('',(1.110223024625E-16,1.,0.));
#11917 = ORIENTED_EDGE('',*,*,#11918,.T.);
#11918 = EDGE_CURVE('',#11911,#11919,#11921,.T.);
#11919 = VERTEX_POINT('',#11920);
#11920 = CARTESIAN_POINT('',(-0.1,-7.37,7.35));
#11921 = LINE('',#11922,#11923);
#11922 = CARTESIAN_POINT('',(-0.1,-7.37,1.25));
#11923 = VECTOR('',#11924,1.);
#11924 = DIRECTION('',(0.,0.,1.));
#11925 = ORIENTED_EDGE('',*,*,#11926,.T.);
#11926 = EDGE_CURVE('',#11919,#10211,#11927,.T.);
#11927 = LINE('',#11928,#11929);
#11928 = CARTESIAN_POINT('',(-0.1,-7.37,7.35));
#11929 = VECTOR('',#11930,1.);
#11930 = DIRECTION('',(7.850462293414E-17,0.707106781187,0.707106781187)
  );
#11931 = ORIENTED_EDGE('',*,*,#10218,.F.);
#11932 = ORIENTED_EDGE('',*,*,#11877,.T.);
#11933 = PLANE('',#11934);
#11934 = AXIS2_PLACEMENT_3D('',#11935,#11936,#11937);
#11935 = CARTESIAN_POINT('',(-0.1,-7.62,3.911477598424));
#11936 = DIRECTION('',(-1.,1.110223024625E-16,0.));
#11937 = DIRECTION('',(0.,0.,1.));
#11938 = ADVANCED_FACE('',(#11939),#11957,.T.);
#11939 = FACE_BOUND('',#11940,.T.);
#11940 = EDGE_LOOP('',(#11941,#11949,#11955,#11956));
#11941 = ORIENTED_EDGE('',*,*,#11942,.T.);
#11942 = EDGE_CURVE('',#11919,#11943,#11945,.T.);
#11943 = VERTEX_POINT('',#11944);
#11944 = CARTESIAN_POINT('',(0.1,-7.37,7.35));
#11945 = LINE('',#11946,#11947);
#11946 = CARTESIAN_POINT('',(-0.1,-7.37,7.35));
#11947 = VECTOR('',#11948,1.);
#11948 = DIRECTION('',(1.,-1.110223024625E-16,0.));
#11949 = ORIENTED_EDGE('',*,*,#11950,.T.);
#11950 = EDGE_CURVE('',#11943,#10203,#11951,.T.);
#11951 = LINE('',#11952,#11953);
#11952 = CARTESIAN_POINT('',(0.1,-7.37,7.35));
#11953 = VECTOR('',#11954,1.);
#11954 = DIRECTION('',(7.850462293414E-17,0.707106781187,0.707106781187)
  );
#11955 = ORIENTED_EDGE('',*,*,#10210,.F.);
#11956 = ORIENTED_EDGE('',*,*,#11926,.F.);
#11957 = PLANE('',#11958);
#11958 = AXIS2_PLACEMENT_3D('',#11959,#11960,#11961);
#11959 = CARTESIAN_POINT('',(-0.1,-7.37,7.35));
#11960 = DIRECTION('',(-7.850462293414E-17,-0.707106781187,
    0.707106781187));
#11961 = DIRECTION('',(7.850462293414E-17,0.707106781187,0.707106781187)
  );
#11962 = ADVANCED_FACE('',(#11963),#11999,.F.);
#11963 = FACE_BOUND('',#11964,.F.);
#11964 = EDGE_LOOP('',(#11965,#11966,#11974,#11982,#11990,#11996,#11997,
    #11998));
#11965 = ORIENTED_EDGE('',*,*,#10298,.F.);
#11966 = ORIENTED_EDGE('',*,*,#11967,.T.);
#11967 = EDGE_CURVE('',#10291,#11968,#11970,.T.);
#11968 = VERTEX_POINT('',#11969);
#11969 = CARTESIAN_POINT('',(0.1,-7.87,7.35));
#11970 = LINE('',#11971,#11972);
#11971 = CARTESIAN_POINT('',(0.1,-7.92,7.4));
#11972 = VECTOR('',#11973,1.);
#11973 = DIRECTION('',(7.850462293414E-17,0.707106781187,-0.707106781187
    ));
#11974 = ORIENTED_EDGE('',*,*,#11975,.T.);
#11975 = EDGE_CURVE('',#11968,#11976,#11978,.T.);
#11976 = VERTEX_POINT('',#11977);
#11977 = CARTESIAN_POINT('',(0.1,-7.87,1.25));
#11978 = LINE('',#11979,#11980);
#11979 = CARTESIAN_POINT('',(0.1,-7.87,7.35));
#11980 = VECTOR('',#11981,1.);
#11981 = DIRECTION('',(0.,0.,-1.));
#11982 = ORIENTED_EDGE('',*,*,#11983,.T.);
#11983 = EDGE_CURVE('',#11976,#11984,#11986,.T.);
#11984 = VERTEX_POINT('',#11985);
#11985 = CARTESIAN_POINT('',(0.1,-7.37,1.25));
#11986 = LINE('',#11987,#11988);
#11987 = CARTESIAN_POINT('',(0.1,-7.87,1.25));
#11988 = VECTOR('',#11989,1.);
#11989 = DIRECTION('',(1.110223024625E-16,1.,0.));
#11990 = ORIENTED_EDGE('',*,*,#11991,.T.);
#11991 = EDGE_CURVE('',#11984,#11943,#11992,.T.);
#11992 = LINE('',#11993,#11994);
#11993 = CARTESIAN_POINT('',(0.1,-7.37,1.25));
#11994 = VECTOR('',#11995,1.);
#11995 = DIRECTION('',(0.,0.,1.));
#11996 = ORIENTED_EDGE('',*,*,#11950,.T.);
#11997 = ORIENTED_EDGE('',*,*,#10202,.F.);
#11998 = ORIENTED_EDGE('',*,*,#11862,.T.);
#11999 = PLANE('',#12000);
#12000 = AXIS2_PLACEMENT_3D('',#12001,#12002,#12003);
#12001 = CARTESIAN_POINT('',(0.1,-7.62,3.911477598424));
#12002 = DIRECTION('',(-1.,1.110223024625E-16,0.));
#12003 = DIRECTION('',(0.,0.,1.));
#12004 = ADVANCED_FACE('',(#12005),#12016,.T.);
#12005 = FACE_BOUND('',#12006,.T.);
#12006 = EDGE_LOOP('',(#12007,#12008,#12009,#12015));
#12007 = ORIENTED_EDGE('',*,*,#10290,.T.);
#12008 = ORIENTED_EDGE('',*,*,#11967,.T.);
#12009 = ORIENTED_EDGE('',*,*,#12010,.F.);
#12010 = EDGE_CURVE('',#11895,#11968,#12011,.T.);
#12011 = LINE('',#12012,#12013);
#12012 = CARTESIAN_POINT('',(-0.1,-7.87,7.35));
#12013 = VECTOR('',#12014,1.);
#12014 = DIRECTION('',(1.,-1.110223024625E-16,0.));
#12015 = ORIENTED_EDGE('',*,*,#11894,.F.);
#12016 = PLANE('',#12017);
#12017 = AXIS2_PLACEMENT_3D('',#12018,#12019,#12020);
#12018 = CARTESIAN_POINT('',(-0.1,-7.92,7.4));
#12019 = DIRECTION('',(7.850462293414E-17,0.707106781187,0.707106781187)
  );
#12020 = DIRECTION('',(7.850462293414E-17,0.707106781187,-0.707106781187
    ));
#12021 = ADVANCED_FACE('',(#12022),#12033,.T.);
#12022 = FACE_BOUND('',#12023,.T.);
#12023 = EDGE_LOOP('',(#12024,#12025,#12026,#12027));
#12024 = ORIENTED_EDGE('',*,*,#10466,.T.);
#12025 = ORIENTED_EDGE('',*,*,#10329,.T.);
#12026 = ORIENTED_EDGE('',*,*,#10354,.T.);
#12027 = ORIENTED_EDGE('',*,*,#12028,.T.);
#12028 = EDGE_CURVE('',#10355,#10459,#12029,.T.);
#12029 = LINE('',#12030,#12031);
#12030 = CARTESIAN_POINT('',(0.1,-5.08,0.9));
#12031 = VECTOR('',#12032,1.);
#12032 = DIRECTION('',(-1.110223024625E-16,-1.,0.));
#12033 = PLANE('',#12034);
#12034 = AXIS2_PLACEMENT_3D('',#12035,#12036,#12037);
#12035 = CARTESIAN_POINT('',(-5.246728977208E-16,-5.08,0.9));
#12036 = DIRECTION('',(0.,0.,1.));
#12037 = DIRECTION('',(1.110223024625E-16,1.,-0.));
#12038 = ADVANCED_FACE('',(#12039),#12050,.T.);
#12039 = FACE_BOUND('',#12040,.T.);
#12040 = EDGE_LOOP('',(#12041,#12042,#12048,#12049));
#12041 = ORIENTED_EDGE('',*,*,#10434,.T.);
#12042 = ORIENTED_EDGE('',*,*,#12043,.F.);
#12043 = EDGE_CURVE('',#10379,#10435,#12044,.T.);
#12044 = LINE('',#12045,#12046);
#12045 = CARTESIAN_POINT('',(-0.1,-5.08,0.9));
#12046 = VECTOR('',#12047,1.);
#12047 = DIRECTION('',(-1.110223024625E-16,-1.,0.));
#12048 = ORIENTED_EDGE('',*,*,#10386,.T.);
#12049 = ORIENTED_EDGE('',*,*,#10409,.T.);
#12050 = PLANE('',#12051);
#12051 = AXIS2_PLACEMENT_3D('',#12052,#12053,#12054);
#12052 = CARTESIAN_POINT('',(-5.246728977208E-16,-5.08,0.9));
#12053 = DIRECTION('',(0.,0.,1.));
#12054 = DIRECTION('',(1.110223024625E-16,1.,-0.));
#12055 = ADVANCED_FACE('',(#12056),#12099,.T.);
#12056 = FACE_BOUND('',#12057,.T.);
#12057 = EDGE_LOOP('',(#12058,#12059,#12067,#12075,#12083,#12091,#12097,
    #12098));
#12058 = ORIENTED_EDGE('',*,*,#10442,.F.);
#12059 = ORIENTED_EDGE('',*,*,#12060,.T.);
#12060 = EDGE_CURVE('',#10443,#12061,#12063,.T.);
#12061 = VERTEX_POINT('',#12062);
#12062 = CARTESIAN_POINT('',(-0.1,-5.33,7.35));
#12063 = LINE('',#12064,#12065);
#12064 = CARTESIAN_POINT('',(-0.1,-5.38,7.4));
#12065 = VECTOR('',#12066,1.);
#12066 = DIRECTION('',(7.850462293414E-17,0.707106781187,-0.707106781187
    ));
#12067 = ORIENTED_EDGE('',*,*,#12068,.T.);
#12068 = EDGE_CURVE('',#12061,#12069,#12071,.T.);
#12069 = VERTEX_POINT('',#12070);
#12070 = CARTESIAN_POINT('',(-0.1,-5.33,1.25));
#12071 = LINE('',#12072,#12073);
#12072 = CARTESIAN_POINT('',(-0.1,-5.33,7.35));
#12073 = VECTOR('',#12074,1.);
#12074 = DIRECTION('',(0.,0.,-1.));
#12075 = ORIENTED_EDGE('',*,*,#12076,.T.);
#12076 = EDGE_CURVE('',#12069,#12077,#12079,.T.);
#12077 = VERTEX_POINT('',#12078);
#12078 = CARTESIAN_POINT('',(-0.1,-4.83,1.25));
#12079 = LINE('',#12080,#12081);
#12080 = CARTESIAN_POINT('',(-0.1,-5.33,1.25));
#12081 = VECTOR('',#12082,1.);
#12082 = DIRECTION('',(1.110223024625E-16,1.,0.));
#12083 = ORIENTED_EDGE('',*,*,#12084,.T.);
#12084 = EDGE_CURVE('',#12077,#12085,#12087,.T.);
#12085 = VERTEX_POINT('',#12086);
#12086 = CARTESIAN_POINT('',(-0.1,-4.83,7.35));
#12087 = LINE('',#12088,#12089);
#12088 = CARTESIAN_POINT('',(-0.1,-4.83,1.25));
#12089 = VECTOR('',#12090,1.);
#12090 = DIRECTION('',(0.,0.,1.));
#12091 = ORIENTED_EDGE('',*,*,#12092,.T.);
#12092 = EDGE_CURVE('',#12085,#10371,#12093,.T.);
#12093 = LINE('',#12094,#12095);
#12094 = CARTESIAN_POINT('',(-0.1,-4.83,7.35));
#12095 = VECTOR('',#12096,1.);
#12096 = DIRECTION('',(7.850462293414E-17,0.707106781187,0.707106781187)
  );
#12097 = ORIENTED_EDGE('',*,*,#10378,.F.);
#12098 = ORIENTED_EDGE('',*,*,#12043,.T.);
#12099 = PLANE('',#12100);
#12100 = AXIS2_PLACEMENT_3D('',#12101,#12102,#12103);
#12101 = CARTESIAN_POINT('',(-0.1,-5.08,3.911477598424));
#12102 = DIRECTION('',(-1.,1.110223024625E-16,0.));
#12103 = DIRECTION('',(0.,0.,1.));
#12104 = ADVANCED_FACE('',(#12105),#12123,.T.);
#12105 = FACE_BOUND('',#12106,.T.);
#12106 = EDGE_LOOP('',(#12107,#12115,#12121,#12122));
#12107 = ORIENTED_EDGE('',*,*,#12108,.T.);
#12108 = EDGE_CURVE('',#12085,#12109,#12111,.T.);
#12109 = VERTEX_POINT('',#12110);
#12110 = CARTESIAN_POINT('',(0.1,-4.83,7.35));
#12111 = LINE('',#12112,#12113);
#12112 = CARTESIAN_POINT('',(-0.1,-4.83,7.35));
#12113 = VECTOR('',#12114,1.);
#12114 = DIRECTION('',(1.,-1.110223024625E-16,0.));
#12115 = ORIENTED_EDGE('',*,*,#12116,.T.);
#12116 = EDGE_CURVE('',#12109,#10363,#12117,.T.);
#12117 = LINE('',#12118,#12119);
#12118 = CARTESIAN_POINT('',(0.1,-4.83,7.35));
#12119 = VECTOR('',#12120,1.);
#12120 = DIRECTION('',(7.850462293414E-17,0.707106781187,0.707106781187)
  );
#12121 = ORIENTED_EDGE('',*,*,#10370,.F.);
#12122 = ORIENTED_EDGE('',*,*,#12092,.F.);
#12123 = PLANE('',#12124);
#12124 = AXIS2_PLACEMENT_3D('',#12125,#12126,#12127);
#12125 = CARTESIAN_POINT('',(-0.1,-4.83,7.35));
#12126 = DIRECTION('',(-7.850462293414E-17,-0.707106781187,
    0.707106781187));
#12127 = DIRECTION('',(7.850462293414E-17,0.707106781187,0.707106781187)
  );
#12128 = ADVANCED_FACE('',(#12129),#12165,.F.);
#12129 = FACE_BOUND('',#12130,.F.);
#12130 = EDGE_LOOP('',(#12131,#12132,#12140,#12148,#12156,#12162,#12163,
    #12164));
#12131 = ORIENTED_EDGE('',*,*,#10458,.F.);
#12132 = ORIENTED_EDGE('',*,*,#12133,.T.);
#12133 = EDGE_CURVE('',#10451,#12134,#12136,.T.);
#12134 = VERTEX_POINT('',#12135);
#12135 = CARTESIAN_POINT('',(0.1,-5.33,7.35));
#12136 = LINE('',#12137,#12138);
#12137 = CARTESIAN_POINT('',(0.1,-5.38,7.4));
#12138 = VECTOR('',#12139,1.);
#12139 = DIRECTION('',(7.850462293414E-17,0.707106781187,-0.707106781187
    ));
#12140 = ORIENTED_EDGE('',*,*,#12141,.T.);
#12141 = EDGE_CURVE('',#12134,#12142,#12144,.T.);
#12142 = VERTEX_POINT('',#12143);
#12143 = CARTESIAN_POINT('',(0.1,-5.33,1.25));
#12144 = LINE('',#12145,#12146);
#12145 = CARTESIAN_POINT('',(0.1,-5.33,7.35));
#12146 = VECTOR('',#12147,1.);
#12147 = DIRECTION('',(0.,0.,-1.));
#12148 = ORIENTED_EDGE('',*,*,#12149,.T.);
#12149 = EDGE_CURVE('',#12142,#12150,#12152,.T.);
#12150 = VERTEX_POINT('',#12151);
#12151 = CARTESIAN_POINT('',(0.1,-4.83,1.25));
#12152 = LINE('',#12153,#12154);
#12153 = CARTESIAN_POINT('',(0.1,-5.33,1.25));
#12154 = VECTOR('',#12155,1.);
#12155 = DIRECTION('',(1.110223024625E-16,1.,0.));
#12156 = ORIENTED_EDGE('',*,*,#12157,.T.);
#12157 = EDGE_CURVE('',#12150,#12109,#12158,.T.);
#12158 = LINE('',#12159,#12160);
#12159 = CARTESIAN_POINT('',(0.1,-4.83,1.25));
#12160 = VECTOR('',#12161,1.);
#12161 = DIRECTION('',(0.,0.,1.));
#12162 = ORIENTED_EDGE('',*,*,#12116,.T.);
#12163 = ORIENTED_EDGE('',*,*,#10362,.F.);
#12164 = ORIENTED_EDGE('',*,*,#12028,.T.);
#12165 = PLANE('',#12166);
#12166 = AXIS2_PLACEMENT_3D('',#12167,#12168,#12169);
#12167 = CARTESIAN_POINT('',(0.1,-5.08,3.911477598424));
#12168 = DIRECTION('',(-1.,1.110223024625E-16,0.));
#12169 = DIRECTION('',(0.,0.,1.));
#12170 = ADVANCED_FACE('',(#12171),#12182,.T.);
#12171 = FACE_BOUND('',#12172,.T.);
#12172 = EDGE_LOOP('',(#12173,#12174,#12175,#12181));
#12173 = ORIENTED_EDGE('',*,*,#10450,.T.);
#12174 = ORIENTED_EDGE('',*,*,#12133,.T.);
#12175 = ORIENTED_EDGE('',*,*,#12176,.F.);
#12176 = EDGE_CURVE('',#12061,#12134,#12177,.T.);
#12177 = LINE('',#12178,#12179);
#12178 = CARTESIAN_POINT('',(-0.1,-5.33,7.35));
#12179 = VECTOR('',#12180,1.);
#12180 = DIRECTION('',(1.,-1.110223024625E-16,0.));
#12181 = ORIENTED_EDGE('',*,*,#12060,.F.);
#12182 = PLANE('',#12183);
#12183 = AXIS2_PLACEMENT_3D('',#12184,#12185,#12186);
#12184 = CARTESIAN_POINT('',(-0.1,-5.38,7.4));
#12185 = DIRECTION('',(7.850462293414E-17,0.707106781187,0.707106781187)
  );
#12186 = DIRECTION('',(7.850462293414E-17,0.707106781187,-0.707106781187
    ));
#12187 = ADVANCED_FACE('',(#12188),#12199,.T.);
#12188 = FACE_BOUND('',#12189,.T.);
#12189 = EDGE_LOOP('',(#12190,#12191,#12192,#12193));
#12190 = ORIENTED_EDGE('',*,*,#10626,.T.);
#12191 = ORIENTED_EDGE('',*,*,#10489,.T.);
#12192 = ORIENTED_EDGE('',*,*,#10514,.T.);
#12193 = ORIENTED_EDGE('',*,*,#12194,.T.);
#12194 = EDGE_CURVE('',#10515,#10619,#12195,.T.);
#12195 = LINE('',#12196,#12197);
#12196 = CARTESIAN_POINT('',(0.1,-2.54,0.9));
#12197 = VECTOR('',#12198,1.);
#12198 = DIRECTION('',(-1.110223024625E-16,-1.,0.));
#12199 = PLANE('',#12200);
#12200 = AXIS2_PLACEMENT_3D('',#12201,#12202,#12203);
#12201 = CARTESIAN_POINT('',(-2.42676249466E-16,-2.54,0.9));
#12202 = DIRECTION('',(0.,0.,1.));
#12203 = DIRECTION('',(1.110223024625E-16,1.,-0.));
#12204 = ADVANCED_FACE('',(#12205),#12216,.T.);
#12205 = FACE_BOUND('',#12206,.T.);
#12206 = EDGE_LOOP('',(#12207,#12208,#12214,#12215));
#12207 = ORIENTED_EDGE('',*,*,#10594,.T.);
#12208 = ORIENTED_EDGE('',*,*,#12209,.F.);
#12209 = EDGE_CURVE('',#10539,#10595,#12210,.T.);
#12210 = LINE('',#12211,#12212);
#12211 = CARTESIAN_POINT('',(-0.1,-2.54,0.9));
#12212 = VECTOR('',#12213,1.);
#12213 = DIRECTION('',(-1.110223024625E-16,-1.,0.));
#12214 = ORIENTED_EDGE('',*,*,#10546,.T.);
#12215 = ORIENTED_EDGE('',*,*,#10569,.T.);
#12216 = PLANE('',#12217);
#12217 = AXIS2_PLACEMENT_3D('',#12218,#12219,#12220);
#12218 = CARTESIAN_POINT('',(-2.42676249466E-16,-2.54,0.9));
#12219 = DIRECTION('',(0.,0.,1.));
#12220 = DIRECTION('',(1.110223024625E-16,1.,-0.));
#12221 = ADVANCED_FACE('',(#12222),#12265,.T.);
#12222 = FACE_BOUND('',#12223,.T.);
#12223 = EDGE_LOOP('',(#12224,#12225,#12233,#12241,#12249,#12257,#12263,
    #12264));
#12224 = ORIENTED_EDGE('',*,*,#10602,.F.);
#12225 = ORIENTED_EDGE('',*,*,#12226,.T.);
#12226 = EDGE_CURVE('',#10603,#12227,#12229,.T.);
#12227 = VERTEX_POINT('',#12228);
#12228 = CARTESIAN_POINT('',(-0.1,-2.79,7.35));
#12229 = LINE('',#12230,#12231);
#12230 = CARTESIAN_POINT('',(-0.1,-2.84,7.4));
#12231 = VECTOR('',#12232,1.);
#12232 = DIRECTION('',(7.850462293414E-17,0.707106781187,-0.707106781187
    ));
#12233 = ORIENTED_EDGE('',*,*,#12234,.T.);
#12234 = EDGE_CURVE('',#12227,#12235,#12237,.T.);
#12235 = VERTEX_POINT('',#12236);
#12236 = CARTESIAN_POINT('',(-0.1,-2.79,1.25));
#12237 = LINE('',#12238,#12239);
#12238 = CARTESIAN_POINT('',(-0.1,-2.79,7.35));
#12239 = VECTOR('',#12240,1.);
#12240 = DIRECTION('',(0.,0.,-1.));
#12241 = ORIENTED_EDGE('',*,*,#12242,.T.);
#12242 = EDGE_CURVE('',#12235,#12243,#12245,.T.);
#12243 = VERTEX_POINT('',#12244);
#12244 = CARTESIAN_POINT('',(-0.1,-2.29,1.25));
#12245 = LINE('',#12246,#12247);
#12246 = CARTESIAN_POINT('',(-0.1,-2.79,1.25));
#12247 = VECTOR('',#12248,1.);
#12248 = DIRECTION('',(1.110223024625E-16,1.,0.));
#12249 = ORIENTED_EDGE('',*,*,#12250,.T.);
#12250 = EDGE_CURVE('',#12243,#12251,#12253,.T.);
#12251 = VERTEX_POINT('',#12252);
#12252 = CARTESIAN_POINT('',(-0.1,-2.29,7.35));
#12253 = LINE('',#12254,#12255);
#12254 = CARTESIAN_POINT('',(-0.1,-2.29,1.25));
#12255 = VECTOR('',#12256,1.);
#12256 = DIRECTION('',(0.,0.,1.));
#12257 = ORIENTED_EDGE('',*,*,#12258,.T.);
#12258 = EDGE_CURVE('',#12251,#10531,#12259,.T.);
#12259 = LINE('',#12260,#12261);
#12260 = CARTESIAN_POINT('',(-0.1,-2.29,7.35));
#12261 = VECTOR('',#12262,1.);
#12262 = DIRECTION('',(7.850462293414E-17,0.707106781187,0.707106781187)
  );
#12263 = ORIENTED_EDGE('',*,*,#10538,.F.);
#12264 = ORIENTED_EDGE('',*,*,#12209,.T.);
#12265 = PLANE('',#12266);
#12266 = AXIS2_PLACEMENT_3D('',#12267,#12268,#12269);
#12267 = CARTESIAN_POINT('',(-0.1,-2.54,3.911477598424));
#12268 = DIRECTION('',(-1.,1.110223024625E-16,0.));
#12269 = DIRECTION('',(0.,0.,1.));
#12270 = ADVANCED_FACE('',(#12271),#12289,.T.);
#12271 = FACE_BOUND('',#12272,.T.);
#12272 = EDGE_LOOP('',(#12273,#12281,#12287,#12288));
#12273 = ORIENTED_EDGE('',*,*,#12274,.T.);
#12274 = EDGE_CURVE('',#12251,#12275,#12277,.T.);
#12275 = VERTEX_POINT('',#12276);
#12276 = CARTESIAN_POINT('',(0.1,-2.29,7.35));
#12277 = LINE('',#12278,#12279);
#12278 = CARTESIAN_POINT('',(-0.1,-2.29,7.35));
#12279 = VECTOR('',#12280,1.);
#12280 = DIRECTION('',(1.,-1.110223024625E-16,0.));
#12281 = ORIENTED_EDGE('',*,*,#12282,.T.);
#12282 = EDGE_CURVE('',#12275,#10523,#12283,.T.);
#12283 = LINE('',#12284,#12285);
#12284 = CARTESIAN_POINT('',(0.1,-2.29,7.35));
#12285 = VECTOR('',#12286,1.);
#12286 = DIRECTION('',(7.850462293414E-17,0.707106781187,0.707106781187)
  );
#12287 = ORIENTED_EDGE('',*,*,#10530,.F.);
#12288 = ORIENTED_EDGE('',*,*,#12258,.F.);
#12289 = PLANE('',#12290);
#12290 = AXIS2_PLACEMENT_3D('',#12291,#12292,#12293);
#12291 = CARTESIAN_POINT('',(-0.1,-2.29,7.35));
#12292 = DIRECTION('',(-7.850462293414E-17,-0.707106781187,
    0.707106781187));
#12293 = DIRECTION('',(7.850462293414E-17,0.707106781187,0.707106781187)
  );
#12294 = ADVANCED_FACE('',(#12295),#12331,.F.);
#12295 = FACE_BOUND('',#12296,.F.);
#12296 = EDGE_LOOP('',(#12297,#12298,#12306,#12314,#12322,#12328,#12329,
    #12330));
#12297 = ORIENTED_EDGE('',*,*,#10618,.F.);
#12298 = ORIENTED_EDGE('',*,*,#12299,.T.);
#12299 = EDGE_CURVE('',#10611,#12300,#12302,.T.);
#12300 = VERTEX_POINT('',#12301);
#12301 = CARTESIAN_POINT('',(0.1,-2.79,7.35));
#12302 = LINE('',#12303,#12304);
#12303 = CARTESIAN_POINT('',(0.1,-2.84,7.4));
#12304 = VECTOR('',#12305,1.);
#12305 = DIRECTION('',(7.850462293414E-17,0.707106781187,-0.707106781187
    ));
#12306 = ORIENTED_EDGE('',*,*,#12307,.T.);
#12307 = EDGE_CURVE('',#12300,#12308,#12310,.T.);
#12308 = VERTEX_POINT('',#12309);
#12309 = CARTESIAN_POINT('',(0.1,-2.79,1.25));
#12310 = LINE('',#12311,#12312);
#12311 = CARTESIAN_POINT('',(0.1,-2.79,7.35));
#12312 = VECTOR('',#12313,1.);
#12313 = DIRECTION('',(0.,0.,-1.));
#12314 = ORIENTED_EDGE('',*,*,#12315,.T.);
#12315 = EDGE_CURVE('',#12308,#12316,#12318,.T.);
#12316 = VERTEX_POINT('',#12317);
#12317 = CARTESIAN_POINT('',(0.1,-2.29,1.25));
#12318 = LINE('',#12319,#12320);
#12319 = CARTESIAN_POINT('',(0.1,-2.79,1.25));
#12320 = VECTOR('',#12321,1.);
#12321 = DIRECTION('',(1.110223024625E-16,1.,0.));
#12322 = ORIENTED_EDGE('',*,*,#12323,.T.);
#12323 = EDGE_CURVE('',#12316,#12275,#12324,.T.);
#12324 = LINE('',#12325,#12326);
#12325 = CARTESIAN_POINT('',(0.1,-2.29,1.25));
#12326 = VECTOR('',#12327,1.);
#12327 = DIRECTION('',(0.,0.,1.));
#12328 = ORIENTED_EDGE('',*,*,#12282,.T.);
#12329 = ORIENTED_EDGE('',*,*,#10522,.F.);
#12330 = ORIENTED_EDGE('',*,*,#12194,.T.);
#12331 = PLANE('',#12332);
#12332 = AXIS2_PLACEMENT_3D('',#12333,#12334,#12335);
#12333 = CARTESIAN_POINT('',(0.1,-2.54,3.911477598424));
#12334 = DIRECTION('',(-1.,1.110223024625E-16,0.));
#12335 = DIRECTION('',(0.,0.,1.));
#12336 = ADVANCED_FACE('',(#12337),#12348,.T.);
#12337 = FACE_BOUND('',#12338,.T.);
#12338 = EDGE_LOOP('',(#12339,#12340,#12341,#12347));
#12339 = ORIENTED_EDGE('',*,*,#10610,.T.);
#12340 = ORIENTED_EDGE('',*,*,#12299,.T.);
#12341 = ORIENTED_EDGE('',*,*,#12342,.F.);
#12342 = EDGE_CURVE('',#12227,#12300,#12343,.T.);
#12343 = LINE('',#12344,#12345);
#12344 = CARTESIAN_POINT('',(-0.1,-2.79,7.35));
#12345 = VECTOR('',#12346,1.);
#12346 = DIRECTION('',(1.,-1.110223024625E-16,0.));
#12347 = ORIENTED_EDGE('',*,*,#12226,.F.);
#12348 = PLANE('',#12349);
#12349 = AXIS2_PLACEMENT_3D('',#12350,#12351,#12352);
#12350 = CARTESIAN_POINT('',(-0.1,-2.84,7.4));
#12351 = DIRECTION('',(7.850462293414E-17,0.707106781187,0.707106781187)
  );
#12352 = DIRECTION('',(7.850462293414E-17,0.707106781187,-0.707106781187
    ));
#12353 = ADVANCED_FACE('',(#12354),#12365,.T.);
#12354 = FACE_BOUND('',#12355,.T.);
#12355 = EDGE_LOOP('',(#12356,#12357,#12358,#12359));
#12356 = ORIENTED_EDGE('',*,*,#10786,.T.);
#12357 = ORIENTED_EDGE('',*,*,#10649,.T.);
#12358 = ORIENTED_EDGE('',*,*,#10674,.T.);
#12359 = ORIENTED_EDGE('',*,*,#12360,.T.);
#12360 = EDGE_CURVE('',#10675,#10779,#12361,.T.);
#12361 = LINE('',#12362,#12363);
#12362 = CARTESIAN_POINT('',(0.1,8.770761894539E-16,0.9));
#12363 = VECTOR('',#12364,1.);
#12364 = DIRECTION('',(-1.110223024625E-16,-1.,0.));
#12365 = PLANE('',#12366);
#12366 = AXIS2_PLACEMENT_3D('',#12367,#12368,#12369);
#12367 = CARTESIAN_POINT('',(3.932039878881E-17,1.7763568394E-15,0.9));
#12368 = DIRECTION('',(0.,0.,1.));
#12369 = DIRECTION('',(1.110223024625E-16,1.,-0.));
#12370 = ADVANCED_FACE('',(#12371),#12382,.T.);
#12371 = FACE_BOUND('',#12372,.T.);
#12372 = EDGE_LOOP('',(#12373,#12374,#12380,#12381));
#12373 = ORIENTED_EDGE('',*,*,#10754,.T.);
#12374 = ORIENTED_EDGE('',*,*,#12375,.F.);
#12375 = EDGE_CURVE('',#10699,#10755,#12376,.T.);
#12376 = LINE('',#12377,#12378);
#12377 = CARTESIAN_POINT('',(-0.1,8.992806499464E-16,0.9));
#12378 = VECTOR('',#12379,1.);
#12379 = DIRECTION('',(-1.110223024625E-16,-1.,0.));
#12380 = ORIENTED_EDGE('',*,*,#10706,.T.);
#12381 = ORIENTED_EDGE('',*,*,#10729,.T.);
#12382 = PLANE('',#12383);
#12383 = AXIS2_PLACEMENT_3D('',#12384,#12385,#12386);
#12384 = CARTESIAN_POINT('',(3.932039878881E-17,1.7763568394E-15,0.9));
#12385 = DIRECTION('',(0.,0.,1.));
#12386 = DIRECTION('',(1.110223024625E-16,1.,-0.));
#12387 = ADVANCED_FACE('',(#12388),#12431,.T.);
#12388 = FACE_BOUND('',#12389,.T.);
#12389 = EDGE_LOOP('',(#12390,#12391,#12399,#12407,#12415,#12423,#12429,
    #12430));
#12390 = ORIENTED_EDGE('',*,*,#10762,.F.);
#12391 = ORIENTED_EDGE('',*,*,#12392,.T.);
#12392 = EDGE_CURVE('',#10763,#12393,#12395,.T.);
#12393 = VERTEX_POINT('',#12394);
#12394 = CARTESIAN_POINT('',(-0.1,-0.25,7.35));
#12395 = LINE('',#12396,#12397);
#12396 = CARTESIAN_POINT('',(-0.1,-0.3,7.4));
#12397 = VECTOR('',#12398,1.);
#12398 = DIRECTION('',(7.850462293414E-17,0.707106781187,-0.707106781187
    ));
#12399 = ORIENTED_EDGE('',*,*,#12400,.T.);
#12400 = EDGE_CURVE('',#12393,#12401,#12403,.T.);
#12401 = VERTEX_POINT('',#12402);
#12402 = CARTESIAN_POINT('',(-0.1,-0.25,1.25));
#12403 = LINE('',#12404,#12405);
#12404 = CARTESIAN_POINT('',(-0.1,-0.25,7.35));
#12405 = VECTOR('',#12406,1.);
#12406 = DIRECTION('',(0.,0.,-1.));
#12407 = ORIENTED_EDGE('',*,*,#12408,.T.);
#12408 = EDGE_CURVE('',#12401,#12409,#12411,.T.);
#12409 = VERTEX_POINT('',#12410);
#12410 = CARTESIAN_POINT('',(-0.1,0.25,1.25));
#12411 = LINE('',#12412,#12413);
#12412 = CARTESIAN_POINT('',(-0.1,-0.25,1.25));
#12413 = VECTOR('',#12414,1.);
#12414 = DIRECTION('',(1.110223024625E-16,1.,0.));
#12415 = ORIENTED_EDGE('',*,*,#12416,.T.);
#12416 = EDGE_CURVE('',#12409,#12417,#12419,.T.);
#12417 = VERTEX_POINT('',#12418);
#12418 = CARTESIAN_POINT('',(-0.1,0.25,7.35));
#12419 = LINE('',#12420,#12421);
#12420 = CARTESIAN_POINT('',(-0.1,0.25,1.25));
#12421 = VECTOR('',#12422,1.);
#12422 = DIRECTION('',(0.,0.,1.));
#12423 = ORIENTED_EDGE('',*,*,#12424,.T.);
#12424 = EDGE_CURVE('',#12417,#10691,#12425,.T.);
#12425 = LINE('',#12426,#12427);
#12426 = CARTESIAN_POINT('',(-0.1,0.25,7.35));
#12427 = VECTOR('',#12428,1.);
#12428 = DIRECTION('',(7.850462293414E-17,0.707106781187,0.707106781187)
  );
#12429 = ORIENTED_EDGE('',*,*,#10698,.F.);
#12430 = ORIENTED_EDGE('',*,*,#12375,.T.);
#12431 = PLANE('',#12432);
#12432 = AXIS2_PLACEMENT_3D('',#12433,#12434,#12435);
#12433 = CARTESIAN_POINT('',(-0.1,1.110223024625E-17,3.911477598424));
#12434 = DIRECTION('',(-1.,1.110223024625E-16,0.));
#12435 = DIRECTION('',(0.,0.,1.));
#12436 = ADVANCED_FACE('',(#12437),#12455,.T.);
#12437 = FACE_BOUND('',#12438,.T.);
#12438 = EDGE_LOOP('',(#12439,#12447,#12453,#12454));
#12439 = ORIENTED_EDGE('',*,*,#12440,.T.);
#12440 = EDGE_CURVE('',#12417,#12441,#12443,.T.);
#12441 = VERTEX_POINT('',#12442);
#12442 = CARTESIAN_POINT('',(0.1,0.25,7.35));
#12443 = LINE('',#12444,#12445);
#12444 = CARTESIAN_POINT('',(-0.1,0.25,7.35));
#12445 = VECTOR('',#12446,1.);
#12446 = DIRECTION('',(1.,-1.110223024625E-16,0.));
#12447 = ORIENTED_EDGE('',*,*,#12448,.T.);
#12448 = EDGE_CURVE('',#12441,#10683,#12449,.T.);
#12449 = LINE('',#12450,#12451);
#12450 = CARTESIAN_POINT('',(0.1,0.25,7.35));
#12451 = VECTOR('',#12452,1.);
#12452 = DIRECTION('',(7.850462293414E-17,0.707106781187,0.707106781187)
  );
#12453 = ORIENTED_EDGE('',*,*,#10690,.F.);
#12454 = ORIENTED_EDGE('',*,*,#12424,.F.);
#12455 = PLANE('',#12456);
#12456 = AXIS2_PLACEMENT_3D('',#12457,#12458,#12459);
#12457 = CARTESIAN_POINT('',(-0.1,0.25,7.35));
#12458 = DIRECTION('',(-7.850462293414E-17,-0.707106781187,
    0.707106781187));
#12459 = DIRECTION('',(7.850462293414E-17,0.707106781187,0.707106781187)
  );
#12460 = ADVANCED_FACE('',(#12461),#12497,.F.);
#12461 = FACE_BOUND('',#12462,.F.);
#12462 = EDGE_LOOP('',(#12463,#12464,#12472,#12480,#12488,#12494,#12495,
    #12496));
#12463 = ORIENTED_EDGE('',*,*,#10778,.F.);
#12464 = ORIENTED_EDGE('',*,*,#12465,.T.);
#12465 = EDGE_CURVE('',#10771,#12466,#12468,.T.);
#12466 = VERTEX_POINT('',#12467);
#12467 = CARTESIAN_POINT('',(0.1,-0.25,7.35));
#12468 = LINE('',#12469,#12470);
#12469 = CARTESIAN_POINT('',(0.1,-0.3,7.4));
#12470 = VECTOR('',#12471,1.);
#12471 = DIRECTION('',(7.850462293414E-17,0.707106781187,-0.707106781187
    ));
#12472 = ORIENTED_EDGE('',*,*,#12473,.T.);
#12473 = EDGE_CURVE('',#12466,#12474,#12476,.T.);
#12474 = VERTEX_POINT('',#12475);
#12475 = CARTESIAN_POINT('',(0.1,-0.25,1.25));
#12476 = LINE('',#12477,#12478);
#12477 = CARTESIAN_POINT('',(0.1,-0.25,7.35));
#12478 = VECTOR('',#12479,1.);
#12479 = DIRECTION('',(0.,0.,-1.));
#12480 = ORIENTED_EDGE('',*,*,#12481,.T.);
#12481 = EDGE_CURVE('',#12474,#12482,#12484,.T.);
#12482 = VERTEX_POINT('',#12483);
#12483 = CARTESIAN_POINT('',(0.1,0.25,1.25));
#12484 = LINE('',#12485,#12486);
#12485 = CARTESIAN_POINT('',(0.1,-0.25,1.25));
#12486 = VECTOR('',#12487,1.);
#12487 = DIRECTION('',(1.110223024625E-16,1.,0.));
#12488 = ORIENTED_EDGE('',*,*,#12489,.T.);
#12489 = EDGE_CURVE('',#12482,#12441,#12490,.T.);
#12490 = LINE('',#12491,#12492);
#12491 = CARTESIAN_POINT('',(0.1,0.25,1.25));
#12492 = VECTOR('',#12493,1.);
#12493 = DIRECTION('',(0.,0.,1.));
#12494 = ORIENTED_EDGE('',*,*,#12448,.T.);
#12495 = ORIENTED_EDGE('',*,*,#10682,.F.);
#12496 = ORIENTED_EDGE('',*,*,#12360,.T.);
#12497 = PLANE('',#12498);
#12498 = AXIS2_PLACEMENT_3D('',#12499,#12500,#12501);
#12499 = CARTESIAN_POINT('',(0.1,-1.110223024625E-17,3.911477598424));
#12500 = DIRECTION('',(-1.,1.110223024625E-16,0.));
#12501 = DIRECTION('',(0.,0.,1.));
#12502 = ADVANCED_FACE('',(#12503),#12514,.T.);
#12503 = FACE_BOUND('',#12504,.T.);
#12504 = EDGE_LOOP('',(#12505,#12506,#12507,#12513));
#12505 = ORIENTED_EDGE('',*,*,#10770,.T.);
#12506 = ORIENTED_EDGE('',*,*,#12465,.T.);
#12507 = ORIENTED_EDGE('',*,*,#12508,.F.);
#12508 = EDGE_CURVE('',#12393,#12466,#12509,.T.);
#12509 = LINE('',#12510,#12511);
#12510 = CARTESIAN_POINT('',(-0.1,-0.25,7.35));
#12511 = VECTOR('',#12512,1.);
#12512 = DIRECTION('',(1.,-1.110223024625E-16,0.));
#12513 = ORIENTED_EDGE('',*,*,#12392,.F.);
#12514 = PLANE('',#12515);
#12515 = AXIS2_PLACEMENT_3D('',#12516,#12517,#12518);
#12516 = CARTESIAN_POINT('',(-0.1,-0.3,7.4));
#12517 = DIRECTION('',(7.850462293414E-17,0.707106781187,0.707106781187)
  );
#12518 = DIRECTION('',(7.850462293414E-17,0.707106781187,-0.707106781187
    ));
#12519 = ADVANCED_FACE('',(#12520),#12531,.T.);
#12520 = FACE_BOUND('',#12521,.T.);
#12521 = EDGE_LOOP('',(#12522,#12528,#12529,#12530));
#12522 = ORIENTED_EDGE('',*,*,#12523,.T.);
#12523 = EDGE_CURVE('',#11413,#11486,#12524,.T.);
#12524 = LINE('',#12525,#12526);
#12525 = CARTESIAN_POINT('',(-0.1,-14.99,1.25));
#12526 = VECTOR('',#12527,1.);
#12527 = DIRECTION('',(1.,-1.110223024625E-16,0.));
#12528 = ORIENTED_EDGE('',*,*,#11493,.T.);
#12529 = ORIENTED_EDGE('',*,*,#11444,.F.);
#12530 = ORIENTED_EDGE('',*,*,#11420,.F.);
#12531 = PLANE('',#12532);
#12532 = AXIS2_PLACEMENT_3D('',#12533,#12534,#12535);
#12533 = CARTESIAN_POINT('',(-0.1,-14.99,1.25));
#12534 = DIRECTION('',(-1.110223024625E-16,-1.,0.));
#12535 = DIRECTION('',(0.,0.,1.));
#12536 = ADVANCED_FACE('',(#12537),#12548,.T.);
#12537 = FACE_BOUND('',#12538,.T.);
#12538 = EDGE_LOOP('',(#12539,#12545,#12546,#12547));
#12539 = ORIENTED_EDGE('',*,*,#12540,.T.);
#12540 = EDGE_CURVE('',#11405,#11478,#12541,.T.);
#12541 = LINE('',#12542,#12543);
#12542 = CARTESIAN_POINT('',(-0.1,-15.49,1.25));
#12543 = VECTOR('',#12544,1.);
#12544 = DIRECTION('',(1.,-1.110223024625E-16,0.));
#12545 = ORIENTED_EDGE('',*,*,#11485,.T.);
#12546 = ORIENTED_EDGE('',*,*,#12523,.F.);
#12547 = ORIENTED_EDGE('',*,*,#11412,.F.);
#12548 = PLANE('',#12549);
#12549 = AXIS2_PLACEMENT_3D('',#12550,#12551,#12552);
#12550 = CARTESIAN_POINT('',(-0.1,-15.49,1.25));
#12551 = DIRECTION('',(0.,0.,1.));
#12552 = DIRECTION('',(1.110223024625E-16,1.,-0.));
#12553 = ADVANCED_FACE('',(#12554),#12560,.T.);
#12554 = FACE_BOUND('',#12555,.T.);
#12555 = EDGE_LOOP('',(#12556,#12557,#12558,#12559));
#12556 = ORIENTED_EDGE('',*,*,#11512,.T.);
#12557 = ORIENTED_EDGE('',*,*,#11477,.T.);
#12558 = ORIENTED_EDGE('',*,*,#12540,.F.);
#12559 = ORIENTED_EDGE('',*,*,#11404,.F.);
#12560 = PLANE('',#12561);
#12561 = AXIS2_PLACEMENT_3D('',#12562,#12563,#12564);
#12562 = CARTESIAN_POINT('',(-0.1,-15.49,7.35));
#12563 = DIRECTION('',(1.110223024625E-16,1.,0.));
#12564 = DIRECTION('',(0.,0.,-1.));
#12565 = ADVANCED_FACE('',(#12566),#12577,.T.);
#12566 = FACE_BOUND('',#12567,.T.);
#12567 = EDGE_LOOP('',(#12568,#12574,#12575,#12576));
#12568 = ORIENTED_EDGE('',*,*,#12569,.T.);
#12569 = EDGE_CURVE('',#11579,#11652,#12570,.T.);
#12570 = LINE('',#12571,#12572);
#12571 = CARTESIAN_POINT('',(-0.1,-12.45,1.25));
#12572 = VECTOR('',#12573,1.);
#12573 = DIRECTION('',(1.,-1.110223024625E-16,0.));
#12574 = ORIENTED_EDGE('',*,*,#11659,.T.);
#12575 = ORIENTED_EDGE('',*,*,#11610,.F.);
#12576 = ORIENTED_EDGE('',*,*,#11586,.F.);
#12577 = PLANE('',#12578);
#12578 = AXIS2_PLACEMENT_3D('',#12579,#12580,#12581);
#12579 = CARTESIAN_POINT('',(-0.1,-12.45,1.25));
#12580 = DIRECTION('',(-1.110223024625E-16,-1.,0.));
#12581 = DIRECTION('',(0.,0.,1.));
#12582 = ADVANCED_FACE('',(#12583),#12594,.T.);
#12583 = FACE_BOUND('',#12584,.T.);
#12584 = EDGE_LOOP('',(#12585,#12591,#12592,#12593));
#12585 = ORIENTED_EDGE('',*,*,#12586,.T.);
#12586 = EDGE_CURVE('',#11571,#11644,#12587,.T.);
#12587 = LINE('',#12588,#12589);
#12588 = CARTESIAN_POINT('',(-0.1,-12.95,1.25));
#12589 = VECTOR('',#12590,1.);
#12590 = DIRECTION('',(1.,-1.110223024625E-16,0.));
#12591 = ORIENTED_EDGE('',*,*,#11651,.T.);
#12592 = ORIENTED_EDGE('',*,*,#12569,.F.);
#12593 = ORIENTED_EDGE('',*,*,#11578,.F.);
#12594 = PLANE('',#12595);
#12595 = AXIS2_PLACEMENT_3D('',#12596,#12597,#12598);
#12596 = CARTESIAN_POINT('',(-0.1,-12.95,1.25));
#12597 = DIRECTION('',(0.,0.,1.));
#12598 = DIRECTION('',(1.110223024625E-16,1.,-0.));
#12599 = ADVANCED_FACE('',(#12600),#12606,.T.);
#12600 = FACE_BOUND('',#12601,.T.);
#12601 = EDGE_LOOP('',(#12602,#12603,#12604,#12605));
#12602 = ORIENTED_EDGE('',*,*,#11678,.T.);
#12603 = ORIENTED_EDGE('',*,*,#11643,.T.);
#12604 = ORIENTED_EDGE('',*,*,#12586,.F.);
#12605 = ORIENTED_EDGE('',*,*,#11570,.F.);
#12606 = PLANE('',#12607);
#12607 = AXIS2_PLACEMENT_3D('',#12608,#12609,#12610);
#12608 = CARTESIAN_POINT('',(-0.1,-12.95,7.35));
#12609 = DIRECTION('',(1.110223024625E-16,1.,0.));
#12610 = DIRECTION('',(0.,0.,-1.));
#12611 = ADVANCED_FACE('',(#12612),#12623,.T.);
#12612 = FACE_BOUND('',#12613,.T.);
#12613 = EDGE_LOOP('',(#12614,#12620,#12621,#12622));
#12614 = ORIENTED_EDGE('',*,*,#12615,.T.);
#12615 = EDGE_CURVE('',#11745,#11818,#12616,.T.);
#12616 = LINE('',#12617,#12618);
#12617 = CARTESIAN_POINT('',(-0.1,-9.91,1.25));
#12618 = VECTOR('',#12619,1.);
#12619 = DIRECTION('',(1.,-1.110223024625E-16,0.));
#12620 = ORIENTED_EDGE('',*,*,#11825,.T.);
#12621 = ORIENTED_EDGE('',*,*,#11776,.F.);
#12622 = ORIENTED_EDGE('',*,*,#11752,.F.);
#12623 = PLANE('',#12624);
#12624 = AXIS2_PLACEMENT_3D('',#12625,#12626,#12627);
#12625 = CARTESIAN_POINT('',(-0.1,-9.91,1.25));
#12626 = DIRECTION('',(-1.110223024625E-16,-1.,0.));
#12627 = DIRECTION('',(0.,0.,1.));
#12628 = ADVANCED_FACE('',(#12629),#12640,.T.);
#12629 = FACE_BOUND('',#12630,.T.);
#12630 = EDGE_LOOP('',(#12631,#12637,#12638,#12639));
#12631 = ORIENTED_EDGE('',*,*,#12632,.T.);
#12632 = EDGE_CURVE('',#11737,#11810,#12633,.T.);
#12633 = LINE('',#12634,#12635);
#12634 = CARTESIAN_POINT('',(-0.1,-10.41,1.25));
#12635 = VECTOR('',#12636,1.);
#12636 = DIRECTION('',(1.,-1.110223024625E-16,0.));
#12637 = ORIENTED_EDGE('',*,*,#11817,.T.);
#12638 = ORIENTED_EDGE('',*,*,#12615,.F.);
#12639 = ORIENTED_EDGE('',*,*,#11744,.F.);
#12640 = PLANE('',#12641);
#12641 = AXIS2_PLACEMENT_3D('',#12642,#12643,#12644);
#12642 = CARTESIAN_POINT('',(-0.1,-10.41,1.25));
#12643 = DIRECTION('',(0.,0.,1.));
#12644 = DIRECTION('',(1.110223024625E-16,1.,-0.));
#12645 = ADVANCED_FACE('',(#12646),#12652,.T.);
#12646 = FACE_BOUND('',#12647,.T.);
#12647 = EDGE_LOOP('',(#12648,#12649,#12650,#12651));
#12648 = ORIENTED_EDGE('',*,*,#11844,.T.);
#12649 = ORIENTED_EDGE('',*,*,#11809,.T.);
#12650 = ORIENTED_EDGE('',*,*,#12632,.F.);
#12651 = ORIENTED_EDGE('',*,*,#11736,.F.);
#12652 = PLANE('',#12653);
#12653 = AXIS2_PLACEMENT_3D('',#12654,#12655,#12656);
#12654 = CARTESIAN_POINT('',(-0.1,-10.41,7.35));
#12655 = DIRECTION('',(1.110223024625E-16,1.,0.));
#12656 = DIRECTION('',(0.,0.,-1.));
#12657 = ADVANCED_FACE('',(#12658),#12669,.T.);
#12658 = FACE_BOUND('',#12659,.T.);
#12659 = EDGE_LOOP('',(#12660,#12666,#12667,#12668));
#12660 = ORIENTED_EDGE('',*,*,#12661,.T.);
#12661 = EDGE_CURVE('',#11911,#11984,#12662,.T.);
#12662 = LINE('',#12663,#12664);
#12663 = CARTESIAN_POINT('',(-0.1,-7.37,1.25));
#12664 = VECTOR('',#12665,1.);
#12665 = DIRECTION('',(1.,-1.110223024625E-16,0.));
#12666 = ORIENTED_EDGE('',*,*,#11991,.T.);
#12667 = ORIENTED_EDGE('',*,*,#11942,.F.);
#12668 = ORIENTED_EDGE('',*,*,#11918,.F.);
#12669 = PLANE('',#12670);
#12670 = AXIS2_PLACEMENT_3D('',#12671,#12672,#12673);
#12671 = CARTESIAN_POINT('',(-0.1,-7.37,1.25));
#12672 = DIRECTION('',(-1.110223024625E-16,-1.,0.));
#12673 = DIRECTION('',(0.,0.,1.));
#12674 = ADVANCED_FACE('',(#12675),#12686,.T.);
#12675 = FACE_BOUND('',#12676,.T.);
#12676 = EDGE_LOOP('',(#12677,#12683,#12684,#12685));
#12677 = ORIENTED_EDGE('',*,*,#12678,.T.);
#12678 = EDGE_CURVE('',#11903,#11976,#12679,.T.);
#12679 = LINE('',#12680,#12681);
#12680 = CARTESIAN_POINT('',(-0.1,-7.87,1.25));
#12681 = VECTOR('',#12682,1.);
#12682 = DIRECTION('',(1.,-1.110223024625E-16,0.));
#12683 = ORIENTED_EDGE('',*,*,#11983,.T.);
#12684 = ORIENTED_EDGE('',*,*,#12661,.F.);
#12685 = ORIENTED_EDGE('',*,*,#11910,.F.);
#12686 = PLANE('',#12687);
#12687 = AXIS2_PLACEMENT_3D('',#12688,#12689,#12690);
#12688 = CARTESIAN_POINT('',(-0.1,-7.87,1.25));
#12689 = DIRECTION('',(0.,0.,1.));
#12690 = DIRECTION('',(1.110223024625E-16,1.,-0.));
#12691 = ADVANCED_FACE('',(#12692),#12698,.T.);
#12692 = FACE_BOUND('',#12693,.T.);
#12693 = EDGE_LOOP('',(#12694,#12695,#12696,#12697));
#12694 = ORIENTED_EDGE('',*,*,#12010,.T.);
#12695 = ORIENTED_EDGE('',*,*,#11975,.T.);
#12696 = ORIENTED_EDGE('',*,*,#12678,.F.);
#12697 = ORIENTED_EDGE('',*,*,#11902,.F.);
#12698 = PLANE('',#12699);
#12699 = AXIS2_PLACEMENT_3D('',#12700,#12701,#12702);
#12700 = CARTESIAN_POINT('',(-0.1,-7.87,7.35));
#12701 = DIRECTION('',(1.110223024625E-16,1.,0.));
#12702 = DIRECTION('',(0.,0.,-1.));
#12703 = ADVANCED_FACE('',(#12704),#12715,.T.);
#12704 = FACE_BOUND('',#12705,.T.);
#12705 = EDGE_LOOP('',(#12706,#12712,#12713,#12714));
#12706 = ORIENTED_EDGE('',*,*,#12707,.T.);
#12707 = EDGE_CURVE('',#12077,#12150,#12708,.T.);
#12708 = LINE('',#12709,#12710);
#12709 = CARTESIAN_POINT('',(-0.1,-4.83,1.25));
#12710 = VECTOR('',#12711,1.);
#12711 = DIRECTION('',(1.,-1.110223024625E-16,0.));
#12712 = ORIENTED_EDGE('',*,*,#12157,.T.);
#12713 = ORIENTED_EDGE('',*,*,#12108,.F.);
#12714 = ORIENTED_EDGE('',*,*,#12084,.F.);
#12715 = PLANE('',#12716);
#12716 = AXIS2_PLACEMENT_3D('',#12717,#12718,#12719);
#12717 = CARTESIAN_POINT('',(-0.1,-4.83,1.25));
#12718 = DIRECTION('',(-1.110223024625E-16,-1.,0.));
#12719 = DIRECTION('',(0.,0.,1.));
#12720 = ADVANCED_FACE('',(#12721),#12732,.T.);
#12721 = FACE_BOUND('',#12722,.T.);
#12722 = EDGE_LOOP('',(#12723,#12729,#12730,#12731));
#12723 = ORIENTED_EDGE('',*,*,#12724,.T.);
#12724 = EDGE_CURVE('',#12069,#12142,#12725,.T.);
#12725 = LINE('',#12726,#12727);
#12726 = CARTESIAN_POINT('',(-0.1,-5.33,1.25));
#12727 = VECTOR('',#12728,1.);
#12728 = DIRECTION('',(1.,-1.110223024625E-16,0.));
#12729 = ORIENTED_EDGE('',*,*,#12149,.T.);
#12730 = ORIENTED_EDGE('',*,*,#12707,.F.);
#12731 = ORIENTED_EDGE('',*,*,#12076,.F.);
#12732 = PLANE('',#12733);
#12733 = AXIS2_PLACEMENT_3D('',#12734,#12735,#12736);
#12734 = CARTESIAN_POINT('',(-0.1,-5.33,1.25));
#12735 = DIRECTION('',(0.,0.,1.));
#12736 = DIRECTION('',(1.110223024625E-16,1.,-0.));
#12737 = ADVANCED_FACE('',(#12738),#12744,.T.);
#12738 = FACE_BOUND('',#12739,.T.);
#12739 = EDGE_LOOP('',(#12740,#12741,#12742,#12743));
#12740 = ORIENTED_EDGE('',*,*,#12176,.T.);
#12741 = ORIENTED_EDGE('',*,*,#12141,.T.);
#12742 = ORIENTED_EDGE('',*,*,#12724,.F.);
#12743 = ORIENTED_EDGE('',*,*,#12068,.F.);
#12744 = PLANE('',#12745);
#12745 = AXIS2_PLACEMENT_3D('',#12746,#12747,#12748);
#12746 = CARTESIAN_POINT('',(-0.1,-5.33,7.35));
#12747 = DIRECTION('',(1.110223024625E-16,1.,0.));
#12748 = DIRECTION('',(0.,0.,-1.));
#12749 = ADVANCED_FACE('',(#12750),#12761,.T.);
#12750 = FACE_BOUND('',#12751,.T.);
#12751 = EDGE_LOOP('',(#12752,#12758,#12759,#12760));
#12752 = ORIENTED_EDGE('',*,*,#12753,.T.);
#12753 = EDGE_CURVE('',#12243,#12316,#12754,.T.);
#12754 = LINE('',#12755,#12756);
#12755 = CARTESIAN_POINT('',(-0.1,-2.29,1.25));
#12756 = VECTOR('',#12757,1.);
#12757 = DIRECTION('',(1.,-1.110223024625E-16,0.));
#12758 = ORIENTED_EDGE('',*,*,#12323,.T.);
#12759 = ORIENTED_EDGE('',*,*,#12274,.F.);
#12760 = ORIENTED_EDGE('',*,*,#12250,.F.);
#12761 = PLANE('',#12762);
#12762 = AXIS2_PLACEMENT_3D('',#12763,#12764,#12765);
#12763 = CARTESIAN_POINT('',(-0.1,-2.29,1.25));
#12764 = DIRECTION('',(-1.110223024625E-16,-1.,0.));
#12765 = DIRECTION('',(0.,0.,1.));
#12766 = ADVANCED_FACE('',(#12767),#12778,.T.);
#12767 = FACE_BOUND('',#12768,.T.);
#12768 = EDGE_LOOP('',(#12769,#12775,#12776,#12777));
#12769 = ORIENTED_EDGE('',*,*,#12770,.T.);
#12770 = EDGE_CURVE('',#12235,#12308,#12771,.T.);
#12771 = LINE('',#12772,#12773);
#12772 = CARTESIAN_POINT('',(-0.1,-2.79,1.25));
#12773 = VECTOR('',#12774,1.);
#12774 = DIRECTION('',(1.,-1.110223024625E-16,0.));
#12775 = ORIENTED_EDGE('',*,*,#12315,.T.);
#12776 = ORIENTED_EDGE('',*,*,#12753,.F.);
#12777 = ORIENTED_EDGE('',*,*,#12242,.F.);
#12778 = PLANE('',#12779);
#12779 = AXIS2_PLACEMENT_3D('',#12780,#12781,#12782);
#12780 = CARTESIAN_POINT('',(-0.1,-2.79,1.25));
#12781 = DIRECTION('',(0.,0.,1.));
#12782 = DIRECTION('',(1.110223024625E-16,1.,-0.));
#12783 = ADVANCED_FACE('',(#12784),#12790,.T.);
#12784 = FACE_BOUND('',#12785,.T.);
#12785 = EDGE_LOOP('',(#12786,#12787,#12788,#12789));
#12786 = ORIENTED_EDGE('',*,*,#12342,.T.);
#12787 = ORIENTED_EDGE('',*,*,#12307,.T.);
#12788 = ORIENTED_EDGE('',*,*,#12770,.F.);
#12789 = ORIENTED_EDGE('',*,*,#12234,.F.);
#12790 = PLANE('',#12791);
#12791 = AXIS2_PLACEMENT_3D('',#12792,#12793,#12794);
#12792 = CARTESIAN_POINT('',(-0.1,-2.79,7.35));
#12793 = DIRECTION('',(1.110223024625E-16,1.,0.));
#12794 = DIRECTION('',(0.,0.,-1.));
#12795 = ADVANCED_FACE('',(#12796),#12807,.T.);
#12796 = FACE_BOUND('',#12797,.T.);
#12797 = EDGE_LOOP('',(#12798,#12804,#12805,#12806));
#12798 = ORIENTED_EDGE('',*,*,#12799,.T.);
#12799 = EDGE_CURVE('',#12409,#12482,#12800,.T.);
#12800 = LINE('',#12801,#12802);
#12801 = CARTESIAN_POINT('',(-0.1,0.25,1.25));
#12802 = VECTOR('',#12803,1.);
#12803 = DIRECTION('',(1.,-1.110223024625E-16,0.));
#12804 = ORIENTED_EDGE('',*,*,#12489,.T.);
#12805 = ORIENTED_EDGE('',*,*,#12440,.F.);
#12806 = ORIENTED_EDGE('',*,*,#12416,.F.);
#12807 = PLANE('',#12808);
#12808 = AXIS2_PLACEMENT_3D('',#12809,#12810,#12811);
#12809 = CARTESIAN_POINT('',(-0.1,0.25,1.25));
#12810 = DIRECTION('',(-1.110223024625E-16,-1.,0.));
#12811 = DIRECTION('',(0.,0.,1.));
#12812 = ADVANCED_FACE('',(#12813),#12824,.T.);
#12813 = FACE_BOUND('',#12814,.T.);
#12814 = EDGE_LOOP('',(#12815,#12821,#12822,#12823));
#12815 = ORIENTED_EDGE('',*,*,#12816,.T.);
#12816 = EDGE_CURVE('',#12401,#12474,#12817,.T.);
#12817 = LINE('',#12818,#12819);
#12818 = CARTESIAN_POINT('',(-0.1,-0.25,1.25));
#12819 = VECTOR('',#12820,1.);
#12820 = DIRECTION('',(1.,-1.110223024625E-16,0.));
#12821 = ORIENTED_EDGE('',*,*,#12481,.T.);
#12822 = ORIENTED_EDGE('',*,*,#12799,.F.);
#12823 = ORIENTED_EDGE('',*,*,#12408,.F.);
#12824 = PLANE('',#12825);
#12825 = AXIS2_PLACEMENT_3D('',#12826,#12827,#12828);
#12826 = CARTESIAN_POINT('',(-0.1,-0.25,1.25));
#12827 = DIRECTION('',(0.,0.,1.));
#12828 = DIRECTION('',(1.110223024625E-16,1.,-0.));
#12829 = ADVANCED_FACE('',(#12830),#12836,.T.);
#12830 = FACE_BOUND('',#12831,.T.);
#12831 = EDGE_LOOP('',(#12832,#12833,#12834,#12835));
#12832 = ORIENTED_EDGE('',*,*,#12508,.T.);
#12833 = ORIENTED_EDGE('',*,*,#12473,.T.);
#12834 = ORIENTED_EDGE('',*,*,#12816,.F.);
#12835 = ORIENTED_EDGE('',*,*,#12400,.F.);
#12836 = PLANE('',#12837);
#12837 = AXIS2_PLACEMENT_3D('',#12838,#12839,#12840);
#12838 = CARTESIAN_POINT('',(-0.1,-0.25,7.35));
#12839 = DIRECTION('',(1.110223024625E-16,1.,0.));
#12840 = DIRECTION('',(0.,0.,-1.));
#12841 = ( GEOMETRIC_REPRESENTATION_CONTEXT(3) 
GLOBAL_UNCERTAINTY_ASSIGNED_CONTEXT((#12845)) 
GLOBAL_UNIT_ASSIGNED_CONTEXT((#12842,#12843,#12844)) 
REPRESENTATION_CONTEXT('Context #1',
  '3D Context with UNIT and UNCERTAINTY') );
#12842 = ( LENGTH_UNIT() NAMED_UNIT(*) SI_UNIT(.MILLI.,.METRE.) );
#12843 = ( NAMED_UNIT(*) PLANE_ANGLE_UNIT() SI_UNIT($,.RADIAN.) );
#12844 = ( NAMED_UNIT(*) SI_UNIT($,.STERADIAN.) SOLID_ANGLE_UNIT() );
#12845 = UNCERTAINTY_MEASURE_WITH_UNIT(LENGTH_MEASURE(1.E-07),#12842,
  'distance_accuracy_value','confusion accuracy');
#12846 = CONTEXT_DEPENDENT_SHAPE_REPRESENTATION(#12847,#12849);
#12847 = ( REPRESENTATION_RELATIONSHIP('','',#7126,#7103) 
REPRESENTATION_RELATIONSHIP_WITH_TRANSFORMATION(#12848) 
SHAPE_REPRESENTATION_RELATIONSHIP() );
#12848 = ITEM_DEFINED_TRANSFORMATION('','',#11,#7104);
#12849 = PRODUCT_DEFINITION_SHAPE('Placement','Placement of an item',
  #12850);
#12850 = NEXT_ASSEMBLY_USAGE_OCCURRENCE('19','=>[0:1:1:13]','',#7098,
  #7121,$);
#12851 = PRODUCT_RELATED_PRODUCT_CATEGORY('part',$,(#7123));
#12852 = CONTEXT_DEPENDENT_SHAPE_REPRESENTATION(#12853,#12855);
#12853 = ( REPRESENTATION_RELATIONSHIP('','',#1894,#10) 
REPRESENTATION_RELATIONSHIP_WITH_TRANSFORMATION(#12854) 
SHAPE_REPRESENTATION_RELATIONSHIP() );
#12854 = ITEM_DEFINED_TRANSFORMATION('','',#11,#71);
#12855 = PRODUCT_DEFINITION_SHAPE('Placement','Placement of an item',
  #12856);
#12856 = NEXT_ASSEMBLY_USAGE_OCCURRENCE('21','C10','',#5,#1889,$);
#12857 = CONTEXT_DEPENDENT_SHAPE_REPRESENTATION(#12858,#12860);
#12858 = ( REPRESENTATION_RELATIONSHIP('','',#1894,#10) 
REPRESENTATION_RELATIONSHIP_WITH_TRANSFORMATION(#12859) 
SHAPE_REPRESENTATION_RELATIONSHIP() );
#12859 = ITEM_DEFINED_TRANSFORMATION('','',#11,#75);
#12860 = PRODUCT_DEFINITION_SHAPE('Placement','Placement of an item',
  #12861);
#12861 = NEXT_ASSEMBLY_USAGE_OCCURRENCE('22','C7','',#5,#1889,$);
#12862 = CONTEXT_DEPENDENT_SHAPE_REPRESENTATION(#12863,#12865);
#12863 = ( REPRESENTATION_RELATIONSHIP('','',#7103,#10) 
REPRESENTATION_RELATIONSHIP_WITH_TRANSFORMATION(#12864) 
SHAPE_REPRESENTATION_RELATIONSHIP() );
#12864 = ITEM_DEFINED_TRANSFORMATION('','',#11,#79);
#12865 = PRODUCT_DEFINITION_SHAPE('Placement','Placement of an item',
  #12866);
#12866 = NEXT_ASSEMBLY_USAGE_OCCURRENCE('23','J2','',#5,#7098,$);
#12867 = CONTEXT_DEPENDENT_SHAPE_REPRESENTATION(#12868,#12870);
#12868 = ( REPRESENTATION_RELATIONSHIP('','',#164,#10) 
REPRESENTATION_RELATIONSHIP_WITH_TRANSFORMATION(#12869) 
SHAPE_REPRESENTATION_RELATIONSHIP() );
#12869 = ITEM_DEFINED_TRANSFORMATION('','',#11,#83);
#12870 = PRODUCT_DEFINITION_SHAPE('Placement','Placement of an item',
  #12871);
#12871 = NEXT_ASSEMBLY_USAGE_OCCURRENCE('24','D2','',#5,#159,$);
#12872 = CONTEXT_DEPENDENT_SHAPE_REPRESENTATION(#12873,#12875);
#12873 = ( REPRESENTATION_RELATIONSHIP('','',#164,#10) 
REPRESENTATION_RELATIONSHIP_WITH_TRANSFORMATION(#12874) 
SHAPE_REPRESENTATION_RELATIONSHIP() );
#12874 = ITEM_DEFINED_TRANSFORMATION('','',#11,#87);
#12875 = PRODUCT_DEFINITION_SHAPE('Placement','Placement of an item',
  #12876);
#12876 = NEXT_ASSEMBLY_USAGE_OCCURRENCE('25','D4','',#5,#159,$);
#12877 = CONTEXT_DEPENDENT_SHAPE_REPRESENTATION(#12878,#12880);
#12878 = ( REPRESENTATION_RELATIONSHIP('','',#2790,#10) 
REPRESENTATION_RELATIONSHIP_WITH_TRANSFORMATION(#12879) 
SHAPE_REPRESENTATION_RELATIONSHIP() );
#12879 = ITEM_DEFINED_TRANSFORMATION('','',#11,#91);
#12880 = PRODUCT_DEFINITION_SHAPE('Placement','Placement of an item',
  #12881);
#12881 = NEXT_ASSEMBLY_USAGE_OCCURRENCE('26','R2','',#5,#2785,$);
#12882 = CONTEXT_DEPENDENT_SHAPE_REPRESENTATION(#12883,#12885);
#12883 = ( REPRESENTATION_RELATIONSHIP('','',#2790,#10) 
REPRESENTATION_RELATIONSHIP_WITH_TRANSFORMATION(#12884) 
SHAPE_REPRESENTATION_RELATIONSHIP() );
#12884 = ITEM_DEFINED_TRANSFORMATION('','',#11,#95);
#12885 = PRODUCT_DEFINITION_SHAPE('Placement','Placement of an item',
  #12886);
#12886 = NEXT_ASSEMBLY_USAGE_OCCURRENCE('27','R4','',#5,#2785,$);
#12887 = CONTEXT_DEPENDENT_SHAPE_REPRESENTATION(#12888,#12890);
#12888 = ( REPRESENTATION_RELATIONSHIP('','',#164,#10) 
REPRESENTATION_RELATIONSHIP_WITH_TRANSFORMATION(#12889) 
SHAPE_REPRESENTATION_RELATIONSHIP() );
#12889 = ITEM_DEFINED_TRANSFORMATION('','',#11,#99);
#12890 = PRODUCT_DEFINITION_SHAPE('Placement','Placement of an item',
  #12891);
#12891 = NEXT_ASSEMBLY_USAGE_OCCURRENCE('28','D6','',#5,#159,$);
#12892 = CONTEXT_DEPENDENT_SHAPE_REPRESENTATION(#12893,#12895);
#12893 = ( REPRESENTATION_RELATIONSHIP('','',#2790,#10) 
REPRESENTATION_RELATIONSHIP_WITH_TRANSFORMATION(#12894) 
SHAPE_REPRESENTATION_RELATIONSHIP() );
#12894 = ITEM_DEFINED_TRANSFORMATION('','',#11,#103);
#12895 = PRODUCT_DEFINITION_SHAPE('Placement','Placement of an item',
  #12896);
#12896 = NEXT_ASSEMBLY_USAGE_OCCURRENCE('29','R5','',#5,#2785,$);
#12897 = CONTEXT_DEPENDENT_SHAPE_REPRESENTATION(#12898,#12900);
#12898 = ( REPRESENTATION_RELATIONSHIP('','',#1894,#10) 
REPRESENTATION_RELATIONSHIP_WITH_TRANSFORMATION(#12899) 
SHAPE_REPRESENTATION_RELATIONSHIP() );
#12899 = ITEM_DEFINED_TRANSFORMATION('','',#11,#107);
#12900 = PRODUCT_DEFINITION_SHAPE('Placement','Placement of an item',
  #12901);
#12901 = NEXT_ASSEMBLY_USAGE_OCCURRENCE('30','C1','',#5,#1889,$);
#12902 = CONTEXT_DEPENDENT_SHAPE_REPRESENTATION(#12903,#12905);
#12903 = ( REPRESENTATION_RELATIONSHIP('','',#1894,#10) 
REPRESENTATION_RELATIONSHIP_WITH_TRANSFORMATION(#12904) 
SHAPE_REPRESENTATION_RELATIONSHIP() );
#12904 = ITEM_DEFINED_TRANSFORMATION('','',#11,#111);
#12905 = PRODUCT_DEFINITION_SHAPE('Placement','Placement of an item',
  #12906);
#12906 = NEXT_ASSEMBLY_USAGE_OCCURRENCE('31','C4','',#5,#1889,$);
#12907 = CONTEXT_DEPENDENT_SHAPE_REPRESENTATION(#12908,#12910);
#12908 = ( REPRESENTATION_RELATIONSHIP('','',#2790,#10) 
REPRESENTATION_RELATIONSHIP_WITH_TRANSFORMATION(#12909) 
SHAPE_REPRESENTATION_RELATIONSHIP() );
#12909 = ITEM_DEFINED_TRANSFORMATION('','',#11,#115);
#12910 = PRODUCT_DEFINITION_SHAPE('Placement','Placement of an item',
  #12911);
#12911 = NEXT_ASSEMBLY_USAGE_OCCURRENCE('32','R8','',#5,#2785,$);
#12912 = CONTEXT_DEPENDENT_SHAPE_REPRESENTATION(#12913,#12915);
#12913 = ( REPRESENTATION_RELATIONSHIP('','',#164,#10) 
REPRESENTATION_RELATIONSHIP_WITH_TRANSFORMATION(#12914) 
SHAPE_REPRESENTATION_RELATIONSHIP() );
#12914 = ITEM_DEFINED_TRANSFORMATION('','',#11,#119);
#12915 = PRODUCT_DEFINITION_SHAPE('Placement','Placement of an item',
  #12916);
#12916 = NEXT_ASSEMBLY_USAGE_OCCURRENCE('33','D3','',#5,#159,$);
#12917 = CONTEXT_DEPENDENT_SHAPE_REPRESENTATION(#12918,#12920);
#12918 = ( REPRESENTATION_RELATIONSHIP('','',#2790,#10) 
REPRESENTATION_RELATIONSHIP_WITH_TRANSFORMATION(#12919) 
SHAPE_REPRESENTATION_RELATIONSHIP() );
#12919 = ITEM_DEFINED_TRANSFORMATION('','',#11,#123);
#12920 = PRODUCT_DEFINITION_SHAPE('Placement','Placement of an item',
  #12921);
#12921 = NEXT_ASSEMBLY_USAGE_OCCURRENCE('34','R9','',#5,#2785,$);
#12922 = CONTEXT_DEPENDENT_SHAPE_REPRESENTATION(#12923,#12925);
#12923 = ( REPRESENTATION_RELATIONSHIP('','',#1894,#10) 
REPRESENTATION_RELATIONSHIP_WITH_TRANSFORMATION(#12924) 
SHAPE_REPRESENTATION_RELATIONSHIP() );
#12924 = ITEM_DEFINED_TRANSFORMATION('','',#11,#127);
#12925 = PRODUCT_DEFINITION_SHAPE('Placement','Placement of an item',
  #12926);
#12926 = NEXT_ASSEMBLY_USAGE_OCCURRENCE('35','C6','',#5,#1889,$);
#12927 = CONTEXT_DEPENDENT_SHAPE_REPRESENTATION(#12928,#12930);
#12928 = ( REPRESENTATION_RELATIONSHIP('','',#2790,#10) 
REPRESENTATION_RELATIONSHIP_WITH_TRANSFORMATION(#12929) 
SHAPE_REPRESENTATION_RELATIONSHIP() );
#12929 = ITEM_DEFINED_TRANSFORMATION('','',#11,#131);
#12930 = PRODUCT_DEFINITION_SHAPE('Placement','Placement of an item',
  #12931);
#12931 = NEXT_ASSEMBLY_USAGE_OCCURRENCE('36','R6','',#5,#2785,$);
#12932 = CONTEXT_DEPENDENT_SHAPE_REPRESENTATION(#12933,#12935);
#12933 = ( REPRESENTATION_RELATIONSHIP('','',#1894,#10) 
REPRESENTATION_RELATIONSHIP_WITH_TRANSFORMATION(#12934) 
SHAPE_REPRESENTATION_RELATIONSHIP() );
#12934 = ITEM_DEFINED_TRANSFORMATION('','',#11,#135);
#12935 = PRODUCT_DEFINITION_SHAPE('Placement','Placement of an item',
  #12936);
#12936 = NEXT_ASSEMBLY_USAGE_OCCURRENCE('37','C3','',#5,#1889,$);
#12937 = CONTEXT_DEPENDENT_SHAPE_REPRESENTATION(#12938,#12940);
#12938 = ( REPRESENTATION_RELATIONSHIP('','',#2790,#10) 
REPRESENTATION_RELATIONSHIP_WITH_TRANSFORMATION(#12939) 
SHAPE_REPRESENTATION_RELATIONSHIP() );
#12939 = ITEM_DEFINED_TRANSFORMATION('','',#11,#139);
#12940 = PRODUCT_DEFINITION_SHAPE('Placement','Placement of an item',
  #12941);
#12941 = NEXT_ASSEMBLY_USAGE_OCCURRENCE('38','R3','',#5,#2785,$);
#12942 = CONTEXT_DEPENDENT_SHAPE_REPRESENTATION(#12943,#12945);
#12943 = ( REPRESENTATION_RELATIONSHIP('','',#1894,#10) 
REPRESENTATION_RELATIONSHIP_WITH_TRANSFORMATION(#12944) 
SHAPE_REPRESENTATION_RELATIONSHIP() );
#12944 = ITEM_DEFINED_TRANSFORMATION('','',#11,#143);
#12945 = PRODUCT_DEFINITION_SHAPE('Placement','Placement of an item',
  #12946);
#12946 = NEXT_ASSEMBLY_USAGE_OCCURRENCE('39','C5','',#5,#1889,$);
#12947 = SHAPE_DEFINITION_REPRESENTATION(#12948,#12954);
#12948 = PRODUCT_DEFINITION_SHAPE('','',#12949);
#12949 = PRODUCT_DEFINITION('design','',#12950,#12953);
#12950 = PRODUCT_DEFINITION_FORMATION('','',#12951);
#12951 = PRODUCT('default_PCB','default_PCB','',(#12952));
#12952 = PRODUCT_CONTEXT('',#2,'mechanical');
#12953 = PRODUCT_DEFINITION_CONTEXT('part definition',#2,'design');
#12954 = ADVANCED_BREP_SHAPE_REPRESENTATION('',(#11,#12955),#15436);
#12955 = MANIFOLD_SOLID_BREP('',#12956);
#12956 = CLOSED_SHELL('',(#12957,#12999,#13030,#13061,#13724,#14387,
    #14404,#14421,#14438,#14455,#14467,#14484,#14501,#14518,#14535,
    #14552,#14569,#14586,#14603,#14620,#14637,#14659,#14676,#14693,
    #14705,#14722,#14739,#14761,#14778,#14795,#14807,#14824,#14841,
    #14858,#14875,#14892,#14909,#14926,#14943,#14960,#14977,#14994,
    #15011,#15028,#15045,#15062,#15079,#15096,#15113,#15130,#15147,
    #15164,#15181,#15198,#15215,#15232,#15249,#15266,#15283,#15300,
    #15317,#15334,#15351,#15368,#15385,#15402,#15419));
#12957 = ADVANCED_FACE('',(#12958),#12994,.T.);
#12958 = FACE_BOUND('',#12959,.T.);
#12959 = EDGE_LOOP('',(#12960,#12970,#12979,#12987));
#12960 = ORIENTED_EDGE('',*,*,#12961,.T.);
#12961 = EDGE_CURVE('',#12962,#12964,#12966,.T.);
#12962 = VERTEX_POINT('',#12963);
#12963 = CARTESIAN_POINT('',(36.,40.,0.));
#12964 = VERTEX_POINT('',#12965);
#12965 = CARTESIAN_POINT('',(36.,40.,1.51));
#12966 = LINE('',#12967,#12968);
#12967 = CARTESIAN_POINT('',(36.,40.,0.));
#12968 = VECTOR('',#12969,1.);
#12969 = DIRECTION('',(0.,0.,1.));
#12970 = ORIENTED_EDGE('',*,*,#12971,.T.);
#12971 = EDGE_CURVE('',#12964,#12972,#12974,.T.);
#12972 = VERTEX_POINT('',#12973);
#12973 = CARTESIAN_POINT('',(40.,36.,1.51));
#12974 = CIRCLE('',#12975,4.00000042591);
#12975 = AXIS2_PLACEMENT_3D('',#12976,#12977,#12978);
#12976 = CARTESIAN_POINT('',(35.99999957409,35.99999957409,1.51));
#12977 = DIRECTION('',(0.,0.,-1.));
#12978 = DIRECTION('',(1.064775372185E-07,1.,0.));
#12979 = ORIENTED_EDGE('',*,*,#12980,.F.);
#12980 = EDGE_CURVE('',#12981,#12972,#12983,.T.);
#12981 = VERTEX_POINT('',#12982);
#12982 = CARTESIAN_POINT('',(40.,36.,0.));
#12983 = LINE('',#12984,#12985);
#12984 = CARTESIAN_POINT('',(40.,36.,0.));
#12985 = VECTOR('',#12986,1.);
#12986 = DIRECTION('',(0.,0.,1.));
#12987 = ORIENTED_EDGE('',*,*,#12988,.F.);
#12988 = EDGE_CURVE('',#12962,#12981,#12989,.T.);
#12989 = CIRCLE('',#12990,4.00000042591);
#12990 = AXIS2_PLACEMENT_3D('',#12991,#12992,#12993);
#12991 = CARTESIAN_POINT('',(35.99999957409,35.99999957409,0.));
#12992 = DIRECTION('',(0.,0.,-1.));
#12993 = DIRECTION('',(1.064775372185E-07,1.,0.));
#12994 = CYLINDRICAL_SURFACE('',#12995,4.00000042591);
#12995 = AXIS2_PLACEMENT_3D('',#12996,#12997,#12998);
#12996 = CARTESIAN_POINT('',(35.99999957409,35.99999957409,0.));
#12997 = DIRECTION('',(0.,0.,-1.));
#12998 = DIRECTION('',(1.064775372185E-07,1.,0.));
#12999 = ADVANCED_FACE('',(#13000),#13025,.T.);
#13000 = FACE_BOUND('',#13001,.T.);
#13001 = EDGE_LOOP('',(#13002,#13012,#13018,#13019));
#13002 = ORIENTED_EDGE('',*,*,#13003,.T.);
#13003 = EDGE_CURVE('',#13004,#13006,#13008,.T.);
#13004 = VERTEX_POINT('',#13005);
#13005 = CARTESIAN_POINT('',(-36.,40.,0.));
#13006 = VERTEX_POINT('',#13007);
#13007 = CARTESIAN_POINT('',(-36.,40.,1.51));
#13008 = LINE('',#13009,#13010);
#13009 = CARTESIAN_POINT('',(-36.,40.,0.));
#13010 = VECTOR('',#13011,1.);
#13011 = DIRECTION('',(0.,0.,1.));
#13012 = ORIENTED_EDGE('',*,*,#13013,.T.);
#13013 = EDGE_CURVE('',#13006,#12964,#13014,.T.);
#13014 = LINE('',#13015,#13016);
#13015 = CARTESIAN_POINT('',(-36.,40.,1.51));
#13016 = VECTOR('',#13017,1.);
#13017 = DIRECTION('',(1.,0.,0.));
#13018 = ORIENTED_EDGE('',*,*,#12961,.F.);
#13019 = ORIENTED_EDGE('',*,*,#13020,.F.);
#13020 = EDGE_CURVE('',#13004,#12962,#13021,.T.);
#13021 = LINE('',#13022,#13023);
#13022 = CARTESIAN_POINT('',(-36.,40.,0.));
#13023 = VECTOR('',#13024,1.);
#13024 = DIRECTION('',(1.,0.,0.));
#13025 = PLANE('',#13026);
#13026 = AXIS2_PLACEMENT_3D('',#13027,#13028,#13029);
#13027 = CARTESIAN_POINT('',(-36.,40.,0.));
#13028 = DIRECTION('',(0.,1.,0.));
#13029 = DIRECTION('',(1.,0.,0.));
#13030 = ADVANCED_FACE('',(#13031),#13056,.T.);
#13031 = FACE_BOUND('',#13032,.T.);
#13032 = EDGE_LOOP('',(#13033,#13034,#13042,#13050));
#13033 = ORIENTED_EDGE('',*,*,#12980,.T.);
#13034 = ORIENTED_EDGE('',*,*,#13035,.T.);
#13035 = EDGE_CURVE('',#12972,#13036,#13038,.T.);
#13036 = VERTEX_POINT('',#13037);
#13037 = CARTESIAN_POINT('',(40.,-36.,1.51));
#13038 = LINE('',#13039,#13040);
#13039 = CARTESIAN_POINT('',(40.,36.,1.51));
#13040 = VECTOR('',#13041,1.);
#13041 = DIRECTION('',(0.,-1.,0.));
#13042 = ORIENTED_EDGE('',*,*,#13043,.F.);
#13043 = EDGE_CURVE('',#13044,#13036,#13046,.T.);
#13044 = VERTEX_POINT('',#13045);
#13045 = CARTESIAN_POINT('',(40.,-36.,0.));
#13046 = LINE('',#13047,#13048);
#13047 = CARTESIAN_POINT('',(40.,-36.,0.));
#13048 = VECTOR('',#13049,1.);
#13049 = DIRECTION('',(0.,0.,1.));
#13050 = ORIENTED_EDGE('',*,*,#13051,.F.);
#13051 = EDGE_CURVE('',#12981,#13044,#13052,.T.);
#13052 = LINE('',#13053,#13054);
#13053 = CARTESIAN_POINT('',(40.,36.,0.));
#13054 = VECTOR('',#13055,1.);
#13055 = DIRECTION('',(0.,-1.,0.));
#13056 = PLANE('',#13057);
#13057 = AXIS2_PLACEMENT_3D('',#13058,#13059,#13060);
#13058 = CARTESIAN_POINT('',(40.,36.,0.));
#13059 = DIRECTION('',(1.,0.,-0.));
#13060 = DIRECTION('',(0.,-1.,0.));
#13061 = ADVANCED_FACE('',(#13062,#13108,#13119,#13130,#13141,#13152,
    #13163,#13174,#13185,#13196,#13207,#13218,#13254,#13265,#13276,
    #13312,#13323,#13334,#13345,#13356,#13367,#13378,#13389,#13400,
    #13411,#13422,#13433,#13444,#13455,#13466,#13477,#13488,#13499,
    #13510,#13521,#13532,#13543,#13554,#13565,#13576,#13587,#13598,
    #13609,#13620,#13631,#13642,#13653,#13664,#13675,#13686,#13697,
    #13708),#13719,.F.);
#13062 = FACE_BOUND('',#13063,.F.);
#13063 = EDGE_LOOP('',(#13064,#13065,#13066,#13075,#13083,#13092,#13100,
    #13107));
#13064 = ORIENTED_EDGE('',*,*,#12988,.F.);
#13065 = ORIENTED_EDGE('',*,*,#13020,.F.);
#13066 = ORIENTED_EDGE('',*,*,#13067,.F.);
#13067 = EDGE_CURVE('',#13068,#13004,#13070,.T.);
#13068 = VERTEX_POINT('',#13069);
#13069 = CARTESIAN_POINT('',(-40.,36.,0.));
#13070 = CIRCLE('',#13071,4.00000042591);
#13071 = AXIS2_PLACEMENT_3D('',#13072,#13073,#13074);
#13072 = CARTESIAN_POINT('',(-35.99999957409,35.99999957409,0.));
#13073 = DIRECTION('',(0.,0.,-1.));
#13074 = DIRECTION('',(-1.,1.064775372185E-07,0.));
#13075 = ORIENTED_EDGE('',*,*,#13076,.F.);
#13076 = EDGE_CURVE('',#13077,#13068,#13079,.T.);
#13077 = VERTEX_POINT('',#13078);
#13078 = CARTESIAN_POINT('',(-40.,-36.,0.));
#13079 = LINE('',#13080,#13081);
#13080 = CARTESIAN_POINT('',(-40.,-36.,0.));
#13081 = VECTOR('',#13082,1.);
#13082 = DIRECTION('',(0.,1.,0.));
#13083 = ORIENTED_EDGE('',*,*,#13084,.F.);
#13084 = EDGE_CURVE('',#13085,#13077,#13087,.T.);
#13085 = VERTEX_POINT('',#13086);
#13086 = CARTESIAN_POINT('',(-36.,-40.,0.));
#13087 = CIRCLE('',#13088,4.00000042591);
#13088 = AXIS2_PLACEMENT_3D('',#13089,#13090,#13091);
#13089 = CARTESIAN_POINT('',(-35.99999957409,-35.99999957409,0.));
#13090 = DIRECTION('',(0.,0.,-1.));
#13091 = DIRECTION('',(-1.064775372185E-07,-1.,-0.));
#13092 = ORIENTED_EDGE('',*,*,#13093,.F.);
#13093 = EDGE_CURVE('',#13094,#13085,#13096,.T.);
#13094 = VERTEX_POINT('',#13095);
#13095 = CARTESIAN_POINT('',(36.,-40.,0.));
#13096 = LINE('',#13097,#13098);
#13097 = CARTESIAN_POINT('',(36.,-40.,0.));
#13098 = VECTOR('',#13099,1.);
#13099 = DIRECTION('',(-1.,0.,0.));
#13100 = ORIENTED_EDGE('',*,*,#13101,.F.);
#13101 = EDGE_CURVE('',#13044,#13094,#13102,.T.);
#13102 = CIRCLE('',#13103,4.00000042591);
#13103 = AXIS2_PLACEMENT_3D('',#13104,#13105,#13106);
#13104 = CARTESIAN_POINT('',(35.99999957409,-35.99999957409,0.));
#13105 = DIRECTION('',(0.,0.,-1.));
#13106 = DIRECTION('',(1.,-1.064775372185E-07,0.));
#13107 = ORIENTED_EDGE('',*,*,#13051,.F.);
#13108 = FACE_BOUND('',#13109,.F.);
#13109 = EDGE_LOOP('',(#13110));
#13110 = ORIENTED_EDGE('',*,*,#13111,.F.);
#13111 = EDGE_CURVE('',#13112,#13112,#13114,.T.);
#13112 = VERTEX_POINT('',#13113);
#13113 = CARTESIAN_POINT('',(-28.65,-30.,0.));
#13114 = CIRCLE('',#13115,1.35);
#13115 = AXIS2_PLACEMENT_3D('',#13116,#13117,#13118);
#13116 = CARTESIAN_POINT('',(-30.,-30.,0.));
#13117 = DIRECTION('',(0.,0.,1.));
#13118 = DIRECTION('',(1.,0.,0.));
#13119 = FACE_BOUND('',#13120,.F.);
#13120 = EDGE_LOOP('',(#13121));
#13121 = ORIENTED_EDGE('',*,*,#13122,.T.);
#13122 = EDGE_CURVE('',#13123,#13123,#13125,.T.);
#13123 = VERTEX_POINT('',#13124);
#13124 = CARTESIAN_POINT('',(-22.5,-25.9,0.));
#13125 = CIRCLE('',#13126,0.65);
#13126 = AXIS2_PLACEMENT_3D('',#13127,#13128,#13129);
#13127 = CARTESIAN_POINT('',(-22.5,-25.25,0.));
#13128 = DIRECTION('',(-0.,0.,-1.));
#13129 = DIRECTION('',(-0.,-1.,0.));
#13130 = FACE_BOUND('',#13131,.F.);
#13131 = EDGE_LOOP('',(#13132));
#13132 = ORIENTED_EDGE('',*,*,#13133,.T.);
#13133 = EDGE_CURVE('',#13134,#13134,#13136,.T.);
#13134 = VERTEX_POINT('',#13135);
#13135 = CARTESIAN_POINT('',(-17.5,-25.9,0.));
#13136 = CIRCLE('',#13137,0.65);
#13137 = AXIS2_PLACEMENT_3D('',#13138,#13139,#13140);
#13138 = CARTESIAN_POINT('',(-17.5,-25.25,0.));
#13139 = DIRECTION('',(-0.,0.,-1.));
#13140 = DIRECTION('',(-0.,-1.,0.));
#13141 = FACE_BOUND('',#13142,.F.);
#13142 = EDGE_LOOP('',(#13143));
#13143 = ORIENTED_EDGE('',*,*,#13144,.T.);
#13144 = EDGE_CURVE('',#13145,#13145,#13147,.T.);
#13145 = VERTEX_POINT('',#13146);
#13146 = CARTESIAN_POINT('',(-7.5,-35.,0.));
#13147 = CIRCLE('',#13148,0.5);
#13148 = AXIS2_PLACEMENT_3D('',#13149,#13150,#13151);
#13149 = CARTESIAN_POINT('',(-7.5,-34.5,0.));
#13150 = DIRECTION('',(-0.,0.,-1.));
#13151 = DIRECTION('',(-0.,-1.,0.));
#13152 = FACE_BOUND('',#13153,.F.);
#13153 = EDGE_LOOP('',(#13154));
#13154 = ORIENTED_EDGE('',*,*,#13155,.T.);
#13155 = EDGE_CURVE('',#13156,#13156,#13158,.T.);
#13156 = VERTEX_POINT('',#13157);
#13157 = CARTESIAN_POINT('',(-7.5,-32.5,0.));
#13158 = CIRCLE('',#13159,0.5);
#13159 = AXIS2_PLACEMENT_3D('',#13160,#13161,#13162);
#13160 = CARTESIAN_POINT('',(-7.5,-32.,0.));
#13161 = DIRECTION('',(-0.,0.,-1.));
#13162 = DIRECTION('',(-0.,-1.,0.));
#13163 = FACE_BOUND('',#13164,.F.);
#13164 = EDGE_LOOP('',(#13165));
#13165 = ORIENTED_EDGE('',*,*,#13166,.T.);
#13166 = EDGE_CURVE('',#13167,#13167,#13169,.T.);
#13167 = VERTEX_POINT('',#13168);
#13168 = CARTESIAN_POINT('',(-7.5,-30.,0.));
#13169 = CIRCLE('',#13170,0.5);
#13170 = AXIS2_PLACEMENT_3D('',#13171,#13172,#13173);
#13171 = CARTESIAN_POINT('',(-7.5,-29.5,0.));
#13172 = DIRECTION('',(-0.,0.,-1.));
#13173 = DIRECTION('',(-0.,-1.,0.));
#13174 = FACE_BOUND('',#13175,.F.);
#13175 = EDGE_LOOP('',(#13176));
#13176 = ORIENTED_EDGE('',*,*,#13177,.T.);
#13177 = EDGE_CURVE('',#13178,#13178,#13180,.T.);
#13178 = VERTEX_POINT('',#13179);
#13179 = CARTESIAN_POINT('',(-22.5,-13.4,0.));
#13180 = CIRCLE('',#13181,0.65);
#13181 = AXIS2_PLACEMENT_3D('',#13182,#13183,#13184);
#13182 = CARTESIAN_POINT('',(-22.5,-12.75,0.));
#13183 = DIRECTION('',(-0.,0.,-1.));
#13184 = DIRECTION('',(-0.,-1.,0.));
#13185 = FACE_BOUND('',#13186,.F.);
#13186 = EDGE_LOOP('',(#13187));
#13187 = ORIENTED_EDGE('',*,*,#13188,.T.);
#13188 = EDGE_CURVE('',#13189,#13189,#13191,.T.);
#13189 = VERTEX_POINT('',#13190);
#13190 = CARTESIAN_POINT('',(-17.5,-13.4,0.));
#13191 = CIRCLE('',#13192,0.65);
#13192 = AXIS2_PLACEMENT_3D('',#13193,#13194,#13195);
#13193 = CARTESIAN_POINT('',(-17.5,-12.75,0.));
#13194 = DIRECTION('',(-0.,0.,-1.));
#13195 = DIRECTION('',(-0.,-1.,0.));
#13196 = FACE_BOUND('',#13197,.F.);
#13197 = EDGE_LOOP('',(#13198));
#13198 = ORIENTED_EDGE('',*,*,#13199,.T.);
#13199 = EDGE_CURVE('',#13200,#13200,#13202,.T.);
#13200 = VERTEX_POINT('',#13201);
#13201 = CARTESIAN_POINT('',(-22.5,-6.9,0.));
#13202 = CIRCLE('',#13203,0.65);
#13203 = AXIS2_PLACEMENT_3D('',#13204,#13205,#13206);
#13204 = CARTESIAN_POINT('',(-22.5,-6.25,0.));
#13205 = DIRECTION('',(-0.,0.,-1.));
#13206 = DIRECTION('',(-0.,-1.,0.));
#13207 = FACE_BOUND('',#13208,.F.);
#13208 = EDGE_LOOP('',(#13209));
#13209 = ORIENTED_EDGE('',*,*,#13210,.T.);
#13210 = EDGE_CURVE('',#13211,#13211,#13213,.T.);
#13211 = VERTEX_POINT('',#13212);
#13212 = CARTESIAN_POINT('',(-17.5,-6.9,0.));
#13213 = CIRCLE('',#13214,0.65);
#13214 = AXIS2_PLACEMENT_3D('',#13215,#13216,#13217);
#13215 = CARTESIAN_POINT('',(-17.5,-6.25,0.));
#13216 = DIRECTION('',(-0.,0.,-1.));
#13217 = DIRECTION('',(-0.,-1.,0.));
#13218 = FACE_BOUND('',#13219,.F.);
#13219 = EDGE_LOOP('',(#13220,#13231,#13239,#13248));
#13220 = ORIENTED_EDGE('',*,*,#13221,.T.);
#13221 = EDGE_CURVE('',#13222,#13224,#13226,.T.);
#13222 = VERTEX_POINT('',#13223);
#13223 = CARTESIAN_POINT('',(0.65,-36.85,0.));
#13224 = VERTEX_POINT('',#13225);
#13225 = CARTESIAN_POINT('',(0.65,-38.35,0.));
#13226 = CIRCLE('',#13227,0.75);
#13227 = AXIS2_PLACEMENT_3D('',#13228,#13229,#13230);
#13228 = CARTESIAN_POINT('',(0.65,-37.6,0.));
#13229 = DIRECTION('',(-0.,0.,-1.));
#13230 = DIRECTION('',(1.480297366167E-16,-1.,-0.));
#13231 = ORIENTED_EDGE('',*,*,#13232,.T.);
#13232 = EDGE_CURVE('',#13224,#13233,#13235,.T.);
#13233 = VERTEX_POINT('',#13234);
#13234 = CARTESIAN_POINT('',(-0.65,-38.35,0.));
#13235 = LINE('',#13236,#13237);
#13236 = CARTESIAN_POINT('',(-0.325,-38.35,0.));
#13237 = VECTOR('',#13238,1.);
#13238 = DIRECTION('',(-1.,0.,0.));
#13239 = ORIENTED_EDGE('',*,*,#13240,.T.);
#13240 = EDGE_CURVE('',#13233,#13241,#13243,.T.);
#13241 = VERTEX_POINT('',#13242);
#13242 = CARTESIAN_POINT('',(-0.65,-36.85,0.));
#13243 = CIRCLE('',#13244,0.75);
#13244 = AXIS2_PLACEMENT_3D('',#13245,#13246,#13247);
#13245 = CARTESIAN_POINT('',(-0.65,-37.6,0.));
#13246 = DIRECTION('',(-0.,0.,-1.));
#13247 = DIRECTION('',(-1.480297366167E-16,1.,0.));
#13248 = ORIENTED_EDGE('',*,*,#13249,.T.);
#13249 = EDGE_CURVE('',#13241,#13222,#13250,.T.);
#13250 = LINE('',#13251,#13252);
#13251 = CARTESIAN_POINT('',(0.325,-36.85,0.));
#13252 = VECTOR('',#13253,1.);
#13253 = DIRECTION('',(1.,0.,-0.));
#13254 = FACE_BOUND('',#13255,.F.);
#13255 = EDGE_LOOP('',(#13256));
#13256 = ORIENTED_EDGE('',*,*,#13257,.T.);
#13257 = EDGE_CURVE('',#13258,#13258,#13260,.T.);
#13258 = VERTEX_POINT('',#13259);
#13259 = CARTESIAN_POINT('',(7.,-35.,0.));
#13260 = CIRCLE('',#13261,0.5);
#13261 = AXIS2_PLACEMENT_3D('',#13262,#13263,#13264);
#13262 = CARTESIAN_POINT('',(7.,-34.5,0.));
#13263 = DIRECTION('',(-0.,0.,-1.));
#13264 = DIRECTION('',(-0.,-1.,0.));
#13265 = FACE_BOUND('',#13266,.F.);
#13266 = EDGE_LOOP('',(#13267));
#13267 = ORIENTED_EDGE('',*,*,#13268,.T.);
#13268 = EDGE_CURVE('',#13269,#13269,#13271,.T.);
#13269 = VERTEX_POINT('',#13270);
#13270 = CARTESIAN_POINT('',(7.,-30.,0.));
#13271 = CIRCLE('',#13272,0.5);
#13272 = AXIS2_PLACEMENT_3D('',#13273,#13274,#13275);
#13273 = CARTESIAN_POINT('',(7.,-29.5,0.));
#13274 = DIRECTION('',(-0.,0.,-1.));
#13275 = DIRECTION('',(-0.,-1.,0.));
#13276 = FACE_BOUND('',#13277,.F.);
#13277 = EDGE_LOOP('',(#13278,#13289,#13297,#13306));
#13278 = ORIENTED_EDGE('',*,*,#13279,.T.);
#13279 = EDGE_CURVE('',#13280,#13282,#13284,.T.);
#13280 = VERTEX_POINT('',#13281);
#13281 = CARTESIAN_POINT('',(0.65,-25.65,0.));
#13282 = VERTEX_POINT('',#13283);
#13283 = CARTESIAN_POINT('',(0.65,-27.15,0.));
#13284 = CIRCLE('',#13285,0.75);
#13285 = AXIS2_PLACEMENT_3D('',#13286,#13287,#13288);
#13286 = CARTESIAN_POINT('',(0.65,-26.4,0.));
#13287 = DIRECTION('',(-0.,0.,-1.));
#13288 = DIRECTION('',(1.480297366167E-16,-1.,-0.));
#13289 = ORIENTED_EDGE('',*,*,#13290,.T.);
#13290 = EDGE_CURVE('',#13282,#13291,#13293,.T.);
#13291 = VERTEX_POINT('',#13292);
#13292 = CARTESIAN_POINT('',(-0.65,-27.15,0.));
#13293 = LINE('',#13294,#13295);
#13294 = CARTESIAN_POINT('',(-0.325,-27.15,0.));
#13295 = VECTOR('',#13296,1.);
#13296 = DIRECTION('',(-1.,0.,0.));
#13297 = ORIENTED_EDGE('',*,*,#13298,.T.);
#13298 = EDGE_CURVE('',#13291,#13299,#13301,.T.);
#13299 = VERTEX_POINT('',#13300);
#13300 = CARTESIAN_POINT('',(-0.65,-25.65,0.));
#13301 = CIRCLE('',#13302,0.75);
#13302 = AXIS2_PLACEMENT_3D('',#13303,#13304,#13305);
#13303 = CARTESIAN_POINT('',(-0.65,-26.4,0.));
#13304 = DIRECTION('',(-0.,0.,-1.));
#13305 = DIRECTION('',(-1.480297366167E-16,1.,0.));
#13306 = ORIENTED_EDGE('',*,*,#13307,.T.);
#13307 = EDGE_CURVE('',#13299,#13280,#13308,.T.);
#13308 = LINE('',#13309,#13310);
#13309 = CARTESIAN_POINT('',(0.325,-25.65,0.));
#13310 = VECTOR('',#13311,1.);
#13311 = DIRECTION('',(1.,0.,-0.));
#13312 = FACE_BOUND('',#13313,.F.);
#13313 = EDGE_LOOP('',(#13314));
#13314 = ORIENTED_EDGE('',*,*,#13315,.F.);
#13315 = EDGE_CURVE('',#13316,#13316,#13318,.T.);
#13316 = VERTEX_POINT('',#13317);
#13317 = CARTESIAN_POINT('',(31.35,-30.,0.));
#13318 = CIRCLE('',#13319,1.35);
#13319 = AXIS2_PLACEMENT_3D('',#13320,#13321,#13322);
#13320 = CARTESIAN_POINT('',(30.,-30.,0.));
#13321 = DIRECTION('',(0.,0.,1.));
#13322 = DIRECTION('',(1.,0.,0.));
#13323 = FACE_BOUND('',#13324,.F.);
#13324 = EDGE_LOOP('',(#13325));
#13325 = ORIENTED_EDGE('',*,*,#13326,.T.);
#13326 = EDGE_CURVE('',#13327,#13327,#13329,.T.);
#13327 = VERTEX_POINT('',#13328);
#13328 = CARTESIAN_POINT('',(17.5,-25.9,0.));
#13329 = CIRCLE('',#13330,0.65);
#13330 = AXIS2_PLACEMENT_3D('',#13331,#13332,#13333);
#13331 = CARTESIAN_POINT('',(17.5,-25.25,0.));
#13332 = DIRECTION('',(-0.,0.,-1.));
#13333 = DIRECTION('',(-0.,-1.,0.));
#13334 = FACE_BOUND('',#13335,.F.);
#13335 = EDGE_LOOP('',(#13336));
#13336 = ORIENTED_EDGE('',*,*,#13337,.T.);
#13337 = EDGE_CURVE('',#13338,#13338,#13340,.T.);
#13338 = VERTEX_POINT('',#13339);
#13339 = CARTESIAN_POINT('',(22.5,-25.9,0.));
#13340 = CIRCLE('',#13341,0.65);
#13341 = AXIS2_PLACEMENT_3D('',#13342,#13343,#13344);
#13342 = CARTESIAN_POINT('',(22.5,-25.25,0.));
#13343 = DIRECTION('',(-0.,0.,-1.));
#13344 = DIRECTION('',(-0.,-1.,0.));
#13345 = FACE_BOUND('',#13346,.F.);
#13346 = EDGE_LOOP('',(#13347));
#13347 = ORIENTED_EDGE('',*,*,#13348,.T.);
#13348 = EDGE_CURVE('',#13349,#13349,#13351,.T.);
#13349 = VERTEX_POINT('',#13350);
#13350 = CARTESIAN_POINT('',(17.5,-13.4,0.));
#13351 = CIRCLE('',#13352,0.65);
#13352 = AXIS2_PLACEMENT_3D('',#13353,#13354,#13355);
#13353 = CARTESIAN_POINT('',(17.5,-12.75,0.));
#13354 = DIRECTION('',(-0.,0.,-1.));
#13355 = DIRECTION('',(-0.,-1.,0.));
#13356 = FACE_BOUND('',#13357,.F.);
#13357 = EDGE_LOOP('',(#13358));
#13358 = ORIENTED_EDGE('',*,*,#13359,.T.);
#13359 = EDGE_CURVE('',#13360,#13360,#13362,.T.);
#13360 = VERTEX_POINT('',#13361);
#13361 = CARTESIAN_POINT('',(22.5,-13.4,0.));
#13362 = CIRCLE('',#13363,0.65);
#13363 = AXIS2_PLACEMENT_3D('',#13364,#13365,#13366);
#13364 = CARTESIAN_POINT('',(22.5,-12.75,0.));
#13365 = DIRECTION('',(-0.,0.,-1.));
#13366 = DIRECTION('',(-0.,-1.,0.));
#13367 = FACE_BOUND('',#13368,.F.);
#13368 = EDGE_LOOP('',(#13369));
#13369 = ORIENTED_EDGE('',*,*,#13370,.T.);
#13370 = EDGE_CURVE('',#13371,#13371,#13373,.T.);
#13371 = VERTEX_POINT('',#13372);
#13372 = CARTESIAN_POINT('',(17.5,-6.9,0.));
#13373 = CIRCLE('',#13374,0.65);
#13374 = AXIS2_PLACEMENT_3D('',#13375,#13376,#13377);
#13375 = CARTESIAN_POINT('',(17.5,-6.25,0.));
#13376 = DIRECTION('',(-0.,0.,-1.));
#13377 = DIRECTION('',(-0.,-1.,0.));
#13378 = FACE_BOUND('',#13379,.F.);
#13379 = EDGE_LOOP('',(#13380));
#13380 = ORIENTED_EDGE('',*,*,#13381,.T.);
#13381 = EDGE_CURVE('',#13382,#13382,#13384,.T.);
#13382 = VERTEX_POINT('',#13383);
#13383 = CARTESIAN_POINT('',(22.5,-6.9,0.));
#13384 = CIRCLE('',#13385,0.65);
#13385 = AXIS2_PLACEMENT_3D('',#13386,#13387,#13388);
#13386 = CARTESIAN_POINT('',(22.5,-6.25,0.));
#13387 = DIRECTION('',(-0.,0.,-1.));
#13388 = DIRECTION('',(-0.,-1.,0.));
#13389 = FACE_BOUND('',#13390,.F.);
#13390 = EDGE_LOOP('',(#13391));
#13391 = ORIENTED_EDGE('',*,*,#13392,.T.);
#13392 = EDGE_CURVE('',#13393,#13393,#13395,.T.);
#13393 = VERTEX_POINT('',#13394);
#13394 = CARTESIAN_POINT('',(-22.5,5.6,0.));
#13395 = CIRCLE('',#13396,0.65);
#13396 = AXIS2_PLACEMENT_3D('',#13397,#13398,#13399);
#13397 = CARTESIAN_POINT('',(-22.5,6.25,0.));
#13398 = DIRECTION('',(-0.,0.,-1.));
#13399 = DIRECTION('',(-0.,-1.,0.));
#13400 = FACE_BOUND('',#13401,.F.);
#13401 = EDGE_LOOP('',(#13402));
#13402 = ORIENTED_EDGE('',*,*,#13403,.T.);
#13403 = EDGE_CURVE('',#13404,#13404,#13406,.T.);
#13404 = VERTEX_POINT('',#13405);
#13405 = CARTESIAN_POINT('',(-17.5,5.6,0.));
#13406 = CIRCLE('',#13407,0.65);
#13407 = AXIS2_PLACEMENT_3D('',#13408,#13409,#13410);
#13408 = CARTESIAN_POINT('',(-17.5,6.25,0.));
#13409 = DIRECTION('',(-0.,0.,-1.));
#13410 = DIRECTION('',(-0.,-1.,0.));
#13411 = FACE_BOUND('',#13412,.F.);
#13412 = EDGE_LOOP('',(#13413));
#13413 = ORIENTED_EDGE('',*,*,#13414,.T.);
#13414 = EDGE_CURVE('',#13415,#13415,#13417,.T.);
#13415 = VERTEX_POINT('',#13416);
#13416 = CARTESIAN_POINT('',(-22.5,12.1,0.));
#13417 = CIRCLE('',#13418,0.65);
#13418 = AXIS2_PLACEMENT_3D('',#13419,#13420,#13421);
#13419 = CARTESIAN_POINT('',(-22.5,12.75,0.));
#13420 = DIRECTION('',(-0.,0.,-1.));
#13421 = DIRECTION('',(-0.,-1.,0.));
#13422 = FACE_BOUND('',#13423,.F.);
#13423 = EDGE_LOOP('',(#13424));
#13424 = ORIENTED_EDGE('',*,*,#13425,.T.);
#13425 = EDGE_CURVE('',#13426,#13426,#13428,.T.);
#13426 = VERTEX_POINT('',#13427);
#13427 = CARTESIAN_POINT('',(-17.5,12.1,0.));
#13428 = CIRCLE('',#13429,0.65);
#13429 = AXIS2_PLACEMENT_3D('',#13430,#13431,#13432);
#13430 = CARTESIAN_POINT('',(-17.5,12.75,0.));
#13431 = DIRECTION('',(-0.,0.,-1.));
#13432 = DIRECTION('',(-0.,-1.,0.));
#13433 = FACE_BOUND('',#13434,.F.);
#13434 = EDGE_LOOP('',(#13435));
#13435 = ORIENTED_EDGE('',*,*,#13436,.T.);
#13436 = EDGE_CURVE('',#13437,#13437,#13439,.T.);
#13437 = VERTEX_POINT('',#13438);
#13438 = CARTESIAN_POINT('',(-7.62,3.88,0.));
#13439 = CIRCLE('',#13440,0.5);
#13440 = AXIS2_PLACEMENT_3D('',#13441,#13442,#13443);
#13441 = CARTESIAN_POINT('',(-7.62,4.38,0.));
#13442 = DIRECTION('',(-0.,0.,-1.));
#13443 = DIRECTION('',(-1.7763568394E-15,-1.,0.));
#13444 = FACE_BOUND('',#13445,.F.);
#13445 = EDGE_LOOP('',(#13446));
#13446 = ORIENTED_EDGE('',*,*,#13447,.T.);
#13447 = EDGE_CURVE('',#13448,#13448,#13450,.T.);
#13448 = VERTEX_POINT('',#13449);
#13449 = CARTESIAN_POINT('',(-7.62,6.42,0.));
#13450 = CIRCLE('',#13451,0.5);
#13451 = AXIS2_PLACEMENT_3D('',#13452,#13453,#13454);
#13452 = CARTESIAN_POINT('',(-7.62,6.92,0.));
#13453 = DIRECTION('',(-0.,0.,-1.));
#13454 = DIRECTION('',(-1.7763568394E-15,-1.,0.));
#13455 = FACE_BOUND('',#13456,.F.);
#13456 = EDGE_LOOP('',(#13457));
#13457 = ORIENTED_EDGE('',*,*,#13458,.T.);
#13458 = EDGE_CURVE('',#13459,#13459,#13461,.T.);
#13459 = VERTEX_POINT('',#13460);
#13460 = CARTESIAN_POINT('',(-7.62,8.96,0.));
#13461 = CIRCLE('',#13462,0.5);
#13462 = AXIS2_PLACEMENT_3D('',#13463,#13464,#13465);
#13463 = CARTESIAN_POINT('',(-7.62,9.46,0.));
#13464 = DIRECTION('',(-0.,0.,-1.));
#13465 = DIRECTION('',(-1.7763568394E-15,-1.,0.));
#13466 = FACE_BOUND('',#13467,.F.);
#13467 = EDGE_LOOP('',(#13468));
#13468 = ORIENTED_EDGE('',*,*,#13469,.T.);
#13469 = EDGE_CURVE('',#13470,#13470,#13472,.T.);
#13470 = VERTEX_POINT('',#13471);
#13471 = CARTESIAN_POINT('',(-7.62,11.5,0.));
#13472 = CIRCLE('',#13473,0.5);
#13473 = AXIS2_PLACEMENT_3D('',#13474,#13475,#13476);
#13474 = CARTESIAN_POINT('',(-7.62,12.,0.));
#13475 = DIRECTION('',(-0.,0.,-1.));
#13476 = DIRECTION('',(-1.7763568394E-15,-1.,0.));
#13477 = FACE_BOUND('',#13478,.F.);
#13478 = EDGE_LOOP('',(#13479));
#13479 = ORIENTED_EDGE('',*,*,#13480,.T.);
#13480 = EDGE_CURVE('',#13481,#13481,#13483,.T.);
#13481 = VERTEX_POINT('',#13482);
#13482 = CARTESIAN_POINT('',(-7.62,14.04,0.));
#13483 = CIRCLE('',#13484,0.5);
#13484 = AXIS2_PLACEMENT_3D('',#13485,#13486,#13487);
#13485 = CARTESIAN_POINT('',(-7.62,14.54,0.));
#13486 = DIRECTION('',(-0.,0.,-1.));
#13487 = DIRECTION('',(-1.7763568394E-15,-1.,0.));
#13488 = FACE_BOUND('',#13489,.F.);
#13489 = EDGE_LOOP('',(#13490));
#13490 = ORIENTED_EDGE('',*,*,#13491,.F.);
#13491 = EDGE_CURVE('',#13492,#13492,#13494,.T.);
#13492 = VERTEX_POINT('',#13493);
#13493 = CARTESIAN_POINT('',(-28.65,30.,0.));
#13494 = CIRCLE('',#13495,1.35);
#13495 = AXIS2_PLACEMENT_3D('',#13496,#13497,#13498);
#13496 = CARTESIAN_POINT('',(-30.,30.,0.));
#13497 = DIRECTION('',(0.,0.,1.));
#13498 = DIRECTION('',(1.,0.,0.));
#13499 = FACE_BOUND('',#13500,.F.);
#13500 = EDGE_LOOP('',(#13501));
#13501 = ORIENTED_EDGE('',*,*,#13502,.T.);
#13502 = EDGE_CURVE('',#13503,#13503,#13505,.T.);
#13503 = VERTEX_POINT('',#13504);
#13504 = CARTESIAN_POINT('',(-22.5,24.6,0.));
#13505 = CIRCLE('',#13506,0.65);
#13506 = AXIS2_PLACEMENT_3D('',#13507,#13508,#13509);
#13507 = CARTESIAN_POINT('',(-22.5,25.25,0.));
#13508 = DIRECTION('',(-0.,0.,-1.));
#13509 = DIRECTION('',(-0.,-1.,0.));
#13510 = FACE_BOUND('',#13511,.F.);
#13511 = EDGE_LOOP('',(#13512));
#13512 = ORIENTED_EDGE('',*,*,#13513,.T.);
#13513 = EDGE_CURVE('',#13514,#13514,#13516,.T.);
#13514 = VERTEX_POINT('',#13515);
#13515 = CARTESIAN_POINT('',(-17.5,24.6,0.));
#13516 = CIRCLE('',#13517,0.65);
#13517 = AXIS2_PLACEMENT_3D('',#13518,#13519,#13520);
#13518 = CARTESIAN_POINT('',(-17.5,25.25,0.));
#13519 = DIRECTION('',(-0.,0.,-1.));
#13520 = DIRECTION('',(-0.,-1.,0.));
#13521 = FACE_BOUND('',#13522,.F.);
#13522 = EDGE_LOOP('',(#13523));
#13523 = ORIENTED_EDGE('',*,*,#13524,.T.);
#13524 = EDGE_CURVE('',#13525,#13525,#13527,.T.);
#13525 = VERTEX_POINT('',#13526);
#13526 = CARTESIAN_POINT('',(-7.62,16.58,0.));
#13527 = CIRCLE('',#13528,0.5);
#13528 = AXIS2_PLACEMENT_3D('',#13529,#13530,#13531);
#13529 = CARTESIAN_POINT('',(-7.62,17.08,0.));
#13530 = DIRECTION('',(-0.,0.,-1.));
#13531 = DIRECTION('',(-1.7763568394E-15,-1.,0.));
#13532 = FACE_BOUND('',#13533,.F.);
#13533 = EDGE_LOOP('',(#13534));
#13534 = ORIENTED_EDGE('',*,*,#13535,.T.);
#13535 = EDGE_CURVE('',#13536,#13536,#13538,.T.);
#13536 = VERTEX_POINT('',#13537);
#13537 = CARTESIAN_POINT('',(-7.62,19.12,0.));
#13538 = CIRCLE('',#13539,0.5);
#13539 = AXIS2_PLACEMENT_3D('',#13540,#13541,#13542);
#13540 = CARTESIAN_POINT('',(-7.62,19.62,0.));
#13541 = DIRECTION('',(-0.,0.,-1.));
#13542 = DIRECTION('',(-1.7763568394E-15,-1.,0.));
#13543 = FACE_BOUND('',#13544,.F.);
#13544 = EDGE_LOOP('',(#13545));
#13545 = ORIENTED_EDGE('',*,*,#13546,.T.);
#13546 = EDGE_CURVE('',#13547,#13547,#13549,.T.);
#13547 = VERTEX_POINT('',#13548);
#13548 = CARTESIAN_POINT('',(7.62,3.88,0.));
#13549 = CIRCLE('',#13550,0.5);
#13550 = AXIS2_PLACEMENT_3D('',#13551,#13552,#13553);
#13551 = CARTESIAN_POINT('',(7.62,4.38,0.));
#13552 = DIRECTION('',(-0.,0.,-1.));
#13553 = DIRECTION('',(1.7763568394E-15,-1.,-0.));
#13554 = FACE_BOUND('',#13555,.F.);
#13555 = EDGE_LOOP('',(#13556));
#13556 = ORIENTED_EDGE('',*,*,#13557,.T.);
#13557 = EDGE_CURVE('',#13558,#13558,#13560,.T.);
#13558 = VERTEX_POINT('',#13559);
#13559 = CARTESIAN_POINT('',(7.62,6.42,0.));
#13560 = CIRCLE('',#13561,0.5);
#13561 = AXIS2_PLACEMENT_3D('',#13562,#13563,#13564);
#13562 = CARTESIAN_POINT('',(7.62,6.92,0.));
#13563 = DIRECTION('',(-0.,0.,-1.));
#13564 = DIRECTION('',(1.7763568394E-15,-1.,-0.));
#13565 = FACE_BOUND('',#13566,.F.);
#13566 = EDGE_LOOP('',(#13567));
#13567 = ORIENTED_EDGE('',*,*,#13568,.T.);
#13568 = EDGE_CURVE('',#13569,#13569,#13571,.T.);
#13569 = VERTEX_POINT('',#13570);
#13570 = CARTESIAN_POINT('',(7.62,8.96,0.));
#13571 = CIRCLE('',#13572,0.5);
#13572 = AXIS2_PLACEMENT_3D('',#13573,#13574,#13575);
#13573 = CARTESIAN_POINT('',(7.62,9.46,0.));
#13574 = DIRECTION('',(-0.,0.,-1.));
#13575 = DIRECTION('',(1.7763568394E-15,-1.,-0.));
#13576 = FACE_BOUND('',#13577,.F.);
#13577 = EDGE_LOOP('',(#13578));
#13578 = ORIENTED_EDGE('',*,*,#13579,.T.);
#13579 = EDGE_CURVE('',#13580,#13580,#13582,.T.);
#13580 = VERTEX_POINT('',#13581);
#13581 = CARTESIAN_POINT('',(7.62,11.5,0.));
#13582 = CIRCLE('',#13583,0.5);
#13583 = AXIS2_PLACEMENT_3D('',#13584,#13585,#13586);
#13584 = CARTESIAN_POINT('',(7.62,12.,0.));
#13585 = DIRECTION('',(-0.,0.,-1.));
#13586 = DIRECTION('',(1.7763568394E-15,-1.,-0.));
#13587 = FACE_BOUND('',#13588,.F.);
#13588 = EDGE_LOOP('',(#13589));
#13589 = ORIENTED_EDGE('',*,*,#13590,.T.);
#13590 = EDGE_CURVE('',#13591,#13591,#13593,.T.);
#13591 = VERTEX_POINT('',#13592);
#13592 = CARTESIAN_POINT('',(7.62,14.04,0.));
#13593 = CIRCLE('',#13594,0.5);
#13594 = AXIS2_PLACEMENT_3D('',#13595,#13596,#13597);
#13595 = CARTESIAN_POINT('',(7.62,14.54,0.));
#13596 = DIRECTION('',(-0.,0.,-1.));
#13597 = DIRECTION('',(1.7763568394E-15,-1.,-0.));
#13598 = FACE_BOUND('',#13599,.F.);
#13599 = EDGE_LOOP('',(#13600));
#13600 = ORIENTED_EDGE('',*,*,#13601,.T.);
#13601 = EDGE_CURVE('',#13602,#13602,#13604,.T.);
#13602 = VERTEX_POINT('',#13603);
#13603 = CARTESIAN_POINT('',(17.5,5.6,0.));
#13604 = CIRCLE('',#13605,0.65);
#13605 = AXIS2_PLACEMENT_3D('',#13606,#13607,#13608);
#13606 = CARTESIAN_POINT('',(17.5,6.25,0.));
#13607 = DIRECTION('',(-0.,0.,-1.));
#13608 = DIRECTION('',(-0.,-1.,0.));
#13609 = FACE_BOUND('',#13610,.F.);
#13610 = EDGE_LOOP('',(#13611));
#13611 = ORIENTED_EDGE('',*,*,#13612,.T.);
#13612 = EDGE_CURVE('',#13613,#13613,#13615,.T.);
#13613 = VERTEX_POINT('',#13614);
#13614 = CARTESIAN_POINT('',(22.5,5.6,0.));
#13615 = CIRCLE('',#13616,0.65);
#13616 = AXIS2_PLACEMENT_3D('',#13617,#13618,#13619);
#13617 = CARTESIAN_POINT('',(22.5,6.25,0.));
#13618 = DIRECTION('',(-0.,0.,-1.));
#13619 = DIRECTION('',(-0.,-1.,0.));
#13620 = FACE_BOUND('',#13621,.F.);
#13621 = EDGE_LOOP('',(#13622));
#13622 = ORIENTED_EDGE('',*,*,#13623,.T.);
#13623 = EDGE_CURVE('',#13624,#13624,#13626,.T.);
#13624 = VERTEX_POINT('',#13625);
#13625 = CARTESIAN_POINT('',(17.5,12.1,0.));
#13626 = CIRCLE('',#13627,0.65);
#13627 = AXIS2_PLACEMENT_3D('',#13628,#13629,#13630);
#13628 = CARTESIAN_POINT('',(17.5,12.75,0.));
#13629 = DIRECTION('',(-0.,0.,-1.));
#13630 = DIRECTION('',(-0.,-1.,0.));
#13631 = FACE_BOUND('',#13632,.F.);
#13632 = EDGE_LOOP('',(#13633));
#13633 = ORIENTED_EDGE('',*,*,#13634,.T.);
#13634 = EDGE_CURVE('',#13635,#13635,#13637,.T.);
#13635 = VERTEX_POINT('',#13636);
#13636 = CARTESIAN_POINT('',(22.5,12.1,0.));
#13637 = CIRCLE('',#13638,0.65);
#13638 = AXIS2_PLACEMENT_3D('',#13639,#13640,#13641);
#13639 = CARTESIAN_POINT('',(22.5,12.75,0.));
#13640 = DIRECTION('',(-0.,0.,-1.));
#13641 = DIRECTION('',(-0.,-1.,0.));
#13642 = FACE_BOUND('',#13643,.F.);
#13643 = EDGE_LOOP('',(#13644));
#13644 = ORIENTED_EDGE('',*,*,#13645,.T.);
#13645 = EDGE_CURVE('',#13646,#13646,#13648,.T.);
#13646 = VERTEX_POINT('',#13647);
#13647 = CARTESIAN_POINT('',(7.62,16.58,0.));
#13648 = CIRCLE('',#13649,0.5);
#13649 = AXIS2_PLACEMENT_3D('',#13650,#13651,#13652);
#13650 = CARTESIAN_POINT('',(7.62,17.08,0.));
#13651 = DIRECTION('',(-0.,0.,-1.));
#13652 = DIRECTION('',(1.7763568394E-15,-1.,-0.));
#13653 = FACE_BOUND('',#13654,.F.);
#13654 = EDGE_LOOP('',(#13655));
#13655 = ORIENTED_EDGE('',*,*,#13656,.T.);
#13656 = EDGE_CURVE('',#13657,#13657,#13659,.T.);
#13657 = VERTEX_POINT('',#13658);
#13658 = CARTESIAN_POINT('',(7.62,19.12,0.));
#13659 = CIRCLE('',#13660,0.5);
#13660 = AXIS2_PLACEMENT_3D('',#13661,#13662,#13663);
#13661 = CARTESIAN_POINT('',(7.62,19.62,0.));
#13662 = DIRECTION('',(-0.,0.,-1.));
#13663 = DIRECTION('',(1.7763568394E-15,-1.,-0.));
#13664 = FACE_BOUND('',#13665,.F.);
#13665 = EDGE_LOOP('',(#13666));
#13666 = ORIENTED_EDGE('',*,*,#13667,.T.);
#13667 = EDGE_CURVE('',#13668,#13668,#13670,.T.);
#13668 = VERTEX_POINT('',#13669);
#13669 = CARTESIAN_POINT('',(0.,28.96,0.));
#13670 = CIRCLE('',#13671,0.5);
#13671 = AXIS2_PLACEMENT_3D('',#13672,#13673,#13674);
#13672 = CARTESIAN_POINT('',(-2.775557561563E-17,29.46,0.));
#13673 = DIRECTION('',(-0.,0.,-1.));
#13674 = DIRECTION('',(5.551115123126E-17,-1.,-0.));
#13675 = FACE_BOUND('',#13676,.F.);
#13676 = EDGE_LOOP('',(#13677));
#13677 = ORIENTED_EDGE('',*,*,#13678,.T.);
#13678 = EDGE_CURVE('',#13679,#13679,#13681,.T.);
#13679 = VERTEX_POINT('',#13680);
#13680 = CARTESIAN_POINT('',(0.,31.5,0.));
#13681 = CIRCLE('',#13682,0.5);
#13682 = AXIS2_PLACEMENT_3D('',#13683,#13684,#13685);
#13683 = CARTESIAN_POINT('',(-2.775557561563E-17,32.,0.));
#13684 = DIRECTION('',(-0.,0.,-1.));
#13685 = DIRECTION('',(5.551115123126E-17,-1.,-0.));
#13686 = FACE_BOUND('',#13687,.F.);
#13687 = EDGE_LOOP('',(#13688));
#13688 = ORIENTED_EDGE('',*,*,#13689,.T.);
#13689 = EDGE_CURVE('',#13690,#13690,#13692,.T.);
#13690 = VERTEX_POINT('',#13691);
#13691 = CARTESIAN_POINT('',(17.5,24.6,0.));
#13692 = CIRCLE('',#13693,0.65);
#13693 = AXIS2_PLACEMENT_3D('',#13694,#13695,#13696);
#13694 = CARTESIAN_POINT('',(17.5,25.25,0.));
#13695 = DIRECTION('',(-0.,0.,-1.));
#13696 = DIRECTION('',(-0.,-1.,0.));
#13697 = FACE_BOUND('',#13698,.F.);
#13698 = EDGE_LOOP('',(#13699));
#13699 = ORIENTED_EDGE('',*,*,#13700,.T.);
#13700 = EDGE_CURVE('',#13701,#13701,#13703,.T.);
#13701 = VERTEX_POINT('',#13702);
#13702 = CARTESIAN_POINT('',(22.5,24.6,0.));
#13703 = CIRCLE('',#13704,0.65);
#13704 = AXIS2_PLACEMENT_3D('',#13705,#13706,#13707);
#13705 = CARTESIAN_POINT('',(22.5,25.25,0.));
#13706 = DIRECTION('',(-0.,0.,-1.));
#13707 = DIRECTION('',(-0.,-1.,0.));
#13708 = FACE_BOUND('',#13709,.F.);
#13709 = EDGE_LOOP('',(#13710));
#13710 = ORIENTED_EDGE('',*,*,#13711,.F.);
#13711 = EDGE_CURVE('',#13712,#13712,#13714,.T.);
#13712 = VERTEX_POINT('',#13713);
#13713 = CARTESIAN_POINT('',(31.35,30.,0.));
#13714 = CIRCLE('',#13715,1.35);
#13715 = AXIS2_PLACEMENT_3D('',#13716,#13717,#13718);
#13716 = CARTESIAN_POINT('',(30.,30.,0.));
#13717 = DIRECTION('',(0.,0.,1.));
#13718 = DIRECTION('',(1.,0.,0.));
#13719 = PLANE('',#13720);
#13720 = AXIS2_PLACEMENT_3D('',#13721,#13722,#13723);
#13721 = CARTESIAN_POINT('',(0.,0.,0.));
#13722 = DIRECTION('',(0.,0.,1.));
#13723 = DIRECTION('',(1.,0.,-0.));
#13724 = ADVANCED_FACE('',(#13725,#13771,#13782,#13793,#13804,#13815,
    #13826,#13837,#13848,#13859,#13870,#13881,#13917,#13928,#13939,
    #13975,#13986,#13997,#14008,#14019,#14030,#14041,#14052,#14063,
    #14074,#14085,#14096,#14107,#14118,#14129,#14140,#14151,#14162,
    #14173,#14184,#14195,#14206,#14217,#14228,#14239,#14250,#14261,
    #14272,#14283,#14294,#14305,#14316,#14327,#14338,#14349,#14360,
    #14371),#14382,.T.);
#13725 = FACE_BOUND('',#13726,.T.);
#13726 = EDGE_LOOP('',(#13727,#13728,#13729,#13738,#13746,#13755,#13763,
    #13770));
#13727 = ORIENTED_EDGE('',*,*,#12971,.F.);
#13728 = ORIENTED_EDGE('',*,*,#13013,.F.);
#13729 = ORIENTED_EDGE('',*,*,#13730,.F.);
#13730 = EDGE_CURVE('',#13731,#13006,#13733,.T.);
#13731 = VERTEX_POINT('',#13732);
#13732 = CARTESIAN_POINT('',(-40.,36.,1.51));
#13733 = CIRCLE('',#13734,4.00000042591);
#13734 = AXIS2_PLACEMENT_3D('',#13735,#13736,#13737);
#13735 = CARTESIAN_POINT('',(-35.99999957409,35.99999957409,1.51));
#13736 = DIRECTION('',(0.,0.,-1.));
#13737 = DIRECTION('',(-1.,1.064775372185E-07,0.));
#13738 = ORIENTED_EDGE('',*,*,#13739,.F.);
#13739 = EDGE_CURVE('',#13740,#13731,#13742,.T.);
#13740 = VERTEX_POINT('',#13741);
#13741 = CARTESIAN_POINT('',(-40.,-36.,1.51));
#13742 = LINE('',#13743,#13744);
#13743 = CARTESIAN_POINT('',(-40.,-36.,1.51));
#13744 = VECTOR('',#13745,1.);
#13745 = DIRECTION('',(0.,1.,0.));
#13746 = ORIENTED_EDGE('',*,*,#13747,.F.);
#13747 = EDGE_CURVE('',#13748,#13740,#13750,.T.);
#13748 = VERTEX_POINT('',#13749);
#13749 = CARTESIAN_POINT('',(-36.,-40.,1.51));
#13750 = CIRCLE('',#13751,4.00000042591);
#13751 = AXIS2_PLACEMENT_3D('',#13752,#13753,#13754);
#13752 = CARTESIAN_POINT('',(-35.99999957409,-35.99999957409,1.51));
#13753 = DIRECTION('',(0.,0.,-1.));
#13754 = DIRECTION('',(-1.064775372185E-07,-1.,-0.));
#13755 = ORIENTED_EDGE('',*,*,#13756,.F.);
#13756 = EDGE_CURVE('',#13757,#13748,#13759,.T.);
#13757 = VERTEX_POINT('',#13758);
#13758 = CARTESIAN_POINT('',(36.,-40.,1.51));
#13759 = LINE('',#13760,#13761);
#13760 = CARTESIAN_POINT('',(36.,-40.,1.51));
#13761 = VECTOR('',#13762,1.);
#13762 = DIRECTION('',(-1.,0.,0.));
#13763 = ORIENTED_EDGE('',*,*,#13764,.F.);
#13764 = EDGE_CURVE('',#13036,#13757,#13765,.T.);
#13765 = CIRCLE('',#13766,4.00000042591);
#13766 = AXIS2_PLACEMENT_3D('',#13767,#13768,#13769);
#13767 = CARTESIAN_POINT('',(35.99999957409,-35.99999957409,1.51));
#13768 = DIRECTION('',(0.,0.,-1.));
#13769 = DIRECTION('',(1.,-1.064775372185E-07,0.));
#13770 = ORIENTED_EDGE('',*,*,#13035,.F.);
#13771 = FACE_BOUND('',#13772,.T.);
#13772 = EDGE_LOOP('',(#13773));
#13773 = ORIENTED_EDGE('',*,*,#13774,.F.);
#13774 = EDGE_CURVE('',#13775,#13775,#13777,.T.);
#13775 = VERTEX_POINT('',#13776);
#13776 = CARTESIAN_POINT('',(-28.65,-30.,1.51));
#13777 = CIRCLE('',#13778,1.35);
#13778 = AXIS2_PLACEMENT_3D('',#13779,#13780,#13781);
#13779 = CARTESIAN_POINT('',(-30.,-30.,1.51));
#13780 = DIRECTION('',(0.,0.,1.));
#13781 = DIRECTION('',(1.,0.,0.));
#13782 = FACE_BOUND('',#13783,.T.);
#13783 = EDGE_LOOP('',(#13784));
#13784 = ORIENTED_EDGE('',*,*,#13785,.T.);
#13785 = EDGE_CURVE('',#13786,#13786,#13788,.T.);
#13786 = VERTEX_POINT('',#13787);
#13787 = CARTESIAN_POINT('',(-22.5,-25.9,1.51));
#13788 = CIRCLE('',#13789,0.65);
#13789 = AXIS2_PLACEMENT_3D('',#13790,#13791,#13792);
#13790 = CARTESIAN_POINT('',(-22.5,-25.25,1.51));
#13791 = DIRECTION('',(-0.,0.,-1.));
#13792 = DIRECTION('',(-0.,-1.,0.));
#13793 = FACE_BOUND('',#13794,.T.);
#13794 = EDGE_LOOP('',(#13795));
#13795 = ORIENTED_EDGE('',*,*,#13796,.T.);
#13796 = EDGE_CURVE('',#13797,#13797,#13799,.T.);
#13797 = VERTEX_POINT('',#13798);
#13798 = CARTESIAN_POINT('',(-17.5,-25.9,1.51));
#13799 = CIRCLE('',#13800,0.65);
#13800 = AXIS2_PLACEMENT_3D('',#13801,#13802,#13803);
#13801 = CARTESIAN_POINT('',(-17.5,-25.25,1.51));
#13802 = DIRECTION('',(-0.,0.,-1.));
#13803 = DIRECTION('',(-0.,-1.,0.));
#13804 = FACE_BOUND('',#13805,.T.);
#13805 = EDGE_LOOP('',(#13806));
#13806 = ORIENTED_EDGE('',*,*,#13807,.T.);
#13807 = EDGE_CURVE('',#13808,#13808,#13810,.T.);
#13808 = VERTEX_POINT('',#13809);
#13809 = CARTESIAN_POINT('',(-7.5,-35.,1.51));
#13810 = CIRCLE('',#13811,0.5);
#13811 = AXIS2_PLACEMENT_3D('',#13812,#13813,#13814);
#13812 = CARTESIAN_POINT('',(-7.5,-34.5,1.51));
#13813 = DIRECTION('',(-0.,0.,-1.));
#13814 = DIRECTION('',(-0.,-1.,0.));
#13815 = FACE_BOUND('',#13816,.T.);
#13816 = EDGE_LOOP('',(#13817));
#13817 = ORIENTED_EDGE('',*,*,#13818,.T.);
#13818 = EDGE_CURVE('',#13819,#13819,#13821,.T.);
#13819 = VERTEX_POINT('',#13820);
#13820 = CARTESIAN_POINT('',(-7.5,-32.5,1.51));
#13821 = CIRCLE('',#13822,0.5);
#13822 = AXIS2_PLACEMENT_3D('',#13823,#13824,#13825);
#13823 = CARTESIAN_POINT('',(-7.5,-32.,1.51));
#13824 = DIRECTION('',(-0.,0.,-1.));
#13825 = DIRECTION('',(-0.,-1.,0.));
#13826 = FACE_BOUND('',#13827,.T.);
#13827 = EDGE_LOOP('',(#13828));
#13828 = ORIENTED_EDGE('',*,*,#13829,.T.);
#13829 = EDGE_CURVE('',#13830,#13830,#13832,.T.);
#13830 = VERTEX_POINT('',#13831);
#13831 = CARTESIAN_POINT('',(-7.5,-30.,1.51));
#13832 = CIRCLE('',#13833,0.5);
#13833 = AXIS2_PLACEMENT_3D('',#13834,#13835,#13836);
#13834 = CARTESIAN_POINT('',(-7.5,-29.5,1.51));
#13835 = DIRECTION('',(-0.,0.,-1.));
#13836 = DIRECTION('',(-0.,-1.,0.));
#13837 = FACE_BOUND('',#13838,.T.);
#13838 = EDGE_LOOP('',(#13839));
#13839 = ORIENTED_EDGE('',*,*,#13840,.T.);
#13840 = EDGE_CURVE('',#13841,#13841,#13843,.T.);
#13841 = VERTEX_POINT('',#13842);
#13842 = CARTESIAN_POINT('',(-22.5,-13.4,1.51));
#13843 = CIRCLE('',#13844,0.65);
#13844 = AXIS2_PLACEMENT_3D('',#13845,#13846,#13847);
#13845 = CARTESIAN_POINT('',(-22.5,-12.75,1.51));
#13846 = DIRECTION('',(-0.,0.,-1.));
#13847 = DIRECTION('',(-0.,-1.,0.));
#13848 = FACE_BOUND('',#13849,.T.);
#13849 = EDGE_LOOP('',(#13850));
#13850 = ORIENTED_EDGE('',*,*,#13851,.T.);
#13851 = EDGE_CURVE('',#13852,#13852,#13854,.T.);
#13852 = VERTEX_POINT('',#13853);
#13853 = CARTESIAN_POINT('',(-17.5,-13.4,1.51));
#13854 = CIRCLE('',#13855,0.65);
#13855 = AXIS2_PLACEMENT_3D('',#13856,#13857,#13858);
#13856 = CARTESIAN_POINT('',(-17.5,-12.75,1.51));
#13857 = DIRECTION('',(-0.,0.,-1.));
#13858 = DIRECTION('',(-0.,-1.,0.));
#13859 = FACE_BOUND('',#13860,.T.);
#13860 = EDGE_LOOP('',(#13861));
#13861 = ORIENTED_EDGE('',*,*,#13862,.T.);
#13862 = EDGE_CURVE('',#13863,#13863,#13865,.T.);
#13863 = VERTEX_POINT('',#13864);
#13864 = CARTESIAN_POINT('',(-22.5,-6.9,1.51));
#13865 = CIRCLE('',#13866,0.65);
#13866 = AXIS2_PLACEMENT_3D('',#13867,#13868,#13869);
#13867 = CARTESIAN_POINT('',(-22.5,-6.25,1.51));
#13868 = DIRECTION('',(-0.,0.,-1.));
#13869 = DIRECTION('',(-0.,-1.,0.));
#13870 = FACE_BOUND('',#13871,.T.);
#13871 = EDGE_LOOP('',(#13872));
#13872 = ORIENTED_EDGE('',*,*,#13873,.T.);
#13873 = EDGE_CURVE('',#13874,#13874,#13876,.T.);
#13874 = VERTEX_POINT('',#13875);
#13875 = CARTESIAN_POINT('',(-17.5,-6.9,1.51));
#13876 = CIRCLE('',#13877,0.65);
#13877 = AXIS2_PLACEMENT_3D('',#13878,#13879,#13880);
#13878 = CARTESIAN_POINT('',(-17.5,-6.25,1.51));
#13879 = DIRECTION('',(-0.,0.,-1.));
#13880 = DIRECTION('',(-0.,-1.,0.));
#13881 = FACE_BOUND('',#13882,.T.);
#13882 = EDGE_LOOP('',(#13883,#13894,#13902,#13911));
#13883 = ORIENTED_EDGE('',*,*,#13884,.T.);
#13884 = EDGE_CURVE('',#13885,#13887,#13889,.T.);
#13885 = VERTEX_POINT('',#13886);
#13886 = CARTESIAN_POINT('',(0.65,-36.85,1.51));
#13887 = VERTEX_POINT('',#13888);
#13888 = CARTESIAN_POINT('',(0.65,-38.35,1.51));
#13889 = CIRCLE('',#13890,0.75);
#13890 = AXIS2_PLACEMENT_3D('',#13891,#13892,#13893);
#13891 = CARTESIAN_POINT('',(0.65,-37.6,1.51));
#13892 = DIRECTION('',(-0.,0.,-1.));
#13893 = DIRECTION('',(1.480297366167E-16,-1.,-0.));
#13894 = ORIENTED_EDGE('',*,*,#13895,.T.);
#13895 = EDGE_CURVE('',#13887,#13896,#13898,.T.);
#13896 = VERTEX_POINT('',#13897);
#13897 = CARTESIAN_POINT('',(-0.65,-38.35,1.51));
#13898 = LINE('',#13899,#13900);
#13899 = CARTESIAN_POINT('',(-0.325,-38.35,1.51));
#13900 = VECTOR('',#13901,1.);
#13901 = DIRECTION('',(-1.,0.,0.));
#13902 = ORIENTED_EDGE('',*,*,#13903,.T.);
#13903 = EDGE_CURVE('',#13896,#13904,#13906,.T.);
#13904 = VERTEX_POINT('',#13905);
#13905 = CARTESIAN_POINT('',(-0.65,-36.85,1.51));
#13906 = CIRCLE('',#13907,0.75);
#13907 = AXIS2_PLACEMENT_3D('',#13908,#13909,#13910);
#13908 = CARTESIAN_POINT('',(-0.65,-37.6,1.51));
#13909 = DIRECTION('',(-0.,0.,-1.));
#13910 = DIRECTION('',(-1.480297366167E-16,1.,0.));
#13911 = ORIENTED_EDGE('',*,*,#13912,.T.);
#13912 = EDGE_CURVE('',#13904,#13885,#13913,.T.);
#13913 = LINE('',#13914,#13915);
#13914 = CARTESIAN_POINT('',(0.325,-36.85,1.51));
#13915 = VECTOR('',#13916,1.);
#13916 = DIRECTION('',(1.,0.,-0.));
#13917 = FACE_BOUND('',#13918,.T.);
#13918 = EDGE_LOOP('',(#13919));
#13919 = ORIENTED_EDGE('',*,*,#13920,.T.);
#13920 = EDGE_CURVE('',#13921,#13921,#13923,.T.);
#13921 = VERTEX_POINT('',#13922);
#13922 = CARTESIAN_POINT('',(7.,-35.,1.51));
#13923 = CIRCLE('',#13924,0.5);
#13924 = AXIS2_PLACEMENT_3D('',#13925,#13926,#13927);
#13925 = CARTESIAN_POINT('',(7.,-34.5,1.51));
#13926 = DIRECTION('',(-0.,0.,-1.));
#13927 = DIRECTION('',(-0.,-1.,0.));
#13928 = FACE_BOUND('',#13929,.T.);
#13929 = EDGE_LOOP('',(#13930));
#13930 = ORIENTED_EDGE('',*,*,#13931,.T.);
#13931 = EDGE_CURVE('',#13932,#13932,#13934,.T.);
#13932 = VERTEX_POINT('',#13933);
#13933 = CARTESIAN_POINT('',(7.,-30.,1.51));
#13934 = CIRCLE('',#13935,0.5);
#13935 = AXIS2_PLACEMENT_3D('',#13936,#13937,#13938);
#13936 = CARTESIAN_POINT('',(7.,-29.5,1.51));
#13937 = DIRECTION('',(-0.,0.,-1.));
#13938 = DIRECTION('',(-0.,-1.,0.));
#13939 = FACE_BOUND('',#13940,.T.);
#13940 = EDGE_LOOP('',(#13941,#13952,#13960,#13969));
#13941 = ORIENTED_EDGE('',*,*,#13942,.T.);
#13942 = EDGE_CURVE('',#13943,#13945,#13947,.T.);
#13943 = VERTEX_POINT('',#13944);
#13944 = CARTESIAN_POINT('',(0.65,-25.65,1.51));
#13945 = VERTEX_POINT('',#13946);
#13946 = CARTESIAN_POINT('',(0.65,-27.15,1.51));
#13947 = CIRCLE('',#13948,0.75);
#13948 = AXIS2_PLACEMENT_3D('',#13949,#13950,#13951);
#13949 = CARTESIAN_POINT('',(0.65,-26.4,1.51));
#13950 = DIRECTION('',(-0.,0.,-1.));
#13951 = DIRECTION('',(1.480297366167E-16,-1.,-0.));
#13952 = ORIENTED_EDGE('',*,*,#13953,.T.);
#13953 = EDGE_CURVE('',#13945,#13954,#13956,.T.);
#13954 = VERTEX_POINT('',#13955);
#13955 = CARTESIAN_POINT('',(-0.65,-27.15,1.51));
#13956 = LINE('',#13957,#13958);
#13957 = CARTESIAN_POINT('',(-0.325,-27.15,1.51));
#13958 = VECTOR('',#13959,1.);
#13959 = DIRECTION('',(-1.,0.,0.));
#13960 = ORIENTED_EDGE('',*,*,#13961,.T.);
#13961 = EDGE_CURVE('',#13954,#13962,#13964,.T.);
#13962 = VERTEX_POINT('',#13963);
#13963 = CARTESIAN_POINT('',(-0.65,-25.65,1.51));
#13964 = CIRCLE('',#13965,0.75);
#13965 = AXIS2_PLACEMENT_3D('',#13966,#13967,#13968);
#13966 = CARTESIAN_POINT('',(-0.65,-26.4,1.51));
#13967 = DIRECTION('',(-0.,0.,-1.));
#13968 = DIRECTION('',(-1.480297366167E-16,1.,0.));
#13969 = ORIENTED_EDGE('',*,*,#13970,.T.);
#13970 = EDGE_CURVE('',#13962,#13943,#13971,.T.);
#13971 = LINE('',#13972,#13973);
#13972 = CARTESIAN_POINT('',(0.325,-25.65,1.51));
#13973 = VECTOR('',#13974,1.);
#13974 = DIRECTION('',(1.,0.,-0.));
#13975 = FACE_BOUND('',#13976,.T.);
#13976 = EDGE_LOOP('',(#13977));
#13977 = ORIENTED_EDGE('',*,*,#13978,.F.);
#13978 = EDGE_CURVE('',#13979,#13979,#13981,.T.);
#13979 = VERTEX_POINT('',#13980);
#13980 = CARTESIAN_POINT('',(31.35,-30.,1.51));
#13981 = CIRCLE('',#13982,1.35);
#13982 = AXIS2_PLACEMENT_3D('',#13983,#13984,#13985);
#13983 = CARTESIAN_POINT('',(30.,-30.,1.51));
#13984 = DIRECTION('',(0.,0.,1.));
#13985 = DIRECTION('',(1.,0.,0.));
#13986 = FACE_BOUND('',#13987,.T.);
#13987 = EDGE_LOOP('',(#13988));
#13988 = ORIENTED_EDGE('',*,*,#13989,.T.);
#13989 = EDGE_CURVE('',#13990,#13990,#13992,.T.);
#13990 = VERTEX_POINT('',#13991);
#13991 = CARTESIAN_POINT('',(17.5,-25.9,1.51));
#13992 = CIRCLE('',#13993,0.65);
#13993 = AXIS2_PLACEMENT_3D('',#13994,#13995,#13996);
#13994 = CARTESIAN_POINT('',(17.5,-25.25,1.51));
#13995 = DIRECTION('',(-0.,0.,-1.));
#13996 = DIRECTION('',(-0.,-1.,0.));
#13997 = FACE_BOUND('',#13998,.T.);
#13998 = EDGE_LOOP('',(#13999));
#13999 = ORIENTED_EDGE('',*,*,#14000,.T.);
#14000 = EDGE_CURVE('',#14001,#14001,#14003,.T.);
#14001 = VERTEX_POINT('',#14002);
#14002 = CARTESIAN_POINT('',(22.5,-25.9,1.51));
#14003 = CIRCLE('',#14004,0.65);
#14004 = AXIS2_PLACEMENT_3D('',#14005,#14006,#14007);
#14005 = CARTESIAN_POINT('',(22.5,-25.25,1.51));
#14006 = DIRECTION('',(-0.,0.,-1.));
#14007 = DIRECTION('',(-0.,-1.,0.));
#14008 = FACE_BOUND('',#14009,.T.);
#14009 = EDGE_LOOP('',(#14010));
#14010 = ORIENTED_EDGE('',*,*,#14011,.T.);
#14011 = EDGE_CURVE('',#14012,#14012,#14014,.T.);
#14012 = VERTEX_POINT('',#14013);
#14013 = CARTESIAN_POINT('',(17.5,-13.4,1.51));
#14014 = CIRCLE('',#14015,0.65);
#14015 = AXIS2_PLACEMENT_3D('',#14016,#14017,#14018);
#14016 = CARTESIAN_POINT('',(17.5,-12.75,1.51));
#14017 = DIRECTION('',(-0.,0.,-1.));
#14018 = DIRECTION('',(-0.,-1.,0.));
#14019 = FACE_BOUND('',#14020,.T.);
#14020 = EDGE_LOOP('',(#14021));
#14021 = ORIENTED_EDGE('',*,*,#14022,.T.);
#14022 = EDGE_CURVE('',#14023,#14023,#14025,.T.);
#14023 = VERTEX_POINT('',#14024);
#14024 = CARTESIAN_POINT('',(22.5,-13.4,1.51));
#14025 = CIRCLE('',#14026,0.65);
#14026 = AXIS2_PLACEMENT_3D('',#14027,#14028,#14029);
#14027 = CARTESIAN_POINT('',(22.5,-12.75,1.51));
#14028 = DIRECTION('',(-0.,0.,-1.));
#14029 = DIRECTION('',(-0.,-1.,0.));
#14030 = FACE_BOUND('',#14031,.T.);
#14031 = EDGE_LOOP('',(#14032));
#14032 = ORIENTED_EDGE('',*,*,#14033,.T.);
#14033 = EDGE_CURVE('',#14034,#14034,#14036,.T.);
#14034 = VERTEX_POINT('',#14035);
#14035 = CARTESIAN_POINT('',(17.5,-6.9,1.51));
#14036 = CIRCLE('',#14037,0.65);
#14037 = AXIS2_PLACEMENT_3D('',#14038,#14039,#14040);
#14038 = CARTESIAN_POINT('',(17.5,-6.25,1.51));
#14039 = DIRECTION('',(-0.,0.,-1.));
#14040 = DIRECTION('',(-0.,-1.,0.));
#14041 = FACE_BOUND('',#14042,.T.);
#14042 = EDGE_LOOP('',(#14043));
#14043 = ORIENTED_EDGE('',*,*,#14044,.T.);
#14044 = EDGE_CURVE('',#14045,#14045,#14047,.T.);
#14045 = VERTEX_POINT('',#14046);
#14046 = CARTESIAN_POINT('',(22.5,-6.9,1.51));
#14047 = CIRCLE('',#14048,0.65);
#14048 = AXIS2_PLACEMENT_3D('',#14049,#14050,#14051);
#14049 = CARTESIAN_POINT('',(22.5,-6.25,1.51));
#14050 = DIRECTION('',(-0.,0.,-1.));
#14051 = DIRECTION('',(-0.,-1.,0.));
#14052 = FACE_BOUND('',#14053,.T.);
#14053 = EDGE_LOOP('',(#14054));
#14054 = ORIENTED_EDGE('',*,*,#14055,.T.);
#14055 = EDGE_CURVE('',#14056,#14056,#14058,.T.);
#14056 = VERTEX_POINT('',#14057);
#14057 = CARTESIAN_POINT('',(-22.5,5.6,1.51));
#14058 = CIRCLE('',#14059,0.65);
#14059 = AXIS2_PLACEMENT_3D('',#14060,#14061,#14062);
#14060 = CARTESIAN_POINT('',(-22.5,6.25,1.51));
#14061 = DIRECTION('',(-0.,0.,-1.));
#14062 = DIRECTION('',(-0.,-1.,0.));
#14063 = FACE_BOUND('',#14064,.T.);
#14064 = EDGE_LOOP('',(#14065));
#14065 = ORIENTED_EDGE('',*,*,#14066,.T.);
#14066 = EDGE_CURVE('',#14067,#14067,#14069,.T.);
#14067 = VERTEX_POINT('',#14068);
#14068 = CARTESIAN_POINT('',(-17.5,5.6,1.51));
#14069 = CIRCLE('',#14070,0.65);
#14070 = AXIS2_PLACEMENT_3D('',#14071,#14072,#14073);
#14071 = CARTESIAN_POINT('',(-17.5,6.25,1.51));
#14072 = DIRECTION('',(-0.,0.,-1.));
#14073 = DIRECTION('',(-0.,-1.,0.));
#14074 = FACE_BOUND('',#14075,.T.);
#14075 = EDGE_LOOP('',(#14076));
#14076 = ORIENTED_EDGE('',*,*,#14077,.T.);
#14077 = EDGE_CURVE('',#14078,#14078,#14080,.T.);
#14078 = VERTEX_POINT('',#14079);
#14079 = CARTESIAN_POINT('',(-22.5,12.1,1.51));
#14080 = CIRCLE('',#14081,0.65);
#14081 = AXIS2_PLACEMENT_3D('',#14082,#14083,#14084);
#14082 = CARTESIAN_POINT('',(-22.5,12.75,1.51));
#14083 = DIRECTION('',(-0.,0.,-1.));
#14084 = DIRECTION('',(-0.,-1.,0.));
#14085 = FACE_BOUND('',#14086,.T.);
#14086 = EDGE_LOOP('',(#14087));
#14087 = ORIENTED_EDGE('',*,*,#14088,.T.);
#14088 = EDGE_CURVE('',#14089,#14089,#14091,.T.);
#14089 = VERTEX_POINT('',#14090);
#14090 = CARTESIAN_POINT('',(-17.5,12.1,1.51));
#14091 = CIRCLE('',#14092,0.65);
#14092 = AXIS2_PLACEMENT_3D('',#14093,#14094,#14095);
#14093 = CARTESIAN_POINT('',(-17.5,12.75,1.51));
#14094 = DIRECTION('',(-0.,0.,-1.));
#14095 = DIRECTION('',(-0.,-1.,0.));
#14096 = FACE_BOUND('',#14097,.T.);
#14097 = EDGE_LOOP('',(#14098));
#14098 = ORIENTED_EDGE('',*,*,#14099,.T.);
#14099 = EDGE_CURVE('',#14100,#14100,#14102,.T.);
#14100 = VERTEX_POINT('',#14101);
#14101 = CARTESIAN_POINT('',(-7.62,3.88,1.51));
#14102 = CIRCLE('',#14103,0.5);
#14103 = AXIS2_PLACEMENT_3D('',#14104,#14105,#14106);
#14104 = CARTESIAN_POINT('',(-7.62,4.38,1.51));
#14105 = DIRECTION('',(-0.,0.,-1.));
#14106 = DIRECTION('',(-1.7763568394E-15,-1.,0.));
#14107 = FACE_BOUND('',#14108,.T.);
#14108 = EDGE_LOOP('',(#14109));
#14109 = ORIENTED_EDGE('',*,*,#14110,.T.);
#14110 = EDGE_CURVE('',#14111,#14111,#14113,.T.);
#14111 = VERTEX_POINT('',#14112);
#14112 = CARTESIAN_POINT('',(-7.62,6.42,1.51));
#14113 = CIRCLE('',#14114,0.5);
#14114 = AXIS2_PLACEMENT_3D('',#14115,#14116,#14117);
#14115 = CARTESIAN_POINT('',(-7.62,6.92,1.51));
#14116 = DIRECTION('',(-0.,0.,-1.));
#14117 = DIRECTION('',(-1.7763568394E-15,-1.,0.));
#14118 = FACE_BOUND('',#14119,.T.);
#14119 = EDGE_LOOP('',(#14120));
#14120 = ORIENTED_EDGE('',*,*,#14121,.T.);
#14121 = EDGE_CURVE('',#14122,#14122,#14124,.T.);
#14122 = VERTEX_POINT('',#14123);
#14123 = CARTESIAN_POINT('',(-7.62,8.96,1.51));
#14124 = CIRCLE('',#14125,0.5);
#14125 = AXIS2_PLACEMENT_3D('',#14126,#14127,#14128);
#14126 = CARTESIAN_POINT('',(-7.62,9.46,1.51));
#14127 = DIRECTION('',(-0.,0.,-1.));
#14128 = DIRECTION('',(-1.7763568394E-15,-1.,0.));
#14129 = FACE_BOUND('',#14130,.T.);
#14130 = EDGE_LOOP('',(#14131));
#14131 = ORIENTED_EDGE('',*,*,#14132,.T.);
#14132 = EDGE_CURVE('',#14133,#14133,#14135,.T.);
#14133 = VERTEX_POINT('',#14134);
#14134 = CARTESIAN_POINT('',(-7.62,11.5,1.51));
#14135 = CIRCLE('',#14136,0.5);
#14136 = AXIS2_PLACEMENT_3D('',#14137,#14138,#14139);
#14137 = CARTESIAN_POINT('',(-7.62,12.,1.51));
#14138 = DIRECTION('',(-0.,0.,-1.));
#14139 = DIRECTION('',(-1.7763568394E-15,-1.,0.));
#14140 = FACE_BOUND('',#14141,.T.);
#14141 = EDGE_LOOP('',(#14142));
#14142 = ORIENTED_EDGE('',*,*,#14143,.T.);
#14143 = EDGE_CURVE('',#14144,#14144,#14146,.T.);
#14144 = VERTEX_POINT('',#14145);
#14145 = CARTESIAN_POINT('',(-7.62,14.04,1.51));
#14146 = CIRCLE('',#14147,0.5);
#14147 = AXIS2_PLACEMENT_3D('',#14148,#14149,#14150);
#14148 = CARTESIAN_POINT('',(-7.62,14.54,1.51));
#14149 = DIRECTION('',(-0.,0.,-1.));
#14150 = DIRECTION('',(-1.7763568394E-15,-1.,0.));
#14151 = FACE_BOUND('',#14152,.T.);
#14152 = EDGE_LOOP('',(#14153));
#14153 = ORIENTED_EDGE('',*,*,#14154,.F.);
#14154 = EDGE_CURVE('',#14155,#14155,#14157,.T.);
#14155 = VERTEX_POINT('',#14156);
#14156 = CARTESIAN_POINT('',(-28.65,30.,1.51));
#14157 = CIRCLE('',#14158,1.35);
#14158 = AXIS2_PLACEMENT_3D('',#14159,#14160,#14161);
#14159 = CARTESIAN_POINT('',(-30.,30.,1.51));
#14160 = DIRECTION('',(0.,0.,1.));
#14161 = DIRECTION('',(1.,0.,0.));
#14162 = FACE_BOUND('',#14163,.T.);
#14163 = EDGE_LOOP('',(#14164));
#14164 = ORIENTED_EDGE('',*,*,#14165,.T.);
#14165 = EDGE_CURVE('',#14166,#14166,#14168,.T.);
#14166 = VERTEX_POINT('',#14167);
#14167 = CARTESIAN_POINT('',(-22.5,24.6,1.51));
#14168 = CIRCLE('',#14169,0.65);
#14169 = AXIS2_PLACEMENT_3D('',#14170,#14171,#14172);
#14170 = CARTESIAN_POINT('',(-22.5,25.25,1.51));
#14171 = DIRECTION('',(-0.,0.,-1.));
#14172 = DIRECTION('',(-0.,-1.,0.));
#14173 = FACE_BOUND('',#14174,.T.);
#14174 = EDGE_LOOP('',(#14175));
#14175 = ORIENTED_EDGE('',*,*,#14176,.T.);
#14176 = EDGE_CURVE('',#14177,#14177,#14179,.T.);
#14177 = VERTEX_POINT('',#14178);
#14178 = CARTESIAN_POINT('',(-17.5,24.6,1.51));
#14179 = CIRCLE('',#14180,0.65);
#14180 = AXIS2_PLACEMENT_3D('',#14181,#14182,#14183);
#14181 = CARTESIAN_POINT('',(-17.5,25.25,1.51));
#14182 = DIRECTION('',(-0.,0.,-1.));
#14183 = DIRECTION('',(-0.,-1.,0.));
#14184 = FACE_BOUND('',#14185,.T.);
#14185 = EDGE_LOOP('',(#14186));
#14186 = ORIENTED_EDGE('',*,*,#14187,.T.);
#14187 = EDGE_CURVE('',#14188,#14188,#14190,.T.);
#14188 = VERTEX_POINT('',#14189);
#14189 = CARTESIAN_POINT('',(-7.62,16.58,1.51));
#14190 = CIRCLE('',#14191,0.5);
#14191 = AXIS2_PLACEMENT_3D('',#14192,#14193,#14194);
#14192 = CARTESIAN_POINT('',(-7.62,17.08,1.51));
#14193 = DIRECTION('',(-0.,0.,-1.));
#14194 = DIRECTION('',(-1.7763568394E-15,-1.,0.));
#14195 = FACE_BOUND('',#14196,.T.);
#14196 = EDGE_LOOP('',(#14197));
#14197 = ORIENTED_EDGE('',*,*,#14198,.T.);
#14198 = EDGE_CURVE('',#14199,#14199,#14201,.T.);
#14199 = VERTEX_POINT('',#14200);
#14200 = CARTESIAN_POINT('',(-7.62,19.12,1.51));
#14201 = CIRCLE('',#14202,0.5);
#14202 = AXIS2_PLACEMENT_3D('',#14203,#14204,#14205);
#14203 = CARTESIAN_POINT('',(-7.62,19.62,1.51));
#14204 = DIRECTION('',(-0.,0.,-1.));
#14205 = DIRECTION('',(-1.7763568394E-15,-1.,0.));
#14206 = FACE_BOUND('',#14207,.T.);
#14207 = EDGE_LOOP('',(#14208));
#14208 = ORIENTED_EDGE('',*,*,#14209,.T.);
#14209 = EDGE_CURVE('',#14210,#14210,#14212,.T.);
#14210 = VERTEX_POINT('',#14211);
#14211 = CARTESIAN_POINT('',(7.62,3.88,1.51));
#14212 = CIRCLE('',#14213,0.5);
#14213 = AXIS2_PLACEMENT_3D('',#14214,#14215,#14216);
#14214 = CARTESIAN_POINT('',(7.62,4.38,1.51));
#14215 = DIRECTION('',(-0.,0.,-1.));
#14216 = DIRECTION('',(1.7763568394E-15,-1.,-0.));
#14217 = FACE_BOUND('',#14218,.T.);
#14218 = EDGE_LOOP('',(#14219));
#14219 = ORIENTED_EDGE('',*,*,#14220,.T.);
#14220 = EDGE_CURVE('',#14221,#14221,#14223,.T.);
#14221 = VERTEX_POINT('',#14222);
#14222 = CARTESIAN_POINT('',(7.62,6.42,1.51));
#14223 = CIRCLE('',#14224,0.5);
#14224 = AXIS2_PLACEMENT_3D('',#14225,#14226,#14227);
#14225 = CARTESIAN_POINT('',(7.62,6.92,1.51));
#14226 = DIRECTION('',(-0.,0.,-1.));
#14227 = DIRECTION('',(1.7763568394E-15,-1.,-0.));
#14228 = FACE_BOUND('',#14229,.T.);
#14229 = EDGE_LOOP('',(#14230));
#14230 = ORIENTED_EDGE('',*,*,#14231,.T.);
#14231 = EDGE_CURVE('',#14232,#14232,#14234,.T.);
#14232 = VERTEX_POINT('',#14233);
#14233 = CARTESIAN_POINT('',(7.62,8.96,1.51));
#14234 = CIRCLE('',#14235,0.5);
#14235 = AXIS2_PLACEMENT_3D('',#14236,#14237,#14238);
#14236 = CARTESIAN_POINT('',(7.62,9.46,1.51));
#14237 = DIRECTION('',(-0.,0.,-1.));
#14238 = DIRECTION('',(1.7763568394E-15,-1.,-0.));
#14239 = FACE_BOUND('',#14240,.T.);
#14240 = EDGE_LOOP('',(#14241));
#14241 = ORIENTED_EDGE('',*,*,#14242,.T.);
#14242 = EDGE_CURVE('',#14243,#14243,#14245,.T.);
#14243 = VERTEX_POINT('',#14244);
#14244 = CARTESIAN_POINT('',(7.62,11.5,1.51));
#14245 = CIRCLE('',#14246,0.5);
#14246 = AXIS2_PLACEMENT_3D('',#14247,#14248,#14249);
#14247 = CARTESIAN_POINT('',(7.62,12.,1.51));
#14248 = DIRECTION('',(-0.,0.,-1.));
#14249 = DIRECTION('',(1.7763568394E-15,-1.,-0.));
#14250 = FACE_BOUND('',#14251,.T.);
#14251 = EDGE_LOOP('',(#14252));
#14252 = ORIENTED_EDGE('',*,*,#14253,.T.);
#14253 = EDGE_CURVE('',#14254,#14254,#14256,.T.);
#14254 = VERTEX_POINT('',#14255);
#14255 = CARTESIAN_POINT('',(7.62,14.04,1.51));
#14256 = CIRCLE('',#14257,0.5);
#14257 = AXIS2_PLACEMENT_3D('',#14258,#14259,#14260);
#14258 = CARTESIAN_POINT('',(7.62,14.54,1.51));
#14259 = DIRECTION('',(-0.,0.,-1.));
#14260 = DIRECTION('',(1.7763568394E-15,-1.,-0.));
#14261 = FACE_BOUND('',#14262,.T.);
#14262 = EDGE_LOOP('',(#14263));
#14263 = ORIENTED_EDGE('',*,*,#14264,.T.);
#14264 = EDGE_CURVE('',#14265,#14265,#14267,.T.);
#14265 = VERTEX_POINT('',#14266);
#14266 = CARTESIAN_POINT('',(17.5,5.6,1.51));
#14267 = CIRCLE('',#14268,0.65);
#14268 = AXIS2_PLACEMENT_3D('',#14269,#14270,#14271);
#14269 = CARTESIAN_POINT('',(17.5,6.25,1.51));
#14270 = DIRECTION('',(-0.,0.,-1.));
#14271 = DIRECTION('',(-0.,-1.,0.));
#14272 = FACE_BOUND('',#14273,.T.);
#14273 = EDGE_LOOP('',(#14274));
#14274 = ORIENTED_EDGE('',*,*,#14275,.T.);
#14275 = EDGE_CURVE('',#14276,#14276,#14278,.T.);
#14276 = VERTEX_POINT('',#14277);
#14277 = CARTESIAN_POINT('',(22.5,5.6,1.51));
#14278 = CIRCLE('',#14279,0.65);
#14279 = AXIS2_PLACEMENT_3D('',#14280,#14281,#14282);
#14280 = CARTESIAN_POINT('',(22.5,6.25,1.51));
#14281 = DIRECTION('',(-0.,0.,-1.));
#14282 = DIRECTION('',(-0.,-1.,0.));
#14283 = FACE_BOUND('',#14284,.T.);
#14284 = EDGE_LOOP('',(#14285));
#14285 = ORIENTED_EDGE('',*,*,#14286,.T.);
#14286 = EDGE_CURVE('',#14287,#14287,#14289,.T.);
#14287 = VERTEX_POINT('',#14288);
#14288 = CARTESIAN_POINT('',(17.5,12.1,1.51));
#14289 = CIRCLE('',#14290,0.65);
#14290 = AXIS2_PLACEMENT_3D('',#14291,#14292,#14293);
#14291 = CARTESIAN_POINT('',(17.5,12.75,1.51));
#14292 = DIRECTION('',(-0.,0.,-1.));
#14293 = DIRECTION('',(-0.,-1.,0.));
#14294 = FACE_BOUND('',#14295,.T.);
#14295 = EDGE_LOOP('',(#14296));
#14296 = ORIENTED_EDGE('',*,*,#14297,.T.);
#14297 = EDGE_CURVE('',#14298,#14298,#14300,.T.);
#14298 = VERTEX_POINT('',#14299);
#14299 = CARTESIAN_POINT('',(22.5,12.1,1.51));
#14300 = CIRCLE('',#14301,0.65);
#14301 = AXIS2_PLACEMENT_3D('',#14302,#14303,#14304);
#14302 = CARTESIAN_POINT('',(22.5,12.75,1.51));
#14303 = DIRECTION('',(-0.,0.,-1.));
#14304 = DIRECTION('',(-0.,-1.,0.));
#14305 = FACE_BOUND('',#14306,.T.);
#14306 = EDGE_LOOP('',(#14307));
#14307 = ORIENTED_EDGE('',*,*,#14308,.T.);
#14308 = EDGE_CURVE('',#14309,#14309,#14311,.T.);
#14309 = VERTEX_POINT('',#14310);
#14310 = CARTESIAN_POINT('',(7.62,16.58,1.51));
#14311 = CIRCLE('',#14312,0.5);
#14312 = AXIS2_PLACEMENT_3D('',#14313,#14314,#14315);
#14313 = CARTESIAN_POINT('',(7.62,17.08,1.51));
#14314 = DIRECTION('',(-0.,0.,-1.));
#14315 = DIRECTION('',(1.7763568394E-15,-1.,-0.));
#14316 = FACE_BOUND('',#14317,.T.);
#14317 = EDGE_LOOP('',(#14318));
#14318 = ORIENTED_EDGE('',*,*,#14319,.T.);
#14319 = EDGE_CURVE('',#14320,#14320,#14322,.T.);
#14320 = VERTEX_POINT('',#14321);
#14321 = CARTESIAN_POINT('',(7.62,19.12,1.51));
#14322 = CIRCLE('',#14323,0.5);
#14323 = AXIS2_PLACEMENT_3D('',#14324,#14325,#14326);
#14324 = CARTESIAN_POINT('',(7.62,19.62,1.51));
#14325 = DIRECTION('',(-0.,0.,-1.));
#14326 = DIRECTION('',(1.7763568394E-15,-1.,-0.));
#14327 = FACE_BOUND('',#14328,.T.);
#14328 = EDGE_LOOP('',(#14329));
#14329 = ORIENTED_EDGE('',*,*,#14330,.T.);
#14330 = EDGE_CURVE('',#14331,#14331,#14333,.T.);
#14331 = VERTEX_POINT('',#14332);
#14332 = CARTESIAN_POINT('',(0.,28.96,1.51));
#14333 = CIRCLE('',#14334,0.5);
#14334 = AXIS2_PLACEMENT_3D('',#14335,#14336,#14337);
#14335 = CARTESIAN_POINT('',(-2.775557561563E-17,29.46,1.51));
#14336 = DIRECTION('',(-0.,0.,-1.));
#14337 = DIRECTION('',(5.551115123126E-17,-1.,-0.));
#14338 = FACE_BOUND('',#14339,.T.);
#14339 = EDGE_LOOP('',(#14340));
#14340 = ORIENTED_EDGE('',*,*,#14341,.T.);
#14341 = EDGE_CURVE('',#14342,#14342,#14344,.T.);
#14342 = VERTEX_POINT('',#14343);
#14343 = CARTESIAN_POINT('',(0.,31.5,1.51));
#14344 = CIRCLE('',#14345,0.5);
#14345 = AXIS2_PLACEMENT_3D('',#14346,#14347,#14348);
#14346 = CARTESIAN_POINT('',(-2.775557561563E-17,32.,1.51));
#14347 = DIRECTION('',(-0.,0.,-1.));
#14348 = DIRECTION('',(5.551115123126E-17,-1.,-0.));
#14349 = FACE_BOUND('',#14350,.T.);
#14350 = EDGE_LOOP('',(#14351));
#14351 = ORIENTED_EDGE('',*,*,#14352,.T.);
#14352 = EDGE_CURVE('',#14353,#14353,#14355,.T.);
#14353 = VERTEX_POINT('',#14354);
#14354 = CARTESIAN_POINT('',(17.5,24.6,1.51));
#14355 = CIRCLE('',#14356,0.65);
#14356 = AXIS2_PLACEMENT_3D('',#14357,#14358,#14359);
#14357 = CARTESIAN_POINT('',(17.5,25.25,1.51));
#14358 = DIRECTION('',(-0.,0.,-1.));
#14359 = DIRECTION('',(-0.,-1.,0.));
#14360 = FACE_BOUND('',#14361,.T.);
#14361 = EDGE_LOOP('',(#14362));
#14362 = ORIENTED_EDGE('',*,*,#14363,.T.);
#14363 = EDGE_CURVE('',#14364,#14364,#14366,.T.);
#14364 = VERTEX_POINT('',#14365);
#14365 = CARTESIAN_POINT('',(22.5,24.6,1.51));
#14366 = CIRCLE('',#14367,0.65);
#14367 = AXIS2_PLACEMENT_3D('',#14368,#14369,#14370);
#14368 = CARTESIAN_POINT('',(22.5,25.25,1.51));
#14369 = DIRECTION('',(-0.,0.,-1.));
#14370 = DIRECTION('',(-0.,-1.,0.));
#14371 = FACE_BOUND('',#14372,.T.);
#14372 = EDGE_LOOP('',(#14373));
#14373 = ORIENTED_EDGE('',*,*,#14374,.F.);
#14374 = EDGE_CURVE('',#14375,#14375,#14377,.T.);
#14375 = VERTEX_POINT('',#14376);
#14376 = CARTESIAN_POINT('',(31.35,30.,1.51));
#14377 = CIRCLE('',#14378,1.35);
#14378 = AXIS2_PLACEMENT_3D('',#14379,#14380,#14381);
#14379 = CARTESIAN_POINT('',(30.,30.,1.51));
#14380 = DIRECTION('',(0.,0.,1.));
#14381 = DIRECTION('',(1.,0.,0.));
#14382 = PLANE('',#14383);
#14383 = AXIS2_PLACEMENT_3D('',#14384,#14385,#14386);
#14384 = CARTESIAN_POINT('',(0.,0.,1.51));
#14385 = DIRECTION('',(0.,0.,1.));
#14386 = DIRECTION('',(1.,0.,-0.));
#14387 = ADVANCED_FACE('',(#14388),#14399,.T.);
#14388 = FACE_BOUND('',#14389,.T.);
#14389 = EDGE_LOOP('',(#14390,#14396,#14397,#14398));
#14390 = ORIENTED_EDGE('',*,*,#14391,.T.);
#14391 = EDGE_CURVE('',#13068,#13731,#14392,.T.);
#14392 = LINE('',#14393,#14394);
#14393 = CARTESIAN_POINT('',(-40.,36.,0.));
#14394 = VECTOR('',#14395,1.);
#14395 = DIRECTION('',(0.,0.,1.));
#14396 = ORIENTED_EDGE('',*,*,#13730,.T.);
#14397 = ORIENTED_EDGE('',*,*,#13003,.F.);
#14398 = ORIENTED_EDGE('',*,*,#13067,.F.);
#14399 = CYLINDRICAL_SURFACE('',#14400,4.00000042591);
#14400 = AXIS2_PLACEMENT_3D('',#14401,#14402,#14403);
#14401 = CARTESIAN_POINT('',(-35.99999957409,35.99999957409,0.));
#14402 = DIRECTION('',(0.,0.,-1.));
#14403 = DIRECTION('',(-1.,1.064775372185E-07,0.));
#14404 = ADVANCED_FACE('',(#14405),#14416,.T.);
#14405 = FACE_BOUND('',#14406,.T.);
#14406 = EDGE_LOOP('',(#14407,#14408,#14409,#14415));
#14407 = ORIENTED_EDGE('',*,*,#13043,.T.);
#14408 = ORIENTED_EDGE('',*,*,#13764,.T.);
#14409 = ORIENTED_EDGE('',*,*,#14410,.F.);
#14410 = EDGE_CURVE('',#13094,#13757,#14411,.T.);
#14411 = LINE('',#14412,#14413);
#14412 = CARTESIAN_POINT('',(36.,-40.,0.));
#14413 = VECTOR('',#14414,1.);
#14414 = DIRECTION('',(0.,0.,1.));
#14415 = ORIENTED_EDGE('',*,*,#13101,.F.);
#14416 = CYLINDRICAL_SURFACE('',#14417,4.00000042591);
#14417 = AXIS2_PLACEMENT_3D('',#14418,#14419,#14420);
#14418 = CARTESIAN_POINT('',(35.99999957409,-35.99999957409,0.));
#14419 = DIRECTION('',(0.,0.,-1.));
#14420 = DIRECTION('',(1.,-1.064775372185E-07,0.));
#14421 = ADVANCED_FACE('',(#14422),#14433,.T.);
#14422 = FACE_BOUND('',#14423,.T.);
#14423 = EDGE_LOOP('',(#14424,#14430,#14431,#14432));
#14424 = ORIENTED_EDGE('',*,*,#14425,.T.);
#14425 = EDGE_CURVE('',#13077,#13740,#14426,.T.);
#14426 = LINE('',#14427,#14428);
#14427 = CARTESIAN_POINT('',(-40.,-36.,0.));
#14428 = VECTOR('',#14429,1.);
#14429 = DIRECTION('',(0.,0.,1.));
#14430 = ORIENTED_EDGE('',*,*,#13739,.T.);
#14431 = ORIENTED_EDGE('',*,*,#14391,.F.);
#14432 = ORIENTED_EDGE('',*,*,#13076,.F.);
#14433 = PLANE('',#14434);
#14434 = AXIS2_PLACEMENT_3D('',#14435,#14436,#14437);
#14435 = CARTESIAN_POINT('',(-40.,-36.,0.));
#14436 = DIRECTION('',(-1.,0.,0.));
#14437 = DIRECTION('',(0.,1.,0.));
#14438 = ADVANCED_FACE('',(#14439),#14450,.T.);
#14439 = FACE_BOUND('',#14440,.T.);
#14440 = EDGE_LOOP('',(#14441,#14442,#14443,#14449));
#14441 = ORIENTED_EDGE('',*,*,#14410,.T.);
#14442 = ORIENTED_EDGE('',*,*,#13756,.T.);
#14443 = ORIENTED_EDGE('',*,*,#14444,.F.);
#14444 = EDGE_CURVE('',#13085,#13748,#14445,.T.);
#14445 = LINE('',#14446,#14447);
#14446 = CARTESIAN_POINT('',(-36.,-40.,0.));
#14447 = VECTOR('',#14448,1.);
#14448 = DIRECTION('',(0.,0.,1.));
#14449 = ORIENTED_EDGE('',*,*,#13093,.F.);
#14450 = PLANE('',#14451);
#14451 = AXIS2_PLACEMENT_3D('',#14452,#14453,#14454);
#14452 = CARTESIAN_POINT('',(36.,-40.,0.));
#14453 = DIRECTION('',(0.,-1.,0.));
#14454 = DIRECTION('',(-1.,0.,0.));
#14455 = ADVANCED_FACE('',(#14456),#14462,.T.);
#14456 = FACE_BOUND('',#14457,.T.);
#14457 = EDGE_LOOP('',(#14458,#14459,#14460,#14461));
#14458 = ORIENTED_EDGE('',*,*,#14444,.T.);
#14459 = ORIENTED_EDGE('',*,*,#13747,.T.);
#14460 = ORIENTED_EDGE('',*,*,#14425,.F.);
#14461 = ORIENTED_EDGE('',*,*,#13084,.F.);
#14462 = CYLINDRICAL_SURFACE('',#14463,4.00000042591);
#14463 = AXIS2_PLACEMENT_3D('',#14464,#14465,#14466);
#14464 = CARTESIAN_POINT('',(-35.99999957409,-35.99999957409,0.));
#14465 = DIRECTION('',(0.,0.,-1.));
#14466 = DIRECTION('',(-1.064775372185E-07,-1.,-0.));
#14467 = ADVANCED_FACE('',(#14468),#14479,.F.);
#14468 = FACE_BOUND('',#14469,.T.);
#14469 = EDGE_LOOP('',(#14470,#14476,#14477,#14478));
#14470 = ORIENTED_EDGE('',*,*,#14471,.T.);
#14471 = EDGE_CURVE('',#13112,#13775,#14472,.T.);
#14472 = LINE('',#14473,#14474);
#14473 = CARTESIAN_POINT('',(-28.65,-30.,0.));
#14474 = VECTOR('',#14475,1.);
#14475 = DIRECTION('',(0.,0.,1.));
#14476 = ORIENTED_EDGE('',*,*,#13774,.T.);
#14477 = ORIENTED_EDGE('',*,*,#14471,.F.);
#14478 = ORIENTED_EDGE('',*,*,#13111,.F.);
#14479 = CYLINDRICAL_SURFACE('',#14480,1.35);
#14480 = AXIS2_PLACEMENT_3D('',#14481,#14482,#14483);
#14481 = CARTESIAN_POINT('',(-30.,-30.,0.));
#14482 = DIRECTION('',(-0.,-0.,-1.));
#14483 = DIRECTION('',(1.,0.,0.));
#14484 = ADVANCED_FACE('',(#14485),#14496,.F.);
#14485 = FACE_BOUND('',#14486,.T.);
#14486 = EDGE_LOOP('',(#14487,#14488,#14494,#14495));
#14487 = ORIENTED_EDGE('',*,*,#13122,.T.);
#14488 = ORIENTED_EDGE('',*,*,#14489,.T.);
#14489 = EDGE_CURVE('',#13123,#13786,#14490,.T.);
#14490 = LINE('',#14491,#14492);
#14491 = CARTESIAN_POINT('',(-22.5,-25.9,-4.6E-02));
#14492 = VECTOR('',#14493,1.);
#14493 = DIRECTION('',(0.,0.,1.));
#14494 = ORIENTED_EDGE('',*,*,#13785,.F.);
#14495 = ORIENTED_EDGE('',*,*,#14489,.F.);
#14496 = CYLINDRICAL_SURFACE('',#14497,0.65);
#14497 = AXIS2_PLACEMENT_3D('',#14498,#14499,#14500);
#14498 = CARTESIAN_POINT('',(-22.5,-25.25,-4.6E-02));
#14499 = DIRECTION('',(-0.,-0.,-1.));
#14500 = DIRECTION('',(-0.,-1.,0.));
#14501 = ADVANCED_FACE('',(#14502),#14513,.F.);
#14502 = FACE_BOUND('',#14503,.T.);
#14503 = EDGE_LOOP('',(#14504,#14505,#14511,#14512));
#14504 = ORIENTED_EDGE('',*,*,#13133,.T.);
#14505 = ORIENTED_EDGE('',*,*,#14506,.T.);
#14506 = EDGE_CURVE('',#13134,#13797,#14507,.T.);
#14507 = LINE('',#14508,#14509);
#14508 = CARTESIAN_POINT('',(-17.5,-25.9,-4.6E-02));
#14509 = VECTOR('',#14510,1.);
#14510 = DIRECTION('',(0.,0.,1.));
#14511 = ORIENTED_EDGE('',*,*,#13796,.F.);
#14512 = ORIENTED_EDGE('',*,*,#14506,.F.);
#14513 = CYLINDRICAL_SURFACE('',#14514,0.65);
#14514 = AXIS2_PLACEMENT_3D('',#14515,#14516,#14517);
#14515 = CARTESIAN_POINT('',(-17.5,-25.25,-4.6E-02));
#14516 = DIRECTION('',(-0.,-0.,-1.));
#14517 = DIRECTION('',(-0.,-1.,0.));
#14518 = ADVANCED_FACE('',(#14519),#14530,.F.);
#14519 = FACE_BOUND('',#14520,.T.);
#14520 = EDGE_LOOP('',(#14521,#14522,#14528,#14529));
#14521 = ORIENTED_EDGE('',*,*,#13144,.T.);
#14522 = ORIENTED_EDGE('',*,*,#14523,.T.);
#14523 = EDGE_CURVE('',#13145,#13808,#14524,.T.);
#14524 = LINE('',#14525,#14526);
#14525 = CARTESIAN_POINT('',(-7.5,-35.,-4.6E-02));
#14526 = VECTOR('',#14527,1.);
#14527 = DIRECTION('',(0.,0.,1.));
#14528 = ORIENTED_EDGE('',*,*,#13807,.F.);
#14529 = ORIENTED_EDGE('',*,*,#14523,.F.);
#14530 = CYLINDRICAL_SURFACE('',#14531,0.5);
#14531 = AXIS2_PLACEMENT_3D('',#14532,#14533,#14534);
#14532 = CARTESIAN_POINT('',(-7.5,-34.5,-4.6E-02));
#14533 = DIRECTION('',(-0.,-0.,-1.));
#14534 = DIRECTION('',(-0.,-1.,0.));
#14535 = ADVANCED_FACE('',(#14536),#14547,.F.);
#14536 = FACE_BOUND('',#14537,.T.);
#14537 = EDGE_LOOP('',(#14538,#14539,#14545,#14546));
#14538 = ORIENTED_EDGE('',*,*,#13155,.T.);
#14539 = ORIENTED_EDGE('',*,*,#14540,.T.);
#14540 = EDGE_CURVE('',#13156,#13819,#14541,.T.);
#14541 = LINE('',#14542,#14543);
#14542 = CARTESIAN_POINT('',(-7.5,-32.5,-4.6E-02));
#14543 = VECTOR('',#14544,1.);
#14544 = DIRECTION('',(0.,0.,1.));
#14545 = ORIENTED_EDGE('',*,*,#13818,.F.);
#14546 = ORIENTED_EDGE('',*,*,#14540,.F.);
#14547 = CYLINDRICAL_SURFACE('',#14548,0.5);
#14548 = AXIS2_PLACEMENT_3D('',#14549,#14550,#14551);
#14549 = CARTESIAN_POINT('',(-7.5,-32.,-4.6E-02));
#14550 = DIRECTION('',(-0.,-0.,-1.));
#14551 = DIRECTION('',(-0.,-1.,0.));
#14552 = ADVANCED_FACE('',(#14553),#14564,.F.);
#14553 = FACE_BOUND('',#14554,.T.);
#14554 = EDGE_LOOP('',(#14555,#14556,#14562,#14563));
#14555 = ORIENTED_EDGE('',*,*,#13166,.T.);
#14556 = ORIENTED_EDGE('',*,*,#14557,.T.);
#14557 = EDGE_CURVE('',#13167,#13830,#14558,.T.);
#14558 = LINE('',#14559,#14560);
#14559 = CARTESIAN_POINT('',(-7.5,-30.,-4.6E-02));
#14560 = VECTOR('',#14561,1.);
#14561 = DIRECTION('',(0.,0.,1.));
#14562 = ORIENTED_EDGE('',*,*,#13829,.F.);
#14563 = ORIENTED_EDGE('',*,*,#14557,.F.);
#14564 = CYLINDRICAL_SURFACE('',#14565,0.5);
#14565 = AXIS2_PLACEMENT_3D('',#14566,#14567,#14568);
#14566 = CARTESIAN_POINT('',(-7.5,-29.5,-4.6E-02));
#14567 = DIRECTION('',(-0.,-0.,-1.));
#14568 = DIRECTION('',(-0.,-1.,0.));
#14569 = ADVANCED_FACE('',(#14570),#14581,.F.);
#14570 = FACE_BOUND('',#14571,.T.);
#14571 = EDGE_LOOP('',(#14572,#14573,#14579,#14580));
#14572 = ORIENTED_EDGE('',*,*,#13177,.T.);
#14573 = ORIENTED_EDGE('',*,*,#14574,.T.);
#14574 = EDGE_CURVE('',#13178,#13841,#14575,.T.);
#14575 = LINE('',#14576,#14577);
#14576 = CARTESIAN_POINT('',(-22.5,-13.4,-4.6E-02));
#14577 = VECTOR('',#14578,1.);
#14578 = DIRECTION('',(0.,0.,1.));
#14579 = ORIENTED_EDGE('',*,*,#13840,.F.);
#14580 = ORIENTED_EDGE('',*,*,#14574,.F.);
#14581 = CYLINDRICAL_SURFACE('',#14582,0.65);
#14582 = AXIS2_PLACEMENT_3D('',#14583,#14584,#14585);
#14583 = CARTESIAN_POINT('',(-22.5,-12.75,-4.6E-02));
#14584 = DIRECTION('',(-0.,-0.,-1.));
#14585 = DIRECTION('',(-0.,-1.,0.));
#14586 = ADVANCED_FACE('',(#14587),#14598,.F.);
#14587 = FACE_BOUND('',#14588,.T.);
#14588 = EDGE_LOOP('',(#14589,#14590,#14596,#14597));
#14589 = ORIENTED_EDGE('',*,*,#13188,.T.);
#14590 = ORIENTED_EDGE('',*,*,#14591,.T.);
#14591 = EDGE_CURVE('',#13189,#13852,#14592,.T.);
#14592 = LINE('',#14593,#14594);
#14593 = CARTESIAN_POINT('',(-17.5,-13.4,-4.6E-02));
#14594 = VECTOR('',#14595,1.);
#14595 = DIRECTION('',(0.,0.,1.));
#14596 = ORIENTED_EDGE('',*,*,#13851,.F.);
#14597 = ORIENTED_EDGE('',*,*,#14591,.F.);
#14598 = CYLINDRICAL_SURFACE('',#14599,0.65);
#14599 = AXIS2_PLACEMENT_3D('',#14600,#14601,#14602);
#14600 = CARTESIAN_POINT('',(-17.5,-12.75,-4.6E-02));
#14601 = DIRECTION('',(-0.,-0.,-1.));
#14602 = DIRECTION('',(-0.,-1.,0.));
#14603 = ADVANCED_FACE('',(#14604),#14615,.F.);
#14604 = FACE_BOUND('',#14605,.T.);
#14605 = EDGE_LOOP('',(#14606,#14607,#14613,#14614));
#14606 = ORIENTED_EDGE('',*,*,#13199,.T.);
#14607 = ORIENTED_EDGE('',*,*,#14608,.T.);
#14608 = EDGE_CURVE('',#13200,#13863,#14609,.T.);
#14609 = LINE('',#14610,#14611);
#14610 = CARTESIAN_POINT('',(-22.5,-6.9,-4.6E-02));
#14611 = VECTOR('',#14612,1.);
#14612 = DIRECTION('',(0.,0.,1.));
#14613 = ORIENTED_EDGE('',*,*,#13862,.F.);
#14614 = ORIENTED_EDGE('',*,*,#14608,.F.);
#14615 = CYLINDRICAL_SURFACE('',#14616,0.65);
#14616 = AXIS2_PLACEMENT_3D('',#14617,#14618,#14619);
#14617 = CARTESIAN_POINT('',(-22.5,-6.25,-4.6E-02));
#14618 = DIRECTION('',(-0.,-0.,-1.));
#14619 = DIRECTION('',(-0.,-1.,0.));
#14620 = ADVANCED_FACE('',(#14621),#14632,.F.);
#14621 = FACE_BOUND('',#14622,.T.);
#14622 = EDGE_LOOP('',(#14623,#14624,#14630,#14631));
#14623 = ORIENTED_EDGE('',*,*,#13210,.T.);
#14624 = ORIENTED_EDGE('',*,*,#14625,.T.);
#14625 = EDGE_CURVE('',#13211,#13874,#14626,.T.);
#14626 = LINE('',#14627,#14628);
#14627 = CARTESIAN_POINT('',(-17.5,-6.9,-4.6E-02));
#14628 = VECTOR('',#14629,1.);
#14629 = DIRECTION('',(0.,0.,1.));
#14630 = ORIENTED_EDGE('',*,*,#13873,.F.);
#14631 = ORIENTED_EDGE('',*,*,#14625,.F.);
#14632 = CYLINDRICAL_SURFACE('',#14633,0.65);
#14633 = AXIS2_PLACEMENT_3D('',#14634,#14635,#14636);
#14634 = CARTESIAN_POINT('',(-17.5,-6.25,-4.6E-02));
#14635 = DIRECTION('',(-0.,-0.,-1.));
#14636 = DIRECTION('',(-0.,-1.,0.));
#14637 = ADVANCED_FACE('',(#14638),#14654,.F.);
#14638 = FACE_BOUND('',#14639,.T.);
#14639 = EDGE_LOOP('',(#14640,#14641,#14647,#14648));
#14640 = ORIENTED_EDGE('',*,*,#13221,.T.);
#14641 = ORIENTED_EDGE('',*,*,#14642,.T.);
#14642 = EDGE_CURVE('',#13224,#13887,#14643,.T.);
#14643 = LINE('',#14644,#14645);
#14644 = CARTESIAN_POINT('',(0.65,-38.35,-4.6E-02));
#14645 = VECTOR('',#14646,1.);
#14646 = DIRECTION('',(0.,0.,1.));
#14647 = ORIENTED_EDGE('',*,*,#13884,.F.);
#14648 = ORIENTED_EDGE('',*,*,#14649,.F.);
#14649 = EDGE_CURVE('',#13222,#13885,#14650,.T.);
#14650 = LINE('',#14651,#14652);
#14651 = CARTESIAN_POINT('',(0.65,-36.85,-4.6E-02));
#14652 = VECTOR('',#14653,1.);
#14653 = DIRECTION('',(0.,0.,1.));
#14654 = CYLINDRICAL_SURFACE('',#14655,0.75);
#14655 = AXIS2_PLACEMENT_3D('',#14656,#14657,#14658);
#14656 = CARTESIAN_POINT('',(0.65,-37.6,-4.6E-02));
#14657 = DIRECTION('',(-0.,0.,-1.));
#14658 = DIRECTION('',(1.480297366167E-16,-1.,-0.));
#14659 = ADVANCED_FACE('',(#14660),#14671,.T.);
#14660 = FACE_BOUND('',#14661,.T.);
#14661 = EDGE_LOOP('',(#14662,#14663,#14664,#14665));
#14662 = ORIENTED_EDGE('',*,*,#13249,.T.);
#14663 = ORIENTED_EDGE('',*,*,#14649,.T.);
#14664 = ORIENTED_EDGE('',*,*,#13912,.F.);
#14665 = ORIENTED_EDGE('',*,*,#14666,.F.);
#14666 = EDGE_CURVE('',#13241,#13904,#14667,.T.);
#14667 = LINE('',#14668,#14669);
#14668 = CARTESIAN_POINT('',(-0.65,-36.85,-4.6E-02));
#14669 = VECTOR('',#14670,1.);
#14670 = DIRECTION('',(0.,0.,1.));
#14671 = PLANE('',#14672);
#14672 = AXIS2_PLACEMENT_3D('',#14673,#14674,#14675);
#14673 = CARTESIAN_POINT('',(0.65,-36.85,-4.6E-02));
#14674 = DIRECTION('',(0.,-1.,0.));
#14675 = DIRECTION('',(-1.,0.,0.));
#14676 = ADVANCED_FACE('',(#14677),#14688,.F.);
#14677 = FACE_BOUND('',#14678,.T.);
#14678 = EDGE_LOOP('',(#14679,#14680,#14681,#14682));
#14679 = ORIENTED_EDGE('',*,*,#13240,.T.);
#14680 = ORIENTED_EDGE('',*,*,#14666,.T.);
#14681 = ORIENTED_EDGE('',*,*,#13903,.F.);
#14682 = ORIENTED_EDGE('',*,*,#14683,.F.);
#14683 = EDGE_CURVE('',#13233,#13896,#14684,.T.);
#14684 = LINE('',#14685,#14686);
#14685 = CARTESIAN_POINT('',(-0.65,-38.35,-4.6E-02));
#14686 = VECTOR('',#14687,1.);
#14687 = DIRECTION('',(0.,0.,1.));
#14688 = CYLINDRICAL_SURFACE('',#14689,0.75);
#14689 = AXIS2_PLACEMENT_3D('',#14690,#14691,#14692);
#14690 = CARTESIAN_POINT('',(-0.65,-37.6,-4.6E-02));
#14691 = DIRECTION('',(-0.,-0.,-1.));
#14692 = DIRECTION('',(-1.480297366167E-16,1.,0.));
#14693 = ADVANCED_FACE('',(#14694),#14700,.T.);
#14694 = FACE_BOUND('',#14695,.T.);
#14695 = EDGE_LOOP('',(#14696,#14697,#14698,#14699));
#14696 = ORIENTED_EDGE('',*,*,#13232,.T.);
#14697 = ORIENTED_EDGE('',*,*,#14683,.T.);
#14698 = ORIENTED_EDGE('',*,*,#13895,.F.);
#14699 = ORIENTED_EDGE('',*,*,#14642,.F.);
#14700 = PLANE('',#14701);
#14701 = AXIS2_PLACEMENT_3D('',#14702,#14703,#14704);
#14702 = CARTESIAN_POINT('',(-0.65,-38.35,-4.6E-02));
#14703 = DIRECTION('',(0.,1.,0.));
#14704 = DIRECTION('',(1.,0.,0.));
#14705 = ADVANCED_FACE('',(#14706),#14717,.F.);
#14706 = FACE_BOUND('',#14707,.T.);
#14707 = EDGE_LOOP('',(#14708,#14709,#14715,#14716));
#14708 = ORIENTED_EDGE('',*,*,#13257,.T.);
#14709 = ORIENTED_EDGE('',*,*,#14710,.T.);
#14710 = EDGE_CURVE('',#13258,#13921,#14711,.T.);
#14711 = LINE('',#14712,#14713);
#14712 = CARTESIAN_POINT('',(7.,-35.,-4.6E-02));
#14713 = VECTOR('',#14714,1.);
#14714 = DIRECTION('',(0.,0.,1.));
#14715 = ORIENTED_EDGE('',*,*,#13920,.F.);
#14716 = ORIENTED_EDGE('',*,*,#14710,.F.);
#14717 = CYLINDRICAL_SURFACE('',#14718,0.5);
#14718 = AXIS2_PLACEMENT_3D('',#14719,#14720,#14721);
#14719 = CARTESIAN_POINT('',(7.,-34.5,-4.6E-02));
#14720 = DIRECTION('',(-0.,-0.,-1.));
#14721 = DIRECTION('',(-0.,-1.,0.));
#14722 = ADVANCED_FACE('',(#14723),#14734,.F.);
#14723 = FACE_BOUND('',#14724,.T.);
#14724 = EDGE_LOOP('',(#14725,#14726,#14732,#14733));
#14725 = ORIENTED_EDGE('',*,*,#13268,.T.);
#14726 = ORIENTED_EDGE('',*,*,#14727,.T.);
#14727 = EDGE_CURVE('',#13269,#13932,#14728,.T.);
#14728 = LINE('',#14729,#14730);
#14729 = CARTESIAN_POINT('',(7.,-30.,-4.6E-02));
#14730 = VECTOR('',#14731,1.);
#14731 = DIRECTION('',(0.,0.,1.));
#14732 = ORIENTED_EDGE('',*,*,#13931,.F.);
#14733 = ORIENTED_EDGE('',*,*,#14727,.F.);
#14734 = CYLINDRICAL_SURFACE('',#14735,0.5);
#14735 = AXIS2_PLACEMENT_3D('',#14736,#14737,#14738);
#14736 = CARTESIAN_POINT('',(7.,-29.5,-4.6E-02));
#14737 = DIRECTION('',(-0.,-0.,-1.));
#14738 = DIRECTION('',(-0.,-1.,0.));
#14739 = ADVANCED_FACE('',(#14740),#14756,.F.);
#14740 = FACE_BOUND('',#14741,.T.);
#14741 = EDGE_LOOP('',(#14742,#14743,#14749,#14750));
#14742 = ORIENTED_EDGE('',*,*,#13279,.T.);
#14743 = ORIENTED_EDGE('',*,*,#14744,.T.);
#14744 = EDGE_CURVE('',#13282,#13945,#14745,.T.);
#14745 = LINE('',#14746,#14747);
#14746 = CARTESIAN_POINT('',(0.65,-27.15,-4.6E-02));
#14747 = VECTOR('',#14748,1.);
#14748 = DIRECTION('',(0.,0.,1.));
#14749 = ORIENTED_EDGE('',*,*,#13942,.F.);
#14750 = ORIENTED_EDGE('',*,*,#14751,.F.);
#14751 = EDGE_CURVE('',#13280,#13943,#14752,.T.);
#14752 = LINE('',#14753,#14754);
#14753 = CARTESIAN_POINT('',(0.65,-25.65,-4.6E-02));
#14754 = VECTOR('',#14755,1.);
#14755 = DIRECTION('',(0.,0.,1.));
#14756 = CYLINDRICAL_SURFACE('',#14757,0.75);
#14757 = AXIS2_PLACEMENT_3D('',#14758,#14759,#14760);
#14758 = CARTESIAN_POINT('',(0.65,-26.4,-4.6E-02));
#14759 = DIRECTION('',(-0.,0.,-1.));
#14760 = DIRECTION('',(1.480297366167E-16,-1.,-0.));
#14761 = ADVANCED_FACE('',(#14762),#14773,.T.);
#14762 = FACE_BOUND('',#14763,.T.);
#14763 = EDGE_LOOP('',(#14764,#14765,#14766,#14767));
#14764 = ORIENTED_EDGE('',*,*,#13307,.T.);
#14765 = ORIENTED_EDGE('',*,*,#14751,.T.);
#14766 = ORIENTED_EDGE('',*,*,#13970,.F.);
#14767 = ORIENTED_EDGE('',*,*,#14768,.F.);
#14768 = EDGE_CURVE('',#13299,#13962,#14769,.T.);
#14769 = LINE('',#14770,#14771);
#14770 = CARTESIAN_POINT('',(-0.65,-25.65,-4.6E-02));
#14771 = VECTOR('',#14772,1.);
#14772 = DIRECTION('',(0.,0.,1.));
#14773 = PLANE('',#14774);
#14774 = AXIS2_PLACEMENT_3D('',#14775,#14776,#14777);
#14775 = CARTESIAN_POINT('',(0.65,-25.65,-4.6E-02));
#14776 = DIRECTION('',(0.,-1.,0.));
#14777 = DIRECTION('',(-1.,0.,0.));
#14778 = ADVANCED_FACE('',(#14779),#14790,.F.);
#14779 = FACE_BOUND('',#14780,.T.);
#14780 = EDGE_LOOP('',(#14781,#14782,#14783,#14784));
#14781 = ORIENTED_EDGE('',*,*,#13298,.T.);
#14782 = ORIENTED_EDGE('',*,*,#14768,.T.);
#14783 = ORIENTED_EDGE('',*,*,#13961,.F.);
#14784 = ORIENTED_EDGE('',*,*,#14785,.F.);
#14785 = EDGE_CURVE('',#13291,#13954,#14786,.T.);
#14786 = LINE('',#14787,#14788);
#14787 = CARTESIAN_POINT('',(-0.65,-27.15,-4.6E-02));
#14788 = VECTOR('',#14789,1.);
#14789 = DIRECTION('',(0.,0.,1.));
#14790 = CYLINDRICAL_SURFACE('',#14791,0.75);
#14791 = AXIS2_PLACEMENT_3D('',#14792,#14793,#14794);
#14792 = CARTESIAN_POINT('',(-0.65,-26.4,-4.6E-02));
#14793 = DIRECTION('',(-0.,-0.,-1.));
#14794 = DIRECTION('',(-1.480297366167E-16,1.,0.));
#14795 = ADVANCED_FACE('',(#14796),#14802,.T.);
#14796 = FACE_BOUND('',#14797,.T.);
#14797 = EDGE_LOOP('',(#14798,#14799,#14800,#14801));
#14798 = ORIENTED_EDGE('',*,*,#13290,.T.);
#14799 = ORIENTED_EDGE('',*,*,#14785,.T.);
#14800 = ORIENTED_EDGE('',*,*,#13953,.F.);
#14801 = ORIENTED_EDGE('',*,*,#14744,.F.);
#14802 = PLANE('',#14803);
#14803 = AXIS2_PLACEMENT_3D('',#14804,#14805,#14806);
#14804 = CARTESIAN_POINT('',(-0.65,-27.15,-4.6E-02));
#14805 = DIRECTION('',(0.,1.,0.));
#14806 = DIRECTION('',(1.,0.,0.));
#14807 = ADVANCED_FACE('',(#14808),#14819,.F.);
#14808 = FACE_BOUND('',#14809,.T.);
#14809 = EDGE_LOOP('',(#14810,#14816,#14817,#14818));
#14810 = ORIENTED_EDGE('',*,*,#14811,.T.);
#14811 = EDGE_CURVE('',#13316,#13979,#14812,.T.);
#14812 = LINE('',#14813,#14814);
#14813 = CARTESIAN_POINT('',(31.35,-30.,0.));
#14814 = VECTOR('',#14815,1.);
#14815 = DIRECTION('',(0.,0.,1.));
#14816 = ORIENTED_EDGE('',*,*,#13978,.T.);
#14817 = ORIENTED_EDGE('',*,*,#14811,.F.);
#14818 = ORIENTED_EDGE('',*,*,#13315,.F.);
#14819 = CYLINDRICAL_SURFACE('',#14820,1.35);
#14820 = AXIS2_PLACEMENT_3D('',#14821,#14822,#14823);
#14821 = CARTESIAN_POINT('',(30.,-30.,0.));
#14822 = DIRECTION('',(-0.,-0.,-1.));
#14823 = DIRECTION('',(1.,0.,0.));
#14824 = ADVANCED_FACE('',(#14825),#14836,.F.);
#14825 = FACE_BOUND('',#14826,.T.);
#14826 = EDGE_LOOP('',(#14827,#14828,#14834,#14835));
#14827 = ORIENTED_EDGE('',*,*,#13326,.T.);
#14828 = ORIENTED_EDGE('',*,*,#14829,.T.);
#14829 = EDGE_CURVE('',#13327,#13990,#14830,.T.);
#14830 = LINE('',#14831,#14832);
#14831 = CARTESIAN_POINT('',(17.5,-25.9,-4.6E-02));
#14832 = VECTOR('',#14833,1.);
#14833 = DIRECTION('',(0.,0.,1.));
#14834 = ORIENTED_EDGE('',*,*,#13989,.F.);
#14835 = ORIENTED_EDGE('',*,*,#14829,.F.);
#14836 = CYLINDRICAL_SURFACE('',#14837,0.65);
#14837 = AXIS2_PLACEMENT_3D('',#14838,#14839,#14840);
#14838 = CARTESIAN_POINT('',(17.5,-25.25,-4.6E-02));
#14839 = DIRECTION('',(-0.,-0.,-1.));
#14840 = DIRECTION('',(-0.,-1.,0.));
#14841 = ADVANCED_FACE('',(#14842),#14853,.F.);
#14842 = FACE_BOUND('',#14843,.T.);
#14843 = EDGE_LOOP('',(#14844,#14845,#14851,#14852));
#14844 = ORIENTED_EDGE('',*,*,#13337,.T.);
#14845 = ORIENTED_EDGE('',*,*,#14846,.T.);
#14846 = EDGE_CURVE('',#13338,#14001,#14847,.T.);
#14847 = LINE('',#14848,#14849);
#14848 = CARTESIAN_POINT('',(22.5,-25.9,-4.6E-02));
#14849 = VECTOR('',#14850,1.);
#14850 = DIRECTION('',(0.,0.,1.));
#14851 = ORIENTED_EDGE('',*,*,#14000,.F.);
#14852 = ORIENTED_EDGE('',*,*,#14846,.F.);
#14853 = CYLINDRICAL_SURFACE('',#14854,0.65);
#14854 = AXIS2_PLACEMENT_3D('',#14855,#14856,#14857);
#14855 = CARTESIAN_POINT('',(22.5,-25.25,-4.6E-02));
#14856 = DIRECTION('',(-0.,-0.,-1.));
#14857 = DIRECTION('',(-0.,-1.,0.));
#14858 = ADVANCED_FACE('',(#14859),#14870,.F.);
#14859 = FACE_BOUND('',#14860,.T.);
#14860 = EDGE_LOOP('',(#14861,#14862,#14868,#14869));
#14861 = ORIENTED_EDGE('',*,*,#13348,.T.);
#14862 = ORIENTED_EDGE('',*,*,#14863,.T.);
#14863 = EDGE_CURVE('',#13349,#14012,#14864,.T.);
#14864 = LINE('',#14865,#14866);
#14865 = CARTESIAN_POINT('',(17.5,-13.4,-4.6E-02));
#14866 = VECTOR('',#14867,1.);
#14867 = DIRECTION('',(0.,0.,1.));
#14868 = ORIENTED_EDGE('',*,*,#14011,.F.);
#14869 = ORIENTED_EDGE('',*,*,#14863,.F.);
#14870 = CYLINDRICAL_SURFACE('',#14871,0.65);
#14871 = AXIS2_PLACEMENT_3D('',#14872,#14873,#14874);
#14872 = CARTESIAN_POINT('',(17.5,-12.75,-4.6E-02));
#14873 = DIRECTION('',(-0.,-0.,-1.));
#14874 = DIRECTION('',(-0.,-1.,0.));
#14875 = ADVANCED_FACE('',(#14876),#14887,.F.);
#14876 = FACE_BOUND('',#14877,.T.);
#14877 = EDGE_LOOP('',(#14878,#14879,#14885,#14886));
#14878 = ORIENTED_EDGE('',*,*,#13359,.T.);
#14879 = ORIENTED_EDGE('',*,*,#14880,.T.);
#14880 = EDGE_CURVE('',#13360,#14023,#14881,.T.);
#14881 = LINE('',#14882,#14883);
#14882 = CARTESIAN_POINT('',(22.5,-13.4,-4.6E-02));
#14883 = VECTOR('',#14884,1.);
#14884 = DIRECTION('',(0.,0.,1.));
#14885 = ORIENTED_EDGE('',*,*,#14022,.F.);
#14886 = ORIENTED_EDGE('',*,*,#14880,.F.);
#14887 = CYLINDRICAL_SURFACE('',#14888,0.65);
#14888 = AXIS2_PLACEMENT_3D('',#14889,#14890,#14891);
#14889 = CARTESIAN_POINT('',(22.5,-12.75,-4.6E-02));
#14890 = DIRECTION('',(-0.,-0.,-1.));
#14891 = DIRECTION('',(-0.,-1.,0.));
#14892 = ADVANCED_FACE('',(#14893),#14904,.F.);
#14893 = FACE_BOUND('',#14894,.T.);
#14894 = EDGE_LOOP('',(#14895,#14896,#14902,#14903));
#14895 = ORIENTED_EDGE('',*,*,#13370,.T.);
#14896 = ORIENTED_EDGE('',*,*,#14897,.T.);
#14897 = EDGE_CURVE('',#13371,#14034,#14898,.T.);
#14898 = LINE('',#14899,#14900);
#14899 = CARTESIAN_POINT('',(17.5,-6.9,-4.6E-02));
#14900 = VECTOR('',#14901,1.);
#14901 = DIRECTION('',(0.,0.,1.));
#14902 = ORIENTED_EDGE('',*,*,#14033,.F.);
#14903 = ORIENTED_EDGE('',*,*,#14897,.F.);
#14904 = CYLINDRICAL_SURFACE('',#14905,0.65);
#14905 = AXIS2_PLACEMENT_3D('',#14906,#14907,#14908);
#14906 = CARTESIAN_POINT('',(17.5,-6.25,-4.6E-02));
#14907 = DIRECTION('',(-0.,-0.,-1.));
#14908 = DIRECTION('',(-0.,-1.,0.));
#14909 = ADVANCED_FACE('',(#14910),#14921,.F.);
#14910 = FACE_BOUND('',#14911,.T.);
#14911 = EDGE_LOOP('',(#14912,#14913,#14919,#14920));
#14912 = ORIENTED_EDGE('',*,*,#13381,.T.);
#14913 = ORIENTED_EDGE('',*,*,#14914,.T.);
#14914 = EDGE_CURVE('',#13382,#14045,#14915,.T.);
#14915 = LINE('',#14916,#14917);
#14916 = CARTESIAN_POINT('',(22.5,-6.9,-4.6E-02));
#14917 = VECTOR('',#14918,1.);
#14918 = DIRECTION('',(0.,0.,1.));
#14919 = ORIENTED_EDGE('',*,*,#14044,.F.);
#14920 = ORIENTED_EDGE('',*,*,#14914,.F.);
#14921 = CYLINDRICAL_SURFACE('',#14922,0.65);
#14922 = AXIS2_PLACEMENT_3D('',#14923,#14924,#14925);
#14923 = CARTESIAN_POINT('',(22.5,-6.25,-4.6E-02));
#14924 = DIRECTION('',(-0.,-0.,-1.));
#14925 = DIRECTION('',(-0.,-1.,0.));
#14926 = ADVANCED_FACE('',(#14927),#14938,.F.);
#14927 = FACE_BOUND('',#14928,.T.);
#14928 = EDGE_LOOP('',(#14929,#14930,#14936,#14937));
#14929 = ORIENTED_EDGE('',*,*,#13392,.T.);
#14930 = ORIENTED_EDGE('',*,*,#14931,.T.);
#14931 = EDGE_CURVE('',#13393,#14056,#14932,.T.);
#14932 = LINE('',#14933,#14934);
#14933 = CARTESIAN_POINT('',(-22.5,5.6,-4.6E-02));
#14934 = VECTOR('',#14935,1.);
#14935 = DIRECTION('',(0.,0.,1.));
#14936 = ORIENTED_EDGE('',*,*,#14055,.F.);
#14937 = ORIENTED_EDGE('',*,*,#14931,.F.);
#14938 = CYLINDRICAL_SURFACE('',#14939,0.65);
#14939 = AXIS2_PLACEMENT_3D('',#14940,#14941,#14942);
#14940 = CARTESIAN_POINT('',(-22.5,6.25,-4.6E-02));
#14941 = DIRECTION('',(-0.,-0.,-1.));
#14942 = DIRECTION('',(-0.,-1.,0.));
#14943 = ADVANCED_FACE('',(#14944),#14955,.F.);
#14944 = FACE_BOUND('',#14945,.T.);
#14945 = EDGE_LOOP('',(#14946,#14947,#14953,#14954));
#14946 = ORIENTED_EDGE('',*,*,#13403,.T.);
#14947 = ORIENTED_EDGE('',*,*,#14948,.T.);
#14948 = EDGE_CURVE('',#13404,#14067,#14949,.T.);
#14949 = LINE('',#14950,#14951);
#14950 = CARTESIAN_POINT('',(-17.5,5.6,-4.6E-02));
#14951 = VECTOR('',#14952,1.);
#14952 = DIRECTION('',(0.,0.,1.));
#14953 = ORIENTED_EDGE('',*,*,#14066,.F.);
#14954 = ORIENTED_EDGE('',*,*,#14948,.F.);
#14955 = CYLINDRICAL_SURFACE('',#14956,0.65);
#14956 = AXIS2_PLACEMENT_3D('',#14957,#14958,#14959);
#14957 = CARTESIAN_POINT('',(-17.5,6.25,-4.6E-02));
#14958 = DIRECTION('',(-0.,-0.,-1.));
#14959 = DIRECTION('',(-0.,-1.,0.));
#14960 = ADVANCED_FACE('',(#14961),#14972,.F.);
#14961 = FACE_BOUND('',#14962,.T.);
#14962 = EDGE_LOOP('',(#14963,#14964,#14970,#14971));
#14963 = ORIENTED_EDGE('',*,*,#13414,.T.);
#14964 = ORIENTED_EDGE('',*,*,#14965,.T.);
#14965 = EDGE_CURVE('',#13415,#14078,#14966,.T.);
#14966 = LINE('',#14967,#14968);
#14967 = CARTESIAN_POINT('',(-22.5,12.1,-4.6E-02));
#14968 = VECTOR('',#14969,1.);
#14969 = DIRECTION('',(0.,0.,1.));
#14970 = ORIENTED_EDGE('',*,*,#14077,.F.);
#14971 = ORIENTED_EDGE('',*,*,#14965,.F.);
#14972 = CYLINDRICAL_SURFACE('',#14973,0.65);
#14973 = AXIS2_PLACEMENT_3D('',#14974,#14975,#14976);
#14974 = CARTESIAN_POINT('',(-22.5,12.75,-4.6E-02));
#14975 = DIRECTION('',(-0.,-0.,-1.));
#14976 = DIRECTION('',(-0.,-1.,0.));
#14977 = ADVANCED_FACE('',(#14978),#14989,.F.);
#14978 = FACE_BOUND('',#14979,.T.);
#14979 = EDGE_LOOP('',(#14980,#14981,#14987,#14988));
#14980 = ORIENTED_EDGE('',*,*,#13425,.T.);
#14981 = ORIENTED_EDGE('',*,*,#14982,.T.);
#14982 = EDGE_CURVE('',#13426,#14089,#14983,.T.);
#14983 = LINE('',#14984,#14985);
#14984 = CARTESIAN_POINT('',(-17.5,12.1,-4.6E-02));
#14985 = VECTOR('',#14986,1.);
#14986 = DIRECTION('',(0.,0.,1.));
#14987 = ORIENTED_EDGE('',*,*,#14088,.F.);
#14988 = ORIENTED_EDGE('',*,*,#14982,.F.);
#14989 = CYLINDRICAL_SURFACE('',#14990,0.65);
#14990 = AXIS2_PLACEMENT_3D('',#14991,#14992,#14993);
#14991 = CARTESIAN_POINT('',(-17.5,12.75,-4.6E-02));
#14992 = DIRECTION('',(-0.,-0.,-1.));
#14993 = DIRECTION('',(-0.,-1.,0.));
#14994 = ADVANCED_FACE('',(#14995),#15006,.F.);
#14995 = FACE_BOUND('',#14996,.T.);
#14996 = EDGE_LOOP('',(#14997,#14998,#15004,#15005));
#14997 = ORIENTED_EDGE('',*,*,#13436,.T.);
#14998 = ORIENTED_EDGE('',*,*,#14999,.T.);
#14999 = EDGE_CURVE('',#13437,#14100,#15000,.T.);
#15000 = LINE('',#15001,#15002);
#15001 = CARTESIAN_POINT('',(-7.62,3.88,-4.6E-02));
#15002 = VECTOR('',#15003,1.);
#15003 = DIRECTION('',(0.,0.,1.));
#15004 = ORIENTED_EDGE('',*,*,#14099,.F.);
#15005 = ORIENTED_EDGE('',*,*,#14999,.F.);
#15006 = CYLINDRICAL_SURFACE('',#15007,0.5);
#15007 = AXIS2_PLACEMENT_3D('',#15008,#15009,#15010);
#15008 = CARTESIAN_POINT('',(-7.62,4.38,-4.6E-02));
#15009 = DIRECTION('',(-0.,-0.,-1.));
#15010 = DIRECTION('',(-1.7763568394E-15,-1.,0.));
#15011 = ADVANCED_FACE('',(#15012),#15023,.F.);
#15012 = FACE_BOUND('',#15013,.T.);
#15013 = EDGE_LOOP('',(#15014,#15015,#15021,#15022));
#15014 = ORIENTED_EDGE('',*,*,#13447,.T.);
#15015 = ORIENTED_EDGE('',*,*,#15016,.T.);
#15016 = EDGE_CURVE('',#13448,#14111,#15017,.T.);
#15017 = LINE('',#15018,#15019);
#15018 = CARTESIAN_POINT('',(-7.62,6.42,-4.6E-02));
#15019 = VECTOR('',#15020,1.);
#15020 = DIRECTION('',(0.,0.,1.));
#15021 = ORIENTED_EDGE('',*,*,#14110,.F.);
#15022 = ORIENTED_EDGE('',*,*,#15016,.F.);
#15023 = CYLINDRICAL_SURFACE('',#15024,0.5);
#15024 = AXIS2_PLACEMENT_3D('',#15025,#15026,#15027);
#15025 = CARTESIAN_POINT('',(-7.62,6.92,-4.6E-02));
#15026 = DIRECTION('',(-0.,-0.,-1.));
#15027 = DIRECTION('',(-1.7763568394E-15,-1.,0.));
#15028 = ADVANCED_FACE('',(#15029),#15040,.F.);
#15029 = FACE_BOUND('',#15030,.T.);
#15030 = EDGE_LOOP('',(#15031,#15032,#15038,#15039));
#15031 = ORIENTED_EDGE('',*,*,#13458,.T.);
#15032 = ORIENTED_EDGE('',*,*,#15033,.T.);
#15033 = EDGE_CURVE('',#13459,#14122,#15034,.T.);
#15034 = LINE('',#15035,#15036);
#15035 = CARTESIAN_POINT('',(-7.62,8.96,-4.6E-02));
#15036 = VECTOR('',#15037,1.);
#15037 = DIRECTION('',(0.,0.,1.));
#15038 = ORIENTED_EDGE('',*,*,#14121,.F.);
#15039 = ORIENTED_EDGE('',*,*,#15033,.F.);
#15040 = CYLINDRICAL_SURFACE('',#15041,0.5);
#15041 = AXIS2_PLACEMENT_3D('',#15042,#15043,#15044);
#15042 = CARTESIAN_POINT('',(-7.62,9.46,-4.6E-02));
#15043 = DIRECTION('',(-0.,-0.,-1.));
#15044 = DIRECTION('',(-1.7763568394E-15,-1.,0.));
#15045 = ADVANCED_FACE('',(#15046),#15057,.F.);
#15046 = FACE_BOUND('',#15047,.T.);
#15047 = EDGE_LOOP('',(#15048,#15049,#15055,#15056));
#15048 = ORIENTED_EDGE('',*,*,#13469,.T.);
#15049 = ORIENTED_EDGE('',*,*,#15050,.T.);
#15050 = EDGE_CURVE('',#13470,#14133,#15051,.T.);
#15051 = LINE('',#15052,#15053);
#15052 = CARTESIAN_POINT('',(-7.62,11.5,-4.6E-02));
#15053 = VECTOR('',#15054,1.);
#15054 = DIRECTION('',(0.,0.,1.));
#15055 = ORIENTED_EDGE('',*,*,#14132,.F.);
#15056 = ORIENTED_EDGE('',*,*,#15050,.F.);
#15057 = CYLINDRICAL_SURFACE('',#15058,0.5);
#15058 = AXIS2_PLACEMENT_3D('',#15059,#15060,#15061);
#15059 = CARTESIAN_POINT('',(-7.62,12.,-4.6E-02));
#15060 = DIRECTION('',(-0.,-0.,-1.));
#15061 = DIRECTION('',(-1.7763568394E-15,-1.,0.));
#15062 = ADVANCED_FACE('',(#15063),#15074,.F.);
#15063 = FACE_BOUND('',#15064,.T.);
#15064 = EDGE_LOOP('',(#15065,#15066,#15072,#15073));
#15065 = ORIENTED_EDGE('',*,*,#13480,.T.);
#15066 = ORIENTED_EDGE('',*,*,#15067,.T.);
#15067 = EDGE_CURVE('',#13481,#14144,#15068,.T.);
#15068 = LINE('',#15069,#15070);
#15069 = CARTESIAN_POINT('',(-7.62,14.04,-4.6E-02));
#15070 = VECTOR('',#15071,1.);
#15071 = DIRECTION('',(0.,0.,1.));
#15072 = ORIENTED_EDGE('',*,*,#14143,.F.);
#15073 = ORIENTED_EDGE('',*,*,#15067,.F.);
#15074 = CYLINDRICAL_SURFACE('',#15075,0.5);
#15075 = AXIS2_PLACEMENT_3D('',#15076,#15077,#15078);
#15076 = CARTESIAN_POINT('',(-7.62,14.54,-4.6E-02));
#15077 = DIRECTION('',(-0.,-0.,-1.));
#15078 = DIRECTION('',(-1.7763568394E-15,-1.,0.));
#15079 = ADVANCED_FACE('',(#15080),#15091,.F.);
#15080 = FACE_BOUND('',#15081,.T.);
#15081 = EDGE_LOOP('',(#15082,#15088,#15089,#15090));
#15082 = ORIENTED_EDGE('',*,*,#15083,.T.);
#15083 = EDGE_CURVE('',#13492,#14155,#15084,.T.);
#15084 = LINE('',#15085,#15086);
#15085 = CARTESIAN_POINT('',(-28.65,30.,0.));
#15086 = VECTOR('',#15087,1.);
#15087 = DIRECTION('',(0.,0.,1.));
#15088 = ORIENTED_EDGE('',*,*,#14154,.T.);
#15089 = ORIENTED_EDGE('',*,*,#15083,.F.);
#15090 = ORIENTED_EDGE('',*,*,#13491,.F.);
#15091 = CYLINDRICAL_SURFACE('',#15092,1.35);
#15092 = AXIS2_PLACEMENT_3D('',#15093,#15094,#15095);
#15093 = CARTESIAN_POINT('',(-30.,30.,0.));
#15094 = DIRECTION('',(-0.,-0.,-1.));
#15095 = DIRECTION('',(1.,0.,0.));
#15096 = ADVANCED_FACE('',(#15097),#15108,.F.);
#15097 = FACE_BOUND('',#15098,.T.);
#15098 = EDGE_LOOP('',(#15099,#15100,#15106,#15107));
#15099 = ORIENTED_EDGE('',*,*,#13502,.T.);
#15100 = ORIENTED_EDGE('',*,*,#15101,.T.);
#15101 = EDGE_CURVE('',#13503,#14166,#15102,.T.);
#15102 = LINE('',#15103,#15104);
#15103 = CARTESIAN_POINT('',(-22.5,24.6,-4.6E-02));
#15104 = VECTOR('',#15105,1.);
#15105 = DIRECTION('',(0.,0.,1.));
#15106 = ORIENTED_EDGE('',*,*,#14165,.F.);
#15107 = ORIENTED_EDGE('',*,*,#15101,.F.);
#15108 = CYLINDRICAL_SURFACE('',#15109,0.65);
#15109 = AXIS2_PLACEMENT_3D('',#15110,#15111,#15112);
#15110 = CARTESIAN_POINT('',(-22.5,25.25,-4.6E-02));
#15111 = DIRECTION('',(-0.,-0.,-1.));
#15112 = DIRECTION('',(-0.,-1.,0.));
#15113 = ADVANCED_FACE('',(#15114),#15125,.F.);
#15114 = FACE_BOUND('',#15115,.T.);
#15115 = EDGE_LOOP('',(#15116,#15117,#15123,#15124));
#15116 = ORIENTED_EDGE('',*,*,#13513,.T.);
#15117 = ORIENTED_EDGE('',*,*,#15118,.T.);
#15118 = EDGE_CURVE('',#13514,#14177,#15119,.T.);
#15119 = LINE('',#15120,#15121);
#15120 = CARTESIAN_POINT('',(-17.5,24.6,-4.6E-02));
#15121 = VECTOR('',#15122,1.);
#15122 = DIRECTION('',(0.,0.,1.));
#15123 = ORIENTED_EDGE('',*,*,#14176,.F.);
#15124 = ORIENTED_EDGE('',*,*,#15118,.F.);
#15125 = CYLINDRICAL_SURFACE('',#15126,0.65);
#15126 = AXIS2_PLACEMENT_3D('',#15127,#15128,#15129);
#15127 = CARTESIAN_POINT('',(-17.5,25.25,-4.6E-02));
#15128 = DIRECTION('',(-0.,-0.,-1.));
#15129 = DIRECTION('',(-0.,-1.,0.));
#15130 = ADVANCED_FACE('',(#15131),#15142,.F.);
#15131 = FACE_BOUND('',#15132,.T.);
#15132 = EDGE_LOOP('',(#15133,#15134,#15140,#15141));
#15133 = ORIENTED_EDGE('',*,*,#13524,.T.);
#15134 = ORIENTED_EDGE('',*,*,#15135,.T.);
#15135 = EDGE_CURVE('',#13525,#14188,#15136,.T.);
#15136 = LINE('',#15137,#15138);
#15137 = CARTESIAN_POINT('',(-7.62,16.58,-4.6E-02));
#15138 = VECTOR('',#15139,1.);
#15139 = DIRECTION('',(0.,0.,1.));
#15140 = ORIENTED_EDGE('',*,*,#14187,.F.);
#15141 = ORIENTED_EDGE('',*,*,#15135,.F.);
#15142 = CYLINDRICAL_SURFACE('',#15143,0.5);
#15143 = AXIS2_PLACEMENT_3D('',#15144,#15145,#15146);
#15144 = CARTESIAN_POINT('',(-7.62,17.08,-4.6E-02));
#15145 = DIRECTION('',(-0.,-0.,-1.));
#15146 = DIRECTION('',(-1.7763568394E-15,-1.,0.));
#15147 = ADVANCED_FACE('',(#15148),#15159,.F.);
#15148 = FACE_BOUND('',#15149,.T.);
#15149 = EDGE_LOOP('',(#15150,#15151,#15157,#15158));
#15150 = ORIENTED_EDGE('',*,*,#13535,.T.);
#15151 = ORIENTED_EDGE('',*,*,#15152,.T.);
#15152 = EDGE_CURVE('',#13536,#14199,#15153,.T.);
#15153 = LINE('',#15154,#15155);
#15154 = CARTESIAN_POINT('',(-7.62,19.12,-4.6E-02));
#15155 = VECTOR('',#15156,1.);
#15156 = DIRECTION('',(0.,0.,1.));
#15157 = ORIENTED_EDGE('',*,*,#14198,.F.);
#15158 = ORIENTED_EDGE('',*,*,#15152,.F.);
#15159 = CYLINDRICAL_SURFACE('',#15160,0.5);
#15160 = AXIS2_PLACEMENT_3D('',#15161,#15162,#15163);
#15161 = CARTESIAN_POINT('',(-7.62,19.62,-4.6E-02));
#15162 = DIRECTION('',(-0.,-0.,-1.));
#15163 = DIRECTION('',(-1.7763568394E-15,-1.,0.));
#15164 = ADVANCED_FACE('',(#15165),#15176,.F.);
#15165 = FACE_BOUND('',#15166,.T.);
#15166 = EDGE_LOOP('',(#15167,#15168,#15174,#15175));
#15167 = ORIENTED_EDGE('',*,*,#13546,.T.);
#15168 = ORIENTED_EDGE('',*,*,#15169,.T.);
#15169 = EDGE_CURVE('',#13547,#14210,#15170,.T.);
#15170 = LINE('',#15171,#15172);
#15171 = CARTESIAN_POINT('',(7.62,3.88,-4.6E-02));
#15172 = VECTOR('',#15173,1.);
#15173 = DIRECTION('',(0.,0.,1.));
#15174 = ORIENTED_EDGE('',*,*,#14209,.F.);
#15175 = ORIENTED_EDGE('',*,*,#15169,.F.);
#15176 = CYLINDRICAL_SURFACE('',#15177,0.5);
#15177 = AXIS2_PLACEMENT_3D('',#15178,#15179,#15180);
#15178 = CARTESIAN_POINT('',(7.62,4.38,-4.6E-02));
#15179 = DIRECTION('',(-0.,0.,-1.));
#15180 = DIRECTION('',(1.7763568394E-15,-1.,-0.));
#15181 = ADVANCED_FACE('',(#15182),#15193,.F.);
#15182 = FACE_BOUND('',#15183,.T.);
#15183 = EDGE_LOOP('',(#15184,#15185,#15191,#15192));
#15184 = ORIENTED_EDGE('',*,*,#13557,.T.);
#15185 = ORIENTED_EDGE('',*,*,#15186,.T.);
#15186 = EDGE_CURVE('',#13558,#14221,#15187,.T.);
#15187 = LINE('',#15188,#15189);
#15188 = CARTESIAN_POINT('',(7.62,6.42,-4.6E-02));
#15189 = VECTOR('',#15190,1.);
#15190 = DIRECTION('',(0.,0.,1.));
#15191 = ORIENTED_EDGE('',*,*,#14220,.F.);
#15192 = ORIENTED_EDGE('',*,*,#15186,.F.);
#15193 = CYLINDRICAL_SURFACE('',#15194,0.5);
#15194 = AXIS2_PLACEMENT_3D('',#15195,#15196,#15197);
#15195 = CARTESIAN_POINT('',(7.62,6.92,-4.6E-02));
#15196 = DIRECTION('',(-0.,0.,-1.));
#15197 = DIRECTION('',(1.7763568394E-15,-1.,-0.));
#15198 = ADVANCED_FACE('',(#15199),#15210,.F.);
#15199 = FACE_BOUND('',#15200,.T.);
#15200 = EDGE_LOOP('',(#15201,#15202,#15208,#15209));
#15201 = ORIENTED_EDGE('',*,*,#13568,.T.);
#15202 = ORIENTED_EDGE('',*,*,#15203,.T.);
#15203 = EDGE_CURVE('',#13569,#14232,#15204,.T.);
#15204 = LINE('',#15205,#15206);
#15205 = CARTESIAN_POINT('',(7.62,8.96,-4.6E-02));
#15206 = VECTOR('',#15207,1.);
#15207 = DIRECTION('',(0.,0.,1.));
#15208 = ORIENTED_EDGE('',*,*,#14231,.F.);
#15209 = ORIENTED_EDGE('',*,*,#15203,.F.);
#15210 = CYLINDRICAL_SURFACE('',#15211,0.5);
#15211 = AXIS2_PLACEMENT_3D('',#15212,#15213,#15214);
#15212 = CARTESIAN_POINT('',(7.62,9.46,-4.6E-02));
#15213 = DIRECTION('',(-0.,0.,-1.));
#15214 = DIRECTION('',(1.7763568394E-15,-1.,-0.));
#15215 = ADVANCED_FACE('',(#15216),#15227,.F.);
#15216 = FACE_BOUND('',#15217,.T.);
#15217 = EDGE_LOOP('',(#15218,#15219,#15225,#15226));
#15218 = ORIENTED_EDGE('',*,*,#13579,.T.);
#15219 = ORIENTED_EDGE('',*,*,#15220,.T.);
#15220 = EDGE_CURVE('',#13580,#14243,#15221,.T.);
#15221 = LINE('',#15222,#15223);
#15222 = CARTESIAN_POINT('',(7.62,11.5,-4.6E-02));
#15223 = VECTOR('',#15224,1.);
#15224 = DIRECTION('',(0.,0.,1.));
#15225 = ORIENTED_EDGE('',*,*,#14242,.F.);
#15226 = ORIENTED_EDGE('',*,*,#15220,.F.);
#15227 = CYLINDRICAL_SURFACE('',#15228,0.5);
#15228 = AXIS2_PLACEMENT_3D('',#15229,#15230,#15231);
#15229 = CARTESIAN_POINT('',(7.62,12.,-4.6E-02));
#15230 = DIRECTION('',(-0.,0.,-1.));
#15231 = DIRECTION('',(1.7763568394E-15,-1.,-0.));
#15232 = ADVANCED_FACE('',(#15233),#15244,.F.);
#15233 = FACE_BOUND('',#15234,.T.);
#15234 = EDGE_LOOP('',(#15235,#15236,#15242,#15243));
#15235 = ORIENTED_EDGE('',*,*,#13590,.T.);
#15236 = ORIENTED_EDGE('',*,*,#15237,.T.);
#15237 = EDGE_CURVE('',#13591,#14254,#15238,.T.);
#15238 = LINE('',#15239,#15240);
#15239 = CARTESIAN_POINT('',(7.62,14.04,-4.6E-02));
#15240 = VECTOR('',#15241,1.);
#15241 = DIRECTION('',(0.,0.,1.));
#15242 = ORIENTED_EDGE('',*,*,#14253,.F.);
#15243 = ORIENTED_EDGE('',*,*,#15237,.F.);
#15244 = CYLINDRICAL_SURFACE('',#15245,0.5);
#15245 = AXIS2_PLACEMENT_3D('',#15246,#15247,#15248);
#15246 = CARTESIAN_POINT('',(7.62,14.54,-4.6E-02));
#15247 = DIRECTION('',(-0.,0.,-1.));
#15248 = DIRECTION('',(1.7763568394E-15,-1.,-0.));
#15249 = ADVANCED_FACE('',(#15250),#15261,.F.);
#15250 = FACE_BOUND('',#15251,.T.);
#15251 = EDGE_LOOP('',(#15252,#15253,#15259,#15260));
#15252 = ORIENTED_EDGE('',*,*,#13601,.T.);
#15253 = ORIENTED_EDGE('',*,*,#15254,.T.);
#15254 = EDGE_CURVE('',#13602,#14265,#15255,.T.);
#15255 = LINE('',#15256,#15257);
#15256 = CARTESIAN_POINT('',(17.5,5.6,-4.6E-02));
#15257 = VECTOR('',#15258,1.);
#15258 = DIRECTION('',(0.,0.,1.));
#15259 = ORIENTED_EDGE('',*,*,#14264,.F.);
#15260 = ORIENTED_EDGE('',*,*,#15254,.F.);
#15261 = CYLINDRICAL_SURFACE('',#15262,0.65);
#15262 = AXIS2_PLACEMENT_3D('',#15263,#15264,#15265);
#15263 = CARTESIAN_POINT('',(17.5,6.25,-4.6E-02));
#15264 = DIRECTION('',(-0.,-0.,-1.));
#15265 = DIRECTION('',(-0.,-1.,0.));
#15266 = ADVANCED_FACE('',(#15267),#15278,.F.);
#15267 = FACE_BOUND('',#15268,.T.);
#15268 = EDGE_LOOP('',(#15269,#15270,#15276,#15277));
#15269 = ORIENTED_EDGE('',*,*,#13612,.T.);
#15270 = ORIENTED_EDGE('',*,*,#15271,.T.);
#15271 = EDGE_CURVE('',#13613,#14276,#15272,.T.);
#15272 = LINE('',#15273,#15274);
#15273 = CARTESIAN_POINT('',(22.5,5.6,-4.6E-02));
#15274 = VECTOR('',#15275,1.);
#15275 = DIRECTION('',(0.,0.,1.));
#15276 = ORIENTED_EDGE('',*,*,#14275,.F.);
#15277 = ORIENTED_EDGE('',*,*,#15271,.F.);
#15278 = CYLINDRICAL_SURFACE('',#15279,0.65);
#15279 = AXIS2_PLACEMENT_3D('',#15280,#15281,#15282);
#15280 = CARTESIAN_POINT('',(22.5,6.25,-4.6E-02));
#15281 = DIRECTION('',(-0.,-0.,-1.));
#15282 = DIRECTION('',(-0.,-1.,0.));
#15283 = ADVANCED_FACE('',(#15284),#15295,.F.);
#15284 = FACE_BOUND('',#15285,.T.);
#15285 = EDGE_LOOP('',(#15286,#15287,#15293,#15294));
#15286 = ORIENTED_EDGE('',*,*,#13623,.T.);
#15287 = ORIENTED_EDGE('',*,*,#15288,.T.);
#15288 = EDGE_CURVE('',#13624,#14287,#15289,.T.);
#15289 = LINE('',#15290,#15291);
#15290 = CARTESIAN_POINT('',(17.5,12.1,-4.6E-02));
#15291 = VECTOR('',#15292,1.);
#15292 = DIRECTION('',(0.,0.,1.));
#15293 = ORIENTED_EDGE('',*,*,#14286,.F.);
#15294 = ORIENTED_EDGE('',*,*,#15288,.F.);
#15295 = CYLINDRICAL_SURFACE('',#15296,0.65);
#15296 = AXIS2_PLACEMENT_3D('',#15297,#15298,#15299);
#15297 = CARTESIAN_POINT('',(17.5,12.75,-4.6E-02));
#15298 = DIRECTION('',(-0.,-0.,-1.));
#15299 = DIRECTION('',(-0.,-1.,0.));
#15300 = ADVANCED_FACE('',(#15301),#15312,.F.);
#15301 = FACE_BOUND('',#15302,.T.);
#15302 = EDGE_LOOP('',(#15303,#15304,#15310,#15311));
#15303 = ORIENTED_EDGE('',*,*,#13634,.T.);
#15304 = ORIENTED_EDGE('',*,*,#15305,.T.);
#15305 = EDGE_CURVE('',#13635,#14298,#15306,.T.);
#15306 = LINE('',#15307,#15308);
#15307 = CARTESIAN_POINT('',(22.5,12.1,-4.6E-02));
#15308 = VECTOR('',#15309,1.);
#15309 = DIRECTION('',(0.,0.,1.));
#15310 = ORIENTED_EDGE('',*,*,#14297,.F.);
#15311 = ORIENTED_EDGE('',*,*,#15305,.F.);
#15312 = CYLINDRICAL_SURFACE('',#15313,0.65);
#15313 = AXIS2_PLACEMENT_3D('',#15314,#15315,#15316);
#15314 = CARTESIAN_POINT('',(22.5,12.75,-4.6E-02));
#15315 = DIRECTION('',(-0.,-0.,-1.));
#15316 = DIRECTION('',(-0.,-1.,0.));
#15317 = ADVANCED_FACE('',(#15318),#15329,.F.);
#15318 = FACE_BOUND('',#15319,.T.);
#15319 = EDGE_LOOP('',(#15320,#15321,#15327,#15328));
#15320 = ORIENTED_EDGE('',*,*,#13645,.T.);
#15321 = ORIENTED_EDGE('',*,*,#15322,.T.);
#15322 = EDGE_CURVE('',#13646,#14309,#15323,.T.);
#15323 = LINE('',#15324,#15325);
#15324 = CARTESIAN_POINT('',(7.62,16.58,-4.6E-02));
#15325 = VECTOR('',#15326,1.);
#15326 = DIRECTION('',(0.,0.,1.));
#15327 = ORIENTED_EDGE('',*,*,#14308,.F.);
#15328 = ORIENTED_EDGE('',*,*,#15322,.F.);
#15329 = CYLINDRICAL_SURFACE('',#15330,0.5);
#15330 = AXIS2_PLACEMENT_3D('',#15331,#15332,#15333);
#15331 = CARTESIAN_POINT('',(7.62,17.08,-4.6E-02));
#15332 = DIRECTION('',(-0.,0.,-1.));
#15333 = DIRECTION('',(1.7763568394E-15,-1.,-0.));
#15334 = ADVANCED_FACE('',(#15335),#15346,.F.);
#15335 = FACE_BOUND('',#15336,.T.);
#15336 = EDGE_LOOP('',(#15337,#15338,#15344,#15345));
#15337 = ORIENTED_EDGE('',*,*,#13656,.T.);
#15338 = ORIENTED_EDGE('',*,*,#15339,.T.);
#15339 = EDGE_CURVE('',#13657,#14320,#15340,.T.);
#15340 = LINE('',#15341,#15342);
#15341 = CARTESIAN_POINT('',(7.62,19.12,-4.6E-02));
#15342 = VECTOR('',#15343,1.);
#15343 = DIRECTION('',(0.,0.,1.));
#15344 = ORIENTED_EDGE('',*,*,#14319,.F.);
#15345 = ORIENTED_EDGE('',*,*,#15339,.F.);
#15346 = CYLINDRICAL_SURFACE('',#15347,0.5);
#15347 = AXIS2_PLACEMENT_3D('',#15348,#15349,#15350);
#15348 = CARTESIAN_POINT('',(7.62,19.62,-4.6E-02));
#15349 = DIRECTION('',(-0.,0.,-1.));
#15350 = DIRECTION('',(1.7763568394E-15,-1.,-0.));
#15351 = ADVANCED_FACE('',(#15352),#15363,.F.);
#15352 = FACE_BOUND('',#15353,.T.);
#15353 = EDGE_LOOP('',(#15354,#15355,#15361,#15362));
#15354 = ORIENTED_EDGE('',*,*,#13667,.T.);
#15355 = ORIENTED_EDGE('',*,*,#15356,.T.);
#15356 = EDGE_CURVE('',#13668,#14331,#15357,.T.);
#15357 = LINE('',#15358,#15359);
#15358 = CARTESIAN_POINT('',(0.,28.96,-4.6E-02));
#15359 = VECTOR('',#15360,1.);
#15360 = DIRECTION('',(0.,0.,1.));
#15361 = ORIENTED_EDGE('',*,*,#14330,.F.);
#15362 = ORIENTED_EDGE('',*,*,#15356,.F.);
#15363 = CYLINDRICAL_SURFACE('',#15364,0.5);
#15364 = AXIS2_PLACEMENT_3D('',#15365,#15366,#15367);
#15365 = CARTESIAN_POINT('',(-2.775557561563E-17,29.46,-4.6E-02));
#15366 = DIRECTION('',(-0.,0.,-1.));
#15367 = DIRECTION('',(5.551115123126E-17,-1.,-0.));
#15368 = ADVANCED_FACE('',(#15369),#15380,.F.);
#15369 = FACE_BOUND('',#15370,.T.);
#15370 = EDGE_LOOP('',(#15371,#15372,#15378,#15379));
#15371 = ORIENTED_EDGE('',*,*,#13678,.T.);
#15372 = ORIENTED_EDGE('',*,*,#15373,.T.);
#15373 = EDGE_CURVE('',#13679,#14342,#15374,.T.);
#15374 = LINE('',#15375,#15376);
#15375 = CARTESIAN_POINT('',(0.,31.5,-4.6E-02));
#15376 = VECTOR('',#15377,1.);
#15377 = DIRECTION('',(0.,0.,1.));
#15378 = ORIENTED_EDGE('',*,*,#14341,.F.);
#15379 = ORIENTED_EDGE('',*,*,#15373,.F.);
#15380 = CYLINDRICAL_SURFACE('',#15381,0.5);
#15381 = AXIS2_PLACEMENT_3D('',#15382,#15383,#15384);
#15382 = CARTESIAN_POINT('',(-2.775557561563E-17,32.,-4.6E-02));
#15383 = DIRECTION('',(-0.,0.,-1.));
#15384 = DIRECTION('',(5.551115123126E-17,-1.,-0.));
#15385 = ADVANCED_FACE('',(#15386),#15397,.F.);
#15386 = FACE_BOUND('',#15387,.T.);
#15387 = EDGE_LOOP('',(#15388,#15389,#15395,#15396));
#15388 = ORIENTED_EDGE('',*,*,#13689,.T.);
#15389 = ORIENTED_EDGE('',*,*,#15390,.T.);
#15390 = EDGE_CURVE('',#13690,#14353,#15391,.T.);
#15391 = LINE('',#15392,#15393);
#15392 = CARTESIAN_POINT('',(17.5,24.6,-4.6E-02));
#15393 = VECTOR('',#15394,1.);
#15394 = DIRECTION('',(0.,0.,1.));
#15395 = ORIENTED_EDGE('',*,*,#14352,.F.);
#15396 = ORIENTED_EDGE('',*,*,#15390,.F.);
#15397 = CYLINDRICAL_SURFACE('',#15398,0.65);
#15398 = AXIS2_PLACEMENT_3D('',#15399,#15400,#15401);
#15399 = CARTESIAN_POINT('',(17.5,25.25,-4.6E-02));
#15400 = DIRECTION('',(-0.,-0.,-1.));
#15401 = DIRECTION('',(-0.,-1.,0.));
#15402 = ADVANCED_FACE('',(#15403),#15414,.F.);
#15403 = FACE_BOUND('',#15404,.T.);
#15404 = EDGE_LOOP('',(#15405,#15406,#15412,#15413));
#15405 = ORIENTED_EDGE('',*,*,#13700,.T.);
#15406 = ORIENTED_EDGE('',*,*,#15407,.T.);
#15407 = EDGE_CURVE('',#13701,#14364,#15408,.T.);
#15408 = LINE('',#15409,#15410);
#15409 = CARTESIAN_POINT('',(22.5,24.6,-4.6E-02));
#15410 = VECTOR('',#15411,1.);
#15411 = DIRECTION('',(0.,0.,1.));
#15412 = ORIENTED_EDGE('',*,*,#14363,.F.);
#15413 = ORIENTED_EDGE('',*,*,#15407,.F.);
#15414 = CYLINDRICAL_SURFACE('',#15415,0.65);
#15415 = AXIS2_PLACEMENT_3D('',#15416,#15417,#15418);
#15416 = CARTESIAN_POINT('',(22.5,25.25,-4.6E-02));
#15417 = DIRECTION('',(-0.,-0.,-1.));
#15418 = DIRECTION('',(-0.,-1.,0.));
#15419 = ADVANCED_FACE('',(#15420),#15431,.F.);
#15420 = FACE_BOUND('',#15421,.T.);
#15421 = EDGE_LOOP('',(#15422,#15428,#15429,#15430));
#15422 = ORIENTED_EDGE('',*,*,#15423,.T.);
#15423 = EDGE_CURVE('',#13712,#14375,#15424,.T.);
#15424 = LINE('',#15425,#15426);
#15425 = CARTESIAN_POINT('',(31.35,30.,0.));
#15426 = VECTOR('',#15427,1.);
#15427 = DIRECTION('',(0.,0.,1.));
#15428 = ORIENTED_EDGE('',*,*,#14374,.T.);
#15429 = ORIENTED_EDGE('',*,*,#15423,.F.);
#15430 = ORIENTED_EDGE('',*,*,#13711,.F.);
#15431 = CYLINDRICAL_SURFACE('',#15432,1.35);
#15432 = AXIS2_PLACEMENT_3D('',#15433,#15434,#15435);
#15433 = CARTESIAN_POINT('',(30.,30.,0.));
#15434 = DIRECTION('',(-0.,-0.,-1.));
#15435 = DIRECTION('',(1.,0.,0.));
#15436 = ( GEOMETRIC_REPRESENTATION_CONTEXT(3) 
GLOBAL_UNCERTAINTY_ASSIGNED_CONTEXT((#15440)) 
GLOBAL_UNIT_ASSIGNED_CONTEXT((#15437,#15438,#15439)) 
REPRESENTATION_CONTEXT('Context #1',
  '3D Context with UNIT and UNCERTAINTY') );
#15437 = ( LENGTH_UNIT() NAMED_UNIT(*) SI_UNIT(.MILLI.,.METRE.) );
#15438 = ( NAMED_UNIT(*) PLANE_ANGLE_UNIT() SI_UNIT($,.RADIAN.) );
#15439 = ( NAMED_UNIT(*) SI_UNIT($,.STERADIAN.) SOLID_ANGLE_UNIT() );
#15440 = UNCERTAINTY_MEASURE_WITH_UNIT(LENGTH_MEASURE(1.E-07),#15437,
  'distance_accuracy_value','confusion accuracy');
#15441 = CONTEXT_DEPENDENT_SHAPE_REPRESENTATION(#15442,#15444);
#15442 = ( REPRESENTATION_RELATIONSHIP('','',#12954,#10) 
REPRESENTATION_RELATIONSHIP_WITH_TRANSFORMATION(#15443) 
SHAPE_REPRESENTATION_RELATIONSHIP() );
#15443 = ITEM_DEFINED_TRANSFORMATION('','',#11,#147);
#15444 = PRODUCT_DEFINITION_SHAPE('Placement','Placement of an item',
  #15445);
#15445 = NEXT_ASSEMBLY_USAGE_OCCURRENCE('40','=>[0:1:1:14]','',#5,#12949
  ,$);
#15446 = PRODUCT_RELATED_PRODUCT_CATEGORY('part',$,(#12951));
#15447 = MECHANICAL_DESIGN_GEOMETRIC_PRESENTATION_REPRESENTATION('',(
    #15448),#15436);
#15448 = STYLED_ITEM('color',(#15449),#12955);
#15449 = PRESENTATION_STYLE_ASSIGNMENT((#15450));
#15450 = SURFACE_STYLE_USAGE(.BOTH.,#15451);
#15451 = SURFACE_SIDE_STYLE('',(#15452));
#15452 = SURFACE_STYLE_FILL_AREA(#15453);
#15453 = FILL_AREA_STYLE('',(#15454));
#15454 = FILL_AREA_STYLE_COLOUR('',#15455);
#15455 = COLOUR_RGB('',0.204454873135,0.204454873135,0.204454873135);
#15456 = MECHANICAL_DESIGN_GEOMETRIC_PRESENTATION_REPRESENTATION('',(
    #15457,#15467,#15476,#15485,#15494,#15504,#15513,#15522,#15531,
    #15540,#15549,#15558,#15567,#15576,#15585,#15594,#15603,#15612,
    #15621,#15630,#15639,#15648,#15657,#15666,#15675,#15684,#15693,
    #15702,#15711,#15720,#15729,#15738,#15747,#15756,#15765,#15774,
    #15783,#15792,#15801,#15810,#15819,#15828,#15837,#15846,#15855,
    #15864,#15873,#15882,#15891,#15900,#15909,#15918,#15927,#15936,
    #15945,#15955,#15964,#15973,#15982),#1876);
#15457 = STYLED_ITEM('color',(#15458),#190);
#15458 = PRESENTATION_STYLE_ASSIGNMENT((#15459,#15465));
#15459 = SURFACE_STYLE_USAGE(.BOTH.,#15460);
#15460 = SURFACE_SIDE_STYLE('',(#15461));
#15461 = SURFACE_STYLE_FILL_AREA(#15462);
#15462 = FILL_AREA_STYLE('',(#15463));
#15463 = FILL_AREA_STYLE_COLOUR('',#15464);
#15464 = COLOUR_RGB('',0.147999998088,0.145000001626,0.145000001626);
#15465 = CURVE_STYLE('',#15466,POSITIVE_LENGTH_MEASURE(0.1),#15464);
#15466 = DRAUGHTING_PRE_DEFINED_CURVE_FONT('continuous');
#15467 = STYLED_ITEM('color',(#15468),#244);
#15468 = PRESENTATION_STYLE_ASSIGNMENT((#15469,#15474));
#15469 = SURFACE_STYLE_USAGE(.BOTH.,#15470);
#15470 = SURFACE_SIDE_STYLE('',(#15471));
#15471 = SURFACE_STYLE_FILL_AREA(#15472);
#15472 = FILL_AREA_STYLE('',(#15473));
#15473 = FILL_AREA_STYLE_COLOUR('',#15464);
#15474 = CURVE_STYLE('',#15475,POSITIVE_LENGTH_MEASURE(0.1),#15464);
#15475 = DRAUGHTING_PRE_DEFINED_CURVE_FONT('continuous');
#15476 = STYLED_ITEM('color',(#15477),#307);
#15477 = PRESENTATION_STYLE_ASSIGNMENT((#15478,#15483));
#15478 = SURFACE_STYLE_USAGE(.BOTH.,#15479);
#15479 = SURFACE_SIDE_STYLE('',(#15480));
#15480 = SURFACE_STYLE_FILL_AREA(#15481);
#15481 = FILL_AREA_STYLE('',(#15482));
#15482 = FILL_AREA_STYLE_COLOUR('',#15464);
#15483 = CURVE_STYLE('',#15484,POSITIVE_LENGTH_MEASURE(0.1),#15464);
#15484 = DRAUGHTING_PRE_DEFINED_CURVE_FONT('continuous');
#15485 = STYLED_ITEM('color',(#15486),#330);
#15486 = PRESENTATION_STYLE_ASSIGNMENT((#15487,#15492));
#15487 = SURFACE_STYLE_USAGE(.BOTH.,#15488);
#15488 = SURFACE_SIDE_STYLE('',(#15489));
#15489 = SURFACE_STYLE_FILL_AREA(#15490);
#15490 = FILL_AREA_STYLE('',(#15491));
#15491 = FILL_AREA_STYLE_COLOUR('',#15464);
#15492 = CURVE_STYLE('',#15493,POSITIVE_LENGTH_MEASURE(0.1),#15464);
#15493 = DRAUGHTING_PRE_DEFINED_CURVE_FONT('continuous');
#15494 = STYLED_ITEM('color',(#15495),#360);
#15495 = PRESENTATION_STYLE_ASSIGNMENT((#15496,#15502));
#15496 = SURFACE_STYLE_USAGE(.BOTH.,#15497);
#15497 = SURFACE_SIDE_STYLE('',(#15498));
#15498 = SURFACE_STYLE_FILL_AREA(#15499);
#15499 = FILL_AREA_STYLE('',(#15500));
#15500 = FILL_AREA_STYLE_COLOUR('',#15501);
#15501 = COLOUR_RGB('',0.823999987314,0.819999987296,0.781000009244);
#15502 = CURVE_STYLE('',#15503,POSITIVE_LENGTH_MEASURE(0.1),#15501);
#15503 = DRAUGHTING_PRE_DEFINED_CURVE_FONT('continuous');
#15504 = STYLED_ITEM('color',(#15505),#393);
#15505 = PRESENTATION_STYLE_ASSIGNMENT((#15506,#15511));
#15506 = SURFACE_STYLE_USAGE(.BOTH.,#15507);
#15507 = SURFACE_SIDE_STYLE('',(#15508));
#15508 = SURFACE_STYLE_FILL_AREA(#15509);
#15509 = FILL_AREA_STYLE('',(#15510));
#15510 = FILL_AREA_STYLE_COLOUR('',#15464);
#15511 = CURVE_STYLE('',#15512,POSITIVE_LENGTH_MEASURE(0.1),#15464);
#15512 = DRAUGHTING_PRE_DEFINED_CURVE_FONT('continuous');
#15513 = STYLED_ITEM('color',(#15514),#423);
#15514 = PRESENTATION_STYLE_ASSIGNMENT((#15515,#15520));
#15515 = SURFACE_STYLE_USAGE(.BOTH.,#15516);
#15516 = SURFACE_SIDE_STYLE('',(#15517));
#15517 = SURFACE_STYLE_FILL_AREA(#15518);
#15518 = FILL_AREA_STYLE('',(#15519));
#15519 = FILL_AREA_STYLE_COLOUR('',#15464);
#15520 = CURVE_STYLE('',#15521,POSITIVE_LENGTH_MEASURE(0.1),#15464);
#15521 = DRAUGHTING_PRE_DEFINED_CURVE_FONT('continuous');
#15522 = STYLED_ITEM('color',(#15523),#446);
#15523 = PRESENTATION_STYLE_ASSIGNMENT((#15524,#15529));
#15524 = SURFACE_STYLE_USAGE(.BOTH.,#15525);
#15525 = SURFACE_SIDE_STYLE('',(#15526));
#15526 = SURFACE_STYLE_FILL_AREA(#15527);
#15527 = FILL_AREA_STYLE('',(#15528));
#15528 = FILL_AREA_STYLE_COLOUR('',#15464);
#15529 = CURVE_STYLE('',#15530,POSITIVE_LENGTH_MEASURE(0.1),#15464);
#15530 = DRAUGHTING_PRE_DEFINED_CURVE_FONT('continuous');
#15531 = STYLED_ITEM('color',(#15532),#469);
#15532 = PRESENTATION_STYLE_ASSIGNMENT((#15533,#15538));
#15533 = SURFACE_STYLE_USAGE(.BOTH.,#15534);
#15534 = SURFACE_SIDE_STYLE('',(#15535));
#15535 = SURFACE_STYLE_FILL_AREA(#15536);
#15536 = FILL_AREA_STYLE('',(#15537));
#15537 = FILL_AREA_STYLE_COLOUR('',#15464);
#15538 = CURVE_STYLE('',#15539,POSITIVE_LENGTH_MEASURE(0.1),#15464);
#15539 = DRAUGHTING_PRE_DEFINED_CURVE_FONT('continuous');
#15540 = STYLED_ITEM('color',(#15541),#492);
#15541 = PRESENTATION_STYLE_ASSIGNMENT((#15542,#15547));
#15542 = SURFACE_STYLE_USAGE(.BOTH.,#15543);
#15543 = SURFACE_SIDE_STYLE('',(#15544));
#15544 = SURFACE_STYLE_FILL_AREA(#15545);
#15545 = FILL_AREA_STYLE('',(#15546));
#15546 = FILL_AREA_STYLE_COLOUR('',#15464);
#15547 = CURVE_STYLE('',#15548,POSITIVE_LENGTH_MEASURE(0.1),#15464);
#15548 = DRAUGHTING_PRE_DEFINED_CURVE_FONT('continuous');
#15549 = STYLED_ITEM('color',(#15550),#515);
#15550 = PRESENTATION_STYLE_ASSIGNMENT((#15551,#15556));
#15551 = SURFACE_STYLE_USAGE(.BOTH.,#15552);
#15552 = SURFACE_SIDE_STYLE('',(#15553));
#15553 = SURFACE_STYLE_FILL_AREA(#15554);
#15554 = FILL_AREA_STYLE('',(#15555));
#15555 = FILL_AREA_STYLE_COLOUR('',#15464);
#15556 = CURVE_STYLE('',#15557,POSITIVE_LENGTH_MEASURE(0.1),#15464);
#15557 = DRAUGHTING_PRE_DEFINED_CURVE_FONT('continuous');
#15558 = STYLED_ITEM('color',(#15559),#538);
#15559 = PRESENTATION_STYLE_ASSIGNMENT((#15560,#15565));
#15560 = SURFACE_STYLE_USAGE(.BOTH.,#15561);
#15561 = SURFACE_SIDE_STYLE('',(#15562));
#15562 = SURFACE_STYLE_FILL_AREA(#15563);
#15563 = FILL_AREA_STYLE('',(#15564));
#15564 = FILL_AREA_STYLE_COLOUR('',#15464);
#15565 = CURVE_STYLE('',#15566,POSITIVE_LENGTH_MEASURE(0.1),#15464);
#15566 = DRAUGHTING_PRE_DEFINED_CURVE_FONT('continuous');
#15567 = STYLED_ITEM('color',(#15568),#571);
#15568 = PRESENTATION_STYLE_ASSIGNMENT((#15569,#15574));
#15569 = SURFACE_STYLE_USAGE(.BOTH.,#15570);
#15570 = SURFACE_SIDE_STYLE('',(#15571));
#15571 = SURFACE_STYLE_FILL_AREA(#15572);
#15572 = FILL_AREA_STYLE('',(#15573));
#15573 = FILL_AREA_STYLE_COLOUR('',#15464);
#15574 = CURVE_STYLE('',#15575,POSITIVE_LENGTH_MEASURE(0.1),#15464);
#15575 = DRAUGHTING_PRE_DEFINED_CURVE_FONT('continuous');
#15576 = STYLED_ITEM('color',(#15577),#594);
#15577 = PRESENTATION_STYLE_ASSIGNMENT((#15578,#15583));
#15578 = SURFACE_STYLE_USAGE(.BOTH.,#15579);
#15579 = SURFACE_SIDE_STYLE('',(#15580));
#15580 = SURFACE_STYLE_FILL_AREA(#15581);
#15581 = FILL_AREA_STYLE('',(#15582));
#15582 = FILL_AREA_STYLE_COLOUR('',#15464);
#15583 = CURVE_STYLE('',#15584,POSITIVE_LENGTH_MEASURE(0.1),#15464);
#15584 = DRAUGHTING_PRE_DEFINED_CURVE_FONT('continuous');
#15585 = STYLED_ITEM('color',(#15586),#617);
#15586 = PRESENTATION_STYLE_ASSIGNMENT((#15587,#15592));
#15587 = SURFACE_STYLE_USAGE(.BOTH.,#15588);
#15588 = SURFACE_SIDE_STYLE('',(#15589));
#15589 = SURFACE_STYLE_FILL_AREA(#15590);
#15590 = FILL_AREA_STYLE('',(#15591));
#15591 = FILL_AREA_STYLE_COLOUR('',#15464);
#15592 = CURVE_STYLE('',#15593,POSITIVE_LENGTH_MEASURE(0.1),#15464);
#15593 = DRAUGHTING_PRE_DEFINED_CURVE_FONT('continuous');
#15594 = STYLED_ITEM('color',(#15595),#705);
#15595 = PRESENTATION_STYLE_ASSIGNMENT((#15596,#15601));
#15596 = SURFACE_STYLE_USAGE(.BOTH.,#15597);
#15597 = SURFACE_SIDE_STYLE('',(#15598));
#15598 = SURFACE_STYLE_FILL_AREA(#15599);
#15599 = FILL_AREA_STYLE('',(#15600));
#15600 = FILL_AREA_STYLE_COLOUR('',#15501);
#15601 = CURVE_STYLE('',#15602,POSITIVE_LENGTH_MEASURE(0.1),#15501);
#15602 = DRAUGHTING_PRE_DEFINED_CURVE_FONT('continuous');
#15603 = STYLED_ITEM('color',(#15604),#780);
#15604 = PRESENTATION_STYLE_ASSIGNMENT((#15605,#15610));
#15605 = SURFACE_STYLE_USAGE(.BOTH.,#15606);
#15606 = SURFACE_SIDE_STYLE('',(#15607));
#15607 = SURFACE_STYLE_FILL_AREA(#15608);
#15608 = FILL_AREA_STYLE('',(#15609));
#15609 = FILL_AREA_STYLE_COLOUR('',#15501);
#15610 = CURVE_STYLE('',#15611,POSITIVE_LENGTH_MEASURE(0.1),#15501);
#15611 = DRAUGHTING_PRE_DEFINED_CURVE_FONT('continuous');
#15612 = STYLED_ITEM('color',(#15613),#804);
#15613 = PRESENTATION_STYLE_ASSIGNMENT((#15614,#15619));
#15614 = SURFACE_STYLE_USAGE(.BOTH.,#15615);
#15615 = SURFACE_SIDE_STYLE('',(#15616));
#15616 = SURFACE_STYLE_FILL_AREA(#15617);
#15617 = FILL_AREA_STYLE('',(#15618));
#15618 = FILL_AREA_STYLE_COLOUR('',#15501);
#15619 = CURVE_STYLE('',#15620,POSITIVE_LENGTH_MEASURE(0.1),#15501);
#15620 = DRAUGHTING_PRE_DEFINED_CURVE_FONT('continuous');
#15621 = STYLED_ITEM('color',(#15622),#872);
#15622 = PRESENTATION_STYLE_ASSIGNMENT((#15623,#15628));
#15623 = SURFACE_STYLE_USAGE(.BOTH.,#15624);
#15624 = SURFACE_SIDE_STYLE('',(#15625));
#15625 = SURFACE_STYLE_FILL_AREA(#15626);
#15626 = FILL_AREA_STYLE('',(#15627));
#15627 = FILL_AREA_STYLE_COLOUR('',#15464);
#15628 = CURVE_STYLE('',#15629,POSITIVE_LENGTH_MEASURE(0.1),#15464);
#15629 = DRAUGHTING_PRE_DEFINED_CURVE_FONT('continuous');
#15630 = STYLED_ITEM('color',(#15631),#960);
#15631 = PRESENTATION_STYLE_ASSIGNMENT((#15632,#15637));
#15632 = SURFACE_STYLE_USAGE(.BOTH.,#15633);
#15633 = SURFACE_SIDE_STYLE('',(#15634));
#15634 = SURFACE_STYLE_FILL_AREA(#15635);
#15635 = FILL_AREA_STYLE('',(#15636));
#15636 = FILL_AREA_STYLE_COLOUR('',#15464);
#15637 = CURVE_STYLE('',#15638,POSITIVE_LENGTH_MEASURE(0.1),#15464);
#15638 = DRAUGHTING_PRE_DEFINED_CURVE_FONT('continuous');
#15639 = STYLED_ITEM('color',(#15640),#976);
#15640 = PRESENTATION_STYLE_ASSIGNMENT((#15641,#15646));
#15641 = SURFACE_STYLE_USAGE(.BOTH.,#15642);
#15642 = SURFACE_SIDE_STYLE('',(#15643));
#15643 = SURFACE_STYLE_FILL_AREA(#15644);
#15644 = FILL_AREA_STYLE('',(#15645));
#15645 = FILL_AREA_STYLE_COLOUR('',#15464);
#15646 = CURVE_STYLE('',#15647,POSITIVE_LENGTH_MEASURE(0.1),#15464);
#15647 = DRAUGHTING_PRE_DEFINED_CURVE_FONT('continuous');
#15648 = STYLED_ITEM('color',(#15649),#992);
#15649 = PRESENTATION_STYLE_ASSIGNMENT((#15650,#15655));
#15650 = SURFACE_STYLE_USAGE(.BOTH.,#15651);
#15651 = SURFACE_SIDE_STYLE('',(#15652));
#15652 = SURFACE_STYLE_FILL_AREA(#15653);
#15653 = FILL_AREA_STYLE('',(#15654));
#15654 = FILL_AREA_STYLE_COLOUR('',#15464);
#15655 = CURVE_STYLE('',#15656,POSITIVE_LENGTH_MEASURE(0.1),#15464);
#15656 = DRAUGHTING_PRE_DEFINED_CURVE_FONT('continuous');
#15657 = STYLED_ITEM('color',(#15658),#1008);
#15658 = PRESENTATION_STYLE_ASSIGNMENT((#15659,#15664));
#15659 = SURFACE_STYLE_USAGE(.BOTH.,#15660);
#15660 = SURFACE_SIDE_STYLE('',(#15661));
#15661 = SURFACE_STYLE_FILL_AREA(#15662);
#15662 = FILL_AREA_STYLE('',(#15663));
#15663 = FILL_AREA_STYLE_COLOUR('',#15464);
#15664 = CURVE_STYLE('',#15665,POSITIVE_LENGTH_MEASURE(0.1),#15464);
#15665 = DRAUGHTING_PRE_DEFINED_CURVE_FONT('continuous');
#15666 = STYLED_ITEM('color',(#15667),#1024);
#15667 = PRESENTATION_STYLE_ASSIGNMENT((#15668,#15673));
#15668 = SURFACE_STYLE_USAGE(.BOTH.,#15669);
#15669 = SURFACE_SIDE_STYLE('',(#15670));
#15670 = SURFACE_STYLE_FILL_AREA(#15671);
#15671 = FILL_AREA_STYLE('',(#15672));
#15672 = FILL_AREA_STYLE_COLOUR('',#15464);
#15673 = CURVE_STYLE('',#15674,POSITIVE_LENGTH_MEASURE(0.1),#15464);
#15674 = DRAUGHTING_PRE_DEFINED_CURVE_FONT('continuous');
#15675 = STYLED_ITEM('color',(#15676),#1041);
#15676 = PRESENTATION_STYLE_ASSIGNMENT((#15677,#15682));
#15677 = SURFACE_STYLE_USAGE(.BOTH.,#15678);
#15678 = SURFACE_SIDE_STYLE('',(#15679));
#15679 = SURFACE_STYLE_FILL_AREA(#15680);
#15680 = FILL_AREA_STYLE('',(#15681));
#15681 = FILL_AREA_STYLE_COLOUR('',#15501);
#15682 = CURVE_STYLE('',#15683,POSITIVE_LENGTH_MEASURE(0.1),#15501);
#15683 = DRAUGHTING_PRE_DEFINED_CURVE_FONT('continuous');
#15684 = STYLED_ITEM('color',(#15685),#1074);
#15685 = PRESENTATION_STYLE_ASSIGNMENT((#15686,#15691));
#15686 = SURFACE_STYLE_USAGE(.BOTH.,#15687);
#15687 = SURFACE_SIDE_STYLE('',(#15688));
#15688 = SURFACE_STYLE_FILL_AREA(#15689);
#15689 = FILL_AREA_STYLE('',(#15690));
#15690 = FILL_AREA_STYLE_COLOUR('',#15464);
#15691 = CURVE_STYLE('',#15692,POSITIVE_LENGTH_MEASURE(0.1),#15464);
#15692 = DRAUGHTING_PRE_DEFINED_CURVE_FONT('continuous');
#15693 = STYLED_ITEM('color',(#15694),#1091);
#15694 = PRESENTATION_STYLE_ASSIGNMENT((#15695,#15700));
#15695 = SURFACE_STYLE_USAGE(.BOTH.,#15696);
#15696 = SURFACE_SIDE_STYLE('',(#15697));
#15697 = SURFACE_STYLE_FILL_AREA(#15698);
#15698 = FILL_AREA_STYLE('',(#15699));
#15699 = FILL_AREA_STYLE_COLOUR('',#15501);
#15700 = CURVE_STYLE('',#15701,POSITIVE_LENGTH_MEASURE(0.1),#15501);
#15701 = DRAUGHTING_PRE_DEFINED_CURVE_FONT('continuous');
#15702 = STYLED_ITEM('color',(#15703),#1113);
#15703 = PRESENTATION_STYLE_ASSIGNMENT((#15704,#15709));
#15704 = SURFACE_STYLE_USAGE(.BOTH.,#15705);
#15705 = SURFACE_SIDE_STYLE('',(#15706));
#15706 = SURFACE_STYLE_FILL_AREA(#15707);
#15707 = FILL_AREA_STYLE('',(#15708));
#15708 = FILL_AREA_STYLE_COLOUR('',#15464);
#15709 = CURVE_STYLE('',#15710,POSITIVE_LENGTH_MEASURE(0.1),#15464);
#15710 = DRAUGHTING_PRE_DEFINED_CURVE_FONT('continuous');
#15711 = STYLED_ITEM('color',(#15712),#1144);
#15712 = PRESENTATION_STYLE_ASSIGNMENT((#15713,#15718));
#15713 = SURFACE_STYLE_USAGE(.BOTH.,#15714);
#15714 = SURFACE_SIDE_STYLE('',(#15715));
#15715 = SURFACE_STYLE_FILL_AREA(#15716);
#15716 = FILL_AREA_STYLE('',(#15717));
#15717 = FILL_AREA_STYLE_COLOUR('',#15464);
#15718 = CURVE_STYLE('',#15719,POSITIVE_LENGTH_MEASURE(0.1),#15464);
#15719 = DRAUGHTING_PRE_DEFINED_CURVE_FONT('continuous');
#15720 = STYLED_ITEM('color',(#15721),#1167);
#15721 = PRESENTATION_STYLE_ASSIGNMENT((#15722,#15727));
#15722 = SURFACE_STYLE_USAGE(.BOTH.,#15723);
#15723 = SURFACE_SIDE_STYLE('',(#15724));
#15724 = SURFACE_STYLE_FILL_AREA(#15725);
#15725 = FILL_AREA_STYLE('',(#15726));
#15726 = FILL_AREA_STYLE_COLOUR('',#15464);
#15727 = CURVE_STYLE('',#15728,POSITIVE_LENGTH_MEASURE(0.1),#15464);
#15728 = DRAUGHTING_PRE_DEFINED_CURVE_FONT('continuous');
#15729 = STYLED_ITEM('color',(#15730),#1190);
#15730 = PRESENTATION_STYLE_ASSIGNMENT((#15731,#15736));
#15731 = SURFACE_STYLE_USAGE(.BOTH.,#15732);
#15732 = SURFACE_SIDE_STYLE('',(#15733));
#15733 = SURFACE_STYLE_FILL_AREA(#15734);
#15734 = FILL_AREA_STYLE('',(#15735));
#15735 = FILL_AREA_STYLE_COLOUR('',#15464);
#15736 = CURVE_STYLE('',#15737,POSITIVE_LENGTH_MEASURE(0.1),#15464);
#15737 = DRAUGHTING_PRE_DEFINED_CURVE_FONT('continuous');
#15738 = STYLED_ITEM('color',(#15739),#1213);
#15739 = PRESENTATION_STYLE_ASSIGNMENT((#15740,#15745));
#15740 = SURFACE_STYLE_USAGE(.BOTH.,#15741);
#15741 = SURFACE_SIDE_STYLE('',(#15742));
#15742 = SURFACE_STYLE_FILL_AREA(#15743);
#15743 = FILL_AREA_STYLE('',(#15744));
#15744 = FILL_AREA_STYLE_COLOUR('',#15464);
#15745 = CURVE_STYLE('',#15746,POSITIVE_LENGTH_MEASURE(0.1),#15464);
#15746 = DRAUGHTING_PRE_DEFINED_CURVE_FONT('continuous');
#15747 = STYLED_ITEM('color',(#15748),#1243);
#15748 = PRESENTATION_STYLE_ASSIGNMENT((#15749,#15754));
#15749 = SURFACE_STYLE_USAGE(.BOTH.,#15750);
#15750 = SURFACE_SIDE_STYLE('',(#15751));
#15751 = SURFACE_STYLE_FILL_AREA(#15752);
#15752 = FILL_AREA_STYLE('',(#15753));
#15753 = FILL_AREA_STYLE_COLOUR('',#15501);
#15754 = CURVE_STYLE('',#15755,POSITIVE_LENGTH_MEASURE(0.1),#15501);
#15755 = DRAUGHTING_PRE_DEFINED_CURVE_FONT('continuous');
#15756 = STYLED_ITEM('color',(#15757),#1260);
#15757 = PRESENTATION_STYLE_ASSIGNMENT((#15758,#15763));
#15758 = SURFACE_STYLE_USAGE(.BOTH.,#15759);
#15759 = SURFACE_SIDE_STYLE('',(#15760));
#15760 = SURFACE_STYLE_FILL_AREA(#15761);
#15761 = FILL_AREA_STYLE('',(#15762));
#15762 = FILL_AREA_STYLE_COLOUR('',#15501);
#15763 = CURVE_STYLE('',#15764,POSITIVE_LENGTH_MEASURE(0.1),#15501);
#15764 = DRAUGHTING_PRE_DEFINED_CURVE_FONT('continuous');
#15765 = STYLED_ITEM('color',(#15766),#1277);
#15766 = PRESENTATION_STYLE_ASSIGNMENT((#15767,#15772));
#15767 = SURFACE_STYLE_USAGE(.BOTH.,#15768);
#15768 = SURFACE_SIDE_STYLE('',(#15769));
#15769 = SURFACE_STYLE_FILL_AREA(#15770);
#15770 = FILL_AREA_STYLE('',(#15771));
#15771 = FILL_AREA_STYLE_COLOUR('',#15501);
#15772 = CURVE_STYLE('',#15773,POSITIVE_LENGTH_MEASURE(0.1),#15501);
#15773 = DRAUGHTING_PRE_DEFINED_CURVE_FONT('continuous');
#15774 = STYLED_ITEM('color',(#15775),#1294);
#15775 = PRESENTATION_STYLE_ASSIGNMENT((#15776,#15781));
#15776 = SURFACE_STYLE_USAGE(.BOTH.,#15777);
#15777 = SURFACE_SIDE_STYLE('',(#15778));
#15778 = SURFACE_STYLE_FILL_AREA(#15779);
#15779 = FILL_AREA_STYLE('',(#15780));
#15780 = FILL_AREA_STYLE_COLOUR('',#15501);
#15781 = CURVE_STYLE('',#15782,POSITIVE_LENGTH_MEASURE(0.1),#15501);
#15782 = DRAUGHTING_PRE_DEFINED_CURVE_FONT('continuous');
#15783 = STYLED_ITEM('color',(#15784),#1311);
#15784 = PRESENTATION_STYLE_ASSIGNMENT((#15785,#15790));
#15785 = SURFACE_STYLE_USAGE(.BOTH.,#15786);
#15786 = SURFACE_SIDE_STYLE('',(#15787));
#15787 = SURFACE_STYLE_FILL_AREA(#15788);
#15788 = FILL_AREA_STYLE('',(#15789));
#15789 = FILL_AREA_STYLE_COLOUR('',#15501);
#15790 = CURVE_STYLE('',#15791,POSITIVE_LENGTH_MEASURE(0.1),#15501);
#15791 = DRAUGHTING_PRE_DEFINED_CURVE_FONT('continuous');
#15792 = STYLED_ITEM('color',(#15793),#1328);
#15793 = PRESENTATION_STYLE_ASSIGNMENT((#15794,#15799));
#15794 = SURFACE_STYLE_USAGE(.BOTH.,#15795);
#15795 = SURFACE_SIDE_STYLE('',(#15796));
#15796 = SURFACE_STYLE_FILL_AREA(#15797);
#15797 = FILL_AREA_STYLE('',(#15798));
#15798 = FILL_AREA_STYLE_COLOUR('',#15501);
#15799 = CURVE_STYLE('',#15800,POSITIVE_LENGTH_MEASURE(0.1),#15501);
#15800 = DRAUGHTING_PRE_DEFINED_CURVE_FONT('continuous');
#15801 = STYLED_ITEM('color',(#15802),#1345);
#15802 = PRESENTATION_STYLE_ASSIGNMENT((#15803,#15808));
#15803 = SURFACE_STYLE_USAGE(.BOTH.,#15804);
#15804 = SURFACE_SIDE_STYLE('',(#15805));
#15805 = SURFACE_STYLE_FILL_AREA(#15806);
#15806 = FILL_AREA_STYLE('',(#15807));
#15807 = FILL_AREA_STYLE_COLOUR('',#15501);
#15808 = CURVE_STYLE('',#15809,POSITIVE_LENGTH_MEASURE(0.1),#15501);
#15809 = DRAUGHTING_PRE_DEFINED_CURVE_FONT('continuous');
#15810 = STYLED_ITEM('color',(#15811),#1362);
#15811 = PRESENTATION_STYLE_ASSIGNMENT((#15812,#15817));
#15812 = SURFACE_STYLE_USAGE(.BOTH.,#15813);
#15813 = SURFACE_SIDE_STYLE('',(#15814));
#15814 = SURFACE_STYLE_FILL_AREA(#15815);
#15815 = FILL_AREA_STYLE('',(#15816));
#15816 = FILL_AREA_STYLE_COLOUR('',#15501);
#15817 = CURVE_STYLE('',#15818,POSITIVE_LENGTH_MEASURE(0.1),#15501);
#15818 = DRAUGHTING_PRE_DEFINED_CURVE_FONT('continuous');
#15819 = STYLED_ITEM('color',(#15820),#1374);
#15820 = PRESENTATION_STYLE_ASSIGNMENT((#15821,#15826));
#15821 = SURFACE_STYLE_USAGE(.BOTH.,#15822);
#15822 = SURFACE_SIDE_STYLE('',(#15823));
#15823 = SURFACE_STYLE_FILL_AREA(#15824);
#15824 = FILL_AREA_STYLE('',(#15825));
#15825 = FILL_AREA_STYLE_COLOUR('',#15464);
#15826 = CURVE_STYLE('',#15827,POSITIVE_LENGTH_MEASURE(0.1),#15464);
#15827 = DRAUGHTING_PRE_DEFINED_CURVE_FONT('continuous');
#15828 = STYLED_ITEM('color',(#15829),#1397);
#15829 = PRESENTATION_STYLE_ASSIGNMENT((#15830,#15835));
#15830 = SURFACE_STYLE_USAGE(.BOTH.,#15831);
#15831 = SURFACE_SIDE_STYLE('',(#15832));
#15832 = SURFACE_STYLE_FILL_AREA(#15833);
#15833 = FILL_AREA_STYLE('',(#15834));
#15834 = FILL_AREA_STYLE_COLOUR('',#15464);
#15835 = CURVE_STYLE('',#15836,POSITIVE_LENGTH_MEASURE(0.1),#15464);
#15836 = DRAUGHTING_PRE_DEFINED_CURVE_FONT('continuous');
#15837 = STYLED_ITEM('color',(#15838),#1420);
#15838 = PRESENTATION_STYLE_ASSIGNMENT((#15839,#15844));
#15839 = SURFACE_STYLE_USAGE(.BOTH.,#15840);
#15840 = SURFACE_SIDE_STYLE('',(#15841));
#15841 = SURFACE_STYLE_FILL_AREA(#15842);
#15842 = FILL_AREA_STYLE('',(#15843));
#15843 = FILL_AREA_STYLE_COLOUR('',#15464);
#15844 = CURVE_STYLE('',#15845,POSITIVE_LENGTH_MEASURE(0.1),#15464);
#15845 = DRAUGHTING_PRE_DEFINED_CURVE_FONT('continuous');
#15846 = STYLED_ITEM('color',(#15847),#1437);
#15847 = PRESENTATION_STYLE_ASSIGNMENT((#15848,#15853));
#15848 = SURFACE_STYLE_USAGE(.BOTH.,#15849);
#15849 = SURFACE_SIDE_STYLE('',(#15850));
#15850 = SURFACE_STYLE_FILL_AREA(#15851);
#15851 = FILL_AREA_STYLE('',(#15852));
#15852 = FILL_AREA_STYLE_COLOUR('',#15501);
#15853 = CURVE_STYLE('',#15854,POSITIVE_LENGTH_MEASURE(0.1),#15501);
#15854 = DRAUGHTING_PRE_DEFINED_CURVE_FONT('continuous');
#15855 = STYLED_ITEM('color',(#15856),#1512);
#15856 = PRESENTATION_STYLE_ASSIGNMENT((#15857,#15862));
#15857 = SURFACE_STYLE_USAGE(.BOTH.,#15858);
#15858 = SURFACE_SIDE_STYLE('',(#15859));
#15859 = SURFACE_STYLE_FILL_AREA(#15860);
#15860 = FILL_AREA_STYLE('',(#15861));
#15861 = FILL_AREA_STYLE_COLOUR('',#15501);
#15862 = CURVE_STYLE('',#15863,POSITIVE_LENGTH_MEASURE(0.1),#15501);
#15863 = DRAUGHTING_PRE_DEFINED_CURVE_FONT('continuous');
#15864 = STYLED_ITEM('color',(#15865),#1536);
#15865 = PRESENTATION_STYLE_ASSIGNMENT((#15866,#15871));
#15866 = SURFACE_STYLE_USAGE(.BOTH.,#15867);
#15867 = SURFACE_SIDE_STYLE('',(#15868));
#15868 = SURFACE_STYLE_FILL_AREA(#15869);
#15869 = FILL_AREA_STYLE('',(#15870));
#15870 = FILL_AREA_STYLE_COLOUR('',#15501);
#15871 = CURVE_STYLE('',#15872,POSITIVE_LENGTH_MEASURE(0.1),#15501);
#15872 = DRAUGHTING_PRE_DEFINED_CURVE_FONT('continuous');
#15873 = STYLED_ITEM('color',(#15874),#1604);
#15874 = PRESENTATION_STYLE_ASSIGNMENT((#15875,#15880));
#15875 = SURFACE_STYLE_USAGE(.BOTH.,#15876);
#15876 = SURFACE_SIDE_STYLE('',(#15877));
#15877 = SURFACE_STYLE_FILL_AREA(#15878);
#15878 = FILL_AREA_STYLE('',(#15879));
#15879 = FILL_AREA_STYLE_COLOUR('',#15501);
#15880 = CURVE_STYLE('',#15881,POSITIVE_LENGTH_MEASURE(0.1),#15501);
#15881 = DRAUGHTING_PRE_DEFINED_CURVE_FONT('continuous');
#15882 = STYLED_ITEM('color',(#15883),#1621);
#15883 = PRESENTATION_STYLE_ASSIGNMENT((#15884,#15889));
#15884 = SURFACE_STYLE_USAGE(.BOTH.,#15885);
#15885 = SURFACE_SIDE_STYLE('',(#15886));
#15886 = SURFACE_STYLE_FILL_AREA(#15887);
#15887 = FILL_AREA_STYLE('',(#15888));
#15888 = FILL_AREA_STYLE_COLOUR('',#15464);
#15889 = CURVE_STYLE('',#15890,POSITIVE_LENGTH_MEASURE(0.1),#15464);
#15890 = DRAUGHTING_PRE_DEFINED_CURVE_FONT('continuous');
#15891 = STYLED_ITEM('color',(#15892),#1671);
#15892 = PRESENTATION_STYLE_ASSIGNMENT((#15893,#15898));
#15893 = SURFACE_STYLE_USAGE(.BOTH.,#15894);
#15894 = SURFACE_SIDE_STYLE('',(#15895));
#15895 = SURFACE_STYLE_FILL_AREA(#15896);
#15896 = FILL_AREA_STYLE('',(#15897));
#15897 = FILL_AREA_STYLE_COLOUR('',#15501);
#15898 = CURVE_STYLE('',#15899,POSITIVE_LENGTH_MEASURE(0.1),#15501);
#15899 = DRAUGHTING_PRE_DEFINED_CURVE_FONT('continuous');
#15900 = STYLED_ITEM('color',(#15901),#1688);
#15901 = PRESENTATION_STYLE_ASSIGNMENT((#15902,#15907));
#15902 = SURFACE_STYLE_USAGE(.BOTH.,#15903);
#15903 = SURFACE_SIDE_STYLE('',(#15904));
#15904 = SURFACE_STYLE_FILL_AREA(#15905);
#15905 = FILL_AREA_STYLE('',(#15906));
#15906 = FILL_AREA_STYLE_COLOUR('',#15501);
#15907 = CURVE_STYLE('',#15908,POSITIVE_LENGTH_MEASURE(0.1),#15501);
#15908 = DRAUGHTING_PRE_DEFINED_CURVE_FONT('continuous');
#15909 = STYLED_ITEM('color',(#15910),#1705);
#15910 = PRESENTATION_STYLE_ASSIGNMENT((#15911,#15916));
#15911 = SURFACE_STYLE_USAGE(.BOTH.,#15912);
#15912 = SURFACE_SIDE_STYLE('',(#15913));
#15913 = SURFACE_STYLE_FILL_AREA(#15914);
#15914 = FILL_AREA_STYLE('',(#15915));
#15915 = FILL_AREA_STYLE_COLOUR('',#15501);
#15916 = CURVE_STYLE('',#15917,POSITIVE_LENGTH_MEASURE(0.1),#15501);
#15917 = DRAUGHTING_PRE_DEFINED_CURVE_FONT('continuous');
#15918 = STYLED_ITEM('color',(#15919),#1722);
#15919 = PRESENTATION_STYLE_ASSIGNMENT((#15920,#15925));
#15920 = SURFACE_STYLE_USAGE(.BOTH.,#15921);
#15921 = SURFACE_SIDE_STYLE('',(#15922));
#15922 = SURFACE_STYLE_FILL_AREA(#15923);
#15923 = FILL_AREA_STYLE('',(#15924));
#15924 = FILL_AREA_STYLE_COLOUR('',#15501);
#15925 = CURVE_STYLE('',#15926,POSITIVE_LENGTH_MEASURE(0.1),#15501);
#15926 = DRAUGHTING_PRE_DEFINED_CURVE_FONT('continuous');
#15927 = STYLED_ITEM('color',(#15928),#1739);
#15928 = PRESENTATION_STYLE_ASSIGNMENT((#15929,#15934));
#15929 = SURFACE_STYLE_USAGE(.BOTH.,#15930);
#15930 = SURFACE_SIDE_STYLE('',(#15931));
#15931 = SURFACE_STYLE_FILL_AREA(#15932);
#15932 = FILL_AREA_STYLE('',(#15933));
#15933 = FILL_AREA_STYLE_COLOUR('',#15501);
#15934 = CURVE_STYLE('',#15935,POSITIVE_LENGTH_MEASURE(0.1),#15501);
#15935 = DRAUGHTING_PRE_DEFINED_CURVE_FONT('continuous');
#15936 = STYLED_ITEM('color',(#15937),#1756);
#15937 = PRESENTATION_STYLE_ASSIGNMENT((#15938,#15943));
#15938 = SURFACE_STYLE_USAGE(.BOTH.,#15939);
#15939 = SURFACE_SIDE_STYLE('',(#15940));
#15940 = SURFACE_STYLE_FILL_AREA(#15941);
#15941 = FILL_AREA_STYLE('',(#15942));
#15942 = FILL_AREA_STYLE_COLOUR('',#15501);
#15943 = CURVE_STYLE('',#15944,POSITIVE_LENGTH_MEASURE(0.1),#15501);
#15944 = DRAUGHTING_PRE_DEFINED_CURVE_FONT('continuous');
#15945 = STYLED_ITEM('color',(#15946),#1768);
#15946 = PRESENTATION_STYLE_ASSIGNMENT((#15947,#15953));
#15947 = SURFACE_STYLE_USAGE(.BOTH.,#15948);
#15948 = SURFACE_SIDE_STYLE('',(#15949));
#15949 = SURFACE_STYLE_FILL_AREA(#15950);
#15950 = FILL_AREA_STYLE('',(#15951));
#15951 = FILL_AREA_STYLE_COLOUR('',#15952);
#15952 = COLOUR_RGB('',0.690999998585,0.664000007176,0.597999987832);
#15953 = CURVE_STYLE('',#15954,POSITIVE_LENGTH_MEASURE(0.1),#15952);
#15954 = DRAUGHTING_PRE_DEFINED_CURVE_FONT('continuous');
#15955 = STYLED_ITEM('color',(#15956),#1799);
#15956 = PRESENTATION_STYLE_ASSIGNMENT((#15957,#15962));
#15957 = SURFACE_STYLE_USAGE(.BOTH.,#15958);
#15958 = SURFACE_SIDE_STYLE('',(#15959));
#15959 = SURFACE_STYLE_FILL_AREA(#15960);
#15960 = FILL_AREA_STYLE('',(#15961));
#15961 = FILL_AREA_STYLE_COLOUR('',#15952);
#15962 = CURVE_STYLE('',#15963,POSITIVE_LENGTH_MEASURE(0.1),#15952);
#15963 = DRAUGHTING_PRE_DEFINED_CURVE_FONT('continuous');
#15964 = STYLED_ITEM('color',(#15965),#1823);
#15965 = PRESENTATION_STYLE_ASSIGNMENT((#15966,#15971));
#15966 = SURFACE_STYLE_USAGE(.BOTH.,#15967);
#15967 = SURFACE_SIDE_STYLE('',(#15968));
#15968 = SURFACE_STYLE_FILL_AREA(#15969);
#15969 = FILL_AREA_STYLE('',(#15970));
#15970 = FILL_AREA_STYLE_COLOUR('',#15952);
#15971 = CURVE_STYLE('',#15972,POSITIVE_LENGTH_MEASURE(0.1),#15952);
#15972 = DRAUGHTING_PRE_DEFINED_CURVE_FONT('continuous');
#15973 = STYLED_ITEM('color',(#15974),#1847);
#15974 = PRESENTATION_STYLE_ASSIGNMENT((#15975,#15980));
#15975 = SURFACE_STYLE_USAGE(.BOTH.,#15976);
#15976 = SURFACE_SIDE_STYLE('',(#15977));
#15977 = SURFACE_STYLE_FILL_AREA(#15978);
#15978 = FILL_AREA_STYLE('',(#15979));
#15979 = FILL_AREA_STYLE_COLOUR('',#15952);
#15980 = CURVE_STYLE('',#15981,POSITIVE_LENGTH_MEASURE(0.1),#15952);
#15981 = DRAUGHTING_PRE_DEFINED_CURVE_FONT('continuous');
#15982 = STYLED_ITEM('color',(#15983),#1864);
#15983 = PRESENTATION_STYLE_ASSIGNMENT((#15984,#15989));
#15984 = SURFACE_STYLE_USAGE(.BOTH.,#15985);
#15985 = SURFACE_SIDE_STYLE('',(#15986));
#15986 = SURFACE_STYLE_FILL_AREA(#15987);
#15987 = FILL_AREA_STYLE('',(#15988));
#15988 = FILL_AREA_STYLE_COLOUR('',#15952);
#15989 = CURVE_STYLE('',#15990,POSITIVE_LENGTH_MEASURE(0.1),#15952);
#15990 = DRAUGHTING_PRE_DEFINED_CURVE_FONT('continuous');
#15991 = MECHANICAL_DESIGN_GEOMETRIC_PRESENTATION_REPRESENTATION('',(
    #15992,#15999,#16006,#16013,#16020,#16027,#16034,#16041,#16048,
    #16055,#16062,#16070,#16077,#16084,#16091,#16098,#16105,#16112,
    #16119,#16126,#16133,#16140,#16147,#16154,#16161,#16168,#16175,
    #16182),#2772);
#15992 = STYLED_ITEM('color',(#15993),#1920);
#15993 = PRESENTATION_STYLE_ASSIGNMENT((#15994));
#15994 = SURFACE_STYLE_USAGE(.BOTH.,#15995);
#15995 = SURFACE_SIDE_STYLE('',(#15996));
#15996 = SURFACE_STYLE_FILL_AREA(#15997);
#15997 = FILL_AREA_STYLE('',(#15998));
#15998 = FILL_AREA_STYLE_COLOUR('',#15501);
#15999 = STYLED_ITEM('color',(#16000),#1996);
#16000 = PRESENTATION_STYLE_ASSIGNMENT((#16001));
#16001 = SURFACE_STYLE_USAGE(.BOTH.,#16002);
#16002 = SURFACE_SIDE_STYLE('',(#16003));
#16003 = SURFACE_STYLE_FILL_AREA(#16004);
#16004 = FILL_AREA_STYLE('',(#16005));
#16005 = FILL_AREA_STYLE_COLOUR('',#15501);
#16006 = STYLED_ITEM('color',(#16007),#2027);
#16007 = PRESENTATION_STYLE_ASSIGNMENT((#16008));
#16008 = SURFACE_STYLE_USAGE(.BOTH.,#16009);
#16009 = SURFACE_SIDE_STYLE('',(#16010));
#16010 = SURFACE_STYLE_FILL_AREA(#16011);
#16011 = FILL_AREA_STYLE('',(#16012));
#16012 = FILL_AREA_STYLE_COLOUR('',#15501);
#16013 = STYLED_ITEM('color',(#16014),#2052);
#16014 = PRESENTATION_STYLE_ASSIGNMENT((#16015));
#16015 = SURFACE_STYLE_USAGE(.BOTH.,#16016);
#16016 = SURFACE_SIDE_STYLE('',(#16017));
#16017 = SURFACE_STYLE_FILL_AREA(#16018);
#16018 = FILL_AREA_STYLE('',(#16019));
#16019 = FILL_AREA_STYLE_COLOUR('',#15501);
#16020 = STYLED_ITEM('color',(#16021),#2077);
#16021 = PRESENTATION_STYLE_ASSIGNMENT((#16022));
#16022 = SURFACE_STYLE_USAGE(.BOTH.,#16023);
#16023 = SURFACE_SIDE_STYLE('',(#16024));
#16024 = SURFACE_STYLE_FILL_AREA(#16025);
#16025 = FILL_AREA_STYLE('',(#16026));
#16026 = FILL_AREA_STYLE_COLOUR('',#15501);
#16027 = STYLED_ITEM('color',(#16028),#2101);
#16028 = PRESENTATION_STYLE_ASSIGNMENT((#16029));
#16029 = SURFACE_STYLE_USAGE(.BOTH.,#16030);
#16030 = SURFACE_SIDE_STYLE('',(#16031));
#16031 = SURFACE_STYLE_FILL_AREA(#16032);
#16032 = FILL_AREA_STYLE('',(#16033));
#16033 = FILL_AREA_STYLE_COLOUR('',#15501);
#16034 = STYLED_ITEM('color',(#16035),#2125);
#16035 = PRESENTATION_STYLE_ASSIGNMENT((#16036));
#16036 = SURFACE_STYLE_USAGE(.BOTH.,#16037);
#16037 = SURFACE_SIDE_STYLE('',(#16038));
#16038 = SURFACE_STYLE_FILL_AREA(#16039);
#16039 = FILL_AREA_STYLE('',(#16040));
#16040 = FILL_AREA_STYLE_COLOUR('',#15501);
#16041 = STYLED_ITEM('color',(#16042),#2150);
#16042 = PRESENTATION_STYLE_ASSIGNMENT((#16043));
#16043 = SURFACE_STYLE_USAGE(.BOTH.,#16044);
#16044 = SURFACE_SIDE_STYLE('',(#16045));
#16045 = SURFACE_STYLE_FILL_AREA(#16046);
#16046 = FILL_AREA_STYLE('',(#16047));
#16047 = FILL_AREA_STYLE_COLOUR('',#15501);
#16048 = STYLED_ITEM('color',(#16049),#2175);
#16049 = PRESENTATION_STYLE_ASSIGNMENT((#16050));
#16050 = SURFACE_STYLE_USAGE(.BOTH.,#16051);
#16051 = SURFACE_SIDE_STYLE('',(#16052));
#16052 = SURFACE_STYLE_FILL_AREA(#16053);
#16053 = FILL_AREA_STYLE('',(#16054));
#16054 = FILL_AREA_STYLE_COLOUR('',#15501);
#16055 = STYLED_ITEM('color',(#16056),#2192);
#16056 = PRESENTATION_STYLE_ASSIGNMENT((#16057));
#16057 = SURFACE_STYLE_USAGE(.BOTH.,#16058);
#16058 = SURFACE_SIDE_STYLE('',(#16059));
#16059 = SURFACE_STYLE_FILL_AREA(#16060);
#16060 = FILL_AREA_STYLE('',(#16061));
#16061 = FILL_AREA_STYLE_COLOUR('',#15501);
#16062 = STYLED_ITEM('color',(#16063),#2278);
#16063 = PRESENTATION_STYLE_ASSIGNMENT((#16064));
#16064 = SURFACE_STYLE_USAGE(.BOTH.,#16065);
#16065 = SURFACE_SIDE_STYLE('',(#16066));
#16066 = SURFACE_STYLE_FILL_AREA(#16067);
#16067 = FILL_AREA_STYLE('',(#16068));
#16068 = FILL_AREA_STYLE_COLOUR('',#16069);
#16069 = COLOUR_RGB('',0.379000005575,0.270000008848,0.214999999939);
#16070 = STYLED_ITEM('color',(#16071),#2310);
#16071 = PRESENTATION_STYLE_ASSIGNMENT((#16072));
#16072 = SURFACE_STYLE_USAGE(.BOTH.,#16073);
#16073 = SURFACE_SIDE_STYLE('',(#16074));
#16074 = SURFACE_STYLE_FILL_AREA(#16075);
#16075 = FILL_AREA_STYLE('',(#16076));
#16076 = FILL_AREA_STYLE_COLOUR('',#16069);
#16077 = STYLED_ITEM('color',(#16078),#2334);
#16078 = PRESENTATION_STYLE_ASSIGNMENT((#16079));
#16079 = SURFACE_STYLE_USAGE(.BOTH.,#16080);
#16080 = SURFACE_SIDE_STYLE('',(#16081));
#16081 = SURFACE_STYLE_FILL_AREA(#16082);
#16082 = FILL_AREA_STYLE('',(#16083));
#16083 = FILL_AREA_STYLE_COLOUR('',#16069);
#16084 = STYLED_ITEM('color',(#16085),#2359);
#16085 = PRESENTATION_STYLE_ASSIGNMENT((#16086));
#16086 = SURFACE_STYLE_USAGE(.BOTH.,#16087);
#16087 = SURFACE_SIDE_STYLE('',(#16088));
#16088 = SURFACE_STYLE_FILL_AREA(#16089);
#16089 = FILL_AREA_STYLE('',(#16090));
#16090 = FILL_AREA_STYLE_COLOUR('',#16069);
#16091 = STYLED_ITEM('color',(#16092),#2383);
#16092 = PRESENTATION_STYLE_ASSIGNMENT((#16093));
#16093 = SURFACE_STYLE_USAGE(.BOTH.,#16094);
#16094 = SURFACE_SIDE_STYLE('',(#16095));
#16095 = SURFACE_STYLE_FILL_AREA(#16096);
#16096 = FILL_AREA_STYLE('',(#16097));
#16097 = FILL_AREA_STYLE_COLOUR('',#16069);
#16098 = STYLED_ITEM('color',(#16099),#2408);
#16099 = PRESENTATION_STYLE_ASSIGNMENT((#16100));
#16100 = SURFACE_STYLE_USAGE(.BOTH.,#16101);
#16101 = SURFACE_SIDE_STYLE('',(#16102));
#16102 = SURFACE_STYLE_FILL_AREA(#16103);
#16103 = FILL_AREA_STYLE('',(#16104));
#16104 = FILL_AREA_STYLE_COLOUR('',#16069);
#16105 = STYLED_ITEM('color',(#16106),#2432);
#16106 = PRESENTATION_STYLE_ASSIGNMENT((#16107));
#16107 = SURFACE_STYLE_USAGE(.BOTH.,#16108);
#16108 = SURFACE_SIDE_STYLE('',(#16109));
#16109 = SURFACE_STYLE_FILL_AREA(#16110);
#16110 = FILL_AREA_STYLE('',(#16111));
#16111 = FILL_AREA_STYLE_COLOUR('',#16069);
#16112 = STYLED_ITEM('color',(#16113),#2457);
#16113 = PRESENTATION_STYLE_ASSIGNMENT((#16114));
#16114 = SURFACE_STYLE_USAGE(.BOTH.,#16115);
#16115 = SURFACE_SIDE_STYLE('',(#16116));
#16116 = SURFACE_STYLE_FILL_AREA(#16117);
#16117 = FILL_AREA_STYLE('',(#16118));
#16118 = FILL_AREA_STYLE_COLOUR('',#16069);
#16119 = STYLED_ITEM('color',(#16120),#2474);
#16120 = PRESENTATION_STYLE_ASSIGNMENT((#16121));
#16121 = SURFACE_STYLE_USAGE(.BOTH.,#16122);
#16122 = SURFACE_SIDE_STYLE('',(#16123));
#16123 = SURFACE_STYLE_FILL_AREA(#16124);
#16124 = FILL_AREA_STYLE('',(#16125));
#16125 = FILL_AREA_STYLE_COLOUR('',#15501);
#16126 = STYLED_ITEM('color',(#16127),#2560);
#16127 = PRESENTATION_STYLE_ASSIGNMENT((#16128));
#16128 = SURFACE_STYLE_USAGE(.BOTH.,#16129);
#16129 = SURFACE_SIDE_STYLE('',(#16130));
#16130 = SURFACE_STYLE_FILL_AREA(#16131);
#16131 = FILL_AREA_STYLE('',(#16132));
#16132 = FILL_AREA_STYLE_COLOUR('',#15501);
#16133 = STYLED_ITEM('color',(#16134),#2591);
#16134 = PRESENTATION_STYLE_ASSIGNMENT((#16135));
#16135 = SURFACE_STYLE_USAGE(.BOTH.,#16136);
#16136 = SURFACE_SIDE_STYLE('',(#16137));
#16137 = SURFACE_STYLE_FILL_AREA(#16138);
#16138 = FILL_AREA_STYLE('',(#16139));
#16139 = FILL_AREA_STYLE_COLOUR('',#15501);
#16140 = STYLED_ITEM('color',(#16141),#2616);
#16141 = PRESENTATION_STYLE_ASSIGNMENT((#16142));
#16142 = SURFACE_STYLE_USAGE(.BOTH.,#16143);
#16143 = SURFACE_SIDE_STYLE('',(#16144));
#16144 = SURFACE_STYLE_FILL_AREA(#16145);
#16145 = FILL_AREA_STYLE('',(#16146));
#16146 = FILL_AREA_STYLE_COLOUR('',#15501);
#16147 = STYLED_ITEM('color',(#16148),#2641);
#16148 = PRESENTATION_STYLE_ASSIGNMENT((#16149));
#16149 = SURFACE_STYLE_USAGE(.BOTH.,#16150);
#16150 = SURFACE_SIDE_STYLE('',(#16151));
#16151 = SURFACE_STYLE_FILL_AREA(#16152);
#16152 = FILL_AREA_STYLE('',(#16153));
#16153 = FILL_AREA_STYLE_COLOUR('',#15501);
#16154 = STYLED_ITEM('color',(#16155),#2665);
#16155 = PRESENTATION_STYLE_ASSIGNMENT((#16156));
#16156 = SURFACE_STYLE_USAGE(.BOTH.,#16157);
#16157 = SURFACE_SIDE_STYLE('',(#16158));
#16158 = SURFACE_STYLE_FILL_AREA(#16159);
#16159 = FILL_AREA_STYLE('',(#16160));
#16160 = FILL_AREA_STYLE_COLOUR('',#15501);
#16161 = STYLED_ITEM('color',(#16162),#2689);
#16162 = PRESENTATION_STYLE_ASSIGNMENT((#16163));
#16163 = SURFACE_STYLE_USAGE(.BOTH.,#16164);
#16164 = SURFACE_SIDE_STYLE('',(#16165));
#16165 = SURFACE_STYLE_FILL_AREA(#16166);
#16166 = FILL_AREA_STYLE('',(#16167));
#16167 = FILL_AREA_STYLE_COLOUR('',#15501);
#16168 = STYLED_ITEM('color',(#16169),#2714);
#16169 = PRESENTATION_STYLE_ASSIGNMENT((#16170));
#16170 = SURFACE_STYLE_USAGE(.BOTH.,#16171);
#16171 = SURFACE_SIDE_STYLE('',(#16172));
#16172 = SURFACE_STYLE_FILL_AREA(#16173);
#16173 = FILL_AREA_STYLE('',(#16174));
#16174 = FILL_AREA_STYLE_COLOUR('',#15501);
#16175 = STYLED_ITEM('color',(#16176),#2739);
#16176 = PRESENTATION_STYLE_ASSIGNMENT((#16177));
#16177 = SURFACE_STYLE_USAGE(.BOTH.,#16178);
#16178 = SURFACE_SIDE_STYLE('',(#16179));
#16179 = SURFACE_STYLE_FILL_AREA(#16180);
#16180 = FILL_AREA_STYLE('',(#16181));
#16181 = FILL_AREA_STYLE_COLOUR('',#15501);
#16182 = STYLED_ITEM('color',(#16183),#2756);
#16183 = PRESENTATION_STYLE_ASSIGNMENT((#16184));
#16184 = SURFACE_STYLE_USAGE(.BOTH.,#16185);
#16185 = SURFACE_SIDE_STYLE('',(#16186));
#16186 = SURFACE_STYLE_FILL_AREA(#16187);
#16187 = FILL_AREA_STYLE('',(#16188));
#16188 = FILL_AREA_STYLE_COLOUR('',#15501);
#16189 = MECHANICAL_DESIGN_GEOMETRIC_PRESENTATION_REPRESENTATION('',(
    #16190,#16199,#16208,#16217,#16226,#16235,#16244,#16253,#16262,
    #16272,#16281,#16290,#16299,#16308,#16317,#16326,#16335,#16344,
    #16353,#16362,#16371,#16380,#16389,#16398,#16407,#16416,#16425,
    #16434,#16443,#16452,#16461,#16470,#16479,#16488,#16497,#16506,
    #16515,#16524,#16533,#16542,#16551,#16560,#16569,#16578,#16587,
    #16596,#16605,#16614,#16623,#16632,#16641,#16650,#16659,#16668,
    #16677,#16686,#16695,#16704,#16713,#16722,#16731,#16740,#16749,
    #16758,#16767,#16776,#16785,#16794,#16803,#16812,#16821,#16830,
    #16839,#16848,#16857,#16866,#16875,#16884),#5495);
#16190 = STYLED_ITEM('color',(#16191),#3663);
#16191 = PRESENTATION_STYLE_ASSIGNMENT((#16192,#16197));
#16192 = SURFACE_STYLE_USAGE(.BOTH.,#16193);
#16193 = SURFACE_SIDE_STYLE('',(#16194));
#16194 = SURFACE_STYLE_FILL_AREA(#16195);
#16195 = FILL_AREA_STYLE('',(#16196));
#16196 = FILL_AREA_STYLE_COLOUR('',#15464);
#16197 = CURVE_STYLE('',#16198,POSITIVE_LENGTH_MEASURE(0.1),#15464);
#16198 = DRAUGHTING_PRE_DEFINED_CURVE_FONT('continuous');
#16199 = STYLED_ITEM('color',(#16200),#3703);
#16200 = PRESENTATION_STYLE_ASSIGNMENT((#16201,#16206));
#16201 = SURFACE_STYLE_USAGE(.BOTH.,#16202);
#16202 = SURFACE_SIDE_STYLE('',(#16203));
#16203 = SURFACE_STYLE_FILL_AREA(#16204);
#16204 = FILL_AREA_STYLE('',(#16205));
#16205 = FILL_AREA_STYLE_COLOUR('',#15464);
#16206 = CURVE_STYLE('',#16207,POSITIVE_LENGTH_MEASURE(0.1),#15464);
#16207 = DRAUGHTING_PRE_DEFINED_CURVE_FONT('continuous');
#16208 = STYLED_ITEM('color',(#16209),#3766);
#16209 = PRESENTATION_STYLE_ASSIGNMENT((#16210,#16215));
#16210 = SURFACE_STYLE_USAGE(.BOTH.,#16211);
#16211 = SURFACE_SIDE_STYLE('',(#16212));
#16212 = SURFACE_STYLE_FILL_AREA(#16213);
#16213 = FILL_AREA_STYLE('',(#16214));
#16214 = FILL_AREA_STYLE_COLOUR('',#15464);
#16215 = CURVE_STYLE('',#16216,POSITIVE_LENGTH_MEASURE(0.1),#15464);
#16216 = DRAUGHTING_PRE_DEFINED_CURVE_FONT('continuous');
#16217 = STYLED_ITEM('color',(#16218),#3829);
#16218 = PRESENTATION_STYLE_ASSIGNMENT((#16219,#16224));
#16219 = SURFACE_STYLE_USAGE(.BOTH.,#16220);
#16220 = SURFACE_SIDE_STYLE('',(#16221));
#16221 = SURFACE_STYLE_FILL_AREA(#16222);
#16222 = FILL_AREA_STYLE('',(#16223));
#16223 = FILL_AREA_STYLE_COLOUR('',#15464);
#16224 = CURVE_STYLE('',#16225,POSITIVE_LENGTH_MEASURE(0.1),#15464);
#16225 = DRAUGHTING_PRE_DEFINED_CURVE_FONT('continuous');
#16226 = STYLED_ITEM('color',(#16227),#3846);
#16227 = PRESENTATION_STYLE_ASSIGNMENT((#16228,#16233));
#16228 = SURFACE_STYLE_USAGE(.BOTH.,#16229);
#16229 = SURFACE_SIDE_STYLE('',(#16230));
#16230 = SURFACE_STYLE_FILL_AREA(#16231);
#16231 = FILL_AREA_STYLE('',(#16232));
#16232 = FILL_AREA_STYLE_COLOUR('',#15464);
#16233 = CURVE_STYLE('',#16234,POSITIVE_LENGTH_MEASURE(0.1),#15464);
#16234 = DRAUGHTING_PRE_DEFINED_CURVE_FONT('continuous');
#16235 = STYLED_ITEM('color',(#16236),#3931);
#16236 = PRESENTATION_STYLE_ASSIGNMENT((#16237,#16242));
#16237 = SURFACE_STYLE_USAGE(.BOTH.,#16238);
#16238 = SURFACE_SIDE_STYLE('',(#16239));
#16239 = SURFACE_STYLE_FILL_AREA(#16240);
#16240 = FILL_AREA_STYLE('',(#16241));
#16241 = FILL_AREA_STYLE_COLOUR('',#15464);
#16242 = CURVE_STYLE('',#16243,POSITIVE_LENGTH_MEASURE(0.1),#15464);
#16243 = DRAUGHTING_PRE_DEFINED_CURVE_FONT('continuous');
#16244 = STYLED_ITEM('color',(#16245),#3953);
#16245 = PRESENTATION_STYLE_ASSIGNMENT((#16246,#16251));
#16246 = SURFACE_STYLE_USAGE(.BOTH.,#16247);
#16247 = SURFACE_SIDE_STYLE('',(#16248));
#16248 = SURFACE_STYLE_FILL_AREA(#16249);
#16249 = FILL_AREA_STYLE('',(#16250));
#16250 = FILL_AREA_STYLE_COLOUR('',#15464);
#16251 = CURVE_STYLE('',#16252,POSITIVE_LENGTH_MEASURE(0.1),#15464);
#16252 = DRAUGHTING_PRE_DEFINED_CURVE_FONT('continuous');
#16253 = STYLED_ITEM('color',(#16254),#3970);
#16254 = PRESENTATION_STYLE_ASSIGNMENT((#16255,#16260));
#16255 = SURFACE_STYLE_USAGE(.BOTH.,#16256);
#16256 = SURFACE_SIDE_STYLE('',(#16257));
#16257 = SURFACE_STYLE_FILL_AREA(#16258);
#16258 = FILL_AREA_STYLE('',(#16259));
#16259 = FILL_AREA_STYLE_COLOUR('',#15464);
#16260 = CURVE_STYLE('',#16261,POSITIVE_LENGTH_MEASURE(0.1),#15464);
#16261 = DRAUGHTING_PRE_DEFINED_CURVE_FONT('continuous');
#16262 = OVER_RIDING_STYLED_ITEM('overriding color',(#16263),#4003,
  #16253);
#16263 = PRESENTATION_STYLE_ASSIGNMENT((#16264,#16270));
#16264 = SURFACE_STYLE_USAGE(.BOTH.,#16265);
#16265 = SURFACE_SIDE_STYLE('',(#16266));
#16266 = SURFACE_STYLE_FILL_AREA(#16267);
#16267 = FILL_AREA_STYLE('',(#16268));
#16268 = FILL_AREA_STYLE_COLOUR('',#16269);
#16269 = COLOUR_RGB('',0.858999988747,0.738000004258,0.496000005009);
#16270 = CURVE_STYLE('',#16271,POSITIVE_LENGTH_MEASURE(0.1),#16269);
#16271 = DRAUGHTING_PRE_DEFINED_CURVE_FONT('continuous');
#16272 = OVER_RIDING_STYLED_ITEM('overriding color',(#16273),#4035,
  #16253);
#16273 = PRESENTATION_STYLE_ASSIGNMENT((#16274,#16279));
#16274 = SURFACE_STYLE_USAGE(.BOTH.,#16275);
#16275 = SURFACE_SIDE_STYLE('',(#16276));
#16276 = SURFACE_STYLE_FILL_AREA(#16277);
#16277 = FILL_AREA_STYLE('',(#16278));
#16278 = FILL_AREA_STYLE_COLOUR('',#16269);
#16279 = CURVE_STYLE('',#16280,POSITIVE_LENGTH_MEASURE(0.1),#16269);
#16280 = DRAUGHTING_PRE_DEFINED_CURVE_FONT('continuous');
#16281 = OVER_RIDING_STYLED_ITEM('overriding color',(#16282),#4069,
  #16253);
#16282 = PRESENTATION_STYLE_ASSIGNMENT((#16283,#16288));
#16283 = SURFACE_STYLE_USAGE(.BOTH.,#16284);
#16284 = SURFACE_SIDE_STYLE('',(#16285));
#16285 = SURFACE_STYLE_FILL_AREA(#16286);
#16286 = FILL_AREA_STYLE('',(#16287));
#16287 = FILL_AREA_STYLE_COLOUR('',#16269);
#16288 = CURVE_STYLE('',#16289,POSITIVE_LENGTH_MEASURE(0.1),#16269);
#16289 = DRAUGHTING_PRE_DEFINED_CURVE_FONT('continuous');
#16290 = OVER_RIDING_STYLED_ITEM('overriding color',(#16291),#4101,
  #16253);
#16291 = PRESENTATION_STYLE_ASSIGNMENT((#16292,#16297));
#16292 = SURFACE_STYLE_USAGE(.BOTH.,#16293);
#16293 = SURFACE_SIDE_STYLE('',(#16294));
#16294 = SURFACE_STYLE_FILL_AREA(#16295);
#16295 = FILL_AREA_STYLE('',(#16296));
#16296 = FILL_AREA_STYLE_COLOUR('',#16269);
#16297 = CURVE_STYLE('',#16298,POSITIVE_LENGTH_MEASURE(0.1),#16269);
#16298 = DRAUGHTING_PRE_DEFINED_CURVE_FONT('continuous');
#16299 = STYLED_ITEM('color',(#16300),#4119);
#16300 = PRESENTATION_STYLE_ASSIGNMENT((#16301,#16306));
#16301 = SURFACE_STYLE_USAGE(.BOTH.,#16302);
#16302 = SURFACE_SIDE_STYLE('',(#16303));
#16303 = SURFACE_STYLE_FILL_AREA(#16304);
#16304 = FILL_AREA_STYLE('',(#16305));
#16305 = FILL_AREA_STYLE_COLOUR('',#15464);
#16306 = CURVE_STYLE('',#16307,POSITIVE_LENGTH_MEASURE(0.1),#15464);
#16307 = DRAUGHTING_PRE_DEFINED_CURVE_FONT('continuous');
#16308 = STYLED_ITEM('color',(#16309),#4131);
#16309 = PRESENTATION_STYLE_ASSIGNMENT((#16310,#16315));
#16310 = SURFACE_STYLE_USAGE(.BOTH.,#16311);
#16311 = SURFACE_SIDE_STYLE('',(#16312));
#16312 = SURFACE_STYLE_FILL_AREA(#16313);
#16313 = FILL_AREA_STYLE('',(#16314));
#16314 = FILL_AREA_STYLE_COLOUR('',#15464);
#16315 = CURVE_STYLE('',#16316,POSITIVE_LENGTH_MEASURE(0.1),#15464);
#16316 = DRAUGHTING_PRE_DEFINED_CURVE_FONT('continuous');
#16317 = STYLED_ITEM('color',(#16318),#4143);
#16318 = PRESENTATION_STYLE_ASSIGNMENT((#16319,#16324));
#16319 = SURFACE_STYLE_USAGE(.BOTH.,#16320);
#16320 = SURFACE_SIDE_STYLE('',(#16321));
#16321 = SURFACE_STYLE_FILL_AREA(#16322);
#16322 = FILL_AREA_STYLE('',(#16323));
#16323 = FILL_AREA_STYLE_COLOUR('',#15464);
#16324 = CURVE_STYLE('',#16325,POSITIVE_LENGTH_MEASURE(0.1),#15464);
#16325 = DRAUGHTING_PRE_DEFINED_CURVE_FONT('continuous');
#16326 = STYLED_ITEM('color',(#16327),#4174);
#16327 = PRESENTATION_STYLE_ASSIGNMENT((#16328,#16333));
#16328 = SURFACE_STYLE_USAGE(.BOTH.,#16329);
#16329 = SURFACE_SIDE_STYLE('',(#16330));
#16330 = SURFACE_STYLE_FILL_AREA(#16331);
#16331 = FILL_AREA_STYLE('',(#16332));
#16332 = FILL_AREA_STYLE_COLOUR('',#15464);
#16333 = CURVE_STYLE('',#16334,POSITIVE_LENGTH_MEASURE(0.1),#15464);
#16334 = DRAUGHTING_PRE_DEFINED_CURVE_FONT('continuous');
#16335 = STYLED_ITEM('color',(#16336),#4198);
#16336 = PRESENTATION_STYLE_ASSIGNMENT((#16337,#16342));
#16337 = SURFACE_STYLE_USAGE(.BOTH.,#16338);
#16338 = SURFACE_SIDE_STYLE('',(#16339));
#16339 = SURFACE_STYLE_FILL_AREA(#16340);
#16340 = FILL_AREA_STYLE('',(#16341));
#16341 = FILL_AREA_STYLE_COLOUR('',#15464);
#16342 = CURVE_STYLE('',#16343,POSITIVE_LENGTH_MEASURE(0.1),#15464);
#16343 = DRAUGHTING_PRE_DEFINED_CURVE_FONT('continuous');
#16344 = STYLED_ITEM('color',(#16345),#4222);
#16345 = PRESENTATION_STYLE_ASSIGNMENT((#16346,#16351));
#16346 = SURFACE_STYLE_USAGE(.BOTH.,#16347);
#16347 = SURFACE_SIDE_STYLE('',(#16348));
#16348 = SURFACE_STYLE_FILL_AREA(#16349);
#16349 = FILL_AREA_STYLE('',(#16350));
#16350 = FILL_AREA_STYLE_COLOUR('',#15464);
#16351 = CURVE_STYLE('',#16352,POSITIVE_LENGTH_MEASURE(0.1),#15464);
#16352 = DRAUGHTING_PRE_DEFINED_CURVE_FONT('continuous');
#16353 = STYLED_ITEM('color',(#16354),#4239);
#16354 = PRESENTATION_STYLE_ASSIGNMENT((#16355,#16360));
#16355 = SURFACE_STYLE_USAGE(.BOTH.,#16356);
#16356 = SURFACE_SIDE_STYLE('',(#16357));
#16357 = SURFACE_STYLE_FILL_AREA(#16358);
#16358 = FILL_AREA_STYLE('',(#16359));
#16359 = FILL_AREA_STYLE_COLOUR('',#15464);
#16360 = CURVE_STYLE('',#16361,POSITIVE_LENGTH_MEASURE(0.1),#15464);
#16361 = DRAUGHTING_PRE_DEFINED_CURVE_FONT('continuous');
#16362 = STYLED_ITEM('color',(#16363),#4270);
#16363 = PRESENTATION_STYLE_ASSIGNMENT((#16364,#16369));
#16364 = SURFACE_STYLE_USAGE(.BOTH.,#16365);
#16365 = SURFACE_SIDE_STYLE('',(#16366));
#16366 = SURFACE_STYLE_FILL_AREA(#16367);
#16367 = FILL_AREA_STYLE('',(#16368));
#16368 = FILL_AREA_STYLE_COLOUR('',#15464);
#16369 = CURVE_STYLE('',#16370,POSITIVE_LENGTH_MEASURE(0.1),#15464);
#16370 = DRAUGHTING_PRE_DEFINED_CURVE_FONT('continuous');
#16371 = STYLED_ITEM('color',(#16372),#4294);
#16372 = PRESENTATION_STYLE_ASSIGNMENT((#16373,#16378));
#16373 = SURFACE_STYLE_USAGE(.BOTH.,#16374);
#16374 = SURFACE_SIDE_STYLE('',(#16375));
#16375 = SURFACE_STYLE_FILL_AREA(#16376);
#16376 = FILL_AREA_STYLE('',(#16377));
#16377 = FILL_AREA_STYLE_COLOUR('',#15464);
#16378 = CURVE_STYLE('',#16379,POSITIVE_LENGTH_MEASURE(0.1),#15464);
#16379 = DRAUGHTING_PRE_DEFINED_CURVE_FONT('continuous');
#16380 = STYLED_ITEM('color',(#16381),#4318);
#16381 = PRESENTATION_STYLE_ASSIGNMENT((#16382,#16387));
#16382 = SURFACE_STYLE_USAGE(.BOTH.,#16383);
#16383 = SURFACE_SIDE_STYLE('',(#16384));
#16384 = SURFACE_STYLE_FILL_AREA(#16385);
#16385 = FILL_AREA_STYLE('',(#16386));
#16386 = FILL_AREA_STYLE_COLOUR('',#15464);
#16387 = CURVE_STYLE('',#16388,POSITIVE_LENGTH_MEASURE(0.1),#15464);
#16388 = DRAUGHTING_PRE_DEFINED_CURVE_FONT('continuous');
#16389 = STYLED_ITEM('color',(#16390),#4335);
#16390 = PRESENTATION_STYLE_ASSIGNMENT((#16391,#16396));
#16391 = SURFACE_STYLE_USAGE(.BOTH.,#16392);
#16392 = SURFACE_SIDE_STYLE('',(#16393));
#16393 = SURFACE_STYLE_FILL_AREA(#16394);
#16394 = FILL_AREA_STYLE('',(#16395));
#16395 = FILL_AREA_STYLE_COLOUR('',#16269);
#16396 = CURVE_STYLE('',#16397,POSITIVE_LENGTH_MEASURE(0.1),#16269);
#16397 = DRAUGHTING_PRE_DEFINED_CURVE_FONT('continuous');
#16398 = STYLED_ITEM('color',(#16399),#4352);
#16399 = PRESENTATION_STYLE_ASSIGNMENT((#16400,#16405));
#16400 = SURFACE_STYLE_USAGE(.BOTH.,#16401);
#16401 = SURFACE_SIDE_STYLE('',(#16402));
#16402 = SURFACE_STYLE_FILL_AREA(#16403);
#16403 = FILL_AREA_STYLE('',(#16404));
#16404 = FILL_AREA_STYLE_COLOUR('',#16269);
#16405 = CURVE_STYLE('',#16406,POSITIVE_LENGTH_MEASURE(0.1),#16269);
#16406 = DRAUGHTING_PRE_DEFINED_CURVE_FONT('continuous');
#16407 = STYLED_ITEM('color',(#16408),#4399);
#16408 = PRESENTATION_STYLE_ASSIGNMENT((#16409,#16414));
#16409 = SURFACE_STYLE_USAGE(.BOTH.,#16410);
#16410 = SURFACE_SIDE_STYLE('',(#16411));
#16411 = SURFACE_STYLE_FILL_AREA(#16412);
#16412 = FILL_AREA_STYLE('',(#16413));
#16413 = FILL_AREA_STYLE_COLOUR('',#16269);
#16414 = CURVE_STYLE('',#16415,POSITIVE_LENGTH_MEASURE(0.1),#16269);
#16415 = DRAUGHTING_PRE_DEFINED_CURVE_FONT('continuous');
#16416 = STYLED_ITEM('color',(#16417),#4416);
#16417 = PRESENTATION_STYLE_ASSIGNMENT((#16418,#16423));
#16418 = SURFACE_STYLE_USAGE(.BOTH.,#16419);
#16419 = SURFACE_SIDE_STYLE('',(#16420));
#16420 = SURFACE_STYLE_FILL_AREA(#16421);
#16421 = FILL_AREA_STYLE('',(#16422));
#16422 = FILL_AREA_STYLE_COLOUR('',#16269);
#16423 = CURVE_STYLE('',#16424,POSITIVE_LENGTH_MEASURE(0.1),#16269);
#16424 = DRAUGHTING_PRE_DEFINED_CURVE_FONT('continuous');
#16425 = STYLED_ITEM('color',(#16426),#4463);
#16426 = PRESENTATION_STYLE_ASSIGNMENT((#16427,#16432));
#16427 = SURFACE_STYLE_USAGE(.BOTH.,#16428);
#16428 = SURFACE_SIDE_STYLE('',(#16429));
#16429 = SURFACE_STYLE_FILL_AREA(#16430);
#16430 = FILL_AREA_STYLE('',(#16431));
#16431 = FILL_AREA_STYLE_COLOUR('',#16269);
#16432 = CURVE_STYLE('',#16433,POSITIVE_LENGTH_MEASURE(0.1),#16269);
#16433 = DRAUGHTING_PRE_DEFINED_CURVE_FONT('continuous');
#16434 = STYLED_ITEM('color',(#16435),#4480);
#16435 = PRESENTATION_STYLE_ASSIGNMENT((#16436,#16441));
#16436 = SURFACE_STYLE_USAGE(.BOTH.,#16437);
#16437 = SURFACE_SIDE_STYLE('',(#16438));
#16438 = SURFACE_STYLE_FILL_AREA(#16439);
#16439 = FILL_AREA_STYLE('',(#16440));
#16440 = FILL_AREA_STYLE_COLOUR('',#16269);
#16441 = CURVE_STYLE('',#16442,POSITIVE_LENGTH_MEASURE(0.1),#16269);
#16442 = DRAUGHTING_PRE_DEFINED_CURVE_FONT('continuous');
#16443 = STYLED_ITEM('color',(#16444),#4527);
#16444 = PRESENTATION_STYLE_ASSIGNMENT((#16445,#16450));
#16445 = SURFACE_STYLE_USAGE(.BOTH.,#16446);
#16446 = SURFACE_SIDE_STYLE('',(#16447));
#16447 = SURFACE_STYLE_FILL_AREA(#16448);
#16448 = FILL_AREA_STYLE('',(#16449));
#16449 = FILL_AREA_STYLE_COLOUR('',#16269);
#16450 = CURVE_STYLE('',#16451,POSITIVE_LENGTH_MEASURE(0.1),#16269);
#16451 = DRAUGHTING_PRE_DEFINED_CURVE_FONT('continuous');
#16452 = STYLED_ITEM('color',(#16453),#4544);
#16453 = PRESENTATION_STYLE_ASSIGNMENT((#16454,#16459));
#16454 = SURFACE_STYLE_USAGE(.BOTH.,#16455);
#16455 = SURFACE_SIDE_STYLE('',(#16456));
#16456 = SURFACE_STYLE_FILL_AREA(#16457);
#16457 = FILL_AREA_STYLE('',(#16458));
#16458 = FILL_AREA_STYLE_COLOUR('',#16269);
#16459 = CURVE_STYLE('',#16460,POSITIVE_LENGTH_MEASURE(0.1),#16269);
#16460 = DRAUGHTING_PRE_DEFINED_CURVE_FONT('continuous');
#16461 = STYLED_ITEM('color',(#16462),#4591);
#16462 = PRESENTATION_STYLE_ASSIGNMENT((#16463,#16468));
#16463 = SURFACE_STYLE_USAGE(.BOTH.,#16464);
#16464 = SURFACE_SIDE_STYLE('',(#16465));
#16465 = SURFACE_STYLE_FILL_AREA(#16466);
#16466 = FILL_AREA_STYLE('',(#16467));
#16467 = FILL_AREA_STYLE_COLOUR('',#15464);
#16468 = CURVE_STYLE('',#16469,POSITIVE_LENGTH_MEASURE(0.1),#15464);
#16469 = DRAUGHTING_PRE_DEFINED_CURVE_FONT('continuous');
#16470 = STYLED_ITEM('color',(#16471),#4622);
#16471 = PRESENTATION_STYLE_ASSIGNMENT((#16472,#16477));
#16472 = SURFACE_STYLE_USAGE(.BOTH.,#16473);
#16473 = SURFACE_SIDE_STYLE('',(#16474));
#16474 = SURFACE_STYLE_FILL_AREA(#16475);
#16475 = FILL_AREA_STYLE('',(#16476));
#16476 = FILL_AREA_STYLE_COLOUR('',#15464);
#16477 = CURVE_STYLE('',#16478,POSITIVE_LENGTH_MEASURE(0.1),#15464);
#16478 = DRAUGHTING_PRE_DEFINED_CURVE_FONT('continuous');
#16479 = OVER_RIDING_STYLED_ITEM('overriding color',(#16480),#4636,
  #16470);
#16480 = PRESENTATION_STYLE_ASSIGNMENT((#16481,#16486));
#16481 = SURFACE_STYLE_USAGE(.BOTH.,#16482);
#16482 = SURFACE_SIDE_STYLE('',(#16483));
#16483 = SURFACE_STYLE_FILL_AREA(#16484);
#16484 = FILL_AREA_STYLE('',(#16485));
#16485 = FILL_AREA_STYLE_COLOUR('',#16269);
#16486 = CURVE_STYLE('',#16487,POSITIVE_LENGTH_MEASURE(0.1),#16269);
#16487 = DRAUGHTING_PRE_DEFINED_CURVE_FONT('continuous');
#16488 = OVER_RIDING_STYLED_ITEM('overriding color',(#16489),#4652,
  #16470);
#16489 = PRESENTATION_STYLE_ASSIGNMENT((#16490,#16495));
#16490 = SURFACE_STYLE_USAGE(.BOTH.,#16491);
#16491 = SURFACE_SIDE_STYLE('',(#16492));
#16492 = SURFACE_STYLE_FILL_AREA(#16493);
#16493 = FILL_AREA_STYLE('',(#16494));
#16494 = FILL_AREA_STYLE_COLOUR('',#16269);
#16495 = CURVE_STYLE('',#16496,POSITIVE_LENGTH_MEASURE(0.1),#16269);
#16496 = DRAUGHTING_PRE_DEFINED_CURVE_FONT('continuous');
#16497 = STYLED_ITEM('color',(#16498),#4678);
#16498 = PRESENTATION_STYLE_ASSIGNMENT((#16499,#16504));
#16499 = SURFACE_STYLE_USAGE(.BOTH.,#16500);
#16500 = SURFACE_SIDE_STYLE('',(#16501));
#16501 = SURFACE_STYLE_FILL_AREA(#16502);
#16502 = FILL_AREA_STYLE('',(#16503));
#16503 = FILL_AREA_STYLE_COLOUR('',#15464);
#16504 = CURVE_STYLE('',#16505,POSITIVE_LENGTH_MEASURE(0.1),#15464);
#16505 = DRAUGHTING_PRE_DEFINED_CURVE_FONT('continuous');
#16506 = STYLED_ITEM('color',(#16507),#4702);
#16507 = PRESENTATION_STYLE_ASSIGNMENT((#16508,#16513));
#16508 = SURFACE_STYLE_USAGE(.BOTH.,#16509);
#16509 = SURFACE_SIDE_STYLE('',(#16510));
#16510 = SURFACE_STYLE_FILL_AREA(#16511);
#16511 = FILL_AREA_STYLE('',(#16512));
#16512 = FILL_AREA_STYLE_COLOUR('',#15464);
#16513 = CURVE_STYLE('',#16514,POSITIVE_LENGTH_MEASURE(0.1),#15464);
#16514 = DRAUGHTING_PRE_DEFINED_CURVE_FONT('continuous');
#16515 = OVER_RIDING_STYLED_ITEM('overriding color',(#16516),#4716,
  #16506);
#16516 = PRESENTATION_STYLE_ASSIGNMENT((#16517,#16522));
#16517 = SURFACE_STYLE_USAGE(.BOTH.,#16518);
#16518 = SURFACE_SIDE_STYLE('',(#16519));
#16519 = SURFACE_STYLE_FILL_AREA(#16520);
#16520 = FILL_AREA_STYLE('',(#16521));
#16521 = FILL_AREA_STYLE_COLOUR('',#16269);
#16522 = CURVE_STYLE('',#16523,POSITIVE_LENGTH_MEASURE(0.1),#16269);
#16523 = DRAUGHTING_PRE_DEFINED_CURVE_FONT('continuous');
#16524 = OVER_RIDING_STYLED_ITEM('overriding color',(#16525),#4732,
  #16506);
#16525 = PRESENTATION_STYLE_ASSIGNMENT((#16526,#16531));
#16526 = SURFACE_STYLE_USAGE(.BOTH.,#16527);
#16527 = SURFACE_SIDE_STYLE('',(#16528));
#16528 = SURFACE_STYLE_FILL_AREA(#16529);
#16529 = FILL_AREA_STYLE('',(#16530));
#16530 = FILL_AREA_STYLE_COLOUR('',#16269);
#16531 = CURVE_STYLE('',#16532,POSITIVE_LENGTH_MEASURE(0.1),#16269);
#16532 = DRAUGHTING_PRE_DEFINED_CURVE_FONT('continuous');
#16533 = STYLED_ITEM('color',(#16534),#4751);
#16534 = PRESENTATION_STYLE_ASSIGNMENT((#16535,#16540));
#16535 = SURFACE_STYLE_USAGE(.BOTH.,#16536);
#16536 = SURFACE_SIDE_STYLE('',(#16537));
#16537 = SURFACE_STYLE_FILL_AREA(#16538);
#16538 = FILL_AREA_STYLE('',(#16539));
#16539 = FILL_AREA_STYLE_COLOUR('',#15464);
#16540 = CURVE_STYLE('',#16541,POSITIVE_LENGTH_MEASURE(0.1),#15464);
#16541 = DRAUGHTING_PRE_DEFINED_CURVE_FONT('continuous');
#16542 = STYLED_ITEM('color',(#16543),#4782);
#16543 = PRESENTATION_STYLE_ASSIGNMENT((#16544,#16549));
#16544 = SURFACE_STYLE_USAGE(.BOTH.,#16545);
#16545 = SURFACE_SIDE_STYLE('',(#16546));
#16546 = SURFACE_STYLE_FILL_AREA(#16547);
#16547 = FILL_AREA_STYLE('',(#16548));
#16548 = FILL_AREA_STYLE_COLOUR('',#15464);
#16549 = CURVE_STYLE('',#16550,POSITIVE_LENGTH_MEASURE(0.1),#15464);
#16550 = DRAUGHTING_PRE_DEFINED_CURVE_FONT('continuous');
#16551 = OVER_RIDING_STYLED_ITEM('overriding color',(#16552),#4796,
  #16542);
#16552 = PRESENTATION_STYLE_ASSIGNMENT((#16553,#16558));
#16553 = SURFACE_STYLE_USAGE(.BOTH.,#16554);
#16554 = SURFACE_SIDE_STYLE('',(#16555));
#16555 = SURFACE_STYLE_FILL_AREA(#16556);
#16556 = FILL_AREA_STYLE('',(#16557));
#16557 = FILL_AREA_STYLE_COLOUR('',#16269);
#16558 = CURVE_STYLE('',#16559,POSITIVE_LENGTH_MEASURE(0.1),#16269);
#16559 = DRAUGHTING_PRE_DEFINED_CURVE_FONT('continuous');
#16560 = OVER_RIDING_STYLED_ITEM('overriding color',(#16561),#4812,
  #16542);
#16561 = PRESENTATION_STYLE_ASSIGNMENT((#16562,#16567));
#16562 = SURFACE_STYLE_USAGE(.BOTH.,#16563);
#16563 = SURFACE_SIDE_STYLE('',(#16564));
#16564 = SURFACE_STYLE_FILL_AREA(#16565);
#16565 = FILL_AREA_STYLE('',(#16566));
#16566 = FILL_AREA_STYLE_COLOUR('',#16269);
#16567 = CURVE_STYLE('',#16568,POSITIVE_LENGTH_MEASURE(0.1),#16269);
#16568 = DRAUGHTING_PRE_DEFINED_CURVE_FONT('continuous');
#16569 = STYLED_ITEM('color',(#16570),#4838);
#16570 = PRESENTATION_STYLE_ASSIGNMENT((#16571,#16576));
#16571 = SURFACE_STYLE_USAGE(.BOTH.,#16572);
#16572 = SURFACE_SIDE_STYLE('',(#16573));
#16573 = SURFACE_STYLE_FILL_AREA(#16574);
#16574 = FILL_AREA_STYLE('',(#16575));
#16575 = FILL_AREA_STYLE_COLOUR('',#15464);
#16576 = CURVE_STYLE('',#16577,POSITIVE_LENGTH_MEASURE(0.1),#15464);
#16577 = DRAUGHTING_PRE_DEFINED_CURVE_FONT('continuous');
#16578 = STYLED_ITEM('color',(#16579),#4862);
#16579 = PRESENTATION_STYLE_ASSIGNMENT((#16580,#16585));
#16580 = SURFACE_STYLE_USAGE(.BOTH.,#16581);
#16581 = SURFACE_SIDE_STYLE('',(#16582));
#16582 = SURFACE_STYLE_FILL_AREA(#16583);
#16583 = FILL_AREA_STYLE('',(#16584));
#16584 = FILL_AREA_STYLE_COLOUR('',#15464);
#16585 = CURVE_STYLE('',#16586,POSITIVE_LENGTH_MEASURE(0.1),#15464);
#16586 = DRAUGHTING_PRE_DEFINED_CURVE_FONT('continuous');
#16587 = OVER_RIDING_STYLED_ITEM('overriding color',(#16588),#4876,
  #16578);
#16588 = PRESENTATION_STYLE_ASSIGNMENT((#16589,#16594));
#16589 = SURFACE_STYLE_USAGE(.BOTH.,#16590);
#16590 = SURFACE_SIDE_STYLE('',(#16591));
#16591 = SURFACE_STYLE_FILL_AREA(#16592);
#16592 = FILL_AREA_STYLE('',(#16593));
#16593 = FILL_AREA_STYLE_COLOUR('',#16269);
#16594 = CURVE_STYLE('',#16595,POSITIVE_LENGTH_MEASURE(0.1),#16269);
#16595 = DRAUGHTING_PRE_DEFINED_CURVE_FONT('continuous');
#16596 = OVER_RIDING_STYLED_ITEM('overriding color',(#16597),#4892,
  #16578);
#16597 = PRESENTATION_STYLE_ASSIGNMENT((#16598,#16603));
#16598 = SURFACE_STYLE_USAGE(.BOTH.,#16599);
#16599 = SURFACE_SIDE_STYLE('',(#16600));
#16600 = SURFACE_STYLE_FILL_AREA(#16601);
#16601 = FILL_AREA_STYLE('',(#16602));
#16602 = FILL_AREA_STYLE_COLOUR('',#16269);
#16603 = CURVE_STYLE('',#16604,POSITIVE_LENGTH_MEASURE(0.1),#16269);
#16604 = DRAUGHTING_PRE_DEFINED_CURVE_FONT('continuous');
#16605 = STYLED_ITEM('color',(#16606),#4911);
#16606 = PRESENTATION_STYLE_ASSIGNMENT((#16607,#16612));
#16607 = SURFACE_STYLE_USAGE(.BOTH.,#16608);
#16608 = SURFACE_SIDE_STYLE('',(#16609));
#16609 = SURFACE_STYLE_FILL_AREA(#16610);
#16610 = FILL_AREA_STYLE('',(#16611));
#16611 = FILL_AREA_STYLE_COLOUR('',#16269);
#16612 = CURVE_STYLE('',#16613,POSITIVE_LENGTH_MEASURE(0.1),#16269);
#16613 = DRAUGHTING_PRE_DEFINED_CURVE_FONT('continuous');
#16614 = STYLED_ITEM('color',(#16615),#4928);
#16615 = PRESENTATION_STYLE_ASSIGNMENT((#16616,#16621));
#16616 = SURFACE_STYLE_USAGE(.BOTH.,#16617);
#16617 = SURFACE_SIDE_STYLE('',(#16618));
#16618 = SURFACE_STYLE_FILL_AREA(#16619);
#16619 = FILL_AREA_STYLE('',(#16620));
#16620 = FILL_AREA_STYLE_COLOUR('',#16269);
#16621 = CURVE_STYLE('',#16622,POSITIVE_LENGTH_MEASURE(0.1),#16269);
#16622 = DRAUGHTING_PRE_DEFINED_CURVE_FONT('continuous');
#16623 = STYLED_ITEM('color',(#16624),#4945);
#16624 = PRESENTATION_STYLE_ASSIGNMENT((#16625,#16630));
#16625 = SURFACE_STYLE_USAGE(.BOTH.,#16626);
#16626 = SURFACE_SIDE_STYLE('',(#16627));
#16627 = SURFACE_STYLE_FILL_AREA(#16628);
#16628 = FILL_AREA_STYLE('',(#16629));
#16629 = FILL_AREA_STYLE_COLOUR('',#16269);
#16630 = CURVE_STYLE('',#16631,POSITIVE_LENGTH_MEASURE(0.1),#16269);
#16631 = DRAUGHTING_PRE_DEFINED_CURVE_FONT('continuous');
#16632 = STYLED_ITEM('color',(#16633),#4962);
#16633 = PRESENTATION_STYLE_ASSIGNMENT((#16634,#16639));
#16634 = SURFACE_STYLE_USAGE(.BOTH.,#16635);
#16635 = SURFACE_SIDE_STYLE('',(#16636));
#16636 = SURFACE_STYLE_FILL_AREA(#16637);
#16637 = FILL_AREA_STYLE('',(#16638));
#16638 = FILL_AREA_STYLE_COLOUR('',#16269);
#16639 = CURVE_STYLE('',#16640,POSITIVE_LENGTH_MEASURE(0.1),#16269);
#16640 = DRAUGHTING_PRE_DEFINED_CURVE_FONT('continuous');
#16641 = STYLED_ITEM('color',(#16642),#4979);
#16642 = PRESENTATION_STYLE_ASSIGNMENT((#16643,#16648));
#16643 = SURFACE_STYLE_USAGE(.BOTH.,#16644);
#16644 = SURFACE_SIDE_STYLE('',(#16645));
#16645 = SURFACE_STYLE_FILL_AREA(#16646);
#16646 = FILL_AREA_STYLE('',(#16647));
#16647 = FILL_AREA_STYLE_COLOUR('',#16269);
#16648 = CURVE_STYLE('',#16649,POSITIVE_LENGTH_MEASURE(0.1),#16269);
#16649 = DRAUGHTING_PRE_DEFINED_CURVE_FONT('continuous');
#16650 = STYLED_ITEM('color',(#16651),#4991);
#16651 = PRESENTATION_STYLE_ASSIGNMENT((#16652,#16657));
#16652 = SURFACE_STYLE_USAGE(.BOTH.,#16653);
#16653 = SURFACE_SIDE_STYLE('',(#16654));
#16654 = SURFACE_STYLE_FILL_AREA(#16655);
#16655 = FILL_AREA_STYLE('',(#16656));
#16656 = FILL_AREA_STYLE_COLOUR('',#16269);
#16657 = CURVE_STYLE('',#16658,POSITIVE_LENGTH_MEASURE(0.1),#16269);
#16658 = DRAUGHTING_PRE_DEFINED_CURVE_FONT('continuous');
#16659 = STYLED_ITEM('color',(#16660),#5008);
#16660 = PRESENTATION_STYLE_ASSIGNMENT((#16661,#16666));
#16661 = SURFACE_STYLE_USAGE(.BOTH.,#16662);
#16662 = SURFACE_SIDE_STYLE('',(#16663));
#16663 = SURFACE_STYLE_FILL_AREA(#16664);
#16664 = FILL_AREA_STYLE('',(#16665));
#16665 = FILL_AREA_STYLE_COLOUR('',#16269);
#16666 = CURVE_STYLE('',#16667,POSITIVE_LENGTH_MEASURE(0.1),#16269);
#16667 = DRAUGHTING_PRE_DEFINED_CURVE_FONT('continuous');
#16668 = STYLED_ITEM('color',(#16669),#5025);
#16669 = PRESENTATION_STYLE_ASSIGNMENT((#16670,#16675));
#16670 = SURFACE_STYLE_USAGE(.BOTH.,#16671);
#16671 = SURFACE_SIDE_STYLE('',(#16672));
#16672 = SURFACE_STYLE_FILL_AREA(#16673);
#16673 = FILL_AREA_STYLE('',(#16674));
#16674 = FILL_AREA_STYLE_COLOUR('',#16269);
#16675 = CURVE_STYLE('',#16676,POSITIVE_LENGTH_MEASURE(0.1),#16269);
#16676 = DRAUGHTING_PRE_DEFINED_CURVE_FONT('continuous');
#16677 = STYLED_ITEM('color',(#16678),#5042);
#16678 = PRESENTATION_STYLE_ASSIGNMENT((#16679,#16684));
#16679 = SURFACE_STYLE_USAGE(.BOTH.,#16680);
#16680 = SURFACE_SIDE_STYLE('',(#16681));
#16681 = SURFACE_STYLE_FILL_AREA(#16682);
#16682 = FILL_AREA_STYLE('',(#16683));
#16683 = FILL_AREA_STYLE_COLOUR('',#16269);
#16684 = CURVE_STYLE('',#16685,POSITIVE_LENGTH_MEASURE(0.1),#16269);
#16685 = DRAUGHTING_PRE_DEFINED_CURVE_FONT('continuous');
#16686 = STYLED_ITEM('color',(#16687),#5059);
#16687 = PRESENTATION_STYLE_ASSIGNMENT((#16688,#16693));
#16688 = SURFACE_STYLE_USAGE(.BOTH.,#16689);
#16689 = SURFACE_SIDE_STYLE('',(#16690));
#16690 = SURFACE_STYLE_FILL_AREA(#16691);
#16691 = FILL_AREA_STYLE('',(#16692));
#16692 = FILL_AREA_STYLE_COLOUR('',#16269);
#16693 = CURVE_STYLE('',#16694,POSITIVE_LENGTH_MEASURE(0.1),#16269);
#16694 = DRAUGHTING_PRE_DEFINED_CURVE_FONT('continuous');
#16695 = STYLED_ITEM('color',(#16696),#5071);
#16696 = PRESENTATION_STYLE_ASSIGNMENT((#16697,#16702));
#16697 = SURFACE_STYLE_USAGE(.BOTH.,#16698);
#16698 = SURFACE_SIDE_STYLE('',(#16699));
#16699 = SURFACE_STYLE_FILL_AREA(#16700);
#16700 = FILL_AREA_STYLE('',(#16701));
#16701 = FILL_AREA_STYLE_COLOUR('',#15464);
#16702 = CURVE_STYLE('',#16703,POSITIVE_LENGTH_MEASURE(0.1),#15464);
#16703 = DRAUGHTING_PRE_DEFINED_CURVE_FONT('continuous');
#16704 = OVER_RIDING_STYLED_ITEM('overriding color',(#16705),#5078,
  #16695);
#16705 = PRESENTATION_STYLE_ASSIGNMENT((#16706,#16711));
#16706 = SURFACE_STYLE_USAGE(.BOTH.,#16707);
#16707 = SURFACE_SIDE_STYLE('',(#16708));
#16708 = SURFACE_STYLE_FILL_AREA(#16709);
#16709 = FILL_AREA_STYLE('',(#16710));
#16710 = FILL_AREA_STYLE_COLOUR('',#16269);
#16711 = CURVE_STYLE('',#16712,POSITIVE_LENGTH_MEASURE(0.1),#16269);
#16712 = DRAUGHTING_PRE_DEFINED_CURVE_FONT('continuous');
#16713 = STYLED_ITEM('color',(#16714),#5088);
#16714 = PRESENTATION_STYLE_ASSIGNMENT((#16715,#16720));
#16715 = SURFACE_STYLE_USAGE(.BOTH.,#16716);
#16716 = SURFACE_SIDE_STYLE('',(#16717));
#16717 = SURFACE_STYLE_FILL_AREA(#16718);
#16718 = FILL_AREA_STYLE('',(#16719));
#16719 = FILL_AREA_STYLE_COLOUR('',#15464);
#16720 = CURVE_STYLE('',#16721,POSITIVE_LENGTH_MEASURE(0.1),#15464);
#16721 = DRAUGHTING_PRE_DEFINED_CURVE_FONT('continuous');
#16722 = OVER_RIDING_STYLED_ITEM('overriding color',(#16723),#5093,
  #16713);
#16723 = PRESENTATION_STYLE_ASSIGNMENT((#16724,#16729));
#16724 = SURFACE_STYLE_USAGE(.BOTH.,#16725);
#16725 = SURFACE_SIDE_STYLE('',(#16726));
#16726 = SURFACE_STYLE_FILL_AREA(#16727);
#16727 = FILL_AREA_STYLE('',(#16728));
#16728 = FILL_AREA_STYLE_COLOUR('',#16269);
#16729 = CURVE_STYLE('',#16730,POSITIVE_LENGTH_MEASURE(0.1),#16269);
#16730 = DRAUGHTING_PRE_DEFINED_CURVE_FONT('continuous');
#16731 = STYLED_ITEM('color',(#16732),#5105);
#16732 = PRESENTATION_STYLE_ASSIGNMENT((#16733,#16738));
#16733 = SURFACE_STYLE_USAGE(.BOTH.,#16734);
#16734 = SURFACE_SIDE_STYLE('',(#16735));
#16735 = SURFACE_STYLE_FILL_AREA(#16736);
#16736 = FILL_AREA_STYLE('',(#16737));
#16737 = FILL_AREA_STYLE_COLOUR('',#16269);
#16738 = CURVE_STYLE('',#16739,POSITIVE_LENGTH_MEASURE(0.1),#16269);
#16739 = DRAUGHTING_PRE_DEFINED_CURVE_FONT('continuous');
#16740 = STYLED_ITEM('color',(#16741),#5154);
#16741 = PRESENTATION_STYLE_ASSIGNMENT((#16742,#16747));
#16742 = SURFACE_STYLE_USAGE(.BOTH.,#16743);
#16743 = SURFACE_SIDE_STYLE('',(#16744));
#16744 = SURFACE_STYLE_FILL_AREA(#16745);
#16745 = FILL_AREA_STYLE('',(#16746));
#16746 = FILL_AREA_STYLE_COLOUR('',#16269);
#16747 = CURVE_STYLE('',#16748,POSITIVE_LENGTH_MEASURE(0.1),#16269);
#16748 = DRAUGHTING_PRE_DEFINED_CURVE_FONT('continuous');
#16749 = STYLED_ITEM('color',(#16750),#5178);
#16750 = PRESENTATION_STYLE_ASSIGNMENT((#16751,#16756));
#16751 = SURFACE_STYLE_USAGE(.BOTH.,#16752);
#16752 = SURFACE_SIDE_STYLE('',(#16753));
#16753 = SURFACE_STYLE_FILL_AREA(#16754);
#16754 = FILL_AREA_STYLE('',(#16755));
#16755 = FILL_AREA_STYLE_COLOUR('',#16269);
#16756 = CURVE_STYLE('',#16757,POSITIVE_LENGTH_MEASURE(0.1),#16269);
#16757 = DRAUGHTING_PRE_DEFINED_CURVE_FONT('continuous');
#16758 = STYLED_ITEM('color',(#16759),#5220);
#16759 = PRESENTATION_STYLE_ASSIGNMENT((#16760,#16765));
#16760 = SURFACE_STYLE_USAGE(.BOTH.,#16761);
#16761 = SURFACE_SIDE_STYLE('',(#16762));
#16762 = SURFACE_STYLE_FILL_AREA(#16763);
#16763 = FILL_AREA_STYLE('',(#16764));
#16764 = FILL_AREA_STYLE_COLOUR('',#16269);
#16765 = CURVE_STYLE('',#16766,POSITIVE_LENGTH_MEASURE(0.1),#16269);
#16766 = DRAUGHTING_PRE_DEFINED_CURVE_FONT('continuous');
#16767 = STYLED_ITEM('color',(#16768),#5237);
#16768 = PRESENTATION_STYLE_ASSIGNMENT((#16769,#16774));
#16769 = SURFACE_STYLE_USAGE(.BOTH.,#16770);
#16770 = SURFACE_SIDE_STYLE('',(#16771));
#16771 = SURFACE_STYLE_FILL_AREA(#16772);
#16772 = FILL_AREA_STYLE('',(#16773));
#16773 = FILL_AREA_STYLE_COLOUR('',#15464);
#16774 = CURVE_STYLE('',#16775,POSITIVE_LENGTH_MEASURE(0.1),#15464);
#16775 = DRAUGHTING_PRE_DEFINED_CURVE_FONT('continuous');
#16776 = OVER_RIDING_STYLED_ITEM('overriding color',(#16777),#5244,
  #16767);
#16777 = PRESENTATION_STYLE_ASSIGNMENT((#16778,#16783));
#16778 = SURFACE_STYLE_USAGE(.BOTH.,#16779);
#16779 = SURFACE_SIDE_STYLE('',(#16780));
#16780 = SURFACE_STYLE_FILL_AREA(#16781);
#16781 = FILL_AREA_STYLE('',(#16782));
#16782 = FILL_AREA_STYLE_COLOUR('',#16269);
#16783 = CURVE_STYLE('',#16784,POSITIVE_LENGTH_MEASURE(0.1),#16269);
#16784 = DRAUGHTING_PRE_DEFINED_CURVE_FONT('continuous');
#16785 = STYLED_ITEM('color',(#16786),#5254);
#16786 = PRESENTATION_STYLE_ASSIGNMENT((#16787,#16792));
#16787 = SURFACE_STYLE_USAGE(.BOTH.,#16788);
#16788 = SURFACE_SIDE_STYLE('',(#16789));
#16789 = SURFACE_STYLE_FILL_AREA(#16790);
#16790 = FILL_AREA_STYLE('',(#16791));
#16791 = FILL_AREA_STYLE_COLOUR('',#15464);
#16792 = CURVE_STYLE('',#16793,POSITIVE_LENGTH_MEASURE(0.1),#15464);
#16793 = DRAUGHTING_PRE_DEFINED_CURVE_FONT('continuous');
#16794 = OVER_RIDING_STYLED_ITEM('overriding color',(#16795),#5259,
  #16785);
#16795 = PRESENTATION_STYLE_ASSIGNMENT((#16796,#16801));
#16796 = SURFACE_STYLE_USAGE(.BOTH.,#16797);
#16797 = SURFACE_SIDE_STYLE('',(#16798));
#16798 = SURFACE_STYLE_FILL_AREA(#16799);
#16799 = FILL_AREA_STYLE('',(#16800));
#16800 = FILL_AREA_STYLE_COLOUR('',#16269);
#16801 = CURVE_STYLE('',#16802,POSITIVE_LENGTH_MEASURE(0.1),#16269);
#16802 = DRAUGHTING_PRE_DEFINED_CURVE_FONT('continuous');
#16803 = STYLED_ITEM('color',(#16804),#5271);
#16804 = PRESENTATION_STYLE_ASSIGNMENT((#16805,#16810));
#16805 = SURFACE_STYLE_USAGE(.BOTH.,#16806);
#16806 = SURFACE_SIDE_STYLE('',(#16807));
#16807 = SURFACE_STYLE_FILL_AREA(#16808);
#16808 = FILL_AREA_STYLE('',(#16809));
#16809 = FILL_AREA_STYLE_COLOUR('',#16269);
#16810 = CURVE_STYLE('',#16811,POSITIVE_LENGTH_MEASURE(0.1),#16269);
#16811 = DRAUGHTING_PRE_DEFINED_CURVE_FONT('continuous');
#16812 = STYLED_ITEM('color',(#16813),#5320);
#16813 = PRESENTATION_STYLE_ASSIGNMENT((#16814,#16819));
#16814 = SURFACE_STYLE_USAGE(.BOTH.,#16815);
#16815 = SURFACE_SIDE_STYLE('',(#16816));
#16816 = SURFACE_STYLE_FILL_AREA(#16817);
#16817 = FILL_AREA_STYLE('',(#16818));
#16818 = FILL_AREA_STYLE_COLOUR('',#16269);
#16819 = CURVE_STYLE('',#16820,POSITIVE_LENGTH_MEASURE(0.1),#16269);
#16820 = DRAUGHTING_PRE_DEFINED_CURVE_FONT('continuous');
#16821 = STYLED_ITEM('color',(#16822),#5344);
#16822 = PRESENTATION_STYLE_ASSIGNMENT((#16823,#16828));
#16823 = SURFACE_STYLE_USAGE(.BOTH.,#16824);
#16824 = SURFACE_SIDE_STYLE('',(#16825));
#16825 = SURFACE_STYLE_FILL_AREA(#16826);
#16826 = FILL_AREA_STYLE('',(#16827));
#16827 = FILL_AREA_STYLE_COLOUR('',#16269);
#16828 = CURVE_STYLE('',#16829,POSITIVE_LENGTH_MEASURE(0.1),#16269);
#16829 = DRAUGHTING_PRE_DEFINED_CURVE_FONT('continuous');
#16830 = STYLED_ITEM('color',(#16831),#5386);
#16831 = PRESENTATION_STYLE_ASSIGNMENT((#16832,#16837));
#16832 = SURFACE_STYLE_USAGE(.BOTH.,#16833);
#16833 = SURFACE_SIDE_STYLE('',(#16834));
#16834 = SURFACE_STYLE_FILL_AREA(#16835);
#16835 = FILL_AREA_STYLE('',(#16836));
#16836 = FILL_AREA_STYLE_COLOUR('',#16269);
#16837 = CURVE_STYLE('',#16838,POSITIVE_LENGTH_MEASURE(0.1),#16269);
#16838 = DRAUGHTING_PRE_DEFINED_CURVE_FONT('continuous');
#16839 = STYLED_ITEM('color',(#16840),#5403);
#16840 = PRESENTATION_STYLE_ASSIGNMENT((#16841,#16846));
#16841 = SURFACE_STYLE_USAGE(.BOTH.,#16842);
#16842 = SURFACE_SIDE_STYLE('',(#16843));
#16843 = SURFACE_STYLE_FILL_AREA(#16844);
#16844 = FILL_AREA_STYLE('',(#16845));
#16845 = FILL_AREA_STYLE_COLOUR('',#16269);
#16846 = CURVE_STYLE('',#16847,POSITIVE_LENGTH_MEASURE(0.1),#16269);
#16847 = DRAUGHTING_PRE_DEFINED_CURVE_FONT('continuous');
#16848 = STYLED_ITEM('color',(#16849),#5420);
#16849 = PRESENTATION_STYLE_ASSIGNMENT((#16850,#16855));
#16850 = SURFACE_STYLE_USAGE(.BOTH.,#16851);
#16851 = SURFACE_SIDE_STYLE('',(#16852));
#16852 = SURFACE_STYLE_FILL_AREA(#16853);
#16853 = FILL_AREA_STYLE('',(#16854));
#16854 = FILL_AREA_STYLE_COLOUR('',#16269);
#16855 = CURVE_STYLE('',#16856,POSITIVE_LENGTH_MEASURE(0.1),#16269);
#16856 = DRAUGHTING_PRE_DEFINED_CURVE_FONT('continuous');
#16857 = STYLED_ITEM('color',(#16858),#5437);
#16858 = PRESENTATION_STYLE_ASSIGNMENT((#16859,#16864));
#16859 = SURFACE_STYLE_USAGE(.BOTH.,#16860);
#16860 = SURFACE_SIDE_STYLE('',(#16861));
#16861 = SURFACE_STYLE_FILL_AREA(#16862);
#16862 = FILL_AREA_STYLE('',(#16863));
#16863 = FILL_AREA_STYLE_COLOUR('',#16269);
#16864 = CURVE_STYLE('',#16865,POSITIVE_LENGTH_MEASURE(0.1),#16269);
#16865 = DRAUGHTING_PRE_DEFINED_CURVE_FONT('continuous');
#16866 = STYLED_ITEM('color',(#16867),#5449);
#16867 = PRESENTATION_STYLE_ASSIGNMENT((#16868,#16873));
#16868 = SURFACE_STYLE_USAGE(.BOTH.,#16869);
#16869 = SURFACE_SIDE_STYLE('',(#16870));
#16870 = SURFACE_STYLE_FILL_AREA(#16871);
#16871 = FILL_AREA_STYLE('',(#16872));
#16872 = FILL_AREA_STYLE_COLOUR('',#16269);
#16873 = CURVE_STYLE('',#16874,POSITIVE_LENGTH_MEASURE(0.1),#16269);
#16874 = DRAUGHTING_PRE_DEFINED_CURVE_FONT('continuous');
#16875 = STYLED_ITEM('color',(#16876),#5466);
#16876 = PRESENTATION_STYLE_ASSIGNMENT((#16877,#16882));
#16877 = SURFACE_STYLE_USAGE(.BOTH.,#16878);
#16878 = SURFACE_SIDE_STYLE('',(#16879));
#16879 = SURFACE_STYLE_FILL_AREA(#16880);
#16880 = FILL_AREA_STYLE('',(#16881));
#16881 = FILL_AREA_STYLE_COLOUR('',#16269);
#16882 = CURVE_STYLE('',#16883,POSITIVE_LENGTH_MEASURE(0.1),#16269);
#16883 = DRAUGHTING_PRE_DEFINED_CURVE_FONT('continuous');
#16884 = STYLED_ITEM('color',(#16885),#5483);
#16885 = PRESENTATION_STYLE_ASSIGNMENT((#16886,#16891));
#16886 = SURFACE_STYLE_USAGE(.BOTH.,#16887);
#16887 = SURFACE_SIDE_STYLE('',(#16888));
#16888 = SURFACE_STYLE_FILL_AREA(#16889);
#16889 = FILL_AREA_STYLE('',(#16890));
#16890 = FILL_AREA_STYLE_COLOUR('',#16269);
#16891 = CURVE_STYLE('',#16892,POSITIVE_LENGTH_MEASURE(0.1),#16269);
#16892 = DRAUGHTING_PRE_DEFINED_CURVE_FONT('continuous');
#16893 = MECHANICAL_DESIGN_GEOMETRIC_PRESENTATION_REPRESENTATION('',(
    #16894,#16901,#16908,#16915,#16922,#16929,#16936,#16943,#16951,
    #16958,#16965,#16972,#16979,#16986,#16994,#17001,#17008,#17015,
    #17022,#17029,#17036,#17043,#17050,#17057,#17064,#17071),#3604);
#16894 = STYLED_ITEM('color',(#16895),#2816);
#16895 = PRESENTATION_STYLE_ASSIGNMENT((#16896));
#16896 = SURFACE_STYLE_USAGE(.BOTH.,#16897);
#16897 = SURFACE_SIDE_STYLE('',(#16898));
#16898 = SURFACE_STYLE_FILL_AREA(#16899);
#16899 = FILL_AREA_STYLE('',(#16900));
#16900 = FILL_AREA_STYLE_COLOUR('',#15501);
#16901 = STYLED_ITEM('color',(#16902),#2856);
#16902 = PRESENTATION_STYLE_ASSIGNMENT((#16903));
#16903 = SURFACE_STYLE_USAGE(.BOTH.,#16904);
#16904 = SURFACE_SIDE_STYLE('',(#16905));
#16905 = SURFACE_STYLE_FILL_AREA(#16906);
#16906 = FILL_AREA_STYLE('',(#16907));
#16907 = FILL_AREA_STYLE_COLOUR('',#15501);
#16908 = STYLED_ITEM('color',(#16909),#2939);
#16909 = PRESENTATION_STYLE_ASSIGNMENT((#16910));
#16910 = SURFACE_STYLE_USAGE(.BOTH.,#16911);
#16911 = SURFACE_SIDE_STYLE('',(#16912));
#16912 = SURFACE_STYLE_FILL_AREA(#16913);
#16913 = FILL_AREA_STYLE('',(#16914));
#16914 = FILL_AREA_STYLE_COLOUR('',#15501);
#16915 = STYLED_ITEM('color',(#16916),#2964);
#16916 = PRESENTATION_STYLE_ASSIGNMENT((#16917));
#16917 = SURFACE_STYLE_USAGE(.BOTH.,#16918);
#16918 = SURFACE_SIDE_STYLE('',(#16919));
#16919 = SURFACE_STYLE_FILL_AREA(#16920);
#16920 = FILL_AREA_STYLE('',(#16921));
#16921 = FILL_AREA_STYLE_COLOUR('',#15501);
#16922 = STYLED_ITEM('color',(#16923),#2989);
#16923 = PRESENTATION_STYLE_ASSIGNMENT((#16924));
#16924 = SURFACE_STYLE_USAGE(.BOTH.,#16925);
#16925 = SURFACE_SIDE_STYLE('',(#16926));
#16926 = SURFACE_STYLE_FILL_AREA(#16927);
#16927 = FILL_AREA_STYLE('',(#16928));
#16928 = FILL_AREA_STYLE_COLOUR('',#15501);
#16929 = STYLED_ITEM('color',(#16930),#3056);
#16930 = PRESENTATION_STYLE_ASSIGNMENT((#16931));
#16931 = SURFACE_STYLE_USAGE(.BOTH.,#16932);
#16932 = SURFACE_SIDE_STYLE('',(#16933));
#16933 = SURFACE_STYLE_FILL_AREA(#16934);
#16934 = FILL_AREA_STYLE('',(#16935));
#16935 = FILL_AREA_STYLE_COLOUR('',#15501);
#16936 = STYLED_ITEM('color',(#16937),#3073);
#16937 = PRESENTATION_STYLE_ASSIGNMENT((#16938));
#16938 = SURFACE_STYLE_USAGE(.BOTH.,#16939);
#16939 = SURFACE_SIDE_STYLE('',(#16940));
#16940 = SURFACE_STYLE_FILL_AREA(#16941);
#16941 = FILL_AREA_STYLE('',(#16942));
#16942 = FILL_AREA_STYLE_COLOUR('',#15501);
#16943 = STYLED_ITEM('color',(#16944),#3090);
#16944 = PRESENTATION_STYLE_ASSIGNMENT((#16945));
#16945 = SURFACE_STYLE_USAGE(.BOTH.,#16946);
#16946 = SURFACE_SIDE_STYLE('',(#16947));
#16947 = SURFACE_STYLE_FILL_AREA(#16948);
#16948 = FILL_AREA_STYLE('',(#16949));
#16949 = FILL_AREA_STYLE_COLOUR('',#16950);
#16950 = COLOUR_RGB('',0.894999966383,0.890999961016,0.813000030345);
#16951 = STYLED_ITEM('color',(#16952),#3139);
#16952 = PRESENTATION_STYLE_ASSIGNMENT((#16953));
#16953 = SURFACE_STYLE_USAGE(.BOTH.,#16954);
#16954 = SURFACE_SIDE_STYLE('',(#16955));
#16955 = SURFACE_STYLE_FILL_AREA(#16956);
#16956 = FILL_AREA_STYLE('',(#16957));
#16957 = FILL_AREA_STYLE_COLOUR('',#15501);
#16958 = STYLED_ITEM('color',(#16959),#3156);
#16959 = PRESENTATION_STYLE_ASSIGNMENT((#16960));
#16960 = SURFACE_STYLE_USAGE(.BOTH.,#16961);
#16961 = SURFACE_SIDE_STYLE('',(#16962));
#16962 = SURFACE_STYLE_FILL_AREA(#16963);
#16963 = FILL_AREA_STYLE('',(#16964));
#16964 = FILL_AREA_STYLE_COLOUR('',#15501);
#16965 = STYLED_ITEM('color',(#16966),#3173);
#16966 = PRESENTATION_STYLE_ASSIGNMENT((#16967));
#16967 = SURFACE_STYLE_USAGE(.BOTH.,#16968);
#16968 = SURFACE_SIDE_STYLE('',(#16969));
#16969 = SURFACE_STYLE_FILL_AREA(#16970);
#16970 = FILL_AREA_STYLE('',(#16971));
#16971 = FILL_AREA_STYLE_COLOUR('',#16950);
#16972 = STYLED_ITEM('color',(#16973),#3222);
#16973 = PRESENTATION_STYLE_ASSIGNMENT((#16974));
#16974 = SURFACE_STYLE_USAGE(.BOTH.,#16975);
#16975 = SURFACE_SIDE_STYLE('',(#16976));
#16976 = SURFACE_STYLE_FILL_AREA(#16977);
#16977 = FILL_AREA_STYLE('',(#16978));
#16978 = FILL_AREA_STYLE_COLOUR('',#16950);
#16979 = STYLED_ITEM('color',(#16980),#3239);
#16980 = PRESENTATION_STYLE_ASSIGNMENT((#16981));
#16981 = SURFACE_STYLE_USAGE(.BOTH.,#16982);
#16982 = SURFACE_SIDE_STYLE('',(#16983));
#16983 = SURFACE_STYLE_FILL_AREA(#16984);
#16984 = FILL_AREA_STYLE('',(#16985));
#16985 = FILL_AREA_STYLE_COLOUR('',#15501);
#16986 = STYLED_ITEM('color',(#16987),#3308);
#16987 = PRESENTATION_STYLE_ASSIGNMENT((#16988));
#16988 = SURFACE_STYLE_USAGE(.BOTH.,#16989);
#16989 = SURFACE_SIDE_STYLE('',(#16990));
#16990 = SURFACE_STYLE_FILL_AREA(#16991);
#16991 = FILL_AREA_STYLE('',(#16992));
#16992 = FILL_AREA_STYLE_COLOUR('',#16993);
#16993 = COLOUR_RGB('',8.200000279077E-02,8.600000121357E-02,
  9.399999706163E-02);
#16994 = STYLED_ITEM('color',(#16995),#3339);
#16995 = PRESENTATION_STYLE_ASSIGNMENT((#16996));
#16996 = SURFACE_STYLE_USAGE(.BOTH.,#16997);
#16997 = SURFACE_SIDE_STYLE('',(#16998));
#16998 = SURFACE_STYLE_FILL_AREA(#16999);
#16999 = FILL_AREA_STYLE('',(#17000));
#17000 = FILL_AREA_STYLE_COLOUR('',#16993);
#17001 = STYLED_ITEM('color',(#17002),#3363);
#17002 = PRESENTATION_STYLE_ASSIGNMENT((#17003));
#17003 = SURFACE_STYLE_USAGE(.BOTH.,#17004);
#17004 = SURFACE_SIDE_STYLE('',(#17005));
#17005 = SURFACE_STYLE_FILL_AREA(#17006);
#17006 = FILL_AREA_STYLE('',(#17007));
#17007 = FILL_AREA_STYLE_COLOUR('',#15501);
#17008 = STYLED_ITEM('color',(#17009),#3432);
#17009 = PRESENTATION_STYLE_ASSIGNMENT((#17010));
#17010 = SURFACE_STYLE_USAGE(.BOTH.,#17011);
#17011 = SURFACE_SIDE_STYLE('',(#17012));
#17012 = SURFACE_STYLE_FILL_AREA(#17013);
#17013 = FILL_AREA_STYLE('',(#17014));
#17014 = FILL_AREA_STYLE_COLOUR('',#16993);
#17015 = STYLED_ITEM('color',(#17016),#3456);
#17016 = PRESENTATION_STYLE_ASSIGNMENT((#17017));
#17017 = SURFACE_STYLE_USAGE(.BOTH.,#17018);
#17018 = SURFACE_SIDE_STYLE('',(#17019));
#17019 = SURFACE_STYLE_FILL_AREA(#17020);
#17020 = FILL_AREA_STYLE('',(#17021));
#17021 = FILL_AREA_STYLE_COLOUR('',#15501);
#17022 = STYLED_ITEM('color',(#17023),#3473);
#17023 = PRESENTATION_STYLE_ASSIGNMENT((#17024));
#17024 = SURFACE_STYLE_USAGE(.BOTH.,#17025);
#17025 = SURFACE_SIDE_STYLE('',(#17026));
#17026 = SURFACE_STYLE_FILL_AREA(#17027);
#17027 = FILL_AREA_STYLE('',(#17028));
#17028 = FILL_AREA_STYLE_COLOUR('',#15501);
#17029 = STYLED_ITEM('color',(#17030),#3490);
#17030 = PRESENTATION_STYLE_ASSIGNMENT((#17031));
#17031 = SURFACE_STYLE_USAGE(.BOTH.,#17032);
#17032 = SURFACE_SIDE_STYLE('',(#17033));
#17033 = SURFACE_STYLE_FILL_AREA(#17034);
#17034 = FILL_AREA_STYLE('',(#17035));
#17035 = FILL_AREA_STYLE_COLOUR('',#15501);
#17036 = STYLED_ITEM('color',(#17037),#3507);
#17037 = PRESENTATION_STYLE_ASSIGNMENT((#17038));
#17038 = SURFACE_STYLE_USAGE(.BOTH.,#17039);
#17039 = SURFACE_SIDE_STYLE('',(#17040));
#17040 = SURFACE_STYLE_FILL_AREA(#17041);
#17041 = FILL_AREA_STYLE('',(#17042));
#17042 = FILL_AREA_STYLE_COLOUR('',#15501);
#17043 = STYLED_ITEM('color',(#17044),#3524);
#17044 = PRESENTATION_STYLE_ASSIGNMENT((#17045));
#17045 = SURFACE_STYLE_USAGE(.BOTH.,#17046);
#17046 = SURFACE_SIDE_STYLE('',(#17047));
#17047 = SURFACE_STYLE_FILL_AREA(#17048);
#17048 = FILL_AREA_STYLE('',(#17049));
#17049 = FILL_AREA_STYLE_COLOUR('',#15501);
#17050 = STYLED_ITEM('color',(#17051),#3541);
#17051 = PRESENTATION_STYLE_ASSIGNMENT((#17052));
#17052 = SURFACE_STYLE_USAGE(.BOTH.,#17053);
#17053 = SURFACE_SIDE_STYLE('',(#17054));
#17054 = SURFACE_STYLE_FILL_AREA(#17055);
#17055 = FILL_AREA_STYLE('',(#17056));
#17056 = FILL_AREA_STYLE_COLOUR('',#15501);
#17057 = STYLED_ITEM('color',(#17058),#3558);
#17058 = PRESENTATION_STYLE_ASSIGNMENT((#17059));
#17059 = SURFACE_STYLE_USAGE(.BOTH.,#17060);
#17060 = SURFACE_SIDE_STYLE('',(#17061));
#17061 = SURFACE_STYLE_FILL_AREA(#17062);
#17062 = FILL_AREA_STYLE('',(#17063));
#17063 = FILL_AREA_STYLE_COLOUR('',#15501);
#17064 = STYLED_ITEM('color',(#17065),#3575);
#17065 = PRESENTATION_STYLE_ASSIGNMENT((#17066));
#17066 = SURFACE_STYLE_USAGE(.BOTH.,#17067);
#17067 = SURFACE_SIDE_STYLE('',(#17068));
#17068 = SURFACE_STYLE_FILL_AREA(#17069);
#17069 = FILL_AREA_STYLE('',(#17070));
#17070 = FILL_AREA_STYLE_COLOUR('',#16993);
#17071 = STYLED_ITEM('color',(#17072),#3592);
#17072 = PRESENTATION_STYLE_ASSIGNMENT((#17073));
#17073 = SURFACE_STYLE_USAGE(.BOTH.,#17074);
#17074 = SURFACE_SIDE_STYLE('',(#17075));
#17075 = SURFACE_STYLE_FILL_AREA(#17076);
#17076 = FILL_AREA_STYLE('',(#17077));
#17077 = FILL_AREA_STYLE_COLOUR('',#16993);
#17078 = MECHANICAL_DESIGN_GEOMETRIC_PRESENTATION_REPRESENTATION('',(
    #17079,#17086,#17093,#17100,#17107,#17114,#17121,#17128,#17135,
    #17142,#17149,#17156,#17163,#17170,#17177,#17184,#17191,#17198,
    #17205,#17212,#17219,#17226,#17233,#17240,#17247,#17254,#17261,
    #17268,#17275,#17282,#17289,#17296,#17303,#17310,#17317,#17324,
    #17332,#17339,#17346,#17353,#17360,#17367,#17374,#17381,#17388,
    #17395,#17402,#17409,#17416,#17423),#7085);
#17079 = STYLED_ITEM('color',(#17080),#5564);
#17080 = PRESENTATION_STYLE_ASSIGNMENT((#17081));
#17081 = SURFACE_STYLE_USAGE(.BOTH.,#17082);
#17082 = SURFACE_SIDE_STYLE('',(#17083));
#17083 = SURFACE_STYLE_FILL_AREA(#17084);
#17084 = FILL_AREA_STYLE('',(#17085));
#17085 = FILL_AREA_STYLE_COLOUR('',#16950);
#17086 = STYLED_ITEM('color',(#17087),#5604);
#17087 = PRESENTATION_STYLE_ASSIGNMENT((#17088));
#17088 = SURFACE_STYLE_USAGE(.BOTH.,#17089);
#17089 = SURFACE_SIDE_STYLE('',(#17090));
#17090 = SURFACE_STYLE_FILL_AREA(#17091);
#17091 = FILL_AREA_STYLE('',(#17092));
#17092 = FILL_AREA_STYLE_COLOUR('',#16950);
#17093 = STYLED_ITEM('color',(#17094),#5651);
#17094 = PRESENTATION_STYLE_ASSIGNMENT((#17095));
#17095 = SURFACE_STYLE_USAGE(.BOTH.,#17096);
#17096 = SURFACE_SIDE_STYLE('',(#17097));
#17097 = SURFACE_STYLE_FILL_AREA(#17098);
#17098 = FILL_AREA_STYLE('',(#17099));
#17099 = FILL_AREA_STYLE_COLOUR('',#16950);
#17100 = STYLED_ITEM('color',(#17101),#5730);
#17101 = PRESENTATION_STYLE_ASSIGNMENT((#17102));
#17102 = SURFACE_STYLE_USAGE(.BOTH.,#17103);
#17103 = SURFACE_SIDE_STYLE('',(#17104));
#17104 = SURFACE_STYLE_FILL_AREA(#17105);
#17105 = FILL_AREA_STYLE('',(#17106));
#17106 = FILL_AREA_STYLE_COLOUR('',#16950);
#17107 = STYLED_ITEM('color',(#17108),#5754);
#17108 = PRESENTATION_STYLE_ASSIGNMENT((#17109));
#17109 = SURFACE_STYLE_USAGE(.BOTH.,#17110);
#17110 = SURFACE_SIDE_STYLE('',(#17111));
#17111 = SURFACE_STYLE_FILL_AREA(#17112);
#17112 = FILL_AREA_STYLE('',(#17113));
#17113 = FILL_AREA_STYLE_COLOUR('',#16950);
#17114 = STYLED_ITEM('color',(#17115),#5794);
#17115 = PRESENTATION_STYLE_ASSIGNMENT((#17116));
#17116 = SURFACE_STYLE_USAGE(.BOTH.,#17117);
#17117 = SURFACE_SIDE_STYLE('',(#17118));
#17118 = SURFACE_STYLE_FILL_AREA(#17119);
#17119 = FILL_AREA_STYLE('',(#17120));
#17120 = FILL_AREA_STYLE_COLOUR('',#16950);
#17121 = STYLED_ITEM('color',(#17122),#5825);
#17122 = PRESENTATION_STYLE_ASSIGNMENT((#17123));
#17123 = SURFACE_STYLE_USAGE(.BOTH.,#17124);
#17124 = SURFACE_SIDE_STYLE('',(#17125));
#17125 = SURFACE_STYLE_FILL_AREA(#17126);
#17126 = FILL_AREA_STYLE('',(#17127));
#17127 = FILL_AREA_STYLE_COLOUR('',#16950);
#17128 = STYLED_ITEM('color',(#17129),#5842);
#17129 = PRESENTATION_STYLE_ASSIGNMENT((#17130));
#17130 = SURFACE_STYLE_USAGE(.BOTH.,#17131);
#17131 = SURFACE_SIDE_STYLE('',(#17132));
#17132 = SURFACE_STYLE_FILL_AREA(#17133);
#17133 = FILL_AREA_STYLE('',(#17134));
#17134 = FILL_AREA_STYLE_COLOUR('',#16269);
#17135 = STYLED_ITEM('color',(#17136),#5875);
#17136 = PRESENTATION_STYLE_ASSIGNMENT((#17137));
#17137 = SURFACE_STYLE_USAGE(.BOTH.,#17138);
#17138 = SURFACE_SIDE_STYLE('',(#17139));
#17139 = SURFACE_STYLE_FILL_AREA(#17140);
#17140 = FILL_AREA_STYLE('',(#17141));
#17141 = FILL_AREA_STYLE_COLOUR('',#16950);
#17142 = STYLED_ITEM('color',(#17143),#5899);
#17143 = PRESENTATION_STYLE_ASSIGNMENT((#17144));
#17144 = SURFACE_STYLE_USAGE(.BOTH.,#17145);
#17145 = SURFACE_SIDE_STYLE('',(#17146));
#17146 = SURFACE_STYLE_FILL_AREA(#17147);
#17147 = FILL_AREA_STYLE('',(#17148));
#17148 = FILL_AREA_STYLE_COLOUR('',#16269);
#17149 = STYLED_ITEM('color',(#17150),#5966);
#17150 = PRESENTATION_STYLE_ASSIGNMENT((#17151));
#17151 = SURFACE_STYLE_USAGE(.BOTH.,#17152);
#17152 = SURFACE_SIDE_STYLE('',(#17153));
#17153 = SURFACE_STYLE_FILL_AREA(#17154);
#17154 = FILL_AREA_STYLE('',(#17155));
#17155 = FILL_AREA_STYLE_COLOUR('',#16950);
#17156 = STYLED_ITEM('color',(#17157),#6087);
#17157 = PRESENTATION_STYLE_ASSIGNMENT((#17158));
#17158 = SURFACE_STYLE_USAGE(.BOTH.,#17159);
#17159 = SURFACE_SIDE_STYLE('',(#17160));
#17160 = SURFACE_STYLE_FILL_AREA(#17161);
#17161 = FILL_AREA_STYLE('',(#17162));
#17162 = FILL_AREA_STYLE_COLOUR('',#16269);
#17163 = STYLED_ITEM('color',(#17164),#6154);
#17164 = PRESENTATION_STYLE_ASSIGNMENT((#17165));
#17165 = SURFACE_STYLE_USAGE(.BOTH.,#17166);
#17166 = SURFACE_SIDE_STYLE('',(#17167));
#17167 = SURFACE_STYLE_FILL_AREA(#17168);
#17168 = FILL_AREA_STYLE('',(#17169));
#17169 = FILL_AREA_STYLE_COLOUR('',#16950);
#17170 = STYLED_ITEM('color',(#17171),#6178);
#17171 = PRESENTATION_STYLE_ASSIGNMENT((#17172));
#17172 = SURFACE_STYLE_USAGE(.BOTH.,#17173);
#17173 = SURFACE_SIDE_STYLE('',(#17174));
#17174 = SURFACE_STYLE_FILL_AREA(#17175);
#17175 = FILL_AREA_STYLE('',(#17176));
#17176 = FILL_AREA_STYLE_COLOUR('',#16950);
#17177 = STYLED_ITEM('color',(#17178),#6209);
#17178 = PRESENTATION_STYLE_ASSIGNMENT((#17179));
#17179 = SURFACE_STYLE_USAGE(.BOTH.,#17180);
#17180 = SURFACE_SIDE_STYLE('',(#17181));
#17181 = SURFACE_STYLE_FILL_AREA(#17182);
#17182 = FILL_AREA_STYLE('',(#17183));
#17183 = FILL_AREA_STYLE_COLOUR('',#16269);
#17184 = STYLED_ITEM('color',(#17185),#6242);
#17185 = PRESENTATION_STYLE_ASSIGNMENT((#17186));
#17186 = SURFACE_STYLE_USAGE(.BOTH.,#17187);
#17187 = SURFACE_SIDE_STYLE('',(#17188));
#17188 = SURFACE_STYLE_FILL_AREA(#17189);
#17189 = FILL_AREA_STYLE('',(#17190));
#17190 = FILL_AREA_STYLE_COLOUR('',#16950);
#17191 = STYLED_ITEM('color',(#17192),#6298);
#17192 = PRESENTATION_STYLE_ASSIGNMENT((#17193));
#17193 = SURFACE_STYLE_USAGE(.BOTH.,#17194);
#17194 = SURFACE_SIDE_STYLE('',(#17195));
#17195 = SURFACE_STYLE_FILL_AREA(#17196);
#17196 = FILL_AREA_STYLE('',(#17197));
#17197 = FILL_AREA_STYLE_COLOUR('',#16269);
#17198 = STYLED_ITEM('color',(#17199),#6322);
#17199 = PRESENTATION_STYLE_ASSIGNMENT((#17200));
#17200 = SURFACE_STYLE_USAGE(.BOTH.,#17201);
#17201 = SURFACE_SIDE_STYLE('',(#17202));
#17202 = SURFACE_STYLE_FILL_AREA(#17203);
#17203 = FILL_AREA_STYLE('',(#17204));
#17204 = FILL_AREA_STYLE_COLOUR('',#16269);
#17205 = STYLED_ITEM('color',(#17206),#6346);
#17206 = PRESENTATION_STYLE_ASSIGNMENT((#17207));
#17207 = SURFACE_STYLE_USAGE(.BOTH.,#17208);
#17208 = SURFACE_SIDE_STYLE('',(#17209));
#17209 = SURFACE_STYLE_FILL_AREA(#17210);
#17210 = FILL_AREA_STYLE('',(#17211));
#17211 = FILL_AREA_STYLE_COLOUR('',#16269);
#17212 = STYLED_ITEM('color',(#17213),#6370);
#17213 = PRESENTATION_STYLE_ASSIGNMENT((#17214));
#17214 = SURFACE_STYLE_USAGE(.BOTH.,#17215);
#17215 = SURFACE_SIDE_STYLE('',(#17216));
#17216 = SURFACE_STYLE_FILL_AREA(#17217);
#17217 = FILL_AREA_STYLE('',(#17218));
#17218 = FILL_AREA_STYLE_COLOUR('',#16269);
#17219 = STYLED_ITEM('color',(#17220),#6403);
#17220 = PRESENTATION_STYLE_ASSIGNMENT((#17221));
#17221 = SURFACE_STYLE_USAGE(.BOTH.,#17222);
#17222 = SURFACE_SIDE_STYLE('',(#17223));
#17223 = SURFACE_STYLE_FILL_AREA(#17224);
#17224 = FILL_AREA_STYLE('',(#17225));
#17225 = FILL_AREA_STYLE_COLOUR('',#16269);
#17226 = STYLED_ITEM('color',(#17227),#6415);
#17227 = PRESENTATION_STYLE_ASSIGNMENT((#17228));
#17228 = SURFACE_STYLE_USAGE(.BOTH.,#17229);
#17229 = SURFACE_SIDE_STYLE('',(#17230));
#17230 = SURFACE_STYLE_FILL_AREA(#17231);
#17231 = FILL_AREA_STYLE('',(#17232));
#17232 = FILL_AREA_STYLE_COLOUR('',#16269);
#17233 = STYLED_ITEM('color',(#17234),#6478);
#17234 = PRESENTATION_STYLE_ASSIGNMENT((#17235));
#17235 = SURFACE_STYLE_USAGE(.BOTH.,#17236);
#17236 = SURFACE_SIDE_STYLE('',(#17237));
#17237 = SURFACE_STYLE_FILL_AREA(#17238);
#17238 = FILL_AREA_STYLE('',(#17239));
#17239 = FILL_AREA_STYLE_COLOUR('',#16269);
#17240 = STYLED_ITEM('color',(#17241),#6503);
#17241 = PRESENTATION_STYLE_ASSIGNMENT((#17242));
#17242 = SURFACE_STYLE_USAGE(.BOTH.,#17243);
#17243 = SURFACE_SIDE_STYLE('',(#17244));
#17244 = SURFACE_STYLE_FILL_AREA(#17245);
#17245 = FILL_AREA_STYLE('',(#17246));
#17246 = FILL_AREA_STYLE_COLOUR('',#16269);
#17247 = STYLED_ITEM('color',(#17248),#6520);
#17248 = PRESENTATION_STYLE_ASSIGNMENT((#17249));
#17249 = SURFACE_STYLE_USAGE(.BOTH.,#17250);
#17250 = SURFACE_SIDE_STYLE('',(#17251));
#17251 = SURFACE_STYLE_FILL_AREA(#17252);
#17252 = FILL_AREA_STYLE('',(#17253));
#17253 = FILL_AREA_STYLE_COLOUR('',#16269);
#17254 = STYLED_ITEM('color',(#17255),#6544);
#17255 = PRESENTATION_STYLE_ASSIGNMENT((#17256));
#17256 = SURFACE_STYLE_USAGE(.BOTH.,#17257);
#17257 = SURFACE_SIDE_STYLE('',(#17258));
#17258 = SURFACE_STYLE_FILL_AREA(#17259);
#17259 = FILL_AREA_STYLE('',(#17260));
#17260 = FILL_AREA_STYLE_COLOUR('',#16269);
#17261 = STYLED_ITEM('color',(#17262),#6562);
#17262 = PRESENTATION_STYLE_ASSIGNMENT((#17263));
#17263 = SURFACE_STYLE_USAGE(.BOTH.,#17264);
#17264 = SURFACE_SIDE_STYLE('',(#17265));
#17265 = SURFACE_STYLE_FILL_AREA(#17266);
#17266 = FILL_AREA_STYLE('',(#17267));
#17267 = FILL_AREA_STYLE_COLOUR('',#16269);
#17268 = STYLED_ITEM('color',(#17269),#6580);
#17269 = PRESENTATION_STYLE_ASSIGNMENT((#17270));
#17270 = SURFACE_STYLE_USAGE(.BOTH.,#17271);
#17271 = SURFACE_SIDE_STYLE('',(#17272));
#17272 = SURFACE_STYLE_FILL_AREA(#17273);
#17273 = FILL_AREA_STYLE('',(#17274));
#17274 = FILL_AREA_STYLE_COLOUR('',#16269);
#17275 = STYLED_ITEM('color',(#17276),#6598);
#17276 = PRESENTATION_STYLE_ASSIGNMENT((#17277));
#17277 = SURFACE_STYLE_USAGE(.BOTH.,#17278);
#17278 = SURFACE_SIDE_STYLE('',(#17279));
#17279 = SURFACE_STYLE_FILL_AREA(#17280);
#17280 = FILL_AREA_STYLE('',(#17281));
#17281 = FILL_AREA_STYLE_COLOUR('',#16269);
#17282 = STYLED_ITEM('color',(#17283),#6615);
#17283 = PRESENTATION_STYLE_ASSIGNMENT((#17284));
#17284 = SURFACE_STYLE_USAGE(.BOTH.,#17285);
#17285 = SURFACE_SIDE_STYLE('',(#17286));
#17286 = SURFACE_STYLE_FILL_AREA(#17287);
#17287 = FILL_AREA_STYLE('',(#17288));
#17288 = FILL_AREA_STYLE_COLOUR('',#16269);
#17289 = STYLED_ITEM('color',(#17290),#6632);
#17290 = PRESENTATION_STYLE_ASSIGNMENT((#17291));
#17291 = SURFACE_STYLE_USAGE(.BOTH.,#17292);
#17292 = SURFACE_SIDE_STYLE('',(#17293));
#17293 = SURFACE_STYLE_FILL_AREA(#17294);
#17294 = FILL_AREA_STYLE('',(#17295));
#17295 = FILL_AREA_STYLE_COLOUR('',#16269);
#17296 = STYLED_ITEM('color',(#17297),#6663);
#17297 = PRESENTATION_STYLE_ASSIGNMENT((#17298));
#17298 = SURFACE_STYLE_USAGE(.BOTH.,#17299);
#17299 = SURFACE_SIDE_STYLE('',(#17300));
#17300 = SURFACE_STYLE_FILL_AREA(#17301);
#17301 = FILL_AREA_STYLE('',(#17302));
#17302 = FILL_AREA_STYLE_COLOUR('',#16269);
#17303 = STYLED_ITEM('color',(#17304),#6688);
#17304 = PRESENTATION_STYLE_ASSIGNMENT((#17305));
#17305 = SURFACE_STYLE_USAGE(.BOTH.,#17306);
#17306 = SURFACE_SIDE_STYLE('',(#17307));
#17307 = SURFACE_STYLE_FILL_AREA(#17308);
#17308 = FILL_AREA_STYLE('',(#17309));
#17309 = FILL_AREA_STYLE_COLOUR('',#16269);
#17310 = STYLED_ITEM('color',(#17311),#6713);
#17311 = PRESENTATION_STYLE_ASSIGNMENT((#17312));
#17312 = SURFACE_STYLE_USAGE(.BOTH.,#17313);
#17313 = SURFACE_SIDE_STYLE('',(#17314));
#17314 = SURFACE_STYLE_FILL_AREA(#17315);
#17315 = FILL_AREA_STYLE('',(#17316));
#17316 = FILL_AREA_STYLE_COLOUR('',#16269);
#17317 = STYLED_ITEM('color',(#17318),#6737);
#17318 = PRESENTATION_STYLE_ASSIGNMENT((#17319));
#17319 = SURFACE_STYLE_USAGE(.BOTH.,#17320);
#17320 = SURFACE_SIDE_STYLE('',(#17321));
#17321 = SURFACE_STYLE_FILL_AREA(#17322);
#17322 = FILL_AREA_STYLE('',(#17323));
#17323 = FILL_AREA_STYLE_COLOUR('',#16269);
#17324 = STYLED_ITEM('color',(#17325),#6754);
#17325 = PRESENTATION_STYLE_ASSIGNMENT((#17326));
#17326 = SURFACE_STYLE_USAGE(.BOTH.,#17327);
#17327 = SURFACE_SIDE_STYLE('',(#17328));
#17328 = SURFACE_STYLE_FILL_AREA(#17329);
#17329 = FILL_AREA_STYLE('',(#17330));
#17330 = FILL_AREA_STYLE_COLOUR('',#17331);
#17331 = COLOUR_RGB('',0.340000006699,0.68000001254,0.444999988852);
#17332 = STYLED_ITEM('color',(#17333),#6785);
#17333 = PRESENTATION_STYLE_ASSIGNMENT((#17334));
#17334 = SURFACE_STYLE_USAGE(.BOTH.,#17335);
#17335 = SURFACE_SIDE_STYLE('',(#17336));
#17336 = SURFACE_STYLE_FILL_AREA(#17337);
#17337 = FILL_AREA_STYLE('',(#17338));
#17338 = FILL_AREA_STYLE_COLOUR('',#17331);
#17339 = STYLED_ITEM('color',(#17340),#6809);
#17340 = PRESENTATION_STYLE_ASSIGNMENT((#17341));
#17341 = SURFACE_STYLE_USAGE(.BOTH.,#17342);
#17342 = SURFACE_SIDE_STYLE('',(#17343));
#17343 = SURFACE_STYLE_FILL_AREA(#17344);
#17344 = FILL_AREA_STYLE('',(#17345));
#17345 = FILL_AREA_STYLE_COLOUR('',#17331);
#17346 = STYLED_ITEM('color',(#17347),#6826);
#17347 = PRESENTATION_STYLE_ASSIGNMENT((#17348));
#17348 = SURFACE_STYLE_USAGE(.BOTH.,#17349);
#17349 = SURFACE_SIDE_STYLE('',(#17350));
#17350 = SURFACE_STYLE_FILL_AREA(#17351);
#17351 = FILL_AREA_STYLE('',(#17352));
#17352 = FILL_AREA_STYLE_COLOUR('',#16269);
#17353 = STYLED_ITEM('color',(#17354),#6854);
#17354 = PRESENTATION_STYLE_ASSIGNMENT((#17355));
#17355 = SURFACE_STYLE_USAGE(.BOTH.,#17356);
#17356 = SURFACE_SIDE_STYLE('',(#17357));
#17357 = SURFACE_STYLE_FILL_AREA(#17358);
#17358 = FILL_AREA_STYLE('',(#17359));
#17359 = FILL_AREA_STYLE_COLOUR('',#16269);
#17360 = STYLED_ITEM('color',(#17361),#6879);
#17361 = PRESENTATION_STYLE_ASSIGNMENT((#17362));
#17362 = SURFACE_STYLE_USAGE(.BOTH.,#17363);
#17363 = SURFACE_SIDE_STYLE('',(#17364));
#17364 = SURFACE_STYLE_FILL_AREA(#17365);
#17365 = FILL_AREA_STYLE('',(#17366));
#17366 = FILL_AREA_STYLE_COLOUR('',#16269);
#17367 = STYLED_ITEM('color',(#17368),#6903);
#17368 = PRESENTATION_STYLE_ASSIGNMENT((#17369));
#17369 = SURFACE_STYLE_USAGE(.BOTH.,#17370);
#17370 = SURFACE_SIDE_STYLE('',(#17371));
#17371 = SURFACE_STYLE_FILL_AREA(#17372);
#17372 = FILL_AREA_STYLE('',(#17373));
#17373 = FILL_AREA_STYLE_COLOUR('',#16269);
#17374 = STYLED_ITEM('color',(#17375),#6928);
#17375 = PRESENTATION_STYLE_ASSIGNMENT((#17376));
#17376 = SURFACE_STYLE_USAGE(.BOTH.,#17377);
#17377 = SURFACE_SIDE_STYLE('',(#17378));
#17378 = SURFACE_STYLE_FILL_AREA(#17379);
#17379 = FILL_AREA_STYLE('',(#17380));
#17380 = FILL_AREA_STYLE_COLOUR('',#16269);
#17381 = STYLED_ITEM('color',(#17382),#6975);
#17382 = PRESENTATION_STYLE_ASSIGNMENT((#17383));
#17383 = SURFACE_STYLE_USAGE(.BOTH.,#17384);
#17384 = SURFACE_SIDE_STYLE('',(#17385));
#17385 = SURFACE_STYLE_FILL_AREA(#17386);
#17386 = FILL_AREA_STYLE('',(#17387));
#17387 = FILL_AREA_STYLE_COLOUR('',#16269);
#17388 = STYLED_ITEM('color',(#17389),#6992);
#17389 = PRESENTATION_STYLE_ASSIGNMENT((#17390));
#17390 = SURFACE_STYLE_USAGE(.BOTH.,#17391);
#17391 = SURFACE_SIDE_STYLE('',(#17392));
#17392 = SURFACE_STYLE_FILL_AREA(#17393);
#17393 = FILL_AREA_STYLE('',(#17394));
#17394 = FILL_AREA_STYLE_COLOUR('',#16269);
#17395 = STYLED_ITEM('color',(#17396),#7004);
#17396 = PRESENTATION_STYLE_ASSIGNMENT((#17397));
#17397 = SURFACE_STYLE_USAGE(.BOTH.,#17398);
#17398 = SURFACE_SIDE_STYLE('',(#17399));
#17399 = SURFACE_STYLE_FILL_AREA(#17400);
#17400 = FILL_AREA_STYLE('',(#17401));
#17401 = FILL_AREA_STYLE_COLOUR('',#16269);
#17402 = STYLED_ITEM('color',(#17403),#7026);
#17403 = PRESENTATION_STYLE_ASSIGNMENT((#17404));
#17404 = SURFACE_STYLE_USAGE(.BOTH.,#17405);
#17405 = SURFACE_SIDE_STYLE('',(#17406));
#17406 = SURFACE_STYLE_FILL_AREA(#17407);
#17407 = FILL_AREA_STYLE('',(#17408));
#17408 = FILL_AREA_STYLE_COLOUR('',#16269);
#17409 = STYLED_ITEM('color',(#17410),#7038);
#17410 = PRESENTATION_STYLE_ASSIGNMENT((#17411));
#17411 = SURFACE_STYLE_USAGE(.BOTH.,#17412);
#17412 = SURFACE_SIDE_STYLE('',(#17413));
#17413 = SURFACE_STYLE_FILL_AREA(#17414);
#17414 = FILL_AREA_STYLE('',(#17415));
#17415 = FILL_AREA_STYLE_COLOUR('',#16269);
#17416 = STYLED_ITEM('color',(#17417),#7056);
#17417 = PRESENTATION_STYLE_ASSIGNMENT((#17418));
#17418 = SURFACE_STYLE_USAGE(.BOTH.,#17419);
#17419 = SURFACE_SIDE_STYLE('',(#17420));
#17420 = SURFACE_STYLE_FILL_AREA(#17421);
#17421 = FILL_AREA_STYLE('',(#17422));
#17422 = FILL_AREA_STYLE_COLOUR('',#16269);
#17423 = STYLED_ITEM('color',(#17424),#7074);
#17424 = PRESENTATION_STYLE_ASSIGNMENT((#17425));
#17425 = SURFACE_STYLE_USAGE(.BOTH.,#17426);
#17426 = SURFACE_SIDE_STYLE('',(#17427));
#17427 = SURFACE_STYLE_FILL_AREA(#17428);
#17428 = FILL_AREA_STYLE('',(#17429));
#17429 = FILL_AREA_STYLE_COLOUR('',#17331);
#17430 = MECHANICAL_DESIGN_GEOMETRIC_PRESENTATION_REPRESENTATION('',(
    #17431,#17440,#17449,#17458,#17467,#17476,#17485,#17494,#17503,
    #17512,#17521,#17530,#17539,#17548,#17557,#17566,#17575,#17584,
    #17593,#17602,#17611,#17620,#17629,#17638,#17647,#17656,#17665,
    #17674,#17683,#17692,#17701,#17710,#17719,#17728,#17737,#17746,
    #17755,#17764,#17773,#17782,#17791,#17800,#17809,#17818,#17827,
    #17836,#17845,#17854,#17863,#17872,#17881,#17890,#17899,#17908,
    #17917,#17926,#17935,#17944,#17953,#17962,#17971,#17980,#17989,
    #17998,#18007,#18016,#18025,#18034,#18043,#18052,#18061,#18070,
    #18079,#18088,#18097,#18106,#18115,#18124,#18133,#18142,#18151,
    #18160,#18169,#18178,#18187,#18196,#18205,#18214,#18223,#18232,
    #18241,#18250,#18259,#18268,#18277,#18286,#18295,#18304,#18313,
    #18322,#18331,#18340,#18349,#18358,#18367,#18376,#18385,#18394,
    #18403,#18412,#18421,#18430,#18439,#18448,#18457,#18466,#18475,
    #18484,#18493,#18502,#18511,#18520,#18529,#18538,#18547,#18556,
    #18565,#18574,#18583,#18592,#18601,#18610,#18619,#18628,#18637,
    #18646,#18655,#18664,#18673,#18682,#18691,#18700,#18709,#18718,
    #18727,#18736,#18745,#18754,#18763,#18772,#18781,#18790,#18799,
    #18808,#18817,#18826,#18835,#18844,#18853,#18862,#18871,#18880,
    #18889,#18898,#18907,#18916,#18925,#18934,#18943,#18952,#18961,
    #18970,#18979,#18988,#18997,#19006,#19015,#19024,#19033,#19042,
    #19051,#19060,#19069,#19078,#19087,#19096,#19105,#19114,#19123,
    #19132,#19141,#19150,#19159,#19168,#19177,#19186,#19195,#19204,
    #19213,#19222,#19231,#19240,#19249,#19258,#19267,#19276,#19285,
    #19294,#19303,#19312,#19321,#19330,#19339,#19348,#19357,#19366,
    #19375,#19384,#19393,#19402,#19411,#19420,#19429,#19438,#19447,
    #19456,#19465,#19474,#19483,#19492,#19501,#19510,#19519,#19528,
    #19537,#19546,#19555,#19564,#19573,#19582,#19591,#19600,#19609,
    #19618,#19627,#19636,#19645,#19654),#12841);
#17431 = STYLED_ITEM('color',(#17432),#7129);
#17432 = PRESENTATION_STYLE_ASSIGNMENT((#17433,#17438));
#17433 = SURFACE_STYLE_USAGE(.BOTH.,#17434);
#17434 = SURFACE_SIDE_STYLE('',(#17435));
#17435 = SURFACE_STYLE_FILL_AREA(#17436);
#17436 = FILL_AREA_STYLE('',(#17437));
#17437 = FILL_AREA_STYLE_COLOUR('',#15464);
#17438 = CURVE_STYLE('',#17439,POSITIVE_LENGTH_MEASURE(0.1),#15464);
#17439 = DRAUGHTING_PRE_DEFINED_CURVE_FONT('continuous');
#17440 = STYLED_ITEM('color',(#17441),#7169);
#17441 = PRESENTATION_STYLE_ASSIGNMENT((#17442,#17447));
#17442 = SURFACE_STYLE_USAGE(.BOTH.,#17443);
#17443 = SURFACE_SIDE_STYLE('',(#17444));
#17444 = SURFACE_STYLE_FILL_AREA(#17445);
#17445 = FILL_AREA_STYLE('',(#17446));
#17446 = FILL_AREA_STYLE_COLOUR('',#15464);
#17447 = CURVE_STYLE('',#17448,POSITIVE_LENGTH_MEASURE(0.1),#15464);
#17448 = DRAUGHTING_PRE_DEFINED_CURVE_FONT('continuous');
#17449 = STYLED_ITEM('color',(#17450),#7232);
#17450 = PRESENTATION_STYLE_ASSIGNMENT((#17451,#17456));
#17451 = SURFACE_STYLE_USAGE(.BOTH.,#17452);
#17452 = SURFACE_SIDE_STYLE('',(#17453));
#17453 = SURFACE_STYLE_FILL_AREA(#17454);
#17454 = FILL_AREA_STYLE('',(#17455));
#17455 = FILL_AREA_STYLE_COLOUR('',#15464);
#17456 = CURVE_STYLE('',#17457,POSITIVE_LENGTH_MEASURE(0.1),#15464);
#17457 = DRAUGHTING_PRE_DEFINED_CURVE_FONT('continuous');
#17458 = STYLED_ITEM('color',(#17459),#7295);
#17459 = PRESENTATION_STYLE_ASSIGNMENT((#17460,#17465));
#17460 = SURFACE_STYLE_USAGE(.BOTH.,#17461);
#17461 = SURFACE_SIDE_STYLE('',(#17462));
#17462 = SURFACE_STYLE_FILL_AREA(#17463);
#17463 = FILL_AREA_STYLE('',(#17464));
#17464 = FILL_AREA_STYLE_COLOUR('',#15464);
#17465 = CURVE_STYLE('',#17466,POSITIVE_LENGTH_MEASURE(0.1),#15464);
#17466 = DRAUGHTING_PRE_DEFINED_CURVE_FONT('continuous');
#17467 = STYLED_ITEM('color',(#17468),#7312);
#17468 = PRESENTATION_STYLE_ASSIGNMENT((#17469,#17474));
#17469 = SURFACE_STYLE_USAGE(.BOTH.,#17470);
#17470 = SURFACE_SIDE_STYLE('',(#17471));
#17471 = SURFACE_STYLE_FILL_AREA(#17472);
#17472 = FILL_AREA_STYLE('',(#17473));
#17473 = FILL_AREA_STYLE_COLOUR('',#15464);
#17474 = CURVE_STYLE('',#17475,POSITIVE_LENGTH_MEASURE(0.1),#15464);
#17475 = DRAUGHTING_PRE_DEFINED_CURVE_FONT('continuous');
#17476 = STYLED_ITEM('color',(#17477),#7567);
#17477 = PRESENTATION_STYLE_ASSIGNMENT((#17478,#17483));
#17478 = SURFACE_STYLE_USAGE(.BOTH.,#17479);
#17479 = SURFACE_SIDE_STYLE('',(#17480));
#17480 = SURFACE_STYLE_FILL_AREA(#17481);
#17481 = FILL_AREA_STYLE('',(#17482));
#17482 = FILL_AREA_STYLE_COLOUR('',#15464);
#17483 = CURVE_STYLE('',#17484,POSITIVE_LENGTH_MEASURE(0.1),#15464);
#17484 = DRAUGHTING_PRE_DEFINED_CURVE_FONT('continuous');
#17485 = STYLED_ITEM('color',(#17486),#7589);
#17486 = PRESENTATION_STYLE_ASSIGNMENT((#17487,#17492));
#17487 = SURFACE_STYLE_USAGE(.BOTH.,#17488);
#17488 = SURFACE_SIDE_STYLE('',(#17489));
#17489 = SURFACE_STYLE_FILL_AREA(#17490);
#17490 = FILL_AREA_STYLE('',(#17491));
#17491 = FILL_AREA_STYLE_COLOUR('',#15464);
#17492 = CURVE_STYLE('',#17493,POSITIVE_LENGTH_MEASURE(0.1),#15464);
#17493 = DRAUGHTING_PRE_DEFINED_CURVE_FONT('continuous');
#17494 = STYLED_ITEM('color',(#17495),#7606);
#17495 = PRESENTATION_STYLE_ASSIGNMENT((#17496,#17501));
#17496 = SURFACE_STYLE_USAGE(.BOTH.,#17497);
#17497 = SURFACE_SIDE_STYLE('',(#17498));
#17498 = SURFACE_STYLE_FILL_AREA(#17499);
#17499 = FILL_AREA_STYLE('',(#17500));
#17500 = FILL_AREA_STYLE_COLOUR('',#15464);
#17501 = CURVE_STYLE('',#17502,POSITIVE_LENGTH_MEASURE(0.1),#15464);
#17502 = DRAUGHTING_PRE_DEFINED_CURVE_FONT('continuous');
#17503 = OVER_RIDING_STYLED_ITEM('overriding color',(#17504),#7639,
  #17494);
#17504 = PRESENTATION_STYLE_ASSIGNMENT((#17505,#17510));
#17505 = SURFACE_STYLE_USAGE(.BOTH.,#17506);
#17506 = SURFACE_SIDE_STYLE('',(#17507));
#17507 = SURFACE_STYLE_FILL_AREA(#17508);
#17508 = FILL_AREA_STYLE('',(#17509));
#17509 = FILL_AREA_STYLE_COLOUR('',#16269);
#17510 = CURVE_STYLE('',#17511,POSITIVE_LENGTH_MEASURE(0.1),#16269);
#17511 = DRAUGHTING_PRE_DEFINED_CURVE_FONT('continuous');
#17512 = OVER_RIDING_STYLED_ITEM('overriding color',(#17513),#7671,
  #17494);
#17513 = PRESENTATION_STYLE_ASSIGNMENT((#17514,#17519));
#17514 = SURFACE_STYLE_USAGE(.BOTH.,#17515);
#17515 = SURFACE_SIDE_STYLE('',(#17516));
#17516 = SURFACE_STYLE_FILL_AREA(#17517);
#17517 = FILL_AREA_STYLE('',(#17518));
#17518 = FILL_AREA_STYLE_COLOUR('',#16269);
#17519 = CURVE_STYLE('',#17520,POSITIVE_LENGTH_MEASURE(0.1),#16269);
#17520 = DRAUGHTING_PRE_DEFINED_CURVE_FONT('continuous');
#17521 = OVER_RIDING_STYLED_ITEM('overriding color',(#17522),#7705,
  #17494);
#17522 = PRESENTATION_STYLE_ASSIGNMENT((#17523,#17528));
#17523 = SURFACE_STYLE_USAGE(.BOTH.,#17524);
#17524 = SURFACE_SIDE_STYLE('',(#17525));
#17525 = SURFACE_STYLE_FILL_AREA(#17526);
#17526 = FILL_AREA_STYLE('',(#17527));
#17527 = FILL_AREA_STYLE_COLOUR('',#16269);
#17528 = CURVE_STYLE('',#17529,POSITIVE_LENGTH_MEASURE(0.1),#16269);
#17529 = DRAUGHTING_PRE_DEFINED_CURVE_FONT('continuous');
#17530 = OVER_RIDING_STYLED_ITEM('overriding color',(#17531),#7737,
  #17494);
#17531 = PRESENTATION_STYLE_ASSIGNMENT((#17532,#17537));
#17532 = SURFACE_STYLE_USAGE(.BOTH.,#17533);
#17533 = SURFACE_SIDE_STYLE('',(#17534));
#17534 = SURFACE_STYLE_FILL_AREA(#17535);
#17535 = FILL_AREA_STYLE('',(#17536));
#17536 = FILL_AREA_STYLE_COLOUR('',#16269);
#17537 = CURVE_STYLE('',#17538,POSITIVE_LENGTH_MEASURE(0.1),#16269);
#17538 = DRAUGHTING_PRE_DEFINED_CURVE_FONT('continuous');
#17539 = OVER_RIDING_STYLED_ITEM('overriding color',(#17540),#7771,
  #17494);
#17540 = PRESENTATION_STYLE_ASSIGNMENT((#17541,#17546));
#17541 = SURFACE_STYLE_USAGE(.BOTH.,#17542);
#17542 = SURFACE_SIDE_STYLE('',(#17543));
#17543 = SURFACE_STYLE_FILL_AREA(#17544);
#17544 = FILL_AREA_STYLE('',(#17545));
#17545 = FILL_AREA_STYLE_COLOUR('',#16269);
#17546 = CURVE_STYLE('',#17547,POSITIVE_LENGTH_MEASURE(0.1),#16269);
#17547 = DRAUGHTING_PRE_DEFINED_CURVE_FONT('continuous');
#17548 = OVER_RIDING_STYLED_ITEM('overriding color',(#17549),#7803,
  #17494);
#17549 = PRESENTATION_STYLE_ASSIGNMENT((#17550,#17555));
#17550 = SURFACE_STYLE_USAGE(.BOTH.,#17551);
#17551 = SURFACE_SIDE_STYLE('',(#17552));
#17552 = SURFACE_STYLE_FILL_AREA(#17553);
#17553 = FILL_AREA_STYLE('',(#17554));
#17554 = FILL_AREA_STYLE_COLOUR('',#16269);
#17555 = CURVE_STYLE('',#17556,POSITIVE_LENGTH_MEASURE(0.1),#16269);
#17556 = DRAUGHTING_PRE_DEFINED_CURVE_FONT('continuous');
#17557 = OVER_RIDING_STYLED_ITEM('overriding color',(#17558),#7837,
  #17494);
#17558 = PRESENTATION_STYLE_ASSIGNMENT((#17559,#17564));
#17559 = SURFACE_STYLE_USAGE(.BOTH.,#17560);
#17560 = SURFACE_SIDE_STYLE('',(#17561));
#17561 = SURFACE_STYLE_FILL_AREA(#17562);
#17562 = FILL_AREA_STYLE('',(#17563));
#17563 = FILL_AREA_STYLE_COLOUR('',#16269);
#17564 = CURVE_STYLE('',#17565,POSITIVE_LENGTH_MEASURE(0.1),#16269);
#17565 = DRAUGHTING_PRE_DEFINED_CURVE_FONT('continuous');
#17566 = OVER_RIDING_STYLED_ITEM('overriding color',(#17567),#7869,
  #17494);
#17567 = PRESENTATION_STYLE_ASSIGNMENT((#17568,#17573));
#17568 = SURFACE_STYLE_USAGE(.BOTH.,#17569);
#17569 = SURFACE_SIDE_STYLE('',(#17570));
#17570 = SURFACE_STYLE_FILL_AREA(#17571);
#17571 = FILL_AREA_STYLE('',(#17572));
#17572 = FILL_AREA_STYLE_COLOUR('',#16269);
#17573 = CURVE_STYLE('',#17574,POSITIVE_LENGTH_MEASURE(0.1),#16269);
#17574 = DRAUGHTING_PRE_DEFINED_CURVE_FONT('continuous');
#17575 = OVER_RIDING_STYLED_ITEM('overriding color',(#17576),#7903,
  #17494);
#17576 = PRESENTATION_STYLE_ASSIGNMENT((#17577,#17582));
#17577 = SURFACE_STYLE_USAGE(.BOTH.,#17578);
#17578 = SURFACE_SIDE_STYLE('',(#17579));
#17579 = SURFACE_STYLE_FILL_AREA(#17580);
#17580 = FILL_AREA_STYLE('',(#17581));
#17581 = FILL_AREA_STYLE_COLOUR('',#16269);
#17582 = CURVE_STYLE('',#17583,POSITIVE_LENGTH_MEASURE(0.1),#16269);
#17583 = DRAUGHTING_PRE_DEFINED_CURVE_FONT('continuous');
#17584 = OVER_RIDING_STYLED_ITEM('overriding color',(#17585),#7935,
  #17494);
#17585 = PRESENTATION_STYLE_ASSIGNMENT((#17586,#17591));
#17586 = SURFACE_STYLE_USAGE(.BOTH.,#17587);
#17587 = SURFACE_SIDE_STYLE('',(#17588));
#17588 = SURFACE_STYLE_FILL_AREA(#17589);
#17589 = FILL_AREA_STYLE('',(#17590));
#17590 = FILL_AREA_STYLE_COLOUR('',#16269);
#17591 = CURVE_STYLE('',#17592,POSITIVE_LENGTH_MEASURE(0.1),#16269);
#17592 = DRAUGHTING_PRE_DEFINED_CURVE_FONT('continuous');
#17593 = OVER_RIDING_STYLED_ITEM('overriding color',(#17594),#7969,
  #17494);
#17594 = PRESENTATION_STYLE_ASSIGNMENT((#17595,#17600));
#17595 = SURFACE_STYLE_USAGE(.BOTH.,#17596);
#17596 = SURFACE_SIDE_STYLE('',(#17597));
#17597 = SURFACE_STYLE_FILL_AREA(#17598);
#17598 = FILL_AREA_STYLE('',(#17599));
#17599 = FILL_AREA_STYLE_COLOUR('',#16269);
#17600 = CURVE_STYLE('',#17601,POSITIVE_LENGTH_MEASURE(0.1),#16269);
#17601 = DRAUGHTING_PRE_DEFINED_CURVE_FONT('continuous');
#17602 = OVER_RIDING_STYLED_ITEM('overriding color',(#17603),#8001,
  #17494);
#17603 = PRESENTATION_STYLE_ASSIGNMENT((#17604,#17609));
#17604 = SURFACE_STYLE_USAGE(.BOTH.,#17605);
#17605 = SURFACE_SIDE_STYLE('',(#17606));
#17606 = SURFACE_STYLE_FILL_AREA(#17607);
#17607 = FILL_AREA_STYLE('',(#17608));
#17608 = FILL_AREA_STYLE_COLOUR('',#16269);
#17609 = CURVE_STYLE('',#17610,POSITIVE_LENGTH_MEASURE(0.1),#16269);
#17610 = DRAUGHTING_PRE_DEFINED_CURVE_FONT('continuous');
#17611 = OVER_RIDING_STYLED_ITEM('overriding color',(#17612),#8035,
  #17494);
#17612 = PRESENTATION_STYLE_ASSIGNMENT((#17613,#17618));
#17613 = SURFACE_STYLE_USAGE(.BOTH.,#17614);
#17614 = SURFACE_SIDE_STYLE('',(#17615));
#17615 = SURFACE_STYLE_FILL_AREA(#17616);
#17616 = FILL_AREA_STYLE('',(#17617));
#17617 = FILL_AREA_STYLE_COLOUR('',#16269);
#17618 = CURVE_STYLE('',#17619,POSITIVE_LENGTH_MEASURE(0.1),#16269);
#17619 = DRAUGHTING_PRE_DEFINED_CURVE_FONT('continuous');
#17620 = OVER_RIDING_STYLED_ITEM('overriding color',(#17621),#8067,
  #17494);
#17621 = PRESENTATION_STYLE_ASSIGNMENT((#17622,#17627));
#17622 = SURFACE_STYLE_USAGE(.BOTH.,#17623);
#17623 = SURFACE_SIDE_STYLE('',(#17624));
#17624 = SURFACE_STYLE_FILL_AREA(#17625);
#17625 = FILL_AREA_STYLE('',(#17626));
#17626 = FILL_AREA_STYLE_COLOUR('',#16269);
#17627 = CURVE_STYLE('',#17628,POSITIVE_LENGTH_MEASURE(0.1),#16269);
#17628 = DRAUGHTING_PRE_DEFINED_CURVE_FONT('continuous');
#17629 = STYLED_ITEM('color',(#17630),#8085);
#17630 = PRESENTATION_STYLE_ASSIGNMENT((#17631,#17636));
#17631 = SURFACE_STYLE_USAGE(.BOTH.,#17632);
#17632 = SURFACE_SIDE_STYLE('',(#17633));
#17633 = SURFACE_STYLE_FILL_AREA(#17634);
#17634 = FILL_AREA_STYLE('',(#17635));
#17635 = FILL_AREA_STYLE_COLOUR('',#15464);
#17636 = CURVE_STYLE('',#17637,POSITIVE_LENGTH_MEASURE(0.1),#15464);
#17637 = DRAUGHTING_PRE_DEFINED_CURVE_FONT('continuous');
#17638 = STYLED_ITEM('color',(#17639),#8097);
#17639 = PRESENTATION_STYLE_ASSIGNMENT((#17640,#17645));
#17640 = SURFACE_STYLE_USAGE(.BOTH.,#17641);
#17641 = SURFACE_SIDE_STYLE('',(#17642));
#17642 = SURFACE_STYLE_FILL_AREA(#17643);
#17643 = FILL_AREA_STYLE('',(#17644));
#17644 = FILL_AREA_STYLE_COLOUR('',#15464);
#17645 = CURVE_STYLE('',#17646,POSITIVE_LENGTH_MEASURE(0.1),#15464);
#17646 = DRAUGHTING_PRE_DEFINED_CURVE_FONT('continuous');
#17647 = STYLED_ITEM('color',(#17648),#8109);
#17648 = PRESENTATION_STYLE_ASSIGNMENT((#17649,#17654));
#17649 = SURFACE_STYLE_USAGE(.BOTH.,#17650);
#17650 = SURFACE_SIDE_STYLE('',(#17651));
#17651 = SURFACE_STYLE_FILL_AREA(#17652);
#17652 = FILL_AREA_STYLE('',(#17653));
#17653 = FILL_AREA_STYLE_COLOUR('',#15464);
#17654 = CURVE_STYLE('',#17655,POSITIVE_LENGTH_MEASURE(0.1),#15464);
#17655 = DRAUGHTING_PRE_DEFINED_CURVE_FONT('continuous');
#17656 = STYLED_ITEM('color',(#17657),#8140);
#17657 = PRESENTATION_STYLE_ASSIGNMENT((#17658,#17663));
#17658 = SURFACE_STYLE_USAGE(.BOTH.,#17659);
#17659 = SURFACE_SIDE_STYLE('',(#17660));
#17660 = SURFACE_STYLE_FILL_AREA(#17661);
#17661 = FILL_AREA_STYLE('',(#17662));
#17662 = FILL_AREA_STYLE_COLOUR('',#15464);
#17663 = CURVE_STYLE('',#17664,POSITIVE_LENGTH_MEASURE(0.1),#15464);
#17664 = DRAUGHTING_PRE_DEFINED_CURVE_FONT('continuous');
#17665 = STYLED_ITEM('color',(#17666),#8164);
#17666 = PRESENTATION_STYLE_ASSIGNMENT((#17667,#17672));
#17667 = SURFACE_STYLE_USAGE(.BOTH.,#17668);
#17668 = SURFACE_SIDE_STYLE('',(#17669));
#17669 = SURFACE_STYLE_FILL_AREA(#17670);
#17670 = FILL_AREA_STYLE('',(#17671));
#17671 = FILL_AREA_STYLE_COLOUR('',#15464);
#17672 = CURVE_STYLE('',#17673,POSITIVE_LENGTH_MEASURE(0.1),#15464);
#17673 = DRAUGHTING_PRE_DEFINED_CURVE_FONT('continuous');
#17674 = STYLED_ITEM('color',(#17675),#8188);
#17675 = PRESENTATION_STYLE_ASSIGNMENT((#17676,#17681));
#17676 = SURFACE_STYLE_USAGE(.BOTH.,#17677);
#17677 = SURFACE_SIDE_STYLE('',(#17678));
#17678 = SURFACE_STYLE_FILL_AREA(#17679);
#17679 = FILL_AREA_STYLE('',(#17680));
#17680 = FILL_AREA_STYLE_COLOUR('',#15464);
#17681 = CURVE_STYLE('',#17682,POSITIVE_LENGTH_MEASURE(0.1),#15464);
#17682 = DRAUGHTING_PRE_DEFINED_CURVE_FONT('continuous');
#17683 = STYLED_ITEM('color',(#17684),#8205);
#17684 = PRESENTATION_STYLE_ASSIGNMENT((#17685,#17690));
#17685 = SURFACE_STYLE_USAGE(.BOTH.,#17686);
#17686 = SURFACE_SIDE_STYLE('',(#17687));
#17687 = SURFACE_STYLE_FILL_AREA(#17688);
#17688 = FILL_AREA_STYLE('',(#17689));
#17689 = FILL_AREA_STYLE_COLOUR('',#15464);
#17690 = CURVE_STYLE('',#17691,POSITIVE_LENGTH_MEASURE(0.1),#15464);
#17691 = DRAUGHTING_PRE_DEFINED_CURVE_FONT('continuous');
#17692 = STYLED_ITEM('color',(#17693),#8236);
#17693 = PRESENTATION_STYLE_ASSIGNMENT((#17694,#17699));
#17694 = SURFACE_STYLE_USAGE(.BOTH.,#17695);
#17695 = SURFACE_SIDE_STYLE('',(#17696));
#17696 = SURFACE_STYLE_FILL_AREA(#17697);
#17697 = FILL_AREA_STYLE('',(#17698));
#17698 = FILL_AREA_STYLE_COLOUR('',#15464);
#17699 = CURVE_STYLE('',#17700,POSITIVE_LENGTH_MEASURE(0.1),#15464);
#17700 = DRAUGHTING_PRE_DEFINED_CURVE_FONT('continuous');
#17701 = STYLED_ITEM('color',(#17702),#8260);
#17702 = PRESENTATION_STYLE_ASSIGNMENT((#17703,#17708));
#17703 = SURFACE_STYLE_USAGE(.BOTH.,#17704);
#17704 = SURFACE_SIDE_STYLE('',(#17705));
#17705 = SURFACE_STYLE_FILL_AREA(#17706);
#17706 = FILL_AREA_STYLE('',(#17707));
#17707 = FILL_AREA_STYLE_COLOUR('',#15464);
#17708 = CURVE_STYLE('',#17709,POSITIVE_LENGTH_MEASURE(0.1),#15464);
#17709 = DRAUGHTING_PRE_DEFINED_CURVE_FONT('continuous');
#17710 = STYLED_ITEM('color',(#17711),#8284);
#17711 = PRESENTATION_STYLE_ASSIGNMENT((#17712,#17717));
#17712 = SURFACE_STYLE_USAGE(.BOTH.,#17713);
#17713 = SURFACE_SIDE_STYLE('',(#17714));
#17714 = SURFACE_STYLE_FILL_AREA(#17715);
#17715 = FILL_AREA_STYLE('',(#17716));
#17716 = FILL_AREA_STYLE_COLOUR('',#15464);
#17717 = CURVE_STYLE('',#17718,POSITIVE_LENGTH_MEASURE(0.1),#15464);
#17718 = DRAUGHTING_PRE_DEFINED_CURVE_FONT('continuous');
#17719 = STYLED_ITEM('color',(#17720),#8301);
#17720 = PRESENTATION_STYLE_ASSIGNMENT((#17721,#17726));
#17721 = SURFACE_STYLE_USAGE(.BOTH.,#17722);
#17722 = SURFACE_SIDE_STYLE('',(#17723));
#17723 = SURFACE_STYLE_FILL_AREA(#17724);
#17724 = FILL_AREA_STYLE('',(#17725));
#17725 = FILL_AREA_STYLE_COLOUR('',#15464);
#17726 = CURVE_STYLE('',#17727,POSITIVE_LENGTH_MEASURE(0.1),#15464);
#17727 = DRAUGHTING_PRE_DEFINED_CURVE_FONT('continuous');
#17728 = STYLED_ITEM('color',(#17729),#8332);
#17729 = PRESENTATION_STYLE_ASSIGNMENT((#17730,#17735));
#17730 = SURFACE_STYLE_USAGE(.BOTH.,#17731);
#17731 = SURFACE_SIDE_STYLE('',(#17732));
#17732 = SURFACE_STYLE_FILL_AREA(#17733);
#17733 = FILL_AREA_STYLE('',(#17734));
#17734 = FILL_AREA_STYLE_COLOUR('',#15464);
#17735 = CURVE_STYLE('',#17736,POSITIVE_LENGTH_MEASURE(0.1),#15464);
#17736 = DRAUGHTING_PRE_DEFINED_CURVE_FONT('continuous');
#17737 = STYLED_ITEM('color',(#17738),#8356);
#17738 = PRESENTATION_STYLE_ASSIGNMENT((#17739,#17744));
#17739 = SURFACE_STYLE_USAGE(.BOTH.,#17740);
#17740 = SURFACE_SIDE_STYLE('',(#17741));
#17741 = SURFACE_STYLE_FILL_AREA(#17742);
#17742 = FILL_AREA_STYLE('',(#17743));
#17743 = FILL_AREA_STYLE_COLOUR('',#15464);
#17744 = CURVE_STYLE('',#17745,POSITIVE_LENGTH_MEASURE(0.1),#15464);
#17745 = DRAUGHTING_PRE_DEFINED_CURVE_FONT('continuous');
#17746 = STYLED_ITEM('color',(#17747),#8380);
#17747 = PRESENTATION_STYLE_ASSIGNMENT((#17748,#17753));
#17748 = SURFACE_STYLE_USAGE(.BOTH.,#17749);
#17749 = SURFACE_SIDE_STYLE('',(#17750));
#17750 = SURFACE_STYLE_FILL_AREA(#17751);
#17751 = FILL_AREA_STYLE('',(#17752));
#17752 = FILL_AREA_STYLE_COLOUR('',#15464);
#17753 = CURVE_STYLE('',#17754,POSITIVE_LENGTH_MEASURE(0.1),#15464);
#17754 = DRAUGHTING_PRE_DEFINED_CURVE_FONT('continuous');
#17755 = STYLED_ITEM('color',(#17756),#8397);
#17756 = PRESENTATION_STYLE_ASSIGNMENT((#17757,#17762));
#17757 = SURFACE_STYLE_USAGE(.BOTH.,#17758);
#17758 = SURFACE_SIDE_STYLE('',(#17759));
#17759 = SURFACE_STYLE_FILL_AREA(#17760);
#17760 = FILL_AREA_STYLE('',(#17761));
#17761 = FILL_AREA_STYLE_COLOUR('',#15464);
#17762 = CURVE_STYLE('',#17763,POSITIVE_LENGTH_MEASURE(0.1),#15464);
#17763 = DRAUGHTING_PRE_DEFINED_CURVE_FONT('continuous');
#17764 = STYLED_ITEM('color',(#17765),#8428);
#17765 = PRESENTATION_STYLE_ASSIGNMENT((#17766,#17771));
#17766 = SURFACE_STYLE_USAGE(.BOTH.,#17767);
#17767 = SURFACE_SIDE_STYLE('',(#17768));
#17768 = SURFACE_STYLE_FILL_AREA(#17769);
#17769 = FILL_AREA_STYLE('',(#17770));
#17770 = FILL_AREA_STYLE_COLOUR('',#15464);
#17771 = CURVE_STYLE('',#17772,POSITIVE_LENGTH_MEASURE(0.1),#15464);
#17772 = DRAUGHTING_PRE_DEFINED_CURVE_FONT('continuous');
#17773 = STYLED_ITEM('color',(#17774),#8452);
#17774 = PRESENTATION_STYLE_ASSIGNMENT((#17775,#17780));
#17775 = SURFACE_STYLE_USAGE(.BOTH.,#17776);
#17776 = SURFACE_SIDE_STYLE('',(#17777));
#17777 = SURFACE_STYLE_FILL_AREA(#17778);
#17778 = FILL_AREA_STYLE('',(#17779));
#17779 = FILL_AREA_STYLE_COLOUR('',#15464);
#17780 = CURVE_STYLE('',#17781,POSITIVE_LENGTH_MEASURE(0.1),#15464);
#17781 = DRAUGHTING_PRE_DEFINED_CURVE_FONT('continuous');
#17782 = STYLED_ITEM('color',(#17783),#8476);
#17783 = PRESENTATION_STYLE_ASSIGNMENT((#17784,#17789));
#17784 = SURFACE_STYLE_USAGE(.BOTH.,#17785);
#17785 = SURFACE_SIDE_STYLE('',(#17786));
#17786 = SURFACE_STYLE_FILL_AREA(#17787);
#17787 = FILL_AREA_STYLE('',(#17788));
#17788 = FILL_AREA_STYLE_COLOUR('',#15464);
#17789 = CURVE_STYLE('',#17790,POSITIVE_LENGTH_MEASURE(0.1),#15464);
#17790 = DRAUGHTING_PRE_DEFINED_CURVE_FONT('continuous');
#17791 = STYLED_ITEM('color',(#17792),#8493);
#17792 = PRESENTATION_STYLE_ASSIGNMENT((#17793,#17798));
#17793 = SURFACE_STYLE_USAGE(.BOTH.,#17794);
#17794 = SURFACE_SIDE_STYLE('',(#17795));
#17795 = SURFACE_STYLE_FILL_AREA(#17796);
#17796 = FILL_AREA_STYLE('',(#17797));
#17797 = FILL_AREA_STYLE_COLOUR('',#15464);
#17798 = CURVE_STYLE('',#17799,POSITIVE_LENGTH_MEASURE(0.1),#15464);
#17799 = DRAUGHTING_PRE_DEFINED_CURVE_FONT('continuous');
#17800 = STYLED_ITEM('color',(#17801),#8524);
#17801 = PRESENTATION_STYLE_ASSIGNMENT((#17802,#17807));
#17802 = SURFACE_STYLE_USAGE(.BOTH.,#17803);
#17803 = SURFACE_SIDE_STYLE('',(#17804));
#17804 = SURFACE_STYLE_FILL_AREA(#17805);
#17805 = FILL_AREA_STYLE('',(#17806));
#17806 = FILL_AREA_STYLE_COLOUR('',#15464);
#17807 = CURVE_STYLE('',#17808,POSITIVE_LENGTH_MEASURE(0.1),#15464);
#17808 = DRAUGHTING_PRE_DEFINED_CURVE_FONT('continuous');
#17809 = STYLED_ITEM('color',(#17810),#8548);
#17810 = PRESENTATION_STYLE_ASSIGNMENT((#17811,#17816));
#17811 = SURFACE_STYLE_USAGE(.BOTH.,#17812);
#17812 = SURFACE_SIDE_STYLE('',(#17813));
#17813 = SURFACE_STYLE_FILL_AREA(#17814);
#17814 = FILL_AREA_STYLE('',(#17815));
#17815 = FILL_AREA_STYLE_COLOUR('',#15464);
#17816 = CURVE_STYLE('',#17817,POSITIVE_LENGTH_MEASURE(0.1),#15464);
#17817 = DRAUGHTING_PRE_DEFINED_CURVE_FONT('continuous');
#17818 = STYLED_ITEM('color',(#17819),#8572);
#17819 = PRESENTATION_STYLE_ASSIGNMENT((#17820,#17825));
#17820 = SURFACE_STYLE_USAGE(.BOTH.,#17821);
#17821 = SURFACE_SIDE_STYLE('',(#17822));
#17822 = SURFACE_STYLE_FILL_AREA(#17823);
#17823 = FILL_AREA_STYLE('',(#17824));
#17824 = FILL_AREA_STYLE_COLOUR('',#15464);
#17825 = CURVE_STYLE('',#17826,POSITIVE_LENGTH_MEASURE(0.1),#15464);
#17826 = DRAUGHTING_PRE_DEFINED_CURVE_FONT('continuous');
#17827 = STYLED_ITEM('color',(#17828),#8589);
#17828 = PRESENTATION_STYLE_ASSIGNMENT((#17829,#17834));
#17829 = SURFACE_STYLE_USAGE(.BOTH.,#17830);
#17830 = SURFACE_SIDE_STYLE('',(#17831));
#17831 = SURFACE_STYLE_FILL_AREA(#17832);
#17832 = FILL_AREA_STYLE('',(#17833));
#17833 = FILL_AREA_STYLE_COLOUR('',#15464);
#17834 = CURVE_STYLE('',#17835,POSITIVE_LENGTH_MEASURE(0.1),#15464);
#17835 = DRAUGHTING_PRE_DEFINED_CURVE_FONT('continuous');
#17836 = STYLED_ITEM('color',(#17837),#8620);
#17837 = PRESENTATION_STYLE_ASSIGNMENT((#17838,#17843));
#17838 = SURFACE_STYLE_USAGE(.BOTH.,#17839);
#17839 = SURFACE_SIDE_STYLE('',(#17840));
#17840 = SURFACE_STYLE_FILL_AREA(#17841);
#17841 = FILL_AREA_STYLE('',(#17842));
#17842 = FILL_AREA_STYLE_COLOUR('',#15464);
#17843 = CURVE_STYLE('',#17844,POSITIVE_LENGTH_MEASURE(0.1),#15464);
#17844 = DRAUGHTING_PRE_DEFINED_CURVE_FONT('continuous');
#17845 = STYLED_ITEM('color',(#17846),#8644);
#17846 = PRESENTATION_STYLE_ASSIGNMENT((#17847,#17852));
#17847 = SURFACE_STYLE_USAGE(.BOTH.,#17848);
#17848 = SURFACE_SIDE_STYLE('',(#17849));
#17849 = SURFACE_STYLE_FILL_AREA(#17850);
#17850 = FILL_AREA_STYLE('',(#17851));
#17851 = FILL_AREA_STYLE_COLOUR('',#15464);
#17852 = CURVE_STYLE('',#17853,POSITIVE_LENGTH_MEASURE(0.1),#15464);
#17853 = DRAUGHTING_PRE_DEFINED_CURVE_FONT('continuous');
#17854 = STYLED_ITEM('color',(#17855),#8668);
#17855 = PRESENTATION_STYLE_ASSIGNMENT((#17856,#17861));
#17856 = SURFACE_STYLE_USAGE(.BOTH.,#17857);
#17857 = SURFACE_SIDE_STYLE('',(#17858));
#17858 = SURFACE_STYLE_FILL_AREA(#17859);
#17859 = FILL_AREA_STYLE('',(#17860));
#17860 = FILL_AREA_STYLE_COLOUR('',#15464);
#17861 = CURVE_STYLE('',#17862,POSITIVE_LENGTH_MEASURE(0.1),#15464);
#17862 = DRAUGHTING_PRE_DEFINED_CURVE_FONT('continuous');
#17863 = STYLED_ITEM('color',(#17864),#8685);
#17864 = PRESENTATION_STYLE_ASSIGNMENT((#17865,#17870));
#17865 = SURFACE_STYLE_USAGE(.BOTH.,#17866);
#17866 = SURFACE_SIDE_STYLE('',(#17867));
#17867 = SURFACE_STYLE_FILL_AREA(#17868);
#17868 = FILL_AREA_STYLE('',(#17869));
#17869 = FILL_AREA_STYLE_COLOUR('',#15464);
#17870 = CURVE_STYLE('',#17871,POSITIVE_LENGTH_MEASURE(0.1),#15464);
#17871 = DRAUGHTING_PRE_DEFINED_CURVE_FONT('continuous');
#17872 = STYLED_ITEM('color',(#17873),#8716);
#17873 = PRESENTATION_STYLE_ASSIGNMENT((#17874,#17879));
#17874 = SURFACE_STYLE_USAGE(.BOTH.,#17875);
#17875 = SURFACE_SIDE_STYLE('',(#17876));
#17876 = SURFACE_STYLE_FILL_AREA(#17877);
#17877 = FILL_AREA_STYLE('',(#17878));
#17878 = FILL_AREA_STYLE_COLOUR('',#15464);
#17879 = CURVE_STYLE('',#17880,POSITIVE_LENGTH_MEASURE(0.1),#15464);
#17880 = DRAUGHTING_PRE_DEFINED_CURVE_FONT('continuous');
#17881 = STYLED_ITEM('color',(#17882),#8740);
#17882 = PRESENTATION_STYLE_ASSIGNMENT((#17883,#17888));
#17883 = SURFACE_STYLE_USAGE(.BOTH.,#17884);
#17884 = SURFACE_SIDE_STYLE('',(#17885));
#17885 = SURFACE_STYLE_FILL_AREA(#17886);
#17886 = FILL_AREA_STYLE('',(#17887));
#17887 = FILL_AREA_STYLE_COLOUR('',#15464);
#17888 = CURVE_STYLE('',#17889,POSITIVE_LENGTH_MEASURE(0.1),#15464);
#17889 = DRAUGHTING_PRE_DEFINED_CURVE_FONT('continuous');
#17890 = STYLED_ITEM('color',(#17891),#8764);
#17891 = PRESENTATION_STYLE_ASSIGNMENT((#17892,#17897));
#17892 = SURFACE_STYLE_USAGE(.BOTH.,#17893);
#17893 = SURFACE_SIDE_STYLE('',(#17894));
#17894 = SURFACE_STYLE_FILL_AREA(#17895);
#17895 = FILL_AREA_STYLE('',(#17896));
#17896 = FILL_AREA_STYLE_COLOUR('',#15464);
#17897 = CURVE_STYLE('',#17898,POSITIVE_LENGTH_MEASURE(0.1),#15464);
#17898 = DRAUGHTING_PRE_DEFINED_CURVE_FONT('continuous');
#17899 = STYLED_ITEM('color',(#17900),#8781);
#17900 = PRESENTATION_STYLE_ASSIGNMENT((#17901,#17906));
#17901 = SURFACE_STYLE_USAGE(.BOTH.,#17902);
#17902 = SURFACE_SIDE_STYLE('',(#17903));
#17903 = SURFACE_STYLE_FILL_AREA(#17904);
#17904 = FILL_AREA_STYLE('',(#17905));
#17905 = FILL_AREA_STYLE_COLOUR('',#16269);
#17906 = CURVE_STYLE('',#17907,POSITIVE_LENGTH_MEASURE(0.1),#16269);
#17907 = DRAUGHTING_PRE_DEFINED_CURVE_FONT('continuous');
#17908 = STYLED_ITEM('color',(#17909),#8798);
#17909 = PRESENTATION_STYLE_ASSIGNMENT((#17910,#17915));
#17910 = SURFACE_STYLE_USAGE(.BOTH.,#17911);
#17911 = SURFACE_SIDE_STYLE('',(#17912));
#17912 = SURFACE_STYLE_FILL_AREA(#17913);
#17913 = FILL_AREA_STYLE('',(#17914));
#17914 = FILL_AREA_STYLE_COLOUR('',#16269);
#17915 = CURVE_STYLE('',#17916,POSITIVE_LENGTH_MEASURE(0.1),#16269);
#17916 = DRAUGHTING_PRE_DEFINED_CURVE_FONT('continuous');
#17917 = STYLED_ITEM('color',(#17918),#8845);
#17918 = PRESENTATION_STYLE_ASSIGNMENT((#17919,#17924));
#17919 = SURFACE_STYLE_USAGE(.BOTH.,#17920);
#17920 = SURFACE_SIDE_STYLE('',(#17921));
#17921 = SURFACE_STYLE_FILL_AREA(#17922);
#17922 = FILL_AREA_STYLE('',(#17923));
#17923 = FILL_AREA_STYLE_COLOUR('',#16269);
#17924 = CURVE_STYLE('',#17925,POSITIVE_LENGTH_MEASURE(0.1),#16269);
#17925 = DRAUGHTING_PRE_DEFINED_CURVE_FONT('continuous');
#17926 = STYLED_ITEM('color',(#17927),#8862);
#17927 = PRESENTATION_STYLE_ASSIGNMENT((#17928,#17933));
#17928 = SURFACE_STYLE_USAGE(.BOTH.,#17929);
#17929 = SURFACE_SIDE_STYLE('',(#17930));
#17930 = SURFACE_STYLE_FILL_AREA(#17931);
#17931 = FILL_AREA_STYLE('',(#17932));
#17932 = FILL_AREA_STYLE_COLOUR('',#16269);
#17933 = CURVE_STYLE('',#17934,POSITIVE_LENGTH_MEASURE(0.1),#16269);
#17934 = DRAUGHTING_PRE_DEFINED_CURVE_FONT('continuous');
#17935 = STYLED_ITEM('color',(#17936),#8909);
#17936 = PRESENTATION_STYLE_ASSIGNMENT((#17937,#17942));
#17937 = SURFACE_STYLE_USAGE(.BOTH.,#17938);
#17938 = SURFACE_SIDE_STYLE('',(#17939));
#17939 = SURFACE_STYLE_FILL_AREA(#17940);
#17940 = FILL_AREA_STYLE('',(#17941));
#17941 = FILL_AREA_STYLE_COLOUR('',#16269);
#17942 = CURVE_STYLE('',#17943,POSITIVE_LENGTH_MEASURE(0.1),#16269);
#17943 = DRAUGHTING_PRE_DEFINED_CURVE_FONT('continuous');
#17944 = STYLED_ITEM('color',(#17945),#8926);
#17945 = PRESENTATION_STYLE_ASSIGNMENT((#17946,#17951));
#17946 = SURFACE_STYLE_USAGE(.BOTH.,#17947);
#17947 = SURFACE_SIDE_STYLE('',(#17948));
#17948 = SURFACE_STYLE_FILL_AREA(#17949);
#17949 = FILL_AREA_STYLE('',(#17950));
#17950 = FILL_AREA_STYLE_COLOUR('',#16269);
#17951 = CURVE_STYLE('',#17952,POSITIVE_LENGTH_MEASURE(0.1),#16269);
#17952 = DRAUGHTING_PRE_DEFINED_CURVE_FONT('continuous');
#17953 = STYLED_ITEM('color',(#17954),#8973);
#17954 = PRESENTATION_STYLE_ASSIGNMENT((#17955,#17960));
#17955 = SURFACE_STYLE_USAGE(.BOTH.,#17956);
#17956 = SURFACE_SIDE_STYLE('',(#17957));
#17957 = SURFACE_STYLE_FILL_AREA(#17958);
#17958 = FILL_AREA_STYLE('',(#17959));
#17959 = FILL_AREA_STYLE_COLOUR('',#16269);
#17960 = CURVE_STYLE('',#17961,POSITIVE_LENGTH_MEASURE(0.1),#16269);
#17961 = DRAUGHTING_PRE_DEFINED_CURVE_FONT('continuous');
#17962 = STYLED_ITEM('color',(#17963),#8990);
#17963 = PRESENTATION_STYLE_ASSIGNMENT((#17964,#17969));
#17964 = SURFACE_STYLE_USAGE(.BOTH.,#17965);
#17965 = SURFACE_SIDE_STYLE('',(#17966));
#17966 = SURFACE_STYLE_FILL_AREA(#17967);
#17967 = FILL_AREA_STYLE('',(#17968));
#17968 = FILL_AREA_STYLE_COLOUR('',#16269);
#17969 = CURVE_STYLE('',#17970,POSITIVE_LENGTH_MEASURE(0.1),#16269);
#17970 = DRAUGHTING_PRE_DEFINED_CURVE_FONT('continuous');
#17971 = STYLED_ITEM('color',(#17972),#9037);
#17972 = PRESENTATION_STYLE_ASSIGNMENT((#17973,#17978));
#17973 = SURFACE_STYLE_USAGE(.BOTH.,#17974);
#17974 = SURFACE_SIDE_STYLE('',(#17975));
#17975 = SURFACE_STYLE_FILL_AREA(#17976);
#17976 = FILL_AREA_STYLE('',(#17977));
#17977 = FILL_AREA_STYLE_COLOUR('',#16269);
#17978 = CURVE_STYLE('',#17979,POSITIVE_LENGTH_MEASURE(0.1),#16269);
#17979 = DRAUGHTING_PRE_DEFINED_CURVE_FONT('continuous');
#17980 = STYLED_ITEM('color',(#17981),#9054);
#17981 = PRESENTATION_STYLE_ASSIGNMENT((#17982,#17987));
#17982 = SURFACE_STYLE_USAGE(.BOTH.,#17983);
#17983 = SURFACE_SIDE_STYLE('',(#17984));
#17984 = SURFACE_STYLE_FILL_AREA(#17985);
#17985 = FILL_AREA_STYLE('',(#17986));
#17986 = FILL_AREA_STYLE_COLOUR('',#16269);
#17987 = CURVE_STYLE('',#17988,POSITIVE_LENGTH_MEASURE(0.1),#16269);
#17988 = DRAUGHTING_PRE_DEFINED_CURVE_FONT('continuous');
#17989 = STYLED_ITEM('color',(#17990),#9101);
#17990 = PRESENTATION_STYLE_ASSIGNMENT((#17991,#17996));
#17991 = SURFACE_STYLE_USAGE(.BOTH.,#17992);
#17992 = SURFACE_SIDE_STYLE('',(#17993));
#17993 = SURFACE_STYLE_FILL_AREA(#17994);
#17994 = FILL_AREA_STYLE('',(#17995));
#17995 = FILL_AREA_STYLE_COLOUR('',#16269);
#17996 = CURVE_STYLE('',#17997,POSITIVE_LENGTH_MEASURE(0.1),#16269);
#17997 = DRAUGHTING_PRE_DEFINED_CURVE_FONT('continuous');
#17998 = STYLED_ITEM('color',(#17999),#9118);
#17999 = PRESENTATION_STYLE_ASSIGNMENT((#18000,#18005));
#18000 = SURFACE_STYLE_USAGE(.BOTH.,#18001);
#18001 = SURFACE_SIDE_STYLE('',(#18002));
#18002 = SURFACE_STYLE_FILL_AREA(#18003);
#18003 = FILL_AREA_STYLE('',(#18004));
#18004 = FILL_AREA_STYLE_COLOUR('',#16269);
#18005 = CURVE_STYLE('',#18006,POSITIVE_LENGTH_MEASURE(0.1),#16269);
#18006 = DRAUGHTING_PRE_DEFINED_CURVE_FONT('continuous');
#18007 = STYLED_ITEM('color',(#18008),#9165);
#18008 = PRESENTATION_STYLE_ASSIGNMENT((#18009,#18014));
#18009 = SURFACE_STYLE_USAGE(.BOTH.,#18010);
#18010 = SURFACE_SIDE_STYLE('',(#18011));
#18011 = SURFACE_STYLE_FILL_AREA(#18012);
#18012 = FILL_AREA_STYLE('',(#18013));
#18013 = FILL_AREA_STYLE_COLOUR('',#16269);
#18014 = CURVE_STYLE('',#18015,POSITIVE_LENGTH_MEASURE(0.1),#16269);
#18015 = DRAUGHTING_PRE_DEFINED_CURVE_FONT('continuous');
#18016 = STYLED_ITEM('color',(#18017),#9182);
#18017 = PRESENTATION_STYLE_ASSIGNMENT((#18018,#18023));
#18018 = SURFACE_STYLE_USAGE(.BOTH.,#18019);
#18019 = SURFACE_SIDE_STYLE('',(#18020));
#18020 = SURFACE_STYLE_FILL_AREA(#18021);
#18021 = FILL_AREA_STYLE('',(#18022));
#18022 = FILL_AREA_STYLE_COLOUR('',#16269);
#18023 = CURVE_STYLE('',#18024,POSITIVE_LENGTH_MEASURE(0.1),#16269);
#18024 = DRAUGHTING_PRE_DEFINED_CURVE_FONT('continuous');
#18025 = STYLED_ITEM('color',(#18026),#9229);
#18026 = PRESENTATION_STYLE_ASSIGNMENT((#18027,#18032));
#18027 = SURFACE_STYLE_USAGE(.BOTH.,#18028);
#18028 = SURFACE_SIDE_STYLE('',(#18029));
#18029 = SURFACE_STYLE_FILL_AREA(#18030);
#18030 = FILL_AREA_STYLE('',(#18031));
#18031 = FILL_AREA_STYLE_COLOUR('',#16269);
#18032 = CURVE_STYLE('',#18033,POSITIVE_LENGTH_MEASURE(0.1),#16269);
#18033 = DRAUGHTING_PRE_DEFINED_CURVE_FONT('continuous');
#18034 = STYLED_ITEM('color',(#18035),#9246);
#18035 = PRESENTATION_STYLE_ASSIGNMENT((#18036,#18041));
#18036 = SURFACE_STYLE_USAGE(.BOTH.,#18037);
#18037 = SURFACE_SIDE_STYLE('',(#18038));
#18038 = SURFACE_STYLE_FILL_AREA(#18039);
#18039 = FILL_AREA_STYLE('',(#18040));
#18040 = FILL_AREA_STYLE_COLOUR('',#16269);
#18041 = CURVE_STYLE('',#18042,POSITIVE_LENGTH_MEASURE(0.1),#16269);
#18042 = DRAUGHTING_PRE_DEFINED_CURVE_FONT('continuous');
#18043 = STYLED_ITEM('color',(#18044),#9293);
#18044 = PRESENTATION_STYLE_ASSIGNMENT((#18045,#18050));
#18045 = SURFACE_STYLE_USAGE(.BOTH.,#18046);
#18046 = SURFACE_SIDE_STYLE('',(#18047));
#18047 = SURFACE_STYLE_FILL_AREA(#18048);
#18048 = FILL_AREA_STYLE('',(#18049));
#18049 = FILL_AREA_STYLE_COLOUR('',#16269);
#18050 = CURVE_STYLE('',#18051,POSITIVE_LENGTH_MEASURE(0.1),#16269);
#18051 = DRAUGHTING_PRE_DEFINED_CURVE_FONT('continuous');
#18052 = STYLED_ITEM('color',(#18053),#9310);
#18053 = PRESENTATION_STYLE_ASSIGNMENT((#18054,#18059));
#18054 = SURFACE_STYLE_USAGE(.BOTH.,#18055);
#18055 = SURFACE_SIDE_STYLE('',(#18056));
#18056 = SURFACE_STYLE_FILL_AREA(#18057);
#18057 = FILL_AREA_STYLE('',(#18058));
#18058 = FILL_AREA_STYLE_COLOUR('',#16269);
#18059 = CURVE_STYLE('',#18060,POSITIVE_LENGTH_MEASURE(0.1),#16269);
#18060 = DRAUGHTING_PRE_DEFINED_CURVE_FONT('continuous');
#18061 = STYLED_ITEM('color',(#18062),#9357);
#18062 = PRESENTATION_STYLE_ASSIGNMENT((#18063,#18068));
#18063 = SURFACE_STYLE_USAGE(.BOTH.,#18064);
#18064 = SURFACE_SIDE_STYLE('',(#18065));
#18065 = SURFACE_STYLE_FILL_AREA(#18066);
#18066 = FILL_AREA_STYLE('',(#18067));
#18067 = FILL_AREA_STYLE_COLOUR('',#16269);
#18068 = CURVE_STYLE('',#18069,POSITIVE_LENGTH_MEASURE(0.1),#16269);
#18069 = DRAUGHTING_PRE_DEFINED_CURVE_FONT('continuous');
#18070 = STYLED_ITEM('color',(#18071),#9374);
#18071 = PRESENTATION_STYLE_ASSIGNMENT((#18072,#18077));
#18072 = SURFACE_STYLE_USAGE(.BOTH.,#18073);
#18073 = SURFACE_SIDE_STYLE('',(#18074));
#18074 = SURFACE_STYLE_FILL_AREA(#18075);
#18075 = FILL_AREA_STYLE('',(#18076));
#18076 = FILL_AREA_STYLE_COLOUR('',#16269);
#18077 = CURVE_STYLE('',#18078,POSITIVE_LENGTH_MEASURE(0.1),#16269);
#18078 = DRAUGHTING_PRE_DEFINED_CURVE_FONT('continuous');
#18079 = STYLED_ITEM('color',(#18080),#9421);
#18080 = PRESENTATION_STYLE_ASSIGNMENT((#18081,#18086));
#18081 = SURFACE_STYLE_USAGE(.BOTH.,#18082);
#18082 = SURFACE_SIDE_STYLE('',(#18083));
#18083 = SURFACE_STYLE_FILL_AREA(#18084);
#18084 = FILL_AREA_STYLE('',(#18085));
#18085 = FILL_AREA_STYLE_COLOUR('',#16269);
#18086 = CURVE_STYLE('',#18087,POSITIVE_LENGTH_MEASURE(0.1),#16269);
#18087 = DRAUGHTING_PRE_DEFINED_CURVE_FONT('continuous');
#18088 = STYLED_ITEM('color',(#18089),#9438);
#18089 = PRESENTATION_STYLE_ASSIGNMENT((#18090,#18095));
#18090 = SURFACE_STYLE_USAGE(.BOTH.,#18091);
#18091 = SURFACE_SIDE_STYLE('',(#18092));
#18092 = SURFACE_STYLE_FILL_AREA(#18093);
#18093 = FILL_AREA_STYLE('',(#18094));
#18094 = FILL_AREA_STYLE_COLOUR('',#16269);
#18095 = CURVE_STYLE('',#18096,POSITIVE_LENGTH_MEASURE(0.1),#16269);
#18096 = DRAUGHTING_PRE_DEFINED_CURVE_FONT('continuous');
#18097 = STYLED_ITEM('color',(#18098),#9485);
#18098 = PRESENTATION_STYLE_ASSIGNMENT((#18099,#18104));
#18099 = SURFACE_STYLE_USAGE(.BOTH.,#18100);
#18100 = SURFACE_SIDE_STYLE('',(#18101));
#18101 = SURFACE_STYLE_FILL_AREA(#18102);
#18102 = FILL_AREA_STYLE('',(#18103));
#18103 = FILL_AREA_STYLE_COLOUR('',#16269);
#18104 = CURVE_STYLE('',#18105,POSITIVE_LENGTH_MEASURE(0.1),#16269);
#18105 = DRAUGHTING_PRE_DEFINED_CURVE_FONT('continuous');
#18106 = STYLED_ITEM('color',(#18107),#9502);
#18107 = PRESENTATION_STYLE_ASSIGNMENT((#18108,#18113));
#18108 = SURFACE_STYLE_USAGE(.BOTH.,#18109);
#18109 = SURFACE_SIDE_STYLE('',(#18110));
#18110 = SURFACE_STYLE_FILL_AREA(#18111);
#18111 = FILL_AREA_STYLE('',(#18112));
#18112 = FILL_AREA_STYLE_COLOUR('',#16269);
#18113 = CURVE_STYLE('',#18114,POSITIVE_LENGTH_MEASURE(0.1),#16269);
#18114 = DRAUGHTING_PRE_DEFINED_CURVE_FONT('continuous');
#18115 = STYLED_ITEM('color',(#18116),#9549);
#18116 = PRESENTATION_STYLE_ASSIGNMENT((#18117,#18122));
#18117 = SURFACE_STYLE_USAGE(.BOTH.,#18118);
#18118 = SURFACE_SIDE_STYLE('',(#18119));
#18119 = SURFACE_STYLE_FILL_AREA(#18120);
#18120 = FILL_AREA_STYLE('',(#18121));
#18121 = FILL_AREA_STYLE_COLOUR('',#16269);
#18122 = CURVE_STYLE('',#18123,POSITIVE_LENGTH_MEASURE(0.1),#16269);
#18123 = DRAUGHTING_PRE_DEFINED_CURVE_FONT('continuous');
#18124 = STYLED_ITEM('color',(#18125),#9566);
#18125 = PRESENTATION_STYLE_ASSIGNMENT((#18126,#18131));
#18126 = SURFACE_STYLE_USAGE(.BOTH.,#18127);
#18127 = SURFACE_SIDE_STYLE('',(#18128));
#18128 = SURFACE_STYLE_FILL_AREA(#18129);
#18129 = FILL_AREA_STYLE('',(#18130));
#18130 = FILL_AREA_STYLE_COLOUR('',#16269);
#18131 = CURVE_STYLE('',#18132,POSITIVE_LENGTH_MEASURE(0.1),#16269);
#18132 = DRAUGHTING_PRE_DEFINED_CURVE_FONT('continuous');
#18133 = STYLED_ITEM('color',(#18134),#9613);
#18134 = PRESENTATION_STYLE_ASSIGNMENT((#18135,#18140));
#18135 = SURFACE_STYLE_USAGE(.BOTH.,#18136);
#18136 = SURFACE_SIDE_STYLE('',(#18137));
#18137 = SURFACE_STYLE_FILL_AREA(#18138);
#18138 = FILL_AREA_STYLE('',(#18139));
#18139 = FILL_AREA_STYLE_COLOUR('',#16269);
#18140 = CURVE_STYLE('',#18141,POSITIVE_LENGTH_MEASURE(0.1),#16269);
#18141 = DRAUGHTING_PRE_DEFINED_CURVE_FONT('continuous');
#18142 = STYLED_ITEM('color',(#18143),#9630);
#18143 = PRESENTATION_STYLE_ASSIGNMENT((#18144,#18149));
#18144 = SURFACE_STYLE_USAGE(.BOTH.,#18145);
#18145 = SURFACE_SIDE_STYLE('',(#18146));
#18146 = SURFACE_STYLE_FILL_AREA(#18147);
#18147 = FILL_AREA_STYLE('',(#18148));
#18148 = FILL_AREA_STYLE_COLOUR('',#16269);
#18149 = CURVE_STYLE('',#18150,POSITIVE_LENGTH_MEASURE(0.1),#16269);
#18150 = DRAUGHTING_PRE_DEFINED_CURVE_FONT('continuous');
#18151 = STYLED_ITEM('color',(#18152),#9677);
#18152 = PRESENTATION_STYLE_ASSIGNMENT((#18153,#18158));
#18153 = SURFACE_STYLE_USAGE(.BOTH.,#18154);
#18154 = SURFACE_SIDE_STYLE('',(#18155));
#18155 = SURFACE_STYLE_FILL_AREA(#18156);
#18156 = FILL_AREA_STYLE('',(#18157));
#18157 = FILL_AREA_STYLE_COLOUR('',#15464);
#18158 = CURVE_STYLE('',#18159,POSITIVE_LENGTH_MEASURE(0.1),#15464);
#18159 = DRAUGHTING_PRE_DEFINED_CURVE_FONT('continuous');
#18160 = STYLED_ITEM('color',(#18161),#9708);
#18161 = PRESENTATION_STYLE_ASSIGNMENT((#18162,#18167));
#18162 = SURFACE_STYLE_USAGE(.BOTH.,#18163);
#18163 = SURFACE_SIDE_STYLE('',(#18164));
#18164 = SURFACE_STYLE_FILL_AREA(#18165);
#18165 = FILL_AREA_STYLE('',(#18166));
#18166 = FILL_AREA_STYLE_COLOUR('',#15464);
#18167 = CURVE_STYLE('',#18168,POSITIVE_LENGTH_MEASURE(0.1),#15464);
#18168 = DRAUGHTING_PRE_DEFINED_CURVE_FONT('continuous');
#18169 = OVER_RIDING_STYLED_ITEM('overriding color',(#18170),#9722,
  #18160);
#18170 = PRESENTATION_STYLE_ASSIGNMENT((#18171,#18176));
#18171 = SURFACE_STYLE_USAGE(.BOTH.,#18172);
#18172 = SURFACE_SIDE_STYLE('',(#18173));
#18173 = SURFACE_STYLE_FILL_AREA(#18174);
#18174 = FILL_AREA_STYLE('',(#18175));
#18175 = FILL_AREA_STYLE_COLOUR('',#16269);
#18176 = CURVE_STYLE('',#18177,POSITIVE_LENGTH_MEASURE(0.1),#16269);
#18177 = DRAUGHTING_PRE_DEFINED_CURVE_FONT('continuous');
#18178 = OVER_RIDING_STYLED_ITEM('overriding color',(#18179),#9738,
  #18160);
#18179 = PRESENTATION_STYLE_ASSIGNMENT((#18180,#18185));
#18180 = SURFACE_STYLE_USAGE(.BOTH.,#18181);
#18181 = SURFACE_SIDE_STYLE('',(#18182));
#18182 = SURFACE_STYLE_FILL_AREA(#18183);
#18183 = FILL_AREA_STYLE('',(#18184));
#18184 = FILL_AREA_STYLE_COLOUR('',#16269);
#18185 = CURVE_STYLE('',#18186,POSITIVE_LENGTH_MEASURE(0.1),#16269);
#18186 = DRAUGHTING_PRE_DEFINED_CURVE_FONT('continuous');
#18187 = STYLED_ITEM('color',(#18188),#9764);
#18188 = PRESENTATION_STYLE_ASSIGNMENT((#18189,#18194));
#18189 = SURFACE_STYLE_USAGE(.BOTH.,#18190);
#18190 = SURFACE_SIDE_STYLE('',(#18191));
#18191 = SURFACE_STYLE_FILL_AREA(#18192);
#18192 = FILL_AREA_STYLE('',(#18193));
#18193 = FILL_AREA_STYLE_COLOUR('',#15464);
#18194 = CURVE_STYLE('',#18195,POSITIVE_LENGTH_MEASURE(0.1),#15464);
#18195 = DRAUGHTING_PRE_DEFINED_CURVE_FONT('continuous');
#18196 = STYLED_ITEM('color',(#18197),#9788);
#18197 = PRESENTATION_STYLE_ASSIGNMENT((#18198,#18203));
#18198 = SURFACE_STYLE_USAGE(.BOTH.,#18199);
#18199 = SURFACE_SIDE_STYLE('',(#18200));
#18200 = SURFACE_STYLE_FILL_AREA(#18201);
#18201 = FILL_AREA_STYLE('',(#18202));
#18202 = FILL_AREA_STYLE_COLOUR('',#15464);
#18203 = CURVE_STYLE('',#18204,POSITIVE_LENGTH_MEASURE(0.1),#15464);
#18204 = DRAUGHTING_PRE_DEFINED_CURVE_FONT('continuous');
#18205 = OVER_RIDING_STYLED_ITEM('overriding color',(#18206),#9802,
  #18196);
#18206 = PRESENTATION_STYLE_ASSIGNMENT((#18207,#18212));
#18207 = SURFACE_STYLE_USAGE(.BOTH.,#18208);
#18208 = SURFACE_SIDE_STYLE('',(#18209));
#18209 = SURFACE_STYLE_FILL_AREA(#18210);
#18210 = FILL_AREA_STYLE('',(#18211));
#18211 = FILL_AREA_STYLE_COLOUR('',#16269);
#18212 = CURVE_STYLE('',#18213,POSITIVE_LENGTH_MEASURE(0.1),#16269);
#18213 = DRAUGHTING_PRE_DEFINED_CURVE_FONT('continuous');
#18214 = OVER_RIDING_STYLED_ITEM('overriding color',(#18215),#9818,
  #18196);
#18215 = PRESENTATION_STYLE_ASSIGNMENT((#18216,#18221));
#18216 = SURFACE_STYLE_USAGE(.BOTH.,#18217);
#18217 = SURFACE_SIDE_STYLE('',(#18218));
#18218 = SURFACE_STYLE_FILL_AREA(#18219);
#18219 = FILL_AREA_STYLE('',(#18220));
#18220 = FILL_AREA_STYLE_COLOUR('',#16269);
#18221 = CURVE_STYLE('',#18222,POSITIVE_LENGTH_MEASURE(0.1),#16269);
#18222 = DRAUGHTING_PRE_DEFINED_CURVE_FONT('continuous');
#18223 = STYLED_ITEM('color',(#18224),#9837);
#18224 = PRESENTATION_STYLE_ASSIGNMENT((#18225,#18230));
#18225 = SURFACE_STYLE_USAGE(.BOTH.,#18226);
#18226 = SURFACE_SIDE_STYLE('',(#18227));
#18227 = SURFACE_STYLE_FILL_AREA(#18228);
#18228 = FILL_AREA_STYLE('',(#18229));
#18229 = FILL_AREA_STYLE_COLOUR('',#15464);
#18230 = CURVE_STYLE('',#18231,POSITIVE_LENGTH_MEASURE(0.1),#15464);
#18231 = DRAUGHTING_PRE_DEFINED_CURVE_FONT('continuous');
#18232 = STYLED_ITEM('color',(#18233),#9868);
#18233 = PRESENTATION_STYLE_ASSIGNMENT((#18234,#18239));
#18234 = SURFACE_STYLE_USAGE(.BOTH.,#18235);
#18235 = SURFACE_SIDE_STYLE('',(#18236));
#18236 = SURFACE_STYLE_FILL_AREA(#18237);
#18237 = FILL_AREA_STYLE('',(#18238));
#18238 = FILL_AREA_STYLE_COLOUR('',#15464);
#18239 = CURVE_STYLE('',#18240,POSITIVE_LENGTH_MEASURE(0.1),#15464);
#18240 = DRAUGHTING_PRE_DEFINED_CURVE_FONT('continuous');
#18241 = OVER_RIDING_STYLED_ITEM('overriding color',(#18242),#9882,
  #18232);
#18242 = PRESENTATION_STYLE_ASSIGNMENT((#18243,#18248));
#18243 = SURFACE_STYLE_USAGE(.BOTH.,#18244);
#18244 = SURFACE_SIDE_STYLE('',(#18245));
#18245 = SURFACE_STYLE_FILL_AREA(#18246);
#18246 = FILL_AREA_STYLE('',(#18247));
#18247 = FILL_AREA_STYLE_COLOUR('',#16269);
#18248 = CURVE_STYLE('',#18249,POSITIVE_LENGTH_MEASURE(0.1),#16269);
#18249 = DRAUGHTING_PRE_DEFINED_CURVE_FONT('continuous');
#18250 = OVER_RIDING_STYLED_ITEM('overriding color',(#18251),#9898,
  #18232);
#18251 = PRESENTATION_STYLE_ASSIGNMENT((#18252,#18257));
#18252 = SURFACE_STYLE_USAGE(.BOTH.,#18253);
#18253 = SURFACE_SIDE_STYLE('',(#18254));
#18254 = SURFACE_STYLE_FILL_AREA(#18255);
#18255 = FILL_AREA_STYLE('',(#18256));
#18256 = FILL_AREA_STYLE_COLOUR('',#16269);
#18257 = CURVE_STYLE('',#18258,POSITIVE_LENGTH_MEASURE(0.1),#16269);
#18258 = DRAUGHTING_PRE_DEFINED_CURVE_FONT('continuous');
#18259 = STYLED_ITEM('color',(#18260),#9924);
#18260 = PRESENTATION_STYLE_ASSIGNMENT((#18261,#18266));
#18261 = SURFACE_STYLE_USAGE(.BOTH.,#18262);
#18262 = SURFACE_SIDE_STYLE('',(#18263));
#18263 = SURFACE_STYLE_FILL_AREA(#18264);
#18264 = FILL_AREA_STYLE('',(#18265));
#18265 = FILL_AREA_STYLE_COLOUR('',#15464);
#18266 = CURVE_STYLE('',#18267,POSITIVE_LENGTH_MEASURE(0.1),#15464);
#18267 = DRAUGHTING_PRE_DEFINED_CURVE_FONT('continuous');
#18268 = STYLED_ITEM('color',(#18269),#9948);
#18269 = PRESENTATION_STYLE_ASSIGNMENT((#18270,#18275));
#18270 = SURFACE_STYLE_USAGE(.BOTH.,#18271);
#18271 = SURFACE_SIDE_STYLE('',(#18272));
#18272 = SURFACE_STYLE_FILL_AREA(#18273);
#18273 = FILL_AREA_STYLE('',(#18274));
#18274 = FILL_AREA_STYLE_COLOUR('',#15464);
#18275 = CURVE_STYLE('',#18276,POSITIVE_LENGTH_MEASURE(0.1),#15464);
#18276 = DRAUGHTING_PRE_DEFINED_CURVE_FONT('continuous');
#18277 = OVER_RIDING_STYLED_ITEM('overriding color',(#18278),#9962,
  #18268);
#18278 = PRESENTATION_STYLE_ASSIGNMENT((#18279,#18284));
#18279 = SURFACE_STYLE_USAGE(.BOTH.,#18280);
#18280 = SURFACE_SIDE_STYLE('',(#18281));
#18281 = SURFACE_STYLE_FILL_AREA(#18282);
#18282 = FILL_AREA_STYLE('',(#18283));
#18283 = FILL_AREA_STYLE_COLOUR('',#16269);
#18284 = CURVE_STYLE('',#18285,POSITIVE_LENGTH_MEASURE(0.1),#16269);
#18285 = DRAUGHTING_PRE_DEFINED_CURVE_FONT('continuous');
#18286 = OVER_RIDING_STYLED_ITEM('overriding color',(#18287),#9978,
  #18268);
#18287 = PRESENTATION_STYLE_ASSIGNMENT((#18288,#18293));
#18288 = SURFACE_STYLE_USAGE(.BOTH.,#18289);
#18289 = SURFACE_SIDE_STYLE('',(#18290));
#18290 = SURFACE_STYLE_FILL_AREA(#18291);
#18291 = FILL_AREA_STYLE('',(#18292));
#18292 = FILL_AREA_STYLE_COLOUR('',#16269);
#18293 = CURVE_STYLE('',#18294,POSITIVE_LENGTH_MEASURE(0.1),#16269);
#18294 = DRAUGHTING_PRE_DEFINED_CURVE_FONT('continuous');
#18295 = STYLED_ITEM('color',(#18296),#9997);
#18296 = PRESENTATION_STYLE_ASSIGNMENT((#18297,#18302));
#18297 = SURFACE_STYLE_USAGE(.BOTH.,#18298);
#18298 = SURFACE_SIDE_STYLE('',(#18299));
#18299 = SURFACE_STYLE_FILL_AREA(#18300);
#18300 = FILL_AREA_STYLE('',(#18301));
#18301 = FILL_AREA_STYLE_COLOUR('',#15464);
#18302 = CURVE_STYLE('',#18303,POSITIVE_LENGTH_MEASURE(0.1),#15464);
#18303 = DRAUGHTING_PRE_DEFINED_CURVE_FONT('continuous');
#18304 = STYLED_ITEM('color',(#18305),#10028);
#18305 = PRESENTATION_STYLE_ASSIGNMENT((#18306,#18311));
#18306 = SURFACE_STYLE_USAGE(.BOTH.,#18307);
#18307 = SURFACE_SIDE_STYLE('',(#18308));
#18308 = SURFACE_STYLE_FILL_AREA(#18309);
#18309 = FILL_AREA_STYLE('',(#18310));
#18310 = FILL_AREA_STYLE_COLOUR('',#15464);
#18311 = CURVE_STYLE('',#18312,POSITIVE_LENGTH_MEASURE(0.1),#15464);
#18312 = DRAUGHTING_PRE_DEFINED_CURVE_FONT('continuous');
#18313 = OVER_RIDING_STYLED_ITEM('overriding color',(#18314),#10042,
  #18304);
#18314 = PRESENTATION_STYLE_ASSIGNMENT((#18315,#18320));
#18315 = SURFACE_STYLE_USAGE(.BOTH.,#18316);
#18316 = SURFACE_SIDE_STYLE('',(#18317));
#18317 = SURFACE_STYLE_FILL_AREA(#18318);
#18318 = FILL_AREA_STYLE('',(#18319));
#18319 = FILL_AREA_STYLE_COLOUR('',#16269);
#18320 = CURVE_STYLE('',#18321,POSITIVE_LENGTH_MEASURE(0.1),#16269);
#18321 = DRAUGHTING_PRE_DEFINED_CURVE_FONT('continuous');
#18322 = OVER_RIDING_STYLED_ITEM('overriding color',(#18323),#10058,
  #18304);
#18323 = PRESENTATION_STYLE_ASSIGNMENT((#18324,#18329));
#18324 = SURFACE_STYLE_USAGE(.BOTH.,#18325);
#18325 = SURFACE_SIDE_STYLE('',(#18326));
#18326 = SURFACE_STYLE_FILL_AREA(#18327);
#18327 = FILL_AREA_STYLE('',(#18328));
#18328 = FILL_AREA_STYLE_COLOUR('',#16269);
#18329 = CURVE_STYLE('',#18330,POSITIVE_LENGTH_MEASURE(0.1),#16269);
#18330 = DRAUGHTING_PRE_DEFINED_CURVE_FONT('continuous');
#18331 = STYLED_ITEM('color',(#18332),#10084);
#18332 = PRESENTATION_STYLE_ASSIGNMENT((#18333,#18338));
#18333 = SURFACE_STYLE_USAGE(.BOTH.,#18334);
#18334 = SURFACE_SIDE_STYLE('',(#18335));
#18335 = SURFACE_STYLE_FILL_AREA(#18336);
#18336 = FILL_AREA_STYLE('',(#18337));
#18337 = FILL_AREA_STYLE_COLOUR('',#15464);
#18338 = CURVE_STYLE('',#18339,POSITIVE_LENGTH_MEASURE(0.1),#15464);
#18339 = DRAUGHTING_PRE_DEFINED_CURVE_FONT('continuous');
#18340 = STYLED_ITEM('color',(#18341),#10108);
#18341 = PRESENTATION_STYLE_ASSIGNMENT((#18342,#18347));
#18342 = SURFACE_STYLE_USAGE(.BOTH.,#18343);
#18343 = SURFACE_SIDE_STYLE('',(#18344));
#18344 = SURFACE_STYLE_FILL_AREA(#18345);
#18345 = FILL_AREA_STYLE('',(#18346));
#18346 = FILL_AREA_STYLE_COLOUR('',#15464);
#18347 = CURVE_STYLE('',#18348,POSITIVE_LENGTH_MEASURE(0.1),#15464);
#18348 = DRAUGHTING_PRE_DEFINED_CURVE_FONT('continuous');
#18349 = OVER_RIDING_STYLED_ITEM('overriding color',(#18350),#10122,
  #18340);
#18350 = PRESENTATION_STYLE_ASSIGNMENT((#18351,#18356));
#18351 = SURFACE_STYLE_USAGE(.BOTH.,#18352);
#18352 = SURFACE_SIDE_STYLE('',(#18353));
#18353 = SURFACE_STYLE_FILL_AREA(#18354);
#18354 = FILL_AREA_STYLE('',(#18355));
#18355 = FILL_AREA_STYLE_COLOUR('',#16269);
#18356 = CURVE_STYLE('',#18357,POSITIVE_LENGTH_MEASURE(0.1),#16269);
#18357 = DRAUGHTING_PRE_DEFINED_CURVE_FONT('continuous');
#18358 = OVER_RIDING_STYLED_ITEM('overriding color',(#18359),#10138,
  #18340);
#18359 = PRESENTATION_STYLE_ASSIGNMENT((#18360,#18365));
#18360 = SURFACE_STYLE_USAGE(.BOTH.,#18361);
#18361 = SURFACE_SIDE_STYLE('',(#18362));
#18362 = SURFACE_STYLE_FILL_AREA(#18363);
#18363 = FILL_AREA_STYLE('',(#18364));
#18364 = FILL_AREA_STYLE_COLOUR('',#16269);
#18365 = CURVE_STYLE('',#18366,POSITIVE_LENGTH_MEASURE(0.1),#16269);
#18366 = DRAUGHTING_PRE_DEFINED_CURVE_FONT('continuous');
#18367 = STYLED_ITEM('color',(#18368),#10157);
#18368 = PRESENTATION_STYLE_ASSIGNMENT((#18369,#18374));
#18369 = SURFACE_STYLE_USAGE(.BOTH.,#18370);
#18370 = SURFACE_SIDE_STYLE('',(#18371));
#18371 = SURFACE_STYLE_FILL_AREA(#18372);
#18372 = FILL_AREA_STYLE('',(#18373));
#18373 = FILL_AREA_STYLE_COLOUR('',#15464);
#18374 = CURVE_STYLE('',#18375,POSITIVE_LENGTH_MEASURE(0.1),#15464);
#18375 = DRAUGHTING_PRE_DEFINED_CURVE_FONT('continuous');
#18376 = STYLED_ITEM('color',(#18377),#10188);
#18377 = PRESENTATION_STYLE_ASSIGNMENT((#18378,#18383));
#18378 = SURFACE_STYLE_USAGE(.BOTH.,#18379);
#18379 = SURFACE_SIDE_STYLE('',(#18380));
#18380 = SURFACE_STYLE_FILL_AREA(#18381);
#18381 = FILL_AREA_STYLE('',(#18382));
#18382 = FILL_AREA_STYLE_COLOUR('',#15464);
#18383 = CURVE_STYLE('',#18384,POSITIVE_LENGTH_MEASURE(0.1),#15464);
#18384 = DRAUGHTING_PRE_DEFINED_CURVE_FONT('continuous');
#18385 = OVER_RIDING_STYLED_ITEM('overriding color',(#18386),#10202,
  #18376);
#18386 = PRESENTATION_STYLE_ASSIGNMENT((#18387,#18392));
#18387 = SURFACE_STYLE_USAGE(.BOTH.,#18388);
#18388 = SURFACE_SIDE_STYLE('',(#18389));
#18389 = SURFACE_STYLE_FILL_AREA(#18390);
#18390 = FILL_AREA_STYLE('',(#18391));
#18391 = FILL_AREA_STYLE_COLOUR('',#16269);
#18392 = CURVE_STYLE('',#18393,POSITIVE_LENGTH_MEASURE(0.1),#16269);
#18393 = DRAUGHTING_PRE_DEFINED_CURVE_FONT('continuous');
#18394 = OVER_RIDING_STYLED_ITEM('overriding color',(#18395),#10218,
  #18376);
#18395 = PRESENTATION_STYLE_ASSIGNMENT((#18396,#18401));
#18396 = SURFACE_STYLE_USAGE(.BOTH.,#18397);
#18397 = SURFACE_SIDE_STYLE('',(#18398));
#18398 = SURFACE_STYLE_FILL_AREA(#18399);
#18399 = FILL_AREA_STYLE('',(#18400));
#18400 = FILL_AREA_STYLE_COLOUR('',#16269);
#18401 = CURVE_STYLE('',#18402,POSITIVE_LENGTH_MEASURE(0.1),#16269);
#18402 = DRAUGHTING_PRE_DEFINED_CURVE_FONT('continuous');
#18403 = STYLED_ITEM('color',(#18404),#10244);
#18404 = PRESENTATION_STYLE_ASSIGNMENT((#18405,#18410));
#18405 = SURFACE_STYLE_USAGE(.BOTH.,#18406);
#18406 = SURFACE_SIDE_STYLE('',(#18407));
#18407 = SURFACE_STYLE_FILL_AREA(#18408);
#18408 = FILL_AREA_STYLE('',(#18409));
#18409 = FILL_AREA_STYLE_COLOUR('',#15464);
#18410 = CURVE_STYLE('',#18411,POSITIVE_LENGTH_MEASURE(0.1),#15464);
#18411 = DRAUGHTING_PRE_DEFINED_CURVE_FONT('continuous');
#18412 = STYLED_ITEM('color',(#18413),#10268);
#18413 = PRESENTATION_STYLE_ASSIGNMENT((#18414,#18419));
#18414 = SURFACE_STYLE_USAGE(.BOTH.,#18415);
#18415 = SURFACE_SIDE_STYLE('',(#18416));
#18416 = SURFACE_STYLE_FILL_AREA(#18417);
#18417 = FILL_AREA_STYLE('',(#18418));
#18418 = FILL_AREA_STYLE_COLOUR('',#15464);
#18419 = CURVE_STYLE('',#18420,POSITIVE_LENGTH_MEASURE(0.1),#15464);
#18420 = DRAUGHTING_PRE_DEFINED_CURVE_FONT('continuous');
#18421 = OVER_RIDING_STYLED_ITEM('overriding color',(#18422),#10282,
  #18412);
#18422 = PRESENTATION_STYLE_ASSIGNMENT((#18423,#18428));
#18423 = SURFACE_STYLE_USAGE(.BOTH.,#18424);
#18424 = SURFACE_SIDE_STYLE('',(#18425));
#18425 = SURFACE_STYLE_FILL_AREA(#18426);
#18426 = FILL_AREA_STYLE('',(#18427));
#18427 = FILL_AREA_STYLE_COLOUR('',#16269);
#18428 = CURVE_STYLE('',#18429,POSITIVE_LENGTH_MEASURE(0.1),#16269);
#18429 = DRAUGHTING_PRE_DEFINED_CURVE_FONT('continuous');
#18430 = OVER_RIDING_STYLED_ITEM('overriding color',(#18431),#10298,
  #18412);
#18431 = PRESENTATION_STYLE_ASSIGNMENT((#18432,#18437));
#18432 = SURFACE_STYLE_USAGE(.BOTH.,#18433);
#18433 = SURFACE_SIDE_STYLE('',(#18434));
#18434 = SURFACE_STYLE_FILL_AREA(#18435);
#18435 = FILL_AREA_STYLE('',(#18436));
#18436 = FILL_AREA_STYLE_COLOUR('',#16269);
#18437 = CURVE_STYLE('',#18438,POSITIVE_LENGTH_MEASURE(0.1),#16269);
#18438 = DRAUGHTING_PRE_DEFINED_CURVE_FONT('continuous');
#18439 = STYLED_ITEM('color',(#18440),#10317);
#18440 = PRESENTATION_STYLE_ASSIGNMENT((#18441,#18446));
#18441 = SURFACE_STYLE_USAGE(.BOTH.,#18442);
#18442 = SURFACE_SIDE_STYLE('',(#18443));
#18443 = SURFACE_STYLE_FILL_AREA(#18444);
#18444 = FILL_AREA_STYLE('',(#18445));
#18445 = FILL_AREA_STYLE_COLOUR('',#15464);
#18446 = CURVE_STYLE('',#18447,POSITIVE_LENGTH_MEASURE(0.1),#15464);
#18447 = DRAUGHTING_PRE_DEFINED_CURVE_FONT('continuous');
#18448 = STYLED_ITEM('color',(#18449),#10348);
#18449 = PRESENTATION_STYLE_ASSIGNMENT((#18450,#18455));
#18450 = SURFACE_STYLE_USAGE(.BOTH.,#18451);
#18451 = SURFACE_SIDE_STYLE('',(#18452));
#18452 = SURFACE_STYLE_FILL_AREA(#18453);
#18453 = FILL_AREA_STYLE('',(#18454));
#18454 = FILL_AREA_STYLE_COLOUR('',#15464);
#18455 = CURVE_STYLE('',#18456,POSITIVE_LENGTH_MEASURE(0.1),#15464);
#18456 = DRAUGHTING_PRE_DEFINED_CURVE_FONT('continuous');
#18457 = OVER_RIDING_STYLED_ITEM('overriding color',(#18458),#10362,
  #18448);
#18458 = PRESENTATION_STYLE_ASSIGNMENT((#18459,#18464));
#18459 = SURFACE_STYLE_USAGE(.BOTH.,#18460);
#18460 = SURFACE_SIDE_STYLE('',(#18461));
#18461 = SURFACE_STYLE_FILL_AREA(#18462);
#18462 = FILL_AREA_STYLE('',(#18463));
#18463 = FILL_AREA_STYLE_COLOUR('',#16269);
#18464 = CURVE_STYLE('',#18465,POSITIVE_LENGTH_MEASURE(0.1),#16269);
#18465 = DRAUGHTING_PRE_DEFINED_CURVE_FONT('continuous');
#18466 = OVER_RIDING_STYLED_ITEM('overriding color',(#18467),#10378,
  #18448);
#18467 = PRESENTATION_STYLE_ASSIGNMENT((#18468,#18473));
#18468 = SURFACE_STYLE_USAGE(.BOTH.,#18469);
#18469 = SURFACE_SIDE_STYLE('',(#18470));
#18470 = SURFACE_STYLE_FILL_AREA(#18471);
#18471 = FILL_AREA_STYLE('',(#18472));
#18472 = FILL_AREA_STYLE_COLOUR('',#16269);
#18473 = CURVE_STYLE('',#18474,POSITIVE_LENGTH_MEASURE(0.1),#16269);
#18474 = DRAUGHTING_PRE_DEFINED_CURVE_FONT('continuous');
#18475 = STYLED_ITEM('color',(#18476),#10404);
#18476 = PRESENTATION_STYLE_ASSIGNMENT((#18477,#18482));
#18477 = SURFACE_STYLE_USAGE(.BOTH.,#18478);
#18478 = SURFACE_SIDE_STYLE('',(#18479));
#18479 = SURFACE_STYLE_FILL_AREA(#18480);
#18480 = FILL_AREA_STYLE('',(#18481));
#18481 = FILL_AREA_STYLE_COLOUR('',#15464);
#18482 = CURVE_STYLE('',#18483,POSITIVE_LENGTH_MEASURE(0.1),#15464);
#18483 = DRAUGHTING_PRE_DEFINED_CURVE_FONT('continuous');
#18484 = STYLED_ITEM('color',(#18485),#10428);
#18485 = PRESENTATION_STYLE_ASSIGNMENT((#18486,#18491));
#18486 = SURFACE_STYLE_USAGE(.BOTH.,#18487);
#18487 = SURFACE_SIDE_STYLE('',(#18488));
#18488 = SURFACE_STYLE_FILL_AREA(#18489);
#18489 = FILL_AREA_STYLE('',(#18490));
#18490 = FILL_AREA_STYLE_COLOUR('',#15464);
#18491 = CURVE_STYLE('',#18492,POSITIVE_LENGTH_MEASURE(0.1),#15464);
#18492 = DRAUGHTING_PRE_DEFINED_CURVE_FONT('continuous');
#18493 = OVER_RIDING_STYLED_ITEM('overriding color',(#18494),#10442,
  #18484);
#18494 = PRESENTATION_STYLE_ASSIGNMENT((#18495,#18500));
#18495 = SURFACE_STYLE_USAGE(.BOTH.,#18496);
#18496 = SURFACE_SIDE_STYLE('',(#18497));
#18497 = SURFACE_STYLE_FILL_AREA(#18498);
#18498 = FILL_AREA_STYLE('',(#18499));
#18499 = FILL_AREA_STYLE_COLOUR('',#16269);
#18500 = CURVE_STYLE('',#18501,POSITIVE_LENGTH_MEASURE(0.1),#16269);
#18501 = DRAUGHTING_PRE_DEFINED_CURVE_FONT('continuous');
#18502 = OVER_RIDING_STYLED_ITEM('overriding color',(#18503),#10458,
  #18484);
#18503 = PRESENTATION_STYLE_ASSIGNMENT((#18504,#18509));
#18504 = SURFACE_STYLE_USAGE(.BOTH.,#18505);
#18505 = SURFACE_SIDE_STYLE('',(#18506));
#18506 = SURFACE_STYLE_FILL_AREA(#18507);
#18507 = FILL_AREA_STYLE('',(#18508));
#18508 = FILL_AREA_STYLE_COLOUR('',#16269);
#18509 = CURVE_STYLE('',#18510,POSITIVE_LENGTH_MEASURE(0.1),#16269);
#18510 = DRAUGHTING_PRE_DEFINED_CURVE_FONT('continuous');
#18511 = STYLED_ITEM('color',(#18512),#10477);
#18512 = PRESENTATION_STYLE_ASSIGNMENT((#18513,#18518));
#18513 = SURFACE_STYLE_USAGE(.BOTH.,#18514);
#18514 = SURFACE_SIDE_STYLE('',(#18515));
#18515 = SURFACE_STYLE_FILL_AREA(#18516);
#18516 = FILL_AREA_STYLE('',(#18517));
#18517 = FILL_AREA_STYLE_COLOUR('',#15464);
#18518 = CURVE_STYLE('',#18519,POSITIVE_LENGTH_MEASURE(0.1),#15464);
#18519 = DRAUGHTING_PRE_DEFINED_CURVE_FONT('continuous');
#18520 = STYLED_ITEM('color',(#18521),#10508);
#18521 = PRESENTATION_STYLE_ASSIGNMENT((#18522,#18527));
#18522 = SURFACE_STYLE_USAGE(.BOTH.,#18523);
#18523 = SURFACE_SIDE_STYLE('',(#18524));
#18524 = SURFACE_STYLE_FILL_AREA(#18525);
#18525 = FILL_AREA_STYLE('',(#18526));
#18526 = FILL_AREA_STYLE_COLOUR('',#15464);
#18527 = CURVE_STYLE('',#18528,POSITIVE_LENGTH_MEASURE(0.1),#15464);
#18528 = DRAUGHTING_PRE_DEFINED_CURVE_FONT('continuous');
#18529 = OVER_RIDING_STYLED_ITEM('overriding color',(#18530),#10522,
  #18520);
#18530 = PRESENTATION_STYLE_ASSIGNMENT((#18531,#18536));
#18531 = SURFACE_STYLE_USAGE(.BOTH.,#18532);
#18532 = SURFACE_SIDE_STYLE('',(#18533));
#18533 = SURFACE_STYLE_FILL_AREA(#18534);
#18534 = FILL_AREA_STYLE('',(#18535));
#18535 = FILL_AREA_STYLE_COLOUR('',#16269);
#18536 = CURVE_STYLE('',#18537,POSITIVE_LENGTH_MEASURE(0.1),#16269);
#18537 = DRAUGHTING_PRE_DEFINED_CURVE_FONT('continuous');
#18538 = OVER_RIDING_STYLED_ITEM('overriding color',(#18539),#10538,
  #18520);
#18539 = PRESENTATION_STYLE_ASSIGNMENT((#18540,#18545));
#18540 = SURFACE_STYLE_USAGE(.BOTH.,#18541);
#18541 = SURFACE_SIDE_STYLE('',(#18542));
#18542 = SURFACE_STYLE_FILL_AREA(#18543);
#18543 = FILL_AREA_STYLE('',(#18544));
#18544 = FILL_AREA_STYLE_COLOUR('',#16269);
#18545 = CURVE_STYLE('',#18546,POSITIVE_LENGTH_MEASURE(0.1),#16269);
#18546 = DRAUGHTING_PRE_DEFINED_CURVE_FONT('continuous');
#18547 = STYLED_ITEM('color',(#18548),#10564);
#18548 = PRESENTATION_STYLE_ASSIGNMENT((#18549,#18554));
#18549 = SURFACE_STYLE_USAGE(.BOTH.,#18550);
#18550 = SURFACE_SIDE_STYLE('',(#18551));
#18551 = SURFACE_STYLE_FILL_AREA(#18552);
#18552 = FILL_AREA_STYLE('',(#18553));
#18553 = FILL_AREA_STYLE_COLOUR('',#15464);
#18554 = CURVE_STYLE('',#18555,POSITIVE_LENGTH_MEASURE(0.1),#15464);
#18555 = DRAUGHTING_PRE_DEFINED_CURVE_FONT('continuous');
#18556 = STYLED_ITEM('color',(#18557),#10588);
#18557 = PRESENTATION_STYLE_ASSIGNMENT((#18558,#18563));
#18558 = SURFACE_STYLE_USAGE(.BOTH.,#18559);
#18559 = SURFACE_SIDE_STYLE('',(#18560));
#18560 = SURFACE_STYLE_FILL_AREA(#18561);
#18561 = FILL_AREA_STYLE('',(#18562));
#18562 = FILL_AREA_STYLE_COLOUR('',#15464);
#18563 = CURVE_STYLE('',#18564,POSITIVE_LENGTH_MEASURE(0.1),#15464);
#18564 = DRAUGHTING_PRE_DEFINED_CURVE_FONT('continuous');
#18565 = OVER_RIDING_STYLED_ITEM('overriding color',(#18566),#10602,
  #18556);
#18566 = PRESENTATION_STYLE_ASSIGNMENT((#18567,#18572));
#18567 = SURFACE_STYLE_USAGE(.BOTH.,#18568);
#18568 = SURFACE_SIDE_STYLE('',(#18569));
#18569 = SURFACE_STYLE_FILL_AREA(#18570);
#18570 = FILL_AREA_STYLE('',(#18571));
#18571 = FILL_AREA_STYLE_COLOUR('',#16269);
#18572 = CURVE_STYLE('',#18573,POSITIVE_LENGTH_MEASURE(0.1),#16269);
#18573 = DRAUGHTING_PRE_DEFINED_CURVE_FONT('continuous');
#18574 = OVER_RIDING_STYLED_ITEM('overriding color',(#18575),#10618,
  #18556);
#18575 = PRESENTATION_STYLE_ASSIGNMENT((#18576,#18581));
#18576 = SURFACE_STYLE_USAGE(.BOTH.,#18577);
#18577 = SURFACE_SIDE_STYLE('',(#18578));
#18578 = SURFACE_STYLE_FILL_AREA(#18579);
#18579 = FILL_AREA_STYLE('',(#18580));
#18580 = FILL_AREA_STYLE_COLOUR('',#16269);
#18581 = CURVE_STYLE('',#18582,POSITIVE_LENGTH_MEASURE(0.1),#16269);
#18582 = DRAUGHTING_PRE_DEFINED_CURVE_FONT('continuous');
#18583 = STYLED_ITEM('color',(#18584),#10637);
#18584 = PRESENTATION_STYLE_ASSIGNMENT((#18585,#18590));
#18585 = SURFACE_STYLE_USAGE(.BOTH.,#18586);
#18586 = SURFACE_SIDE_STYLE('',(#18587));
#18587 = SURFACE_STYLE_FILL_AREA(#18588);
#18588 = FILL_AREA_STYLE('',(#18589));
#18589 = FILL_AREA_STYLE_COLOUR('',#15464);
#18590 = CURVE_STYLE('',#18591,POSITIVE_LENGTH_MEASURE(0.1),#15464);
#18591 = DRAUGHTING_PRE_DEFINED_CURVE_FONT('continuous');
#18592 = STYLED_ITEM('color',(#18593),#10668);
#18593 = PRESENTATION_STYLE_ASSIGNMENT((#18594,#18599));
#18594 = SURFACE_STYLE_USAGE(.BOTH.,#18595);
#18595 = SURFACE_SIDE_STYLE('',(#18596));
#18596 = SURFACE_STYLE_FILL_AREA(#18597);
#18597 = FILL_AREA_STYLE('',(#18598));
#18598 = FILL_AREA_STYLE_COLOUR('',#15464);
#18599 = CURVE_STYLE('',#18600,POSITIVE_LENGTH_MEASURE(0.1),#15464);
#18600 = DRAUGHTING_PRE_DEFINED_CURVE_FONT('continuous');
#18601 = OVER_RIDING_STYLED_ITEM('overriding color',(#18602),#10682,
  #18592);
#18602 = PRESENTATION_STYLE_ASSIGNMENT((#18603,#18608));
#18603 = SURFACE_STYLE_USAGE(.BOTH.,#18604);
#18604 = SURFACE_SIDE_STYLE('',(#18605));
#18605 = SURFACE_STYLE_FILL_AREA(#18606);
#18606 = FILL_AREA_STYLE('',(#18607));
#18607 = FILL_AREA_STYLE_COLOUR('',#16269);
#18608 = CURVE_STYLE('',#18609,POSITIVE_LENGTH_MEASURE(0.1),#16269);
#18609 = DRAUGHTING_PRE_DEFINED_CURVE_FONT('continuous');
#18610 = OVER_RIDING_STYLED_ITEM('overriding color',(#18611),#10698,
  #18592);
#18611 = PRESENTATION_STYLE_ASSIGNMENT((#18612,#18617));
#18612 = SURFACE_STYLE_USAGE(.BOTH.,#18613);
#18613 = SURFACE_SIDE_STYLE('',(#18614));
#18614 = SURFACE_STYLE_FILL_AREA(#18615);
#18615 = FILL_AREA_STYLE('',(#18616));
#18616 = FILL_AREA_STYLE_COLOUR('',#16269);
#18617 = CURVE_STYLE('',#18618,POSITIVE_LENGTH_MEASURE(0.1),#16269);
#18618 = DRAUGHTING_PRE_DEFINED_CURVE_FONT('continuous');
#18619 = STYLED_ITEM('color',(#18620),#10724);
#18620 = PRESENTATION_STYLE_ASSIGNMENT((#18621,#18626));
#18621 = SURFACE_STYLE_USAGE(.BOTH.,#18622);
#18622 = SURFACE_SIDE_STYLE('',(#18623));
#18623 = SURFACE_STYLE_FILL_AREA(#18624);
#18624 = FILL_AREA_STYLE('',(#18625));
#18625 = FILL_AREA_STYLE_COLOUR('',#15464);
#18626 = CURVE_STYLE('',#18627,POSITIVE_LENGTH_MEASURE(0.1),#15464);
#18627 = DRAUGHTING_PRE_DEFINED_CURVE_FONT('continuous');
#18628 = STYLED_ITEM('color',(#18629),#10748);
#18629 = PRESENTATION_STYLE_ASSIGNMENT((#18630,#18635));
#18630 = SURFACE_STYLE_USAGE(.BOTH.,#18631);
#18631 = SURFACE_SIDE_STYLE('',(#18632));
#18632 = SURFACE_STYLE_FILL_AREA(#18633);
#18633 = FILL_AREA_STYLE('',(#18634));
#18634 = FILL_AREA_STYLE_COLOUR('',#15464);
#18635 = CURVE_STYLE('',#18636,POSITIVE_LENGTH_MEASURE(0.1),#15464);
#18636 = DRAUGHTING_PRE_DEFINED_CURVE_FONT('continuous');
#18637 = OVER_RIDING_STYLED_ITEM('overriding color',(#18638),#10762,
  #18628);
#18638 = PRESENTATION_STYLE_ASSIGNMENT((#18639,#18644));
#18639 = SURFACE_STYLE_USAGE(.BOTH.,#18640);
#18640 = SURFACE_SIDE_STYLE('',(#18641));
#18641 = SURFACE_STYLE_FILL_AREA(#18642);
#18642 = FILL_AREA_STYLE('',(#18643));
#18643 = FILL_AREA_STYLE_COLOUR('',#16269);
#18644 = CURVE_STYLE('',#18645,POSITIVE_LENGTH_MEASURE(0.1),#16269);
#18645 = DRAUGHTING_PRE_DEFINED_CURVE_FONT('continuous');
#18646 = OVER_RIDING_STYLED_ITEM('overriding color',(#18647),#10778,
  #18628);
#18647 = PRESENTATION_STYLE_ASSIGNMENT((#18648,#18653));
#18648 = SURFACE_STYLE_USAGE(.BOTH.,#18649);
#18649 = SURFACE_SIDE_STYLE('',(#18650));
#18650 = SURFACE_STYLE_FILL_AREA(#18651);
#18651 = FILL_AREA_STYLE('',(#18652));
#18652 = FILL_AREA_STYLE_COLOUR('',#16269);
#18653 = CURVE_STYLE('',#18654,POSITIVE_LENGTH_MEASURE(0.1),#16269);
#18654 = DRAUGHTING_PRE_DEFINED_CURVE_FONT('continuous');
#18655 = STYLED_ITEM('color',(#18656),#10797);
#18656 = PRESENTATION_STYLE_ASSIGNMENT((#18657,#18662));
#18657 = SURFACE_STYLE_USAGE(.BOTH.,#18658);
#18658 = SURFACE_SIDE_STYLE('',(#18659));
#18659 = SURFACE_STYLE_FILL_AREA(#18660);
#18660 = FILL_AREA_STYLE('',(#18661));
#18661 = FILL_AREA_STYLE_COLOUR('',#16269);
#18662 = CURVE_STYLE('',#18663,POSITIVE_LENGTH_MEASURE(0.1),#16269);
#18663 = DRAUGHTING_PRE_DEFINED_CURVE_FONT('continuous');
#18664 = STYLED_ITEM('color',(#18665),#10814);
#18665 = PRESENTATION_STYLE_ASSIGNMENT((#18666,#18671));
#18666 = SURFACE_STYLE_USAGE(.BOTH.,#18667);
#18667 = SURFACE_SIDE_STYLE('',(#18668));
#18668 = SURFACE_STYLE_FILL_AREA(#18669);
#18669 = FILL_AREA_STYLE('',(#18670));
#18670 = FILL_AREA_STYLE_COLOUR('',#16269);
#18671 = CURVE_STYLE('',#18672,POSITIVE_LENGTH_MEASURE(0.1),#16269);
#18672 = DRAUGHTING_PRE_DEFINED_CURVE_FONT('continuous');
#18673 = STYLED_ITEM('color',(#18674),#10831);
#18674 = PRESENTATION_STYLE_ASSIGNMENT((#18675,#18680));
#18675 = SURFACE_STYLE_USAGE(.BOTH.,#18676);
#18676 = SURFACE_SIDE_STYLE('',(#18677));
#18677 = SURFACE_STYLE_FILL_AREA(#18678);
#18678 = FILL_AREA_STYLE('',(#18679));
#18679 = FILL_AREA_STYLE_COLOUR('',#16269);
#18680 = CURVE_STYLE('',#18681,POSITIVE_LENGTH_MEASURE(0.1),#16269);
#18681 = DRAUGHTING_PRE_DEFINED_CURVE_FONT('continuous');
#18682 = STYLED_ITEM('color',(#18683),#10848);
#18683 = PRESENTATION_STYLE_ASSIGNMENT((#18684,#18689));
#18684 = SURFACE_STYLE_USAGE(.BOTH.,#18685);
#18685 = SURFACE_SIDE_STYLE('',(#18686));
#18686 = SURFACE_STYLE_FILL_AREA(#18687);
#18687 = FILL_AREA_STYLE('',(#18688));
#18688 = FILL_AREA_STYLE_COLOUR('',#16269);
#18689 = CURVE_STYLE('',#18690,POSITIVE_LENGTH_MEASURE(0.1),#16269);
#18690 = DRAUGHTING_PRE_DEFINED_CURVE_FONT('continuous');
#18691 = STYLED_ITEM('color',(#18692),#10865);
#18692 = PRESENTATION_STYLE_ASSIGNMENT((#18693,#18698));
#18693 = SURFACE_STYLE_USAGE(.BOTH.,#18694);
#18694 = SURFACE_SIDE_STYLE('',(#18695));
#18695 = SURFACE_STYLE_FILL_AREA(#18696);
#18696 = FILL_AREA_STYLE('',(#18697));
#18697 = FILL_AREA_STYLE_COLOUR('',#16269);
#18698 = CURVE_STYLE('',#18699,POSITIVE_LENGTH_MEASURE(0.1),#16269);
#18699 = DRAUGHTING_PRE_DEFINED_CURVE_FONT('continuous');
#18700 = STYLED_ITEM('color',(#18701),#10877);
#18701 = PRESENTATION_STYLE_ASSIGNMENT((#18702,#18707));
#18702 = SURFACE_STYLE_USAGE(.BOTH.,#18703);
#18703 = SURFACE_SIDE_STYLE('',(#18704));
#18704 = SURFACE_STYLE_FILL_AREA(#18705);
#18705 = FILL_AREA_STYLE('',(#18706));
#18706 = FILL_AREA_STYLE_COLOUR('',#16269);
#18707 = CURVE_STYLE('',#18708,POSITIVE_LENGTH_MEASURE(0.1),#16269);
#18708 = DRAUGHTING_PRE_DEFINED_CURVE_FONT('continuous');
#18709 = STYLED_ITEM('color',(#18710),#10894);
#18710 = PRESENTATION_STYLE_ASSIGNMENT((#18711,#18716));
#18711 = SURFACE_STYLE_USAGE(.BOTH.,#18712);
#18712 = SURFACE_SIDE_STYLE('',(#18713));
#18713 = SURFACE_STYLE_FILL_AREA(#18714);
#18714 = FILL_AREA_STYLE('',(#18715));
#18715 = FILL_AREA_STYLE_COLOUR('',#16269);
#18716 = CURVE_STYLE('',#18717,POSITIVE_LENGTH_MEASURE(0.1),#16269);
#18717 = DRAUGHTING_PRE_DEFINED_CURVE_FONT('continuous');
#18718 = STYLED_ITEM('color',(#18719),#10911);
#18719 = PRESENTATION_STYLE_ASSIGNMENT((#18720,#18725));
#18720 = SURFACE_STYLE_USAGE(.BOTH.,#18721);
#18721 = SURFACE_SIDE_STYLE('',(#18722));
#18722 = SURFACE_STYLE_FILL_AREA(#18723);
#18723 = FILL_AREA_STYLE('',(#18724));
#18724 = FILL_AREA_STYLE_COLOUR('',#16269);
#18725 = CURVE_STYLE('',#18726,POSITIVE_LENGTH_MEASURE(0.1),#16269);
#18726 = DRAUGHTING_PRE_DEFINED_CURVE_FONT('continuous');
#18727 = STYLED_ITEM('color',(#18728),#10928);
#18728 = PRESENTATION_STYLE_ASSIGNMENT((#18729,#18734));
#18729 = SURFACE_STYLE_USAGE(.BOTH.,#18730);
#18730 = SURFACE_SIDE_STYLE('',(#18731));
#18731 = SURFACE_STYLE_FILL_AREA(#18732);
#18732 = FILL_AREA_STYLE('',(#18733));
#18733 = FILL_AREA_STYLE_COLOUR('',#16269);
#18734 = CURVE_STYLE('',#18735,POSITIVE_LENGTH_MEASURE(0.1),#16269);
#18735 = DRAUGHTING_PRE_DEFINED_CURVE_FONT('continuous');
#18736 = STYLED_ITEM('color',(#18737),#10945);
#18737 = PRESENTATION_STYLE_ASSIGNMENT((#18738,#18743));
#18738 = SURFACE_STYLE_USAGE(.BOTH.,#18739);
#18739 = SURFACE_SIDE_STYLE('',(#18740));
#18740 = SURFACE_STYLE_FILL_AREA(#18741);
#18741 = FILL_AREA_STYLE('',(#18742));
#18742 = FILL_AREA_STYLE_COLOUR('',#16269);
#18743 = CURVE_STYLE('',#18744,POSITIVE_LENGTH_MEASURE(0.1),#16269);
#18744 = DRAUGHTING_PRE_DEFINED_CURVE_FONT('continuous');
#18745 = STYLED_ITEM('color',(#18746),#10957);
#18746 = PRESENTATION_STYLE_ASSIGNMENT((#18747,#18752));
#18747 = SURFACE_STYLE_USAGE(.BOTH.,#18748);
#18748 = SURFACE_SIDE_STYLE('',(#18749));
#18749 = SURFACE_STYLE_FILL_AREA(#18750);
#18750 = FILL_AREA_STYLE('',(#18751));
#18751 = FILL_AREA_STYLE_COLOUR('',#16269);
#18752 = CURVE_STYLE('',#18753,POSITIVE_LENGTH_MEASURE(0.1),#16269);
#18753 = DRAUGHTING_PRE_DEFINED_CURVE_FONT('continuous');
#18754 = STYLED_ITEM('color',(#18755),#10974);
#18755 = PRESENTATION_STYLE_ASSIGNMENT((#18756,#18761));
#18756 = SURFACE_STYLE_USAGE(.BOTH.,#18757);
#18757 = SURFACE_SIDE_STYLE('',(#18758));
#18758 = SURFACE_STYLE_FILL_AREA(#18759);
#18759 = FILL_AREA_STYLE('',(#18760));
#18760 = FILL_AREA_STYLE_COLOUR('',#16269);
#18761 = CURVE_STYLE('',#18762,POSITIVE_LENGTH_MEASURE(0.1),#16269);
#18762 = DRAUGHTING_PRE_DEFINED_CURVE_FONT('continuous');
#18763 = STYLED_ITEM('color',(#18764),#10991);
#18764 = PRESENTATION_STYLE_ASSIGNMENT((#18765,#18770));
#18765 = SURFACE_STYLE_USAGE(.BOTH.,#18766);
#18766 = SURFACE_SIDE_STYLE('',(#18767));
#18767 = SURFACE_STYLE_FILL_AREA(#18768);
#18768 = FILL_AREA_STYLE('',(#18769));
#18769 = FILL_AREA_STYLE_COLOUR('',#16269);
#18770 = CURVE_STYLE('',#18771,POSITIVE_LENGTH_MEASURE(0.1),#16269);
#18771 = DRAUGHTING_PRE_DEFINED_CURVE_FONT('continuous');
#18772 = STYLED_ITEM('color',(#18773),#11008);
#18773 = PRESENTATION_STYLE_ASSIGNMENT((#18774,#18779));
#18774 = SURFACE_STYLE_USAGE(.BOTH.,#18775);
#18775 = SURFACE_SIDE_STYLE('',(#18776));
#18776 = SURFACE_STYLE_FILL_AREA(#18777);
#18777 = FILL_AREA_STYLE('',(#18778));
#18778 = FILL_AREA_STYLE_COLOUR('',#16269);
#18779 = CURVE_STYLE('',#18780,POSITIVE_LENGTH_MEASURE(0.1),#16269);
#18780 = DRAUGHTING_PRE_DEFINED_CURVE_FONT('continuous');
#18781 = STYLED_ITEM('color',(#18782),#11025);
#18782 = PRESENTATION_STYLE_ASSIGNMENT((#18783,#18788));
#18783 = SURFACE_STYLE_USAGE(.BOTH.,#18784);
#18784 = SURFACE_SIDE_STYLE('',(#18785));
#18785 = SURFACE_STYLE_FILL_AREA(#18786);
#18786 = FILL_AREA_STYLE('',(#18787));
#18787 = FILL_AREA_STYLE_COLOUR('',#16269);
#18788 = CURVE_STYLE('',#18789,POSITIVE_LENGTH_MEASURE(0.1),#16269);
#18789 = DRAUGHTING_PRE_DEFINED_CURVE_FONT('continuous');
#18790 = STYLED_ITEM('color',(#18791),#11037);
#18791 = PRESENTATION_STYLE_ASSIGNMENT((#18792,#18797));
#18792 = SURFACE_STYLE_USAGE(.BOTH.,#18793);
#18793 = SURFACE_SIDE_STYLE('',(#18794));
#18794 = SURFACE_STYLE_FILL_AREA(#18795);
#18795 = FILL_AREA_STYLE('',(#18796));
#18796 = FILL_AREA_STYLE_COLOUR('',#16269);
#18797 = CURVE_STYLE('',#18798,POSITIVE_LENGTH_MEASURE(0.1),#16269);
#18798 = DRAUGHTING_PRE_DEFINED_CURVE_FONT('continuous');
#18799 = STYLED_ITEM('color',(#18800),#11054);
#18800 = PRESENTATION_STYLE_ASSIGNMENT((#18801,#18806));
#18801 = SURFACE_STYLE_USAGE(.BOTH.,#18802);
#18802 = SURFACE_SIDE_STYLE('',(#18803));
#18803 = SURFACE_STYLE_FILL_AREA(#18804);
#18804 = FILL_AREA_STYLE('',(#18805));
#18805 = FILL_AREA_STYLE_COLOUR('',#16269);
#18806 = CURVE_STYLE('',#18807,POSITIVE_LENGTH_MEASURE(0.1),#16269);
#18807 = DRAUGHTING_PRE_DEFINED_CURVE_FONT('continuous');
#18808 = STYLED_ITEM('color',(#18809),#11071);
#18809 = PRESENTATION_STYLE_ASSIGNMENT((#18810,#18815));
#18810 = SURFACE_STYLE_USAGE(.BOTH.,#18811);
#18811 = SURFACE_SIDE_STYLE('',(#18812));
#18812 = SURFACE_STYLE_FILL_AREA(#18813);
#18813 = FILL_AREA_STYLE('',(#18814));
#18814 = FILL_AREA_STYLE_COLOUR('',#16269);
#18815 = CURVE_STYLE('',#18816,POSITIVE_LENGTH_MEASURE(0.1),#16269);
#18816 = DRAUGHTING_PRE_DEFINED_CURVE_FONT('continuous');
#18817 = STYLED_ITEM('color',(#18818),#11088);
#18818 = PRESENTATION_STYLE_ASSIGNMENT((#18819,#18824));
#18819 = SURFACE_STYLE_USAGE(.BOTH.,#18820);
#18820 = SURFACE_SIDE_STYLE('',(#18821));
#18821 = SURFACE_STYLE_FILL_AREA(#18822);
#18822 = FILL_AREA_STYLE('',(#18823));
#18823 = FILL_AREA_STYLE_COLOUR('',#16269);
#18824 = CURVE_STYLE('',#18825,POSITIVE_LENGTH_MEASURE(0.1),#16269);
#18825 = DRAUGHTING_PRE_DEFINED_CURVE_FONT('continuous');
#18826 = STYLED_ITEM('color',(#18827),#11105);
#18827 = PRESENTATION_STYLE_ASSIGNMENT((#18828,#18833));
#18828 = SURFACE_STYLE_USAGE(.BOTH.,#18829);
#18829 = SURFACE_SIDE_STYLE('',(#18830));
#18830 = SURFACE_STYLE_FILL_AREA(#18831);
#18831 = FILL_AREA_STYLE('',(#18832));
#18832 = FILL_AREA_STYLE_COLOUR('',#16269);
#18833 = CURVE_STYLE('',#18834,POSITIVE_LENGTH_MEASURE(0.1),#16269);
#18834 = DRAUGHTING_PRE_DEFINED_CURVE_FONT('continuous');
#18835 = STYLED_ITEM('color',(#18836),#11117);
#18836 = PRESENTATION_STYLE_ASSIGNMENT((#18837,#18842));
#18837 = SURFACE_STYLE_USAGE(.BOTH.,#18838);
#18838 = SURFACE_SIDE_STYLE('',(#18839));
#18839 = SURFACE_STYLE_FILL_AREA(#18840);
#18840 = FILL_AREA_STYLE('',(#18841));
#18841 = FILL_AREA_STYLE_COLOUR('',#16269);
#18842 = CURVE_STYLE('',#18843,POSITIVE_LENGTH_MEASURE(0.1),#16269);
#18843 = DRAUGHTING_PRE_DEFINED_CURVE_FONT('continuous');
#18844 = STYLED_ITEM('color',(#18845),#11134);
#18845 = PRESENTATION_STYLE_ASSIGNMENT((#18846,#18851));
#18846 = SURFACE_STYLE_USAGE(.BOTH.,#18847);
#18847 = SURFACE_SIDE_STYLE('',(#18848));
#18848 = SURFACE_STYLE_FILL_AREA(#18849);
#18849 = FILL_AREA_STYLE('',(#18850));
#18850 = FILL_AREA_STYLE_COLOUR('',#16269);
#18851 = CURVE_STYLE('',#18852,POSITIVE_LENGTH_MEASURE(0.1),#16269);
#18852 = DRAUGHTING_PRE_DEFINED_CURVE_FONT('continuous');
#18853 = STYLED_ITEM('color',(#18854),#11151);
#18854 = PRESENTATION_STYLE_ASSIGNMENT((#18855,#18860));
#18855 = SURFACE_STYLE_USAGE(.BOTH.,#18856);
#18856 = SURFACE_SIDE_STYLE('',(#18857));
#18857 = SURFACE_STYLE_FILL_AREA(#18858);
#18858 = FILL_AREA_STYLE('',(#18859));
#18859 = FILL_AREA_STYLE_COLOUR('',#16269);
#18860 = CURVE_STYLE('',#18861,POSITIVE_LENGTH_MEASURE(0.1),#16269);
#18861 = DRAUGHTING_PRE_DEFINED_CURVE_FONT('continuous');
#18862 = STYLED_ITEM('color',(#18863),#11168);
#18863 = PRESENTATION_STYLE_ASSIGNMENT((#18864,#18869));
#18864 = SURFACE_STYLE_USAGE(.BOTH.,#18865);
#18865 = SURFACE_SIDE_STYLE('',(#18866));
#18866 = SURFACE_STYLE_FILL_AREA(#18867);
#18867 = FILL_AREA_STYLE('',(#18868));
#18868 = FILL_AREA_STYLE_COLOUR('',#16269);
#18869 = CURVE_STYLE('',#18870,POSITIVE_LENGTH_MEASURE(0.1),#16269);
#18870 = DRAUGHTING_PRE_DEFINED_CURVE_FONT('continuous');
#18871 = STYLED_ITEM('color',(#18872),#11185);
#18872 = PRESENTATION_STYLE_ASSIGNMENT((#18873,#18878));
#18873 = SURFACE_STYLE_USAGE(.BOTH.,#18874);
#18874 = SURFACE_SIDE_STYLE('',(#18875));
#18875 = SURFACE_STYLE_FILL_AREA(#18876);
#18876 = FILL_AREA_STYLE('',(#18877));
#18877 = FILL_AREA_STYLE_COLOUR('',#16269);
#18878 = CURVE_STYLE('',#18879,POSITIVE_LENGTH_MEASURE(0.1),#16269);
#18879 = DRAUGHTING_PRE_DEFINED_CURVE_FONT('continuous');
#18880 = STYLED_ITEM('color',(#18881),#11197);
#18881 = PRESENTATION_STYLE_ASSIGNMENT((#18882,#18887));
#18882 = SURFACE_STYLE_USAGE(.BOTH.,#18883);
#18883 = SURFACE_SIDE_STYLE('',(#18884));
#18884 = SURFACE_STYLE_FILL_AREA(#18885);
#18885 = FILL_AREA_STYLE('',(#18886));
#18886 = FILL_AREA_STYLE_COLOUR('',#16269);
#18887 = CURVE_STYLE('',#18888,POSITIVE_LENGTH_MEASURE(0.1),#16269);
#18888 = DRAUGHTING_PRE_DEFINED_CURVE_FONT('continuous');
#18889 = STYLED_ITEM('color',(#18890),#11214);
#18890 = PRESENTATION_STYLE_ASSIGNMENT((#18891,#18896));
#18891 = SURFACE_STYLE_USAGE(.BOTH.,#18892);
#18892 = SURFACE_SIDE_STYLE('',(#18893));
#18893 = SURFACE_STYLE_FILL_AREA(#18894);
#18894 = FILL_AREA_STYLE('',(#18895));
#18895 = FILL_AREA_STYLE_COLOUR('',#16269);
#18896 = CURVE_STYLE('',#18897,POSITIVE_LENGTH_MEASURE(0.1),#16269);
#18897 = DRAUGHTING_PRE_DEFINED_CURVE_FONT('continuous');
#18898 = STYLED_ITEM('color',(#18899),#11231);
#18899 = PRESENTATION_STYLE_ASSIGNMENT((#18900,#18905));
#18900 = SURFACE_STYLE_USAGE(.BOTH.,#18901);
#18901 = SURFACE_SIDE_STYLE('',(#18902));
#18902 = SURFACE_STYLE_FILL_AREA(#18903);
#18903 = FILL_AREA_STYLE('',(#18904));
#18904 = FILL_AREA_STYLE_COLOUR('',#16269);
#18905 = CURVE_STYLE('',#18906,POSITIVE_LENGTH_MEASURE(0.1),#16269);
#18906 = DRAUGHTING_PRE_DEFINED_CURVE_FONT('continuous');
#18907 = STYLED_ITEM('color',(#18908),#11248);
#18908 = PRESENTATION_STYLE_ASSIGNMENT((#18909,#18914));
#18909 = SURFACE_STYLE_USAGE(.BOTH.,#18910);
#18910 = SURFACE_SIDE_STYLE('',(#18911));
#18911 = SURFACE_STYLE_FILL_AREA(#18912);
#18912 = FILL_AREA_STYLE('',(#18913));
#18913 = FILL_AREA_STYLE_COLOUR('',#16269);
#18914 = CURVE_STYLE('',#18915,POSITIVE_LENGTH_MEASURE(0.1),#16269);
#18915 = DRAUGHTING_PRE_DEFINED_CURVE_FONT('continuous');
#18916 = STYLED_ITEM('color',(#18917),#11265);
#18917 = PRESENTATION_STYLE_ASSIGNMENT((#18918,#18923));
#18918 = SURFACE_STYLE_USAGE(.BOTH.,#18919);
#18919 = SURFACE_SIDE_STYLE('',(#18920));
#18920 = SURFACE_STYLE_FILL_AREA(#18921);
#18921 = FILL_AREA_STYLE('',(#18922));
#18922 = FILL_AREA_STYLE_COLOUR('',#16269);
#18923 = CURVE_STYLE('',#18924,POSITIVE_LENGTH_MEASURE(0.1),#16269);
#18924 = DRAUGHTING_PRE_DEFINED_CURVE_FONT('continuous');
#18925 = STYLED_ITEM('color',(#18926),#11277);
#18926 = PRESENTATION_STYLE_ASSIGNMENT((#18927,#18932));
#18927 = SURFACE_STYLE_USAGE(.BOTH.,#18928);
#18928 = SURFACE_SIDE_STYLE('',(#18929));
#18929 = SURFACE_STYLE_FILL_AREA(#18930);
#18930 = FILL_AREA_STYLE('',(#18931));
#18931 = FILL_AREA_STYLE_COLOUR('',#16269);
#18932 = CURVE_STYLE('',#18933,POSITIVE_LENGTH_MEASURE(0.1),#16269);
#18933 = DRAUGHTING_PRE_DEFINED_CURVE_FONT('continuous');
#18934 = STYLED_ITEM('color',(#18935),#11294);
#18935 = PRESENTATION_STYLE_ASSIGNMENT((#18936,#18941));
#18936 = SURFACE_STYLE_USAGE(.BOTH.,#18937);
#18937 = SURFACE_SIDE_STYLE('',(#18938));
#18938 = SURFACE_STYLE_FILL_AREA(#18939);
#18939 = FILL_AREA_STYLE('',(#18940));
#18940 = FILL_AREA_STYLE_COLOUR('',#16269);
#18941 = CURVE_STYLE('',#18942,POSITIVE_LENGTH_MEASURE(0.1),#16269);
#18942 = DRAUGHTING_PRE_DEFINED_CURVE_FONT('continuous');
#18943 = STYLED_ITEM('color',(#18944),#11311);
#18944 = PRESENTATION_STYLE_ASSIGNMENT((#18945,#18950));
#18945 = SURFACE_STYLE_USAGE(.BOTH.,#18946);
#18946 = SURFACE_SIDE_STYLE('',(#18947));
#18947 = SURFACE_STYLE_FILL_AREA(#18948);
#18948 = FILL_AREA_STYLE('',(#18949));
#18949 = FILL_AREA_STYLE_COLOUR('',#16269);
#18950 = CURVE_STYLE('',#18951,POSITIVE_LENGTH_MEASURE(0.1),#16269);
#18951 = DRAUGHTING_PRE_DEFINED_CURVE_FONT('continuous');
#18952 = STYLED_ITEM('color',(#18953),#11328);
#18953 = PRESENTATION_STYLE_ASSIGNMENT((#18954,#18959));
#18954 = SURFACE_STYLE_USAGE(.BOTH.,#18955);
#18955 = SURFACE_SIDE_STYLE('',(#18956));
#18956 = SURFACE_STYLE_FILL_AREA(#18957);
#18957 = FILL_AREA_STYLE('',(#18958));
#18958 = FILL_AREA_STYLE_COLOUR('',#16269);
#18959 = CURVE_STYLE('',#18960,POSITIVE_LENGTH_MEASURE(0.1),#16269);
#18960 = DRAUGHTING_PRE_DEFINED_CURVE_FONT('continuous');
#18961 = STYLED_ITEM('color',(#18962),#11345);
#18962 = PRESENTATION_STYLE_ASSIGNMENT((#18963,#18968));
#18963 = SURFACE_STYLE_USAGE(.BOTH.,#18964);
#18964 = SURFACE_SIDE_STYLE('',(#18965));
#18965 = SURFACE_STYLE_FILL_AREA(#18966);
#18966 = FILL_AREA_STYLE('',(#18967));
#18967 = FILL_AREA_STYLE_COLOUR('',#16269);
#18968 = CURVE_STYLE('',#18969,POSITIVE_LENGTH_MEASURE(0.1),#16269);
#18969 = DRAUGHTING_PRE_DEFINED_CURVE_FONT('continuous');
#18970 = STYLED_ITEM('color',(#18971),#11357);
#18971 = PRESENTATION_STYLE_ASSIGNMENT((#18972,#18977));
#18972 = SURFACE_STYLE_USAGE(.BOTH.,#18973);
#18973 = SURFACE_SIDE_STYLE('',(#18974));
#18974 = SURFACE_STYLE_FILL_AREA(#18975);
#18975 = FILL_AREA_STYLE('',(#18976));
#18976 = FILL_AREA_STYLE_COLOUR('',#15464);
#18977 = CURVE_STYLE('',#18978,POSITIVE_LENGTH_MEASURE(0.1),#15464);
#18978 = DRAUGHTING_PRE_DEFINED_CURVE_FONT('continuous');
#18979 = OVER_RIDING_STYLED_ITEM('overriding color',(#18980),#11364,
  #18970);
#18980 = PRESENTATION_STYLE_ASSIGNMENT((#18981,#18986));
#18981 = SURFACE_STYLE_USAGE(.BOTH.,#18982);
#18982 = SURFACE_SIDE_STYLE('',(#18983));
#18983 = SURFACE_STYLE_FILL_AREA(#18984);
#18984 = FILL_AREA_STYLE('',(#18985));
#18985 = FILL_AREA_STYLE_COLOUR('',#16269);
#18986 = CURVE_STYLE('',#18987,POSITIVE_LENGTH_MEASURE(0.1),#16269);
#18987 = DRAUGHTING_PRE_DEFINED_CURVE_FONT('continuous');
#18988 = STYLED_ITEM('color',(#18989),#11374);
#18989 = PRESENTATION_STYLE_ASSIGNMENT((#18990,#18995));
#18990 = SURFACE_STYLE_USAGE(.BOTH.,#18991);
#18991 = SURFACE_SIDE_STYLE('',(#18992));
#18992 = SURFACE_STYLE_FILL_AREA(#18993);
#18993 = FILL_AREA_STYLE('',(#18994));
#18994 = FILL_AREA_STYLE_COLOUR('',#15464);
#18995 = CURVE_STYLE('',#18996,POSITIVE_LENGTH_MEASURE(0.1),#15464);
#18996 = DRAUGHTING_PRE_DEFINED_CURVE_FONT('continuous');
#18997 = OVER_RIDING_STYLED_ITEM('overriding color',(#18998),#11379,
  #18988);
#18998 = PRESENTATION_STYLE_ASSIGNMENT((#18999,#19004));
#18999 = SURFACE_STYLE_USAGE(.BOTH.,#19000);
#19000 = SURFACE_SIDE_STYLE('',(#19001));
#19001 = SURFACE_STYLE_FILL_AREA(#19002);
#19002 = FILL_AREA_STYLE('',(#19003));
#19003 = FILL_AREA_STYLE_COLOUR('',#16269);
#19004 = CURVE_STYLE('',#19005,POSITIVE_LENGTH_MEASURE(0.1),#16269);
#19005 = DRAUGHTING_PRE_DEFINED_CURVE_FONT('continuous');
#19006 = STYLED_ITEM('color',(#19007),#11391);
#19007 = PRESENTATION_STYLE_ASSIGNMENT((#19008,#19013));
#19008 = SURFACE_STYLE_USAGE(.BOTH.,#19009);
#19009 = SURFACE_SIDE_STYLE('',(#19010));
#19010 = SURFACE_STYLE_FILL_AREA(#19011);
#19011 = FILL_AREA_STYLE('',(#19012));
#19012 = FILL_AREA_STYLE_COLOUR('',#16269);
#19013 = CURVE_STYLE('',#19014,POSITIVE_LENGTH_MEASURE(0.1),#16269);
#19014 = DRAUGHTING_PRE_DEFINED_CURVE_FONT('continuous');
#19015 = STYLED_ITEM('color',(#19016),#11440);
#19016 = PRESENTATION_STYLE_ASSIGNMENT((#19017,#19022));
#19017 = SURFACE_STYLE_USAGE(.BOTH.,#19018);
#19018 = SURFACE_SIDE_STYLE('',(#19019));
#19019 = SURFACE_STYLE_FILL_AREA(#19020);
#19020 = FILL_AREA_STYLE('',(#19021));
#19021 = FILL_AREA_STYLE_COLOUR('',#16269);
#19022 = CURVE_STYLE('',#19023,POSITIVE_LENGTH_MEASURE(0.1),#16269);
#19023 = DRAUGHTING_PRE_DEFINED_CURVE_FONT('continuous');
#19024 = STYLED_ITEM('color',(#19025),#11464);
#19025 = PRESENTATION_STYLE_ASSIGNMENT((#19026,#19031));
#19026 = SURFACE_STYLE_USAGE(.BOTH.,#19027);
#19027 = SURFACE_SIDE_STYLE('',(#19028));
#19028 = SURFACE_STYLE_FILL_AREA(#19029);
#19029 = FILL_AREA_STYLE('',(#19030));
#19030 = FILL_AREA_STYLE_COLOUR('',#16269);
#19031 = CURVE_STYLE('',#19032,POSITIVE_LENGTH_MEASURE(0.1),#16269);
#19032 = DRAUGHTING_PRE_DEFINED_CURVE_FONT('continuous');
#19033 = STYLED_ITEM('color',(#19034),#11506);
#19034 = PRESENTATION_STYLE_ASSIGNMENT((#19035,#19040));
#19035 = SURFACE_STYLE_USAGE(.BOTH.,#19036);
#19036 = SURFACE_SIDE_STYLE('',(#19037));
#19037 = SURFACE_STYLE_FILL_AREA(#19038);
#19038 = FILL_AREA_STYLE('',(#19039));
#19039 = FILL_AREA_STYLE_COLOUR('',#16269);
#19040 = CURVE_STYLE('',#19041,POSITIVE_LENGTH_MEASURE(0.1),#16269);
#19041 = DRAUGHTING_PRE_DEFINED_CURVE_FONT('continuous');
#19042 = STYLED_ITEM('color',(#19043),#11523);
#19043 = PRESENTATION_STYLE_ASSIGNMENT((#19044,#19049));
#19044 = SURFACE_STYLE_USAGE(.BOTH.,#19045);
#19045 = SURFACE_SIDE_STYLE('',(#19046));
#19046 = SURFACE_STYLE_FILL_AREA(#19047);
#19047 = FILL_AREA_STYLE('',(#19048));
#19048 = FILL_AREA_STYLE_COLOUR('',#15464);
#19049 = CURVE_STYLE('',#19050,POSITIVE_LENGTH_MEASURE(0.1),#15464);
#19050 = DRAUGHTING_PRE_DEFINED_CURVE_FONT('continuous');
#19051 = OVER_RIDING_STYLED_ITEM('overriding color',(#19052),#11530,
  #19042);
#19052 = PRESENTATION_STYLE_ASSIGNMENT((#19053,#19058));
#19053 = SURFACE_STYLE_USAGE(.BOTH.,#19054);
#19054 = SURFACE_SIDE_STYLE('',(#19055));
#19055 = SURFACE_STYLE_FILL_AREA(#19056);
#19056 = FILL_AREA_STYLE('',(#19057));
#19057 = FILL_AREA_STYLE_COLOUR('',#16269);
#19058 = CURVE_STYLE('',#19059,POSITIVE_LENGTH_MEASURE(0.1),#16269);
#19059 = DRAUGHTING_PRE_DEFINED_CURVE_FONT('continuous');
#19060 = STYLED_ITEM('color',(#19061),#11540);
#19061 = PRESENTATION_STYLE_ASSIGNMENT((#19062,#19067));
#19062 = SURFACE_STYLE_USAGE(.BOTH.,#19063);
#19063 = SURFACE_SIDE_STYLE('',(#19064));
#19064 = SURFACE_STYLE_FILL_AREA(#19065);
#19065 = FILL_AREA_STYLE('',(#19066));
#19066 = FILL_AREA_STYLE_COLOUR('',#15464);
#19067 = CURVE_STYLE('',#19068,POSITIVE_LENGTH_MEASURE(0.1),#15464);
#19068 = DRAUGHTING_PRE_DEFINED_CURVE_FONT('continuous');
#19069 = OVER_RIDING_STYLED_ITEM('overriding color',(#19070),#11545,
  #19060);
#19070 = PRESENTATION_STYLE_ASSIGNMENT((#19071,#19076));
#19071 = SURFACE_STYLE_USAGE(.BOTH.,#19072);
#19072 = SURFACE_SIDE_STYLE('',(#19073));
#19073 = SURFACE_STYLE_FILL_AREA(#19074);
#19074 = FILL_AREA_STYLE('',(#19075));
#19075 = FILL_AREA_STYLE_COLOUR('',#16269);
#19076 = CURVE_STYLE('',#19077,POSITIVE_LENGTH_MEASURE(0.1),#16269);
#19077 = DRAUGHTING_PRE_DEFINED_CURVE_FONT('continuous');
#19078 = STYLED_ITEM('color',(#19079),#11557);
#19079 = PRESENTATION_STYLE_ASSIGNMENT((#19080,#19085));
#19080 = SURFACE_STYLE_USAGE(.BOTH.,#19081);
#19081 = SURFACE_SIDE_STYLE('',(#19082));
#19082 = SURFACE_STYLE_FILL_AREA(#19083);
#19083 = FILL_AREA_STYLE('',(#19084));
#19084 = FILL_AREA_STYLE_COLOUR('',#16269);
#19085 = CURVE_STYLE('',#19086,POSITIVE_LENGTH_MEASURE(0.1),#16269);
#19086 = DRAUGHTING_PRE_DEFINED_CURVE_FONT('continuous');
#19087 = STYLED_ITEM('color',(#19088),#11606);
#19088 = PRESENTATION_STYLE_ASSIGNMENT((#19089,#19094));
#19089 = SURFACE_STYLE_USAGE(.BOTH.,#19090);
#19090 = SURFACE_SIDE_STYLE('',(#19091));
#19091 = SURFACE_STYLE_FILL_AREA(#19092);
#19092 = FILL_AREA_STYLE('',(#19093));
#19093 = FILL_AREA_STYLE_COLOUR('',#16269);
#19094 = CURVE_STYLE('',#19095,POSITIVE_LENGTH_MEASURE(0.1),#16269);
#19095 = DRAUGHTING_PRE_DEFINED_CURVE_FONT('continuous');
#19096 = STYLED_ITEM('color',(#19097),#11630);
#19097 = PRESENTATION_STYLE_ASSIGNMENT((#19098,#19103));
#19098 = SURFACE_STYLE_USAGE(.BOTH.,#19099);
#19099 = SURFACE_SIDE_STYLE('',(#19100));
#19100 = SURFACE_STYLE_FILL_AREA(#19101);
#19101 = FILL_AREA_STYLE('',(#19102));
#19102 = FILL_AREA_STYLE_COLOUR('',#16269);
#19103 = CURVE_STYLE('',#19104,POSITIVE_LENGTH_MEASURE(0.1),#16269);
#19104 = DRAUGHTING_PRE_DEFINED_CURVE_FONT('continuous');
#19105 = STYLED_ITEM('color',(#19106),#11672);
#19106 = PRESENTATION_STYLE_ASSIGNMENT((#19107,#19112));
#19107 = SURFACE_STYLE_USAGE(.BOTH.,#19108);
#19108 = SURFACE_SIDE_STYLE('',(#19109));
#19109 = SURFACE_STYLE_FILL_AREA(#19110);
#19110 = FILL_AREA_STYLE('',(#19111));
#19111 = FILL_AREA_STYLE_COLOUR('',#16269);
#19112 = CURVE_STYLE('',#19113,POSITIVE_LENGTH_MEASURE(0.1),#16269);
#19113 = DRAUGHTING_PRE_DEFINED_CURVE_FONT('continuous');
#19114 = STYLED_ITEM('color',(#19115),#11689);
#19115 = PRESENTATION_STYLE_ASSIGNMENT((#19116,#19121));
#19116 = SURFACE_STYLE_USAGE(.BOTH.,#19117);
#19117 = SURFACE_SIDE_STYLE('',(#19118));
#19118 = SURFACE_STYLE_FILL_AREA(#19119);
#19119 = FILL_AREA_STYLE('',(#19120));
#19120 = FILL_AREA_STYLE_COLOUR('',#15464);
#19121 = CURVE_STYLE('',#19122,POSITIVE_LENGTH_MEASURE(0.1),#15464);
#19122 = DRAUGHTING_PRE_DEFINED_CURVE_FONT('continuous');
#19123 = OVER_RIDING_STYLED_ITEM('overriding color',(#19124),#11696,
  #19114);
#19124 = PRESENTATION_STYLE_ASSIGNMENT((#19125,#19130));
#19125 = SURFACE_STYLE_USAGE(.BOTH.,#19126);
#19126 = SURFACE_SIDE_STYLE('',(#19127));
#19127 = SURFACE_STYLE_FILL_AREA(#19128);
#19128 = FILL_AREA_STYLE('',(#19129));
#19129 = FILL_AREA_STYLE_COLOUR('',#16269);
#19130 = CURVE_STYLE('',#19131,POSITIVE_LENGTH_MEASURE(0.1),#16269);
#19131 = DRAUGHTING_PRE_DEFINED_CURVE_FONT('continuous');
#19132 = STYLED_ITEM('color',(#19133),#11706);
#19133 = PRESENTATION_STYLE_ASSIGNMENT((#19134,#19139));
#19134 = SURFACE_STYLE_USAGE(.BOTH.,#19135);
#19135 = SURFACE_SIDE_STYLE('',(#19136));
#19136 = SURFACE_STYLE_FILL_AREA(#19137);
#19137 = FILL_AREA_STYLE('',(#19138));
#19138 = FILL_AREA_STYLE_COLOUR('',#15464);
#19139 = CURVE_STYLE('',#19140,POSITIVE_LENGTH_MEASURE(0.1),#15464);
#19140 = DRAUGHTING_PRE_DEFINED_CURVE_FONT('continuous');
#19141 = OVER_RIDING_STYLED_ITEM('overriding color',(#19142),#11711,
  #19132);
#19142 = PRESENTATION_STYLE_ASSIGNMENT((#19143,#19148));
#19143 = SURFACE_STYLE_USAGE(.BOTH.,#19144);
#19144 = SURFACE_SIDE_STYLE('',(#19145));
#19145 = SURFACE_STYLE_FILL_AREA(#19146);
#19146 = FILL_AREA_STYLE('',(#19147));
#19147 = FILL_AREA_STYLE_COLOUR('',#16269);
#19148 = CURVE_STYLE('',#19149,POSITIVE_LENGTH_MEASURE(0.1),#16269);
#19149 = DRAUGHTING_PRE_DEFINED_CURVE_FONT('continuous');
#19150 = STYLED_ITEM('color',(#19151),#11723);
#19151 = PRESENTATION_STYLE_ASSIGNMENT((#19152,#19157));
#19152 = SURFACE_STYLE_USAGE(.BOTH.,#19153);
#19153 = SURFACE_SIDE_STYLE('',(#19154));
#19154 = SURFACE_STYLE_FILL_AREA(#19155);
#19155 = FILL_AREA_STYLE('',(#19156));
#19156 = FILL_AREA_STYLE_COLOUR('',#16269);
#19157 = CURVE_STYLE('',#19158,POSITIVE_LENGTH_MEASURE(0.1),#16269);
#19158 = DRAUGHTING_PRE_DEFINED_CURVE_FONT('continuous');
#19159 = STYLED_ITEM('color',(#19160),#11772);
#19160 = PRESENTATION_STYLE_ASSIGNMENT((#19161,#19166));
#19161 = SURFACE_STYLE_USAGE(.BOTH.,#19162);
#19162 = SURFACE_SIDE_STYLE('',(#19163));
#19163 = SURFACE_STYLE_FILL_AREA(#19164);
#19164 = FILL_AREA_STYLE('',(#19165));
#19165 = FILL_AREA_STYLE_COLOUR('',#16269);
#19166 = CURVE_STYLE('',#19167,POSITIVE_LENGTH_MEASURE(0.1),#16269);
#19167 = DRAUGHTING_PRE_DEFINED_CURVE_FONT('continuous');
#19168 = STYLED_ITEM('color',(#19169),#11796);
#19169 = PRESENTATION_STYLE_ASSIGNMENT((#19170,#19175));
#19170 = SURFACE_STYLE_USAGE(.BOTH.,#19171);
#19171 = SURFACE_SIDE_STYLE('',(#19172));
#19172 = SURFACE_STYLE_FILL_AREA(#19173);
#19173 = FILL_AREA_STYLE('',(#19174));
#19174 = FILL_AREA_STYLE_COLOUR('',#16269);
#19175 = CURVE_STYLE('',#19176,POSITIVE_LENGTH_MEASURE(0.1),#16269);
#19176 = DRAUGHTING_PRE_DEFINED_CURVE_FONT('continuous');
#19177 = STYLED_ITEM('color',(#19178),#11838);
#19178 = PRESENTATION_STYLE_ASSIGNMENT((#19179,#19184));
#19179 = SURFACE_STYLE_USAGE(.BOTH.,#19180);
#19180 = SURFACE_SIDE_STYLE('',(#19181));
#19181 = SURFACE_STYLE_FILL_AREA(#19182);
#19182 = FILL_AREA_STYLE('',(#19183));
#19183 = FILL_AREA_STYLE_COLOUR('',#16269);
#19184 = CURVE_STYLE('',#19185,POSITIVE_LENGTH_MEASURE(0.1),#16269);
#19185 = DRAUGHTING_PRE_DEFINED_CURVE_FONT('continuous');
#19186 = STYLED_ITEM('color',(#19187),#11855);
#19187 = PRESENTATION_STYLE_ASSIGNMENT((#19188,#19193));
#19188 = SURFACE_STYLE_USAGE(.BOTH.,#19189);
#19189 = SURFACE_SIDE_STYLE('',(#19190));
#19190 = SURFACE_STYLE_FILL_AREA(#19191);
#19191 = FILL_AREA_STYLE('',(#19192));
#19192 = FILL_AREA_STYLE_COLOUR('',#15464);
#19193 = CURVE_STYLE('',#19194,POSITIVE_LENGTH_MEASURE(0.1),#15464);
#19194 = DRAUGHTING_PRE_DEFINED_CURVE_FONT('continuous');
#19195 = OVER_RIDING_STYLED_ITEM('overriding color',(#19196),#11862,
  #19186);
#19196 = PRESENTATION_STYLE_ASSIGNMENT((#19197,#19202));
#19197 = SURFACE_STYLE_USAGE(.BOTH.,#19198);
#19198 = SURFACE_SIDE_STYLE('',(#19199));
#19199 = SURFACE_STYLE_FILL_AREA(#19200);
#19200 = FILL_AREA_STYLE('',(#19201));
#19201 = FILL_AREA_STYLE_COLOUR('',#16269);
#19202 = CURVE_STYLE('',#19203,POSITIVE_LENGTH_MEASURE(0.1),#16269);
#19203 = DRAUGHTING_PRE_DEFINED_CURVE_FONT('continuous');
#19204 = STYLED_ITEM('color',(#19205),#11872);
#19205 = PRESENTATION_STYLE_ASSIGNMENT((#19206,#19211));
#19206 = SURFACE_STYLE_USAGE(.BOTH.,#19207);
#19207 = SURFACE_SIDE_STYLE('',(#19208));
#19208 = SURFACE_STYLE_FILL_AREA(#19209);
#19209 = FILL_AREA_STYLE('',(#19210));
#19210 = FILL_AREA_STYLE_COLOUR('',#15464);
#19211 = CURVE_STYLE('',#19212,POSITIVE_LENGTH_MEASURE(0.1),#15464);
#19212 = DRAUGHTING_PRE_DEFINED_CURVE_FONT('continuous');
#19213 = OVER_RIDING_STYLED_ITEM('overriding color',(#19214),#11877,
  #19204);
#19214 = PRESENTATION_STYLE_ASSIGNMENT((#19215,#19220));
#19215 = SURFACE_STYLE_USAGE(.BOTH.,#19216);
#19216 = SURFACE_SIDE_STYLE('',(#19217));
#19217 = SURFACE_STYLE_FILL_AREA(#19218);
#19218 = FILL_AREA_STYLE('',(#19219));
#19219 = FILL_AREA_STYLE_COLOUR('',#16269);
#19220 = CURVE_STYLE('',#19221,POSITIVE_LENGTH_MEASURE(0.1),#16269);
#19221 = DRAUGHTING_PRE_DEFINED_CURVE_FONT('continuous');
#19222 = STYLED_ITEM('color',(#19223),#11889);
#19223 = PRESENTATION_STYLE_ASSIGNMENT((#19224,#19229));
#19224 = SURFACE_STYLE_USAGE(.BOTH.,#19225);
#19225 = SURFACE_SIDE_STYLE('',(#19226));
#19226 = SURFACE_STYLE_FILL_AREA(#19227);
#19227 = FILL_AREA_STYLE('',(#19228));
#19228 = FILL_AREA_STYLE_COLOUR('',#16269);
#19229 = CURVE_STYLE('',#19230,POSITIVE_LENGTH_MEASURE(0.1),#16269);
#19230 = DRAUGHTING_PRE_DEFINED_CURVE_FONT('continuous');
#19231 = STYLED_ITEM('color',(#19232),#11938);
#19232 = PRESENTATION_STYLE_ASSIGNMENT((#19233,#19238));
#19233 = SURFACE_STYLE_USAGE(.BOTH.,#19234);
#19234 = SURFACE_SIDE_STYLE('',(#19235));
#19235 = SURFACE_STYLE_FILL_AREA(#19236);
#19236 = FILL_AREA_STYLE('',(#19237));
#19237 = FILL_AREA_STYLE_COLOUR('',#16269);
#19238 = CURVE_STYLE('',#19239,POSITIVE_LENGTH_MEASURE(0.1),#16269);
#19239 = DRAUGHTING_PRE_DEFINED_CURVE_FONT('continuous');
#19240 = STYLED_ITEM('color',(#19241),#11962);
#19241 = PRESENTATION_STYLE_ASSIGNMENT((#19242,#19247));
#19242 = SURFACE_STYLE_USAGE(.BOTH.,#19243);
#19243 = SURFACE_SIDE_STYLE('',(#19244));
#19244 = SURFACE_STYLE_FILL_AREA(#19245);
#19245 = FILL_AREA_STYLE('',(#19246));
#19246 = FILL_AREA_STYLE_COLOUR('',#16269);
#19247 = CURVE_STYLE('',#19248,POSITIVE_LENGTH_MEASURE(0.1),#16269);
#19248 = DRAUGHTING_PRE_DEFINED_CURVE_FONT('continuous');
#19249 = STYLED_ITEM('color',(#19250),#12004);
#19250 = PRESENTATION_STYLE_ASSIGNMENT((#19251,#19256));
#19251 = SURFACE_STYLE_USAGE(.BOTH.,#19252);
#19252 = SURFACE_SIDE_STYLE('',(#19253));
#19253 = SURFACE_STYLE_FILL_AREA(#19254);
#19254 = FILL_AREA_STYLE('',(#19255));
#19255 = FILL_AREA_STYLE_COLOUR('',#16269);
#19256 = CURVE_STYLE('',#19257,POSITIVE_LENGTH_MEASURE(0.1),#16269);
#19257 = DRAUGHTING_PRE_DEFINED_CURVE_FONT('continuous');
#19258 = STYLED_ITEM('color',(#19259),#12021);
#19259 = PRESENTATION_STYLE_ASSIGNMENT((#19260,#19265));
#19260 = SURFACE_STYLE_USAGE(.BOTH.,#19261);
#19261 = SURFACE_SIDE_STYLE('',(#19262));
#19262 = SURFACE_STYLE_FILL_AREA(#19263);
#19263 = FILL_AREA_STYLE('',(#19264));
#19264 = FILL_AREA_STYLE_COLOUR('',#15464);
#19265 = CURVE_STYLE('',#19266,POSITIVE_LENGTH_MEASURE(0.1),#15464);
#19266 = DRAUGHTING_PRE_DEFINED_CURVE_FONT('continuous');
#19267 = OVER_RIDING_STYLED_ITEM('overriding color',(#19268),#12028,
  #19258);
#19268 = PRESENTATION_STYLE_ASSIGNMENT((#19269,#19274));
#19269 = SURFACE_STYLE_USAGE(.BOTH.,#19270);
#19270 = SURFACE_SIDE_STYLE('',(#19271));
#19271 = SURFACE_STYLE_FILL_AREA(#19272);
#19272 = FILL_AREA_STYLE('',(#19273));
#19273 = FILL_AREA_STYLE_COLOUR('',#16269);
#19274 = CURVE_STYLE('',#19275,POSITIVE_LENGTH_MEASURE(0.1),#16269);
#19275 = DRAUGHTING_PRE_DEFINED_CURVE_FONT('continuous');
#19276 = STYLED_ITEM('color',(#19277),#12038);
#19277 = PRESENTATION_STYLE_ASSIGNMENT((#19278,#19283));
#19278 = SURFACE_STYLE_USAGE(.BOTH.,#19279);
#19279 = SURFACE_SIDE_STYLE('',(#19280));
#19280 = SURFACE_STYLE_FILL_AREA(#19281);
#19281 = FILL_AREA_STYLE('',(#19282));
#19282 = FILL_AREA_STYLE_COLOUR('',#15464);
#19283 = CURVE_STYLE('',#19284,POSITIVE_LENGTH_MEASURE(0.1),#15464);
#19284 = DRAUGHTING_PRE_DEFINED_CURVE_FONT('continuous');
#19285 = OVER_RIDING_STYLED_ITEM('overriding color',(#19286),#12043,
  #19276);
#19286 = PRESENTATION_STYLE_ASSIGNMENT((#19287,#19292));
#19287 = SURFACE_STYLE_USAGE(.BOTH.,#19288);
#19288 = SURFACE_SIDE_STYLE('',(#19289));
#19289 = SURFACE_STYLE_FILL_AREA(#19290);
#19290 = FILL_AREA_STYLE('',(#19291));
#19291 = FILL_AREA_STYLE_COLOUR('',#16269);
#19292 = CURVE_STYLE('',#19293,POSITIVE_LENGTH_MEASURE(0.1),#16269);
#19293 = DRAUGHTING_PRE_DEFINED_CURVE_FONT('continuous');
#19294 = STYLED_ITEM('color',(#19295),#12055);
#19295 = PRESENTATION_STYLE_ASSIGNMENT((#19296,#19301));
#19296 = SURFACE_STYLE_USAGE(.BOTH.,#19297);
#19297 = SURFACE_SIDE_STYLE('',(#19298));
#19298 = SURFACE_STYLE_FILL_AREA(#19299);
#19299 = FILL_AREA_STYLE('',(#19300));
#19300 = FILL_AREA_STYLE_COLOUR('',#16269);
#19301 = CURVE_STYLE('',#19302,POSITIVE_LENGTH_MEASURE(0.1),#16269);
#19302 = DRAUGHTING_PRE_DEFINED_CURVE_FONT('continuous');
#19303 = STYLED_ITEM('color',(#19304),#12104);
#19304 = PRESENTATION_STYLE_ASSIGNMENT((#19305,#19310));
#19305 = SURFACE_STYLE_USAGE(.BOTH.,#19306);
#19306 = SURFACE_SIDE_STYLE('',(#19307));
#19307 = SURFACE_STYLE_FILL_AREA(#19308);
#19308 = FILL_AREA_STYLE('',(#19309));
#19309 = FILL_AREA_STYLE_COLOUR('',#16269);
#19310 = CURVE_STYLE('',#19311,POSITIVE_LENGTH_MEASURE(0.1),#16269);
#19311 = DRAUGHTING_PRE_DEFINED_CURVE_FONT('continuous');
#19312 = STYLED_ITEM('color',(#19313),#12128);
#19313 = PRESENTATION_STYLE_ASSIGNMENT((#19314,#19319));
#19314 = SURFACE_STYLE_USAGE(.BOTH.,#19315);
#19315 = SURFACE_SIDE_STYLE('',(#19316));
#19316 = SURFACE_STYLE_FILL_AREA(#19317);
#19317 = FILL_AREA_STYLE('',(#19318));
#19318 = FILL_AREA_STYLE_COLOUR('',#16269);
#19319 = CURVE_STYLE('',#19320,POSITIVE_LENGTH_MEASURE(0.1),#16269);
#19320 = DRAUGHTING_PRE_DEFINED_CURVE_FONT('continuous');
#19321 = STYLED_ITEM('color',(#19322),#12170);
#19322 = PRESENTATION_STYLE_ASSIGNMENT((#19323,#19328));
#19323 = SURFACE_STYLE_USAGE(.BOTH.,#19324);
#19324 = SURFACE_SIDE_STYLE('',(#19325));
#19325 = SURFACE_STYLE_FILL_AREA(#19326);
#19326 = FILL_AREA_STYLE('',(#19327));
#19327 = FILL_AREA_STYLE_COLOUR('',#16269);
#19328 = CURVE_STYLE('',#19329,POSITIVE_LENGTH_MEASURE(0.1),#16269);
#19329 = DRAUGHTING_PRE_DEFINED_CURVE_FONT('continuous');
#19330 = STYLED_ITEM('color',(#19331),#12187);
#19331 = PRESENTATION_STYLE_ASSIGNMENT((#19332,#19337));
#19332 = SURFACE_STYLE_USAGE(.BOTH.,#19333);
#19333 = SURFACE_SIDE_STYLE('',(#19334));
#19334 = SURFACE_STYLE_FILL_AREA(#19335);
#19335 = FILL_AREA_STYLE('',(#19336));
#19336 = FILL_AREA_STYLE_COLOUR('',#15464);
#19337 = CURVE_STYLE('',#19338,POSITIVE_LENGTH_MEASURE(0.1),#15464);
#19338 = DRAUGHTING_PRE_DEFINED_CURVE_FONT('continuous');
#19339 = OVER_RIDING_STYLED_ITEM('overriding color',(#19340),#12194,
  #19330);
#19340 = PRESENTATION_STYLE_ASSIGNMENT((#19341,#19346));
#19341 = SURFACE_STYLE_USAGE(.BOTH.,#19342);
#19342 = SURFACE_SIDE_STYLE('',(#19343));
#19343 = SURFACE_STYLE_FILL_AREA(#19344);
#19344 = FILL_AREA_STYLE('',(#19345));
#19345 = FILL_AREA_STYLE_COLOUR('',#16269);
#19346 = CURVE_STYLE('',#19347,POSITIVE_LENGTH_MEASURE(0.1),#16269);
#19347 = DRAUGHTING_PRE_DEFINED_CURVE_FONT('continuous');
#19348 = STYLED_ITEM('color',(#19349),#12204);
#19349 = PRESENTATION_STYLE_ASSIGNMENT((#19350,#19355));
#19350 = SURFACE_STYLE_USAGE(.BOTH.,#19351);
#19351 = SURFACE_SIDE_STYLE('',(#19352));
#19352 = SURFACE_STYLE_FILL_AREA(#19353);
#19353 = FILL_AREA_STYLE('',(#19354));
#19354 = FILL_AREA_STYLE_COLOUR('',#15464);
#19355 = CURVE_STYLE('',#19356,POSITIVE_LENGTH_MEASURE(0.1),#15464);
#19356 = DRAUGHTING_PRE_DEFINED_CURVE_FONT('continuous');
#19357 = OVER_RIDING_STYLED_ITEM('overriding color',(#19358),#12209,
  #19348);
#19358 = PRESENTATION_STYLE_ASSIGNMENT((#19359,#19364));
#19359 = SURFACE_STYLE_USAGE(.BOTH.,#19360);
#19360 = SURFACE_SIDE_STYLE('',(#19361));
#19361 = SURFACE_STYLE_FILL_AREA(#19362);
#19362 = FILL_AREA_STYLE('',(#19363));
#19363 = FILL_AREA_STYLE_COLOUR('',#16269);
#19364 = CURVE_STYLE('',#19365,POSITIVE_LENGTH_MEASURE(0.1),#16269);
#19365 = DRAUGHTING_PRE_DEFINED_CURVE_FONT('continuous');
#19366 = STYLED_ITEM('color',(#19367),#12221);
#19367 = PRESENTATION_STYLE_ASSIGNMENT((#19368,#19373));
#19368 = SURFACE_STYLE_USAGE(.BOTH.,#19369);
#19369 = SURFACE_SIDE_STYLE('',(#19370));
#19370 = SURFACE_STYLE_FILL_AREA(#19371);
#19371 = FILL_AREA_STYLE('',(#19372));
#19372 = FILL_AREA_STYLE_COLOUR('',#16269);
#19373 = CURVE_STYLE('',#19374,POSITIVE_LENGTH_MEASURE(0.1),#16269);
#19374 = DRAUGHTING_PRE_DEFINED_CURVE_FONT('continuous');
#19375 = STYLED_ITEM('color',(#19376),#12270);
#19376 = PRESENTATION_STYLE_ASSIGNMENT((#19377,#19382));
#19377 = SURFACE_STYLE_USAGE(.BOTH.,#19378);
#19378 = SURFACE_SIDE_STYLE('',(#19379));
#19379 = SURFACE_STYLE_FILL_AREA(#19380);
#19380 = FILL_AREA_STYLE('',(#19381));
#19381 = FILL_AREA_STYLE_COLOUR('',#16269);
#19382 = CURVE_STYLE('',#19383,POSITIVE_LENGTH_MEASURE(0.1),#16269);
#19383 = DRAUGHTING_PRE_DEFINED_CURVE_FONT('continuous');
#19384 = STYLED_ITEM('color',(#19385),#12294);
#19385 = PRESENTATION_STYLE_ASSIGNMENT((#19386,#19391));
#19386 = SURFACE_STYLE_USAGE(.BOTH.,#19387);
#19387 = SURFACE_SIDE_STYLE('',(#19388));
#19388 = SURFACE_STYLE_FILL_AREA(#19389);
#19389 = FILL_AREA_STYLE('',(#19390));
#19390 = FILL_AREA_STYLE_COLOUR('',#16269);
#19391 = CURVE_STYLE('',#19392,POSITIVE_LENGTH_MEASURE(0.1),#16269);
#19392 = DRAUGHTING_PRE_DEFINED_CURVE_FONT('continuous');
#19393 = STYLED_ITEM('color',(#19394),#12336);
#19394 = PRESENTATION_STYLE_ASSIGNMENT((#19395,#19400));
#19395 = SURFACE_STYLE_USAGE(.BOTH.,#19396);
#19396 = SURFACE_SIDE_STYLE('',(#19397));
#19397 = SURFACE_STYLE_FILL_AREA(#19398);
#19398 = FILL_AREA_STYLE('',(#19399));
#19399 = FILL_AREA_STYLE_COLOUR('',#16269);
#19400 = CURVE_STYLE('',#19401,POSITIVE_LENGTH_MEASURE(0.1),#16269);
#19401 = DRAUGHTING_PRE_DEFINED_CURVE_FONT('continuous');
#19402 = STYLED_ITEM('color',(#19403),#12353);
#19403 = PRESENTATION_STYLE_ASSIGNMENT((#19404,#19409));
#19404 = SURFACE_STYLE_USAGE(.BOTH.,#19405);
#19405 = SURFACE_SIDE_STYLE('',(#19406));
#19406 = SURFACE_STYLE_FILL_AREA(#19407);
#19407 = FILL_AREA_STYLE('',(#19408));
#19408 = FILL_AREA_STYLE_COLOUR('',#15464);
#19409 = CURVE_STYLE('',#19410,POSITIVE_LENGTH_MEASURE(0.1),#15464);
#19410 = DRAUGHTING_PRE_DEFINED_CURVE_FONT('continuous');
#19411 = OVER_RIDING_STYLED_ITEM('overriding color',(#19412),#12360,
  #19402);
#19412 = PRESENTATION_STYLE_ASSIGNMENT((#19413,#19418));
#19413 = SURFACE_STYLE_USAGE(.BOTH.,#19414);
#19414 = SURFACE_SIDE_STYLE('',(#19415));
#19415 = SURFACE_STYLE_FILL_AREA(#19416);
#19416 = FILL_AREA_STYLE('',(#19417));
#19417 = FILL_AREA_STYLE_COLOUR('',#16269);
#19418 = CURVE_STYLE('',#19419,POSITIVE_LENGTH_MEASURE(0.1),#16269);
#19419 = DRAUGHTING_PRE_DEFINED_CURVE_FONT('continuous');
#19420 = STYLED_ITEM('color',(#19421),#12370);
#19421 = PRESENTATION_STYLE_ASSIGNMENT((#19422,#19427));
#19422 = SURFACE_STYLE_USAGE(.BOTH.,#19423);
#19423 = SURFACE_SIDE_STYLE('',(#19424));
#19424 = SURFACE_STYLE_FILL_AREA(#19425);
#19425 = FILL_AREA_STYLE('',(#19426));
#19426 = FILL_AREA_STYLE_COLOUR('',#15464);
#19427 = CURVE_STYLE('',#19428,POSITIVE_LENGTH_MEASURE(0.1),#15464);
#19428 = DRAUGHTING_PRE_DEFINED_CURVE_FONT('continuous');
#19429 = OVER_RIDING_STYLED_ITEM('overriding color',(#19430),#12375,
  #19420);
#19430 = PRESENTATION_STYLE_ASSIGNMENT((#19431,#19436));
#19431 = SURFACE_STYLE_USAGE(.BOTH.,#19432);
#19432 = SURFACE_SIDE_STYLE('',(#19433));
#19433 = SURFACE_STYLE_FILL_AREA(#19434);
#19434 = FILL_AREA_STYLE('',(#19435));
#19435 = FILL_AREA_STYLE_COLOUR('',#16269);
#19436 = CURVE_STYLE('',#19437,POSITIVE_LENGTH_MEASURE(0.1),#16269);
#19437 = DRAUGHTING_PRE_DEFINED_CURVE_FONT('continuous');
#19438 = STYLED_ITEM('color',(#19439),#12387);
#19439 = PRESENTATION_STYLE_ASSIGNMENT((#19440,#19445));
#19440 = SURFACE_STYLE_USAGE(.BOTH.,#19441);
#19441 = SURFACE_SIDE_STYLE('',(#19442));
#19442 = SURFACE_STYLE_FILL_AREA(#19443);
#19443 = FILL_AREA_STYLE('',(#19444));
#19444 = FILL_AREA_STYLE_COLOUR('',#16269);
#19445 = CURVE_STYLE('',#19446,POSITIVE_LENGTH_MEASURE(0.1),#16269);
#19446 = DRAUGHTING_PRE_DEFINED_CURVE_FONT('continuous');
#19447 = STYLED_ITEM('color',(#19448),#12436);
#19448 = PRESENTATION_STYLE_ASSIGNMENT((#19449,#19454));
#19449 = SURFACE_STYLE_USAGE(.BOTH.,#19450);
#19450 = SURFACE_SIDE_STYLE('',(#19451));
#19451 = SURFACE_STYLE_FILL_AREA(#19452);
#19452 = FILL_AREA_STYLE('',(#19453));
#19453 = FILL_AREA_STYLE_COLOUR('',#16269);
#19454 = CURVE_STYLE('',#19455,POSITIVE_LENGTH_MEASURE(0.1),#16269);
#19455 = DRAUGHTING_PRE_DEFINED_CURVE_FONT('continuous');
#19456 = STYLED_ITEM('color',(#19457),#12460);
#19457 = PRESENTATION_STYLE_ASSIGNMENT((#19458,#19463));
#19458 = SURFACE_STYLE_USAGE(.BOTH.,#19459);
#19459 = SURFACE_SIDE_STYLE('',(#19460));
#19460 = SURFACE_STYLE_FILL_AREA(#19461);
#19461 = FILL_AREA_STYLE('',(#19462));
#19462 = FILL_AREA_STYLE_COLOUR('',#16269);
#19463 = CURVE_STYLE('',#19464,POSITIVE_LENGTH_MEASURE(0.1),#16269);
#19464 = DRAUGHTING_PRE_DEFINED_CURVE_FONT('continuous');
#19465 = STYLED_ITEM('color',(#19466),#12502);
#19466 = PRESENTATION_STYLE_ASSIGNMENT((#19467,#19472));
#19467 = SURFACE_STYLE_USAGE(.BOTH.,#19468);
#19468 = SURFACE_SIDE_STYLE('',(#19469));
#19469 = SURFACE_STYLE_FILL_AREA(#19470);
#19470 = FILL_AREA_STYLE('',(#19471));
#19471 = FILL_AREA_STYLE_COLOUR('',#16269);
#19472 = CURVE_STYLE('',#19473,POSITIVE_LENGTH_MEASURE(0.1),#16269);
#19473 = DRAUGHTING_PRE_DEFINED_CURVE_FONT('continuous');
#19474 = STYLED_ITEM('color',(#19475),#12519);
#19475 = PRESENTATION_STYLE_ASSIGNMENT((#19476,#19481));
#19476 = SURFACE_STYLE_USAGE(.BOTH.,#19477);
#19477 = SURFACE_SIDE_STYLE('',(#19478));
#19478 = SURFACE_STYLE_FILL_AREA(#19479);
#19479 = FILL_AREA_STYLE('',(#19480));
#19480 = FILL_AREA_STYLE_COLOUR('',#16269);
#19481 = CURVE_STYLE('',#19482,POSITIVE_LENGTH_MEASURE(0.1),#16269);
#19482 = DRAUGHTING_PRE_DEFINED_CURVE_FONT('continuous');
#19483 = STYLED_ITEM('color',(#19484),#12536);
#19484 = PRESENTATION_STYLE_ASSIGNMENT((#19485,#19490));
#19485 = SURFACE_STYLE_USAGE(.BOTH.,#19486);
#19486 = SURFACE_SIDE_STYLE('',(#19487));
#19487 = SURFACE_STYLE_FILL_AREA(#19488);
#19488 = FILL_AREA_STYLE('',(#19489));
#19489 = FILL_AREA_STYLE_COLOUR('',#16269);
#19490 = CURVE_STYLE('',#19491,POSITIVE_LENGTH_MEASURE(0.1),#16269);
#19491 = DRAUGHTING_PRE_DEFINED_CURVE_FONT('continuous');
#19492 = STYLED_ITEM('color',(#19493),#12553);
#19493 = PRESENTATION_STYLE_ASSIGNMENT((#19494,#19499));
#19494 = SURFACE_STYLE_USAGE(.BOTH.,#19495);
#19495 = SURFACE_SIDE_STYLE('',(#19496));
#19496 = SURFACE_STYLE_FILL_AREA(#19497);
#19497 = FILL_AREA_STYLE('',(#19498));
#19498 = FILL_AREA_STYLE_COLOUR('',#16269);
#19499 = CURVE_STYLE('',#19500,POSITIVE_LENGTH_MEASURE(0.1),#16269);
#19500 = DRAUGHTING_PRE_DEFINED_CURVE_FONT('continuous');
#19501 = STYLED_ITEM('color',(#19502),#12565);
#19502 = PRESENTATION_STYLE_ASSIGNMENT((#19503,#19508));
#19503 = SURFACE_STYLE_USAGE(.BOTH.,#19504);
#19504 = SURFACE_SIDE_STYLE('',(#19505));
#19505 = SURFACE_STYLE_FILL_AREA(#19506);
#19506 = FILL_AREA_STYLE('',(#19507));
#19507 = FILL_AREA_STYLE_COLOUR('',#16269);
#19508 = CURVE_STYLE('',#19509,POSITIVE_LENGTH_MEASURE(0.1),#16269);
#19509 = DRAUGHTING_PRE_DEFINED_CURVE_FONT('continuous');
#19510 = STYLED_ITEM('color',(#19511),#12582);
#19511 = PRESENTATION_STYLE_ASSIGNMENT((#19512,#19517));
#19512 = SURFACE_STYLE_USAGE(.BOTH.,#19513);
#19513 = SURFACE_SIDE_STYLE('',(#19514));
#19514 = SURFACE_STYLE_FILL_AREA(#19515);
#19515 = FILL_AREA_STYLE('',(#19516));
#19516 = FILL_AREA_STYLE_COLOUR('',#16269);
#19517 = CURVE_STYLE('',#19518,POSITIVE_LENGTH_MEASURE(0.1),#16269);
#19518 = DRAUGHTING_PRE_DEFINED_CURVE_FONT('continuous');
#19519 = STYLED_ITEM('color',(#19520),#12599);
#19520 = PRESENTATION_STYLE_ASSIGNMENT((#19521,#19526));
#19521 = SURFACE_STYLE_USAGE(.BOTH.,#19522);
#19522 = SURFACE_SIDE_STYLE('',(#19523));
#19523 = SURFACE_STYLE_FILL_AREA(#19524);
#19524 = FILL_AREA_STYLE('',(#19525));
#19525 = FILL_AREA_STYLE_COLOUR('',#16269);
#19526 = CURVE_STYLE('',#19527,POSITIVE_LENGTH_MEASURE(0.1),#16269);
#19527 = DRAUGHTING_PRE_DEFINED_CURVE_FONT('continuous');
#19528 = STYLED_ITEM('color',(#19529),#12611);
#19529 = PRESENTATION_STYLE_ASSIGNMENT((#19530,#19535));
#19530 = SURFACE_STYLE_USAGE(.BOTH.,#19531);
#19531 = SURFACE_SIDE_STYLE('',(#19532));
#19532 = SURFACE_STYLE_FILL_AREA(#19533);
#19533 = FILL_AREA_STYLE('',(#19534));
#19534 = FILL_AREA_STYLE_COLOUR('',#16269);
#19535 = CURVE_STYLE('',#19536,POSITIVE_LENGTH_MEASURE(0.1),#16269);
#19536 = DRAUGHTING_PRE_DEFINED_CURVE_FONT('continuous');
#19537 = STYLED_ITEM('color',(#19538),#12628);
#19538 = PRESENTATION_STYLE_ASSIGNMENT((#19539,#19544));
#19539 = SURFACE_STYLE_USAGE(.BOTH.,#19540);
#19540 = SURFACE_SIDE_STYLE('',(#19541));
#19541 = SURFACE_STYLE_FILL_AREA(#19542);
#19542 = FILL_AREA_STYLE('',(#19543));
#19543 = FILL_AREA_STYLE_COLOUR('',#16269);
#19544 = CURVE_STYLE('',#19545,POSITIVE_LENGTH_MEASURE(0.1),#16269);
#19545 = DRAUGHTING_PRE_DEFINED_CURVE_FONT('continuous');
#19546 = STYLED_ITEM('color',(#19547),#12645);
#19547 = PRESENTATION_STYLE_ASSIGNMENT((#19548,#19553));
#19548 = SURFACE_STYLE_USAGE(.BOTH.,#19549);
#19549 = SURFACE_SIDE_STYLE('',(#19550));
#19550 = SURFACE_STYLE_FILL_AREA(#19551);
#19551 = FILL_AREA_STYLE('',(#19552));
#19552 = FILL_AREA_STYLE_COLOUR('',#16269);
#19553 = CURVE_STYLE('',#19554,POSITIVE_LENGTH_MEASURE(0.1),#16269);
#19554 = DRAUGHTING_PRE_DEFINED_CURVE_FONT('continuous');
#19555 = STYLED_ITEM('color',(#19556),#12657);
#19556 = PRESENTATION_STYLE_ASSIGNMENT((#19557,#19562));
#19557 = SURFACE_STYLE_USAGE(.BOTH.,#19558);
#19558 = SURFACE_SIDE_STYLE('',(#19559));
#19559 = SURFACE_STYLE_FILL_AREA(#19560);
#19560 = FILL_AREA_STYLE('',(#19561));
#19561 = FILL_AREA_STYLE_COLOUR('',#16269);
#19562 = CURVE_STYLE('',#19563,POSITIVE_LENGTH_MEASURE(0.1),#16269);
#19563 = DRAUGHTING_PRE_DEFINED_CURVE_FONT('continuous');
#19564 = STYLED_ITEM('color',(#19565),#12674);
#19565 = PRESENTATION_STYLE_ASSIGNMENT((#19566,#19571));
#19566 = SURFACE_STYLE_USAGE(.BOTH.,#19567);
#19567 = SURFACE_SIDE_STYLE('',(#19568));
#19568 = SURFACE_STYLE_FILL_AREA(#19569);
#19569 = FILL_AREA_STYLE('',(#19570));
#19570 = FILL_AREA_STYLE_COLOUR('',#16269);
#19571 = CURVE_STYLE('',#19572,POSITIVE_LENGTH_MEASURE(0.1),#16269);
#19572 = DRAUGHTING_PRE_DEFINED_CURVE_FONT('continuous');
#19573 = STYLED_ITEM('color',(#19574),#12691);
#19574 = PRESENTATION_STYLE_ASSIGNMENT((#19575,#19580));
#19575 = SURFACE_STYLE_USAGE(.BOTH.,#19576);
#19576 = SURFACE_SIDE_STYLE('',(#19577));
#19577 = SURFACE_STYLE_FILL_AREA(#19578);
#19578 = FILL_AREA_STYLE('',(#19579));
#19579 = FILL_AREA_STYLE_COLOUR('',#16269);
#19580 = CURVE_STYLE('',#19581,POSITIVE_LENGTH_MEASURE(0.1),#16269);
#19581 = DRAUGHTING_PRE_DEFINED_CURVE_FONT('continuous');
#19582 = STYLED_ITEM('color',(#19583),#12703);
#19583 = PRESENTATION_STYLE_ASSIGNMENT((#19584,#19589));
#19584 = SURFACE_STYLE_USAGE(.BOTH.,#19585);
#19585 = SURFACE_SIDE_STYLE('',(#19586));
#19586 = SURFACE_STYLE_FILL_AREA(#19587);
#19587 = FILL_AREA_STYLE('',(#19588));
#19588 = FILL_AREA_STYLE_COLOUR('',#16269);
#19589 = CURVE_STYLE('',#19590,POSITIVE_LENGTH_MEASURE(0.1),#16269);
#19590 = DRAUGHTING_PRE_DEFINED_CURVE_FONT('continuous');
#19591 = STYLED_ITEM('color',(#19592),#12720);
#19592 = PRESENTATION_STYLE_ASSIGNMENT((#19593,#19598));
#19593 = SURFACE_STYLE_USAGE(.BOTH.,#19594);
#19594 = SURFACE_SIDE_STYLE('',(#19595));
#19595 = SURFACE_STYLE_FILL_AREA(#19596);
#19596 = FILL_AREA_STYLE('',(#19597));
#19597 = FILL_AREA_STYLE_COLOUR('',#16269);
#19598 = CURVE_STYLE('',#19599,POSITIVE_LENGTH_MEASURE(0.1),#16269);
#19599 = DRAUGHTING_PRE_DEFINED_CURVE_FONT('continuous');
#19600 = STYLED_ITEM('color',(#19601),#12737);
#19601 = PRESENTATION_STYLE_ASSIGNMENT((#19602,#19607));
#19602 = SURFACE_STYLE_USAGE(.BOTH.,#19603);
#19603 = SURFACE_SIDE_STYLE('',(#19604));
#19604 = SURFACE_STYLE_FILL_AREA(#19605);
#19605 = FILL_AREA_STYLE('',(#19606));
#19606 = FILL_AREA_STYLE_COLOUR('',#16269);
#19607 = CURVE_STYLE('',#19608,POSITIVE_LENGTH_MEASURE(0.1),#16269);
#19608 = DRAUGHTING_PRE_DEFINED_CURVE_FONT('continuous');
#19609 = STYLED_ITEM('color',(#19610),#12749);
#19610 = PRESENTATION_STYLE_ASSIGNMENT((#19611,#19616));
#19611 = SURFACE_STYLE_USAGE(.BOTH.,#19612);
#19612 = SURFACE_SIDE_STYLE('',(#19613));
#19613 = SURFACE_STYLE_FILL_AREA(#19614);
#19614 = FILL_AREA_STYLE('',(#19615));
#19615 = FILL_AREA_STYLE_COLOUR('',#16269);
#19616 = CURVE_STYLE('',#19617,POSITIVE_LENGTH_MEASURE(0.1),#16269);
#19617 = DRAUGHTING_PRE_DEFINED_CURVE_FONT('continuous');
#19618 = STYLED_ITEM('color',(#19619),#12766);
#19619 = PRESENTATION_STYLE_ASSIGNMENT((#19620,#19625));
#19620 = SURFACE_STYLE_USAGE(.BOTH.,#19621);
#19621 = SURFACE_SIDE_STYLE('',(#19622));
#19622 = SURFACE_STYLE_FILL_AREA(#19623);
#19623 = FILL_AREA_STYLE('',(#19624));
#19624 = FILL_AREA_STYLE_COLOUR('',#16269);
#19625 = CURVE_STYLE('',#19626,POSITIVE_LENGTH_MEASURE(0.1),#16269);
#19626 = DRAUGHTING_PRE_DEFINED_CURVE_FONT('continuous');
#19627 = STYLED_ITEM('color',(#19628),#12783);
#19628 = PRESENTATION_STYLE_ASSIGNMENT((#19629,#19634));
#19629 = SURFACE_STYLE_USAGE(.BOTH.,#19630);
#19630 = SURFACE_SIDE_STYLE('',(#19631));
#19631 = SURFACE_STYLE_FILL_AREA(#19632);
#19632 = FILL_AREA_STYLE('',(#19633));
#19633 = FILL_AREA_STYLE_COLOUR('',#16269);
#19634 = CURVE_STYLE('',#19635,POSITIVE_LENGTH_MEASURE(0.1),#16269);
#19635 = DRAUGHTING_PRE_DEFINED_CURVE_FONT('continuous');
#19636 = STYLED_ITEM('color',(#19637),#12795);
#19637 = PRESENTATION_STYLE_ASSIGNMENT((#19638,#19643));
#19638 = SURFACE_STYLE_USAGE(.BOTH.,#19639);
#19639 = SURFACE_SIDE_STYLE('',(#19640));
#19640 = SURFACE_STYLE_FILL_AREA(#19641);
#19641 = FILL_AREA_STYLE('',(#19642));
#19642 = FILL_AREA_STYLE_COLOUR('',#16269);
#19643 = CURVE_STYLE('',#19644,POSITIVE_LENGTH_MEASURE(0.1),#16269);
#19644 = DRAUGHTING_PRE_DEFINED_CURVE_FONT('continuous');
#19645 = STYLED_ITEM('color',(#19646),#12812);
#19646 = PRESENTATION_STYLE_ASSIGNMENT((#19647,#19652));
#19647 = SURFACE_STYLE_USAGE(.BOTH.,#19648);
#19648 = SURFACE_SIDE_STYLE('',(#19649));
#19649 = SURFACE_STYLE_FILL_AREA(#19650);
#19650 = FILL_AREA_STYLE('',(#19651));
#19651 = FILL_AREA_STYLE_COLOUR('',#16269);
#19652 = CURVE_STYLE('',#19653,POSITIVE_LENGTH_MEASURE(0.1),#16269);
#19653 = DRAUGHTING_PRE_DEFINED_CURVE_FONT('continuous');
#19654 = STYLED_ITEM('color',(#19655),#12829);
#19655 = PRESENTATION_STYLE_ASSIGNMENT((#19656,#19661));
#19656 = SURFACE_STYLE_USAGE(.BOTH.,#19657);
#19657 = SURFACE_SIDE_STYLE('',(#19658));
#19658 = SURFACE_STYLE_FILL_AREA(#19659);
#19659 = FILL_AREA_STYLE('',(#19660));
#19660 = FILL_AREA_STYLE_COLOUR('',#16269);
#19661 = CURVE_STYLE('',#19662,POSITIVE_LENGTH_MEASURE(0.1),#16269);
#19662 = DRAUGHTING_PRE_DEFINED_CURVE_FONT('continuous');
ENDSEC;
END-ISO-10303-21;
