ISO-10303-21;
HEADER;
FILE_DESCRIPTION(('Open CASCADE Model'),'2;1');
FILE_NAME('Open CASCADE Shape Model','2026-09-11T16:49:10',('Author'),(
    'Open CASCADE'),'Open CASCADE STEP processor 7.9','build123d',
  'Unknown');
FILE_SCHEMA(('AUTOMOTIVE_DESIGN { 1 0 10303 214 1 1 1 1 }'));
ENDSEC;
DATA;
#1 = APPLICATION_PROTOCOL_DEFINITION('international standard',
  'automotive_design',2000,#2);
#2 = APPLICATION_CONTEXT(
  'core data for automotive mechanical design processes');
#3 = SHAPE_DEFINITION_REPRESENTATION(#4,#10);
#4 = PRODUCT_DEFINITION_SHAPE('','',#5);
#5 = PRODUCT_DEFINITION('design','',#6,#9);
#6 = PRODUCT_DEFINITION_FORMATION('','',#7);
#7 = PRODUCT('COMPOUND','COMPOUND','',(#8));
#8 = PRODUCT_CONTEXT('',#2,'mechanical');
#9 = PRODUCT_DEFINITION_CONTEXT('part definition',#2,'design');
#10 = ADVANCED_BREP_SHAPE_REPRESENTATION('',(#11,#15),#6385);
#11 = AXIS2_PLACEMENT_3D('',#12,#13,#14);
#12 = CARTESIAN_POINT('',(0.,0.,0.));
#13 = DIRECTION('',(0.,0.,1.));
#14 = DIRECTION('',(1.,0.,-0.));
#15 = MANIFOLD_SOLID_BREP('',#16);
#16 = CLOSED_SHELL('',(#17,#139,#458,#721,#800,#1129,#1177,#1229,#1472,
    #1801,#1829,#1884,#1939,#1994,#2049,#2106,#2134,#2141,#2200,#2228,
    #2260,#2292,#2599,#2654,#2686,#2714,#2742,#2780,#2854,#2901,#2948,
    #2973,#3032,#3060,#3092,#3099,#3173,#3220,#3267,#3292,#3327,#3362,
    #3397,#3432,#3487,#3563,#3617,#3671,#3720,#3769,#3823,#3877,#3904,
    #3908,#3963,#4079,#4134,#4245,#4300,#4355,#4410,#4465,#4469,#4648,
    #4652,#4706,#4760,#5373,#5377,#5404,#5431,#5435,#5439,#5443,#5447,
    #5527,#5607,#5657,#5706,#5756,#5805,#5855,#5905,#5954,#6003,#6053,
    #6081,#6130,#6180,#6229,#6257,#6307,#6357,#6371));
#17 = ADVANCED_FACE('',(#18),#33,.T.);
#18 = FACE_BOUND('',#19,.T.);
#19 = EDGE_LOOP('',(#20,#56,#82,#115));
#20 = ORIENTED_EDGE('',*,*,#21,.T.);
#21 = EDGE_CURVE('',#22,#24,#26,.T.);
#22 = VERTEX_POINT('',#23);
#23 = CARTESIAN_POINT('',(-30.65075774974,-26.49999999999,3.));
#24 = VERTEX_POINT('',#25);
#25 = CARTESIAN_POINT('',(-35.5,-21.65075774975,3.));
#26 = SURFACE_CURVE('',#27,(#32,#44),.PCURVE_S1.);
#27 = CIRCLE('',#28,3.6);
#28 = AXIS2_PLACEMENT_3D('',#29,#30,#31);
#29 = CARTESIAN_POINT('',(-32.3,-23.3,3.));
#30 = DIRECTION('',(-0.,0.,1.));
#31 = DIRECTION('',(0.458122847292,-0.888888888888,0.));
#32 = PCURVE('',#33,#38);
#33 = CYLINDRICAL_SURFACE('',#34,3.6);
#34 = AXIS2_PLACEMENT_3D('',#35,#36,#37);
#35 = CARTESIAN_POINT('',(-32.3,-23.3,3.));
#36 = DIRECTION('',(0.,0.,1.));
#37 = DIRECTION('',(1.,0.,0.));
#38 = DEFINITIONAL_REPRESENTATION('',(#39),#43);
#39 = LINE('',#40,#41);
#40 = CARTESIAN_POINT('',(5.188271230047,0.));
#41 = VECTOR('',#42,1.);
#42 = DIRECTION('',(1.,0.));
#43 = ( GEOMETRIC_REPRESENTATION_CONTEXT(2) 
PARAMETRIC_REPRESENTATION_CONTEXT() REPRESENTATION_CONTEXT('2D SPACE',''
  ) );
#44 = PCURVE('',#45,#50);
#45 = PLANE('',#46);
#46 = AXIS2_PLACEMENT_3D('',#47,#48,#49);
#47 = CARTESIAN_POINT('',(5.447973319327E-17,-1.254135693149E-09,3.));
#48 = DIRECTION('',(0.,0.,1.));
#49 = DIRECTION('',(1.,0.,0.));
#50 = DEFINITIONAL_REPRESENTATION('',(#51),#55);
#51 = CIRCLE('',#52,3.6);
#52 = AXIS2_PLACEMENT_2D('',#53,#54);
#53 = CARTESIAN_POINT('',(-32.3,-23.29999999874));
#54 = DIRECTION('',(0.458122847292,-0.888888888888));
#55 = ( GEOMETRIC_REPRESENTATION_CONTEXT(2) 
PARAMETRIC_REPRESENTATION_CONTEXT() REPRESENTATION_CONTEXT('2D SPACE',''
  ) );
#56 = ORIENTED_EDGE('',*,*,#57,.T.);
#57 = EDGE_CURVE('',#24,#58,#60,.T.);
#58 = VERTEX_POINT('',#59);
#59 = CARTESIAN_POINT('',(-35.5,-21.65075774975,20.));
#60 = SURFACE_CURVE('',#61,(#65,#71),.PCURVE_S1.);
#61 = LINE('',#62,#63);
#62 = CARTESIAN_POINT('',(-35.5,-21.65075774975,3.));
#63 = VECTOR('',#64,1.);
#64 = DIRECTION('',(0.,0.,1.));
#65 = PCURVE('',#33,#66);
#66 = DEFINITIONAL_REPRESENTATION('',(#67),#70);
#67 = B_SPLINE_CURVE_WITH_KNOTS('',1,(#68,#69),.UNSPECIFIED.,.F.,.F.,(2,
    2),(0.,17.),.PIECEWISE_BEZIER_KNOTS.);
#68 = CARTESIAN_POINT('',(8.948895711109,0.));
#69 = CARTESIAN_POINT('',(8.948895711109,17.));
#70 = ( GEOMETRIC_REPRESENTATION_CONTEXT(2) 
PARAMETRIC_REPRESENTATION_CONTEXT() REPRESENTATION_CONTEXT('2D SPACE',''
  ) );
#71 = PCURVE('',#72,#77);
#72 = PLANE('',#73);
#73 = AXIS2_PLACEMENT_3D('',#74,#75,#76);
#74 = CARTESIAN_POINT('',(-35.5,-25.,20.));
#75 = DIRECTION('',(-1.,0.,0.));
#76 = DIRECTION('',(0.,1.,0.));
#77 = DEFINITIONAL_REPRESENTATION('',(#78),#81);
#78 = B_SPLINE_CURVE_WITH_KNOTS('',1,(#79,#80),.UNSPECIFIED.,.F.,.F.,(2,
    2),(-5.999999999062E-07,17.0000006),.PIECEWISE_BEZIER_KNOTS.);
#79 = CARTESIAN_POINT('',(3.34924225025,17.0000006));
#80 = CARTESIAN_POINT('',(3.34924225025,-5.999999999062E-07));
#81 = ( GEOMETRIC_REPRESENTATION_CONTEXT(2) 
PARAMETRIC_REPRESENTATION_CONTEXT() REPRESENTATION_CONTEXT('2D SPACE',''
  ) );
#82 = ORIENTED_EDGE('',*,*,#83,.T.);
#83 = EDGE_CURVE('',#58,#84,#86,.T.);
#84 = VERTEX_POINT('',#85);
#85 = CARTESIAN_POINT('',(-30.65075774974,-26.49999999999,20.));
#86 = SURFACE_CURVE('',#87,(#92,#99),.PCURVE_S1.);
#87 = CIRCLE('',#88,3.6);
#88 = AXIS2_PLACEMENT_3D('',#89,#90,#91);
#89 = CARTESIAN_POINT('',(-32.3,-23.3,20.));
#90 = DIRECTION('',(0.,0.,-1.));
#91 = DIRECTION('',(-0.888888888889,0.458122847291,0.));
#92 = PCURVE('',#33,#93);
#93 = DEFINITIONAL_REPRESENTATION('',(#94),#98);
#94 = LINE('',#95,#96);
#95 = CARTESIAN_POINT('',(8.948895711109,17.));
#96 = VECTOR('',#97,1.);
#97 = DIRECTION('',(-1.,-0.));
#98 = ( GEOMETRIC_REPRESENTATION_CONTEXT(2) 
PARAMETRIC_REPRESENTATION_CONTEXT() REPRESENTATION_CONTEXT('2D SPACE',''
  ) );
#99 = PCURVE('',#100,#105);
#100 = PLANE('',#101);
#101 = AXIS2_PLACEMENT_3D('',#102,#103,#104);
#102 = CARTESIAN_POINT('',(-32.3,-23.3,20.));
#103 = DIRECTION('',(0.,0.,1.));
#104 = DIRECTION('',(1.,0.,0.));
#105 = DEFINITIONAL_REPRESENTATION('',(#106),#114);
#106 = ( BOUNDED_CURVE() B_SPLINE_CURVE(2,(#107,#108,#109,#110,#111,#112
,#113),.UNSPECIFIED.,.T.,.F.) B_SPLINE_CURVE_WITH_KNOTS((1,2,2,2,2,1),(
    -2.094395102393,0.,2.094395102393,4.188790204786,6.28318530718,
8.377580409573),.UNSPECIFIED.) CURVE() GEOMETRIC_REPRESENTATION_ITEM() 
RATIONAL_B_SPLINE_CURVE((1.,0.5,1.,0.5,1.,0.5,1.)) REPRESENTATION_ITEM(
  '') );
#107 = CARTESIAN_POINT('',(-3.2,1.649242250247));
#108 = CARTESIAN_POINT('',(-0.343428628583,7.191804834467));
#109 = CARTESIAN_POINT('',(3.028285685709,1.946660166987));
#110 = CARTESIAN_POINT('',(6.4,-3.298484500494));
#111 = CARTESIAN_POINT('',(0.171714314291,-3.595902417234));
#112 = CARTESIAN_POINT('',(-6.056571371417,-3.893320333973));
#113 = CARTESIAN_POINT('',(-3.2,1.649242250247));
#114 = ( GEOMETRIC_REPRESENTATION_CONTEXT(2) 
PARAMETRIC_REPRESENTATION_CONTEXT() REPRESENTATION_CONTEXT('2D SPACE',''
  ) );
#115 = ORIENTED_EDGE('',*,*,#116,.F.);
#116 = EDGE_CURVE('',#22,#84,#117,.T.);
#117 = SURFACE_CURVE('',#118,(#122,#128),.PCURVE_S1.);
#118 = LINE('',#119,#120);
#119 = CARTESIAN_POINT('',(-30.65075774974,-26.49999999999,3.));
#120 = VECTOR('',#121,1.);
#121 = DIRECTION('',(0.,0.,1.));
#122 = PCURVE('',#33,#123);
#123 = DEFINITIONAL_REPRESENTATION('',(#124),#127);
#124 = B_SPLINE_CURVE_WITH_KNOTS('',1,(#125,#126),.UNSPECIFIED.,.F.,.F.,
  (2,2),(0.,17.),.PIECEWISE_BEZIER_KNOTS.);
#125 = CARTESIAN_POINT('',(5.188271230047,0.));
#126 = CARTESIAN_POINT('',(5.188271230047,17.));
#127 = ( GEOMETRIC_REPRESENTATION_CONTEXT(2) 
PARAMETRIC_REPRESENTATION_CONTEXT() REPRESENTATION_CONTEXT('2D SPACE',''
  ) );
#128 = PCURVE('',#129,#134);
#129 = PLANE('',#130);
#130 = AXIS2_PLACEMENT_3D('',#131,#132,#133);
#131 = CARTESIAN_POINT('',(-34.,-26.49999999999,20.));
#132 = DIRECTION('',(0.,1.,0.));
#133 = DIRECTION('',(1.,0.,0.));
#134 = DEFINITIONAL_REPRESENTATION('',(#135),#138);
#135 = B_SPLINE_CURVE_WITH_KNOTS('',1,(#136,#137),.UNSPECIFIED.,.F.,.F.,
  (2,2),(-5.999999999062E-07,17.0000006),.PIECEWISE_BEZIER_KNOTS.);
#136 = CARTESIAN_POINT('',(3.349242250253,17.0000006));
#137 = CARTESIAN_POINT('',(3.349242250253,-5.999999999062E-07));
#138 = ( GEOMETRIC_REPRESENTATION_CONTEXT(2) 
PARAMETRIC_REPRESENTATION_CONTEXT() REPRESENTATION_CONTEXT('2D SPACE',''
  ) );
#139 = ADVANCED_FACE('',(#140,#334,#365,#396,#427),#45,.T.);
#140 = FACE_BOUND('',#141,.T.);
#141 = EDGE_LOOP('',(#142,#143,#166,#195,#223,#252,#280,#313));
#142 = ORIENTED_EDGE('',*,*,#21,.F.);
#143 = ORIENTED_EDGE('',*,*,#144,.T.);
#144 = EDGE_CURVE('',#22,#145,#147,.T.);
#145 = VERTEX_POINT('',#146);
#146 = CARTESIAN_POINT('',(30.650757749747,-26.49999999999,3.));
#147 = SURFACE_CURVE('',#148,(#152,#159),.PCURVE_S1.);
#148 = LINE('',#149,#150);
#149 = CARTESIAN_POINT('',(0.,-26.49999999999,3.));
#150 = VECTOR('',#151,1.);
#151 = DIRECTION('',(1.,0.,0.));
#152 = PCURVE('',#45,#153);
#153 = DEFINITIONAL_REPRESENTATION('',(#154),#158);
#154 = LINE('',#155,#156);
#155 = CARTESIAN_POINT('',(-5.447973319327E-17,-26.49999999874));
#156 = VECTOR('',#157,1.);
#157 = DIRECTION('',(1.,0.));
#158 = ( GEOMETRIC_REPRESENTATION_CONTEXT(2) 
PARAMETRIC_REPRESENTATION_CONTEXT() REPRESENTATION_CONTEXT('2D SPACE',''
  ) );
#159 = PCURVE('',#129,#160);
#160 = DEFINITIONAL_REPRESENTATION('',(#161),#165);
#161 = LINE('',#162,#163);
#162 = CARTESIAN_POINT('',(34.,17.));
#163 = VECTOR('',#164,1.);
#164 = DIRECTION('',(1.,0.));
#165 = ( GEOMETRIC_REPRESENTATION_CONTEXT(2) 
PARAMETRIC_REPRESENTATION_CONTEXT() REPRESENTATION_CONTEXT('2D SPACE',''
  ) );
#166 = ORIENTED_EDGE('',*,*,#167,.F.);
#167 = EDGE_CURVE('',#168,#145,#170,.T.);
#168 = VERTEX_POINT('',#169);
#169 = CARTESIAN_POINT('',(35.5,-21.65075774975,3.));
#170 = SURFACE_CURVE('',#171,(#176,#183),.PCURVE_S1.);
#171 = CIRCLE('',#172,3.6);
#172 = AXIS2_PLACEMENT_3D('',#173,#174,#175);
#173 = CARTESIAN_POINT('',(32.3,-23.3,3.));
#174 = DIRECTION('',(0.,0.,1.));
#175 = DIRECTION('',(1.,0.,0.));
#176 = PCURVE('',#45,#177);
#177 = DEFINITIONAL_REPRESENTATION('',(#178),#182);
#178 = CIRCLE('',#179,3.6);
#179 = AXIS2_PLACEMENT_2D('',#180,#181);
#180 = CARTESIAN_POINT('',(32.3,-23.29999999874));
#181 = DIRECTION('',(1.,0.));
#182 = ( GEOMETRIC_REPRESENTATION_CONTEXT(2) 
PARAMETRIC_REPRESENTATION_CONTEXT() REPRESENTATION_CONTEXT('2D SPACE',''
  ) );
#183 = PCURVE('',#184,#189);
#184 = CYLINDRICAL_SURFACE('',#185,3.6);
#185 = AXIS2_PLACEMENT_3D('',#186,#187,#188);
#186 = CARTESIAN_POINT('',(32.3,-23.3,3.));
#187 = DIRECTION('',(0.,0.,1.));
#188 = DIRECTION('',(1.,0.,0.));
#189 = DEFINITIONAL_REPRESENTATION('',(#190),#194);
#190 = LINE('',#191,#192);
#191 = CARTESIAN_POINT('',(0.,0.));
#192 = VECTOR('',#193,1.);
#193 = DIRECTION('',(1.,0.));
#194 = ( GEOMETRIC_REPRESENTATION_CONTEXT(2) 
PARAMETRIC_REPRESENTATION_CONTEXT() REPRESENTATION_CONTEXT('2D SPACE',''
  ) );
#195 = ORIENTED_EDGE('',*,*,#196,.T.);
#196 = EDGE_CURVE('',#168,#197,#199,.T.);
#197 = VERTEX_POINT('',#198);
#198 = CARTESIAN_POINT('',(35.5,21.650757749753,3.));
#199 = SURFACE_CURVE('',#200,(#204,#211),.PCURVE_S1.);
#200 = LINE('',#201,#202);
#201 = CARTESIAN_POINT('',(35.5,2.895461648222E-12,3.));
#202 = VECTOR('',#203,1.);
#203 = DIRECTION('',(0.,1.,0.));
#204 = PCURVE('',#45,#205);
#205 = DEFINITIONAL_REPRESENTATION('',(#206),#210);
#206 = LINE('',#207,#208);
#207 = CARTESIAN_POINT('',(35.5,1.257031154798E-09));
#208 = VECTOR('',#209,1.);
#209 = DIRECTION('',(0.,1.));
#210 = ( GEOMETRIC_REPRESENTATION_CONTEXT(2) 
PARAMETRIC_REPRESENTATION_CONTEXT() REPRESENTATION_CONTEXT('2D SPACE',''
  ) );
#211 = PCURVE('',#212,#217);
#212 = PLANE('',#213);
#213 = AXIS2_PLACEMENT_3D('',#214,#215,#216);
#214 = CARTESIAN_POINT('',(35.5,-25.,20.));
#215 = DIRECTION('',(-1.,0.,0.));
#216 = DIRECTION('',(0.,1.,0.));
#217 = DEFINITIONAL_REPRESENTATION('',(#218),#222);
#218 = LINE('',#219,#220);
#219 = CARTESIAN_POINT('',(25.000000000006,17.));
#220 = VECTOR('',#221,1.);
#221 = DIRECTION('',(1.,0.));
#222 = ( GEOMETRIC_REPRESENTATION_CONTEXT(2) 
PARAMETRIC_REPRESENTATION_CONTEXT() REPRESENTATION_CONTEXT('2D SPACE',''
  ) );
#223 = ORIENTED_EDGE('',*,*,#224,.F.);
#224 = EDGE_CURVE('',#225,#197,#227,.T.);
#225 = VERTEX_POINT('',#226);
#226 = CARTESIAN_POINT('',(30.650757749759,26.500000000003,3.));
#227 = SURFACE_CURVE('',#228,(#233,#240),.PCURVE_S1.);
#228 = CIRCLE('',#229,3.6);
#229 = AXIS2_PLACEMENT_3D('',#230,#231,#232);
#230 = CARTESIAN_POINT('',(32.3,23.3,3.));
#231 = DIRECTION('',(0.,0.,1.));
#232 = DIRECTION('',(1.,0.,0.));
#233 = PCURVE('',#45,#234);
#234 = DEFINITIONAL_REPRESENTATION('',(#235),#239);
#235 = CIRCLE('',#236,3.6);
#236 = AXIS2_PLACEMENT_2D('',#237,#238);
#237 = CARTESIAN_POINT('',(32.3,23.300000001254));
#238 = DIRECTION('',(1.,0.));
#239 = ( GEOMETRIC_REPRESENTATION_CONTEXT(2) 
PARAMETRIC_REPRESENTATION_CONTEXT() REPRESENTATION_CONTEXT('2D SPACE',''
  ) );
#240 = PCURVE('',#241,#246);
#241 = CYLINDRICAL_SURFACE('',#242,3.6);
#242 = AXIS2_PLACEMENT_3D('',#243,#244,#245);
#243 = CARTESIAN_POINT('',(32.3,23.3,3.));
#244 = DIRECTION('',(0.,0.,1.));
#245 = DIRECTION('',(1.,0.,0.));
#246 = DEFINITIONAL_REPRESENTATION('',(#247),#251);
#247 = LINE('',#248,#249);
#248 = CARTESIAN_POINT('',(0.,0.));
#249 = VECTOR('',#250,1.);
#250 = DIRECTION('',(1.,0.));
#251 = ( GEOMETRIC_REPRESENTATION_CONTEXT(2) 
PARAMETRIC_REPRESENTATION_CONTEXT() REPRESENTATION_CONTEXT('2D SPACE',''
  ) );
#252 = ORIENTED_EDGE('',*,*,#253,.F.);
#253 = EDGE_CURVE('',#254,#225,#256,.T.);
#254 = VERTEX_POINT('',#255);
#255 = CARTESIAN_POINT('',(-30.65075774975,26.500000000003,3.));
#256 = SURFACE_CURVE('',#257,(#261,#268),.PCURVE_S1.);
#257 = LINE('',#258,#259);
#258 = CARTESIAN_POINT('',(0.,26.500000000003,3.));
#259 = VECTOR('',#260,1.);
#260 = DIRECTION('',(1.,0.,0.));
#261 = PCURVE('',#45,#262);
#262 = DEFINITIONAL_REPRESENTATION('',(#263),#267);
#263 = LINE('',#264,#265);
#264 = CARTESIAN_POINT('',(-5.447973319327E-17,26.500000001257));
#265 = VECTOR('',#266,1.);
#266 = DIRECTION('',(1.,0.));
#267 = ( GEOMETRIC_REPRESENTATION_CONTEXT(2) 
PARAMETRIC_REPRESENTATION_CONTEXT() REPRESENTATION_CONTEXT('2D SPACE',''
  ) );
#268 = PCURVE('',#269,#274);
#269 = PLANE('',#270);
#270 = AXIS2_PLACEMENT_3D('',#271,#272,#273);
#271 = CARTESIAN_POINT('',(-34.,26.500000000003,20.));
#272 = DIRECTION('',(0.,1.,0.));
#273 = DIRECTION('',(1.,0.,0.));
#274 = DEFINITIONAL_REPRESENTATION('',(#275),#279);
#275 = LINE('',#276,#277);
#276 = CARTESIAN_POINT('',(34.,17.));
#277 = VECTOR('',#278,1.);
#278 = DIRECTION('',(1.,0.));
#279 = ( GEOMETRIC_REPRESENTATION_CONTEXT(2) 
PARAMETRIC_REPRESENTATION_CONTEXT() REPRESENTATION_CONTEXT('2D SPACE',''
  ) );
#280 = ORIENTED_EDGE('',*,*,#281,.T.);
#281 = EDGE_CURVE('',#254,#282,#284,.T.);
#282 = VERTEX_POINT('',#283);
#283 = CARTESIAN_POINT('',(-35.5,21.650757749753,3.));
#284 = SURFACE_CURVE('',#285,(#290,#301),.PCURVE_S1.);
#285 = CIRCLE('',#286,3.6);
#286 = AXIS2_PLACEMENT_3D('',#287,#288,#289);
#287 = CARTESIAN_POINT('',(-32.3,23.3,3.));
#288 = DIRECTION('',(0.,0.,-1.));
#289 = DIRECTION('',(0.458122847289,0.88888888889,0.));
#290 = PCURVE('',#45,#291);
#291 = DEFINITIONAL_REPRESENTATION('',(#292),#300);
#292 = ( BOUNDED_CURVE() B_SPLINE_CURVE(2,(#293,#294,#295,#296,#297,#298
,#299),.UNSPECIFIED.,.T.,.F.) B_SPLINE_CURVE_WITH_KNOTS((1,2,2,2,2,1),(
    -2.094395102393,0.,2.094395102393,4.188790204786,6.28318530718,
8.377580409573),.UNSPECIFIED.) CURVE() GEOMETRIC_REPRESENTATION_ITEM() 
RATIONAL_B_SPLINE_CURVE((1.,0.5,1.,0.5,1.,0.5,1.)) REPRESENTATION_ITEM(
  '') );
#293 = CARTESIAN_POINT('',(-30.65075774975,26.500000001257));
#294 = CARTESIAN_POINT('',(-25.10819516553,23.64342862985));
#295 = CARTESIAN_POINT('',(-30.353339833,20.271714315549));
#296 = CARTESIAN_POINT('',(-35.59848450048,16.900000001248));
#297 = CARTESIAN_POINT('',(-35.89590241723,23.128285686956));
#298 = CARTESIAN_POINT('',(-36.19332033398,29.356571372664));
#299 = CARTESIAN_POINT('',(-30.65075774975,26.500000001257));
#300 = ( GEOMETRIC_REPRESENTATION_CONTEXT(2) 
PARAMETRIC_REPRESENTATION_CONTEXT() REPRESENTATION_CONTEXT('2D SPACE',''
  ) );
#301 = PCURVE('',#302,#307);
#302 = CYLINDRICAL_SURFACE('',#303,3.6);
#303 = AXIS2_PLACEMENT_3D('',#304,#305,#306);
#304 = CARTESIAN_POINT('',(-32.3,23.3,3.));
#305 = DIRECTION('',(0.,0.,1.));
#306 = DIRECTION('',(1.,0.,0.));
#307 = DEFINITIONAL_REPRESENTATION('',(#308),#312);
#308 = LINE('',#309,#310);
#309 = CARTESIAN_POINT('',(7.378099384316,0.));
#310 = VECTOR('',#311,1.);
#311 = DIRECTION('',(-1.,-0.));
#312 = ( GEOMETRIC_REPRESENTATION_CONTEXT(2) 
PARAMETRIC_REPRESENTATION_CONTEXT() REPRESENTATION_CONTEXT('2D SPACE',''
  ) );
#313 = ORIENTED_EDGE('',*,*,#314,.F.);
#314 = EDGE_CURVE('',#24,#282,#315,.T.);
#315 = SURFACE_CURVE('',#316,(#320,#327),.PCURVE_S1.);
#316 = LINE('',#317,#318);
#317 = CARTESIAN_POINT('',(-35.5,2.895461648222E-12,3.));
#318 = VECTOR('',#319,1.);
#319 = DIRECTION('',(0.,1.,0.));
#320 = PCURVE('',#45,#321);
#321 = DEFINITIONAL_REPRESENTATION('',(#322),#326);
#322 = LINE('',#323,#324);
#323 = CARTESIAN_POINT('',(-35.5,1.257031154798E-09));
#324 = VECTOR('',#325,1.);
#325 = DIRECTION('',(0.,1.));
#326 = ( GEOMETRIC_REPRESENTATION_CONTEXT(2) 
PARAMETRIC_REPRESENTATION_CONTEXT() REPRESENTATION_CONTEXT('2D SPACE',''
  ) );
#327 = PCURVE('',#72,#328);
#328 = DEFINITIONAL_REPRESENTATION('',(#329),#333);
#329 = LINE('',#330,#331);
#330 = CARTESIAN_POINT('',(25.000000000006,17.));
#331 = VECTOR('',#332,1.);
#332 = DIRECTION('',(1.,0.));
#333 = ( GEOMETRIC_REPRESENTATION_CONTEXT(2) 
PARAMETRIC_REPRESENTATION_CONTEXT() REPRESENTATION_CONTEXT('2D SPACE',''
  ) );
#334 = FACE_BOUND('',#335,.T.);
#335 = EDGE_LOOP('',(#336));
#336 = ORIENTED_EDGE('',*,*,#337,.F.);
#337 = EDGE_CURVE('',#338,#338,#340,.T.);
#338 = VERTEX_POINT('',#339);
#339 = CARTESIAN_POINT('',(-20.25,-19.,3.));
#340 = SURFACE_CURVE('',#341,(#346,#353),.PCURVE_S1.);
#341 = CIRCLE('',#342,3.75);
#342 = AXIS2_PLACEMENT_3D('',#343,#344,#345);
#343 = CARTESIAN_POINT('',(-24.,-19.,3.));
#344 = DIRECTION('',(0.,0.,1.));
#345 = DIRECTION('',(1.,0.,0.));
#346 = PCURVE('',#45,#347);
#347 = DEFINITIONAL_REPRESENTATION('',(#348),#352);
#348 = CIRCLE('',#349,3.75);
#349 = AXIS2_PLACEMENT_2D('',#350,#351);
#350 = CARTESIAN_POINT('',(-24.,-18.99999999874));
#351 = DIRECTION('',(1.,0.));
#352 = ( GEOMETRIC_REPRESENTATION_CONTEXT(2) 
PARAMETRIC_REPRESENTATION_CONTEXT() REPRESENTATION_CONTEXT('2D SPACE',''
  ) );
#353 = PCURVE('',#354,#359);
#354 = CYLINDRICAL_SURFACE('',#355,3.75);
#355 = AXIS2_PLACEMENT_3D('',#356,#357,#358);
#356 = CARTESIAN_POINT('',(-24.,-19.,3.));
#357 = DIRECTION('',(0.,0.,1.));
#358 = DIRECTION('',(1.,0.,0.));
#359 = DEFINITIONAL_REPRESENTATION('',(#360),#364);
#360 = LINE('',#361,#362);
#361 = CARTESIAN_POINT('',(0.,0.));
#362 = VECTOR('',#363,1.);
#363 = DIRECTION('',(1.,0.));
#364 = ( GEOMETRIC_REPRESENTATION_CONTEXT(2) 
PARAMETRIC_REPRESENTATION_CONTEXT() REPRESENTATION_CONTEXT('2D SPACE',''
  ) );
#365 = FACE_BOUND('',#366,.T.);
#366 = EDGE_LOOP('',(#367));
#367 = ORIENTED_EDGE('',*,*,#368,.F.);
#368 = EDGE_CURVE('',#369,#369,#371,.T.);
#369 = VERTEX_POINT('',#370);
#370 = CARTESIAN_POINT('',(27.75,-19.,3.));
#371 = SURFACE_CURVE('',#372,(#377,#384),.PCURVE_S1.);
#372 = CIRCLE('',#373,3.75);
#373 = AXIS2_PLACEMENT_3D('',#374,#375,#376);
#374 = CARTESIAN_POINT('',(24.,-19.,3.));
#375 = DIRECTION('',(0.,0.,1.));
#376 = DIRECTION('',(1.,0.,0.));
#377 = PCURVE('',#45,#378);
#378 = DEFINITIONAL_REPRESENTATION('',(#379),#383);
#379 = CIRCLE('',#380,3.75);
#380 = AXIS2_PLACEMENT_2D('',#381,#382);
#381 = CARTESIAN_POINT('',(24.,-18.99999999874));
#382 = DIRECTION('',(1.,0.));
#383 = ( GEOMETRIC_REPRESENTATION_CONTEXT(2) 
PARAMETRIC_REPRESENTATION_CONTEXT() REPRESENTATION_CONTEXT('2D SPACE',''
  ) );
#384 = PCURVE('',#385,#390);
#385 = CYLINDRICAL_SURFACE('',#386,3.75);
#386 = AXIS2_PLACEMENT_3D('',#387,#388,#389);
#387 = CARTESIAN_POINT('',(24.,-19.,3.));
#388 = DIRECTION('',(0.,0.,1.));
#389 = DIRECTION('',(1.,0.,0.));
#390 = DEFINITIONAL_REPRESENTATION('',(#391),#395);
#391 = LINE('',#392,#393);
#392 = CARTESIAN_POINT('',(0.,0.));
#393 = VECTOR('',#394,1.);
#394 = DIRECTION('',(1.,0.));
#395 = ( GEOMETRIC_REPRESENTATION_CONTEXT(2) 
PARAMETRIC_REPRESENTATION_CONTEXT() REPRESENTATION_CONTEXT('2D SPACE',''
  ) );
#396 = FACE_BOUND('',#397,.T.);
#397 = EDGE_LOOP('',(#398));
#398 = ORIENTED_EDGE('',*,*,#399,.F.);
#399 = EDGE_CURVE('',#400,#400,#402,.T.);
#400 = VERTEX_POINT('',#401);
#401 = CARTESIAN_POINT('',(-20.25,19.,3.));
#402 = SURFACE_CURVE('',#403,(#408,#415),.PCURVE_S1.);
#403 = CIRCLE('',#404,3.75);
#404 = AXIS2_PLACEMENT_3D('',#405,#406,#407);
#405 = CARTESIAN_POINT('',(-24.,19.,3.));
#406 = DIRECTION('',(0.,0.,1.));
#407 = DIRECTION('',(1.,0.,0.));
#408 = PCURVE('',#45,#409);
#409 = DEFINITIONAL_REPRESENTATION('',(#410),#414);
#410 = CIRCLE('',#411,3.75);
#411 = AXIS2_PLACEMENT_2D('',#412,#413);
#412 = CARTESIAN_POINT('',(-24.,19.000000001254));
#413 = DIRECTION('',(1.,0.));
#414 = ( GEOMETRIC_REPRESENTATION_CONTEXT(2) 
PARAMETRIC_REPRESENTATION_CONTEXT() REPRESENTATION_CONTEXT('2D SPACE',''
  ) );
#415 = PCURVE('',#416,#421);
#416 = CYLINDRICAL_SURFACE('',#417,3.75);
#417 = AXIS2_PLACEMENT_3D('',#418,#419,#420);
#418 = CARTESIAN_POINT('',(-24.,19.,3.));
#419 = DIRECTION('',(0.,0.,1.));
#420 = DIRECTION('',(1.,0.,0.));
#421 = DEFINITIONAL_REPRESENTATION('',(#422),#426);
#422 = LINE('',#423,#424);
#423 = CARTESIAN_POINT('',(0.,0.));
#424 = VECTOR('',#425,1.);
#425 = DIRECTION('',(1.,0.));
#426 = ( GEOMETRIC_REPRESENTATION_CONTEXT(2) 
PARAMETRIC_REPRESENTATION_CONTEXT() REPRESENTATION_CONTEXT('2D SPACE',''
  ) );
#427 = FACE_BOUND('',#428,.T.);
#428 = EDGE_LOOP('',(#429));
#429 = ORIENTED_EDGE('',*,*,#430,.F.);
#430 = EDGE_CURVE('',#431,#431,#433,.T.);
#431 = VERTEX_POINT('',#432);
#432 = CARTESIAN_POINT('',(27.75,19.,3.));
#433 = SURFACE_CURVE('',#434,(#439,#446),.PCURVE_S1.);
#434 = CIRCLE('',#435,3.75);
#435 = AXIS2_PLACEMENT_3D('',#436,#437,#438);
#436 = CARTESIAN_POINT('',(24.,19.,3.));
#437 = DIRECTION('',(0.,0.,1.));
#438 = DIRECTION('',(1.,0.,0.));
#439 = PCURVE('',#45,#440);
#440 = DEFINITIONAL_REPRESENTATION('',(#441),#445);
#441 = CIRCLE('',#442,3.75);
#442 = AXIS2_PLACEMENT_2D('',#443,#444);
#443 = CARTESIAN_POINT('',(24.,19.000000001254));
#444 = DIRECTION('',(1.,0.));
#445 = ( GEOMETRIC_REPRESENTATION_CONTEXT(2) 
PARAMETRIC_REPRESENTATION_CONTEXT() REPRESENTATION_CONTEXT('2D SPACE',''
  ) );
#446 = PCURVE('',#447,#452);
#447 = CYLINDRICAL_SURFACE('',#448,3.75);
#448 = AXIS2_PLACEMENT_3D('',#449,#450,#451);
#449 = CARTESIAN_POINT('',(24.,19.,3.));
#450 = DIRECTION('',(0.,0.,1.));
#451 = DIRECTION('',(1.,0.,0.));
#452 = DEFINITIONAL_REPRESENTATION('',(#453),#457);
#453 = LINE('',#454,#455);
#454 = CARTESIAN_POINT('',(0.,0.));
#455 = VECTOR('',#456,1.);
#456 = DIRECTION('',(1.,0.));
#457 = ( GEOMETRIC_REPRESENTATION_CONTEXT(2) 
PARAMETRIC_REPRESENTATION_CONTEXT() REPRESENTATION_CONTEXT('2D SPACE',''
  ) );
#458 = ADVANCED_FACE('',(#459),#72,.F.);
#459 = FACE_BOUND('',#460,.F.);
#460 = EDGE_LOOP('',(#461,#491,#519,#547,#575,#601,#627,#646,#647,#648,
    #669,#695));
#461 = ORIENTED_EDGE('',*,*,#462,.T.);
#462 = EDGE_CURVE('',#463,#465,#467,.T.);
#463 = VERTEX_POINT('',#464);
#464 = CARTESIAN_POINT('',(-35.5,-25.,3.));
#465 = VERTEX_POINT('',#466);
#466 = CARTESIAN_POINT('',(-35.5,-25.,21.8));
#467 = SURFACE_CURVE('',#468,(#472,#479),.PCURVE_S1.);
#468 = LINE('',#469,#470);
#469 = CARTESIAN_POINT('',(-35.5,-25.,3.));
#470 = VECTOR('',#471,1.);
#471 = DIRECTION('',(0.,0.,1.));
#472 = PCURVE('',#72,#473);
#473 = DEFINITIONAL_REPRESENTATION('',(#474),#478);
#474 = LINE('',#475,#476);
#475 = CARTESIAN_POINT('',(0.,17.));
#476 = VECTOR('',#477,1.);
#477 = DIRECTION('',(0.,-1.));
#478 = ( GEOMETRIC_REPRESENTATION_CONTEXT(2) 
PARAMETRIC_REPRESENTATION_CONTEXT() REPRESENTATION_CONTEXT('2D SPACE',''
  ) );
#479 = PCURVE('',#480,#485);
#480 = CYLINDRICAL_SURFACE('',#481,1.5);
#481 = AXIS2_PLACEMENT_3D('',#482,#483,#484);
#482 = CARTESIAN_POINT('',(-34.,-25.,20.));
#483 = DIRECTION('',(0.,0.,-1.));
#484 = DIRECTION('',(-1.,0.,0.));
#485 = DEFINITIONAL_REPRESENTATION('',(#486),#490);
#486 = LINE('',#487,#488);
#487 = CARTESIAN_POINT('',(6.28318530718,17.));
#488 = VECTOR('',#489,1.);
#489 = DIRECTION('',(0.,-1.));
#490 = ( GEOMETRIC_REPRESENTATION_CONTEXT(2) 
PARAMETRIC_REPRESENTATION_CONTEXT() REPRESENTATION_CONTEXT('2D SPACE',''
  ) );
#491 = ORIENTED_EDGE('',*,*,#492,.T.);
#492 = EDGE_CURVE('',#465,#493,#495,.T.);
#493 = VERTEX_POINT('',#494);
#494 = CARTESIAN_POINT('',(-35.5,24.999999998274,21.8));
#495 = SURFACE_CURVE('',#496,(#500,#507),.PCURVE_S1.);
#496 = LINE('',#497,#498);
#497 = CARTESIAN_POINT('',(-35.5,2.895461648222E-12,21.8));
#498 = VECTOR('',#499,1.);
#499 = DIRECTION('',(0.,1.,0.));
#500 = PCURVE('',#72,#501);
#501 = DEFINITIONAL_REPRESENTATION('',(#502),#506);
#502 = LINE('',#503,#504);
#503 = CARTESIAN_POINT('',(25.000000000006,-1.8));
#504 = VECTOR('',#505,1.);
#505 = DIRECTION('',(1.,0.));
#506 = ( GEOMETRIC_REPRESENTATION_CONTEXT(2) 
PARAMETRIC_REPRESENTATION_CONTEXT() REPRESENTATION_CONTEXT('2D SPACE',''
  ) );
#507 = PCURVE('',#508,#513);
#508 = PLANE('',#509);
#509 = AXIS2_PLACEMENT_3D('',#510,#511,#512);
#510 = CARTESIAN_POINT('',(1.40205875015E-17,-1.533020883946E-09,21.8));
#511 = DIRECTION('',(0.,0.,1.));
#512 = DIRECTION('',(1.,0.,0.));
#513 = DEFINITIONAL_REPRESENTATION('',(#514),#518);
#514 = LINE('',#515,#516);
#515 = CARTESIAN_POINT('',(-35.5,1.535916345594E-09));
#516 = VECTOR('',#517,1.);
#517 = DIRECTION('',(0.,1.));
#518 = ( GEOMETRIC_REPRESENTATION_CONTEXT(2) 
PARAMETRIC_REPRESENTATION_CONTEXT() REPRESENTATION_CONTEXT('2D SPACE',''
  ) );
#519 = ORIENTED_EDGE('',*,*,#520,.T.);
#520 = EDGE_CURVE('',#493,#521,#523,.T.);
#521 = VERTEX_POINT('',#522);
#522 = CARTESIAN_POINT('',(-35.5,24.999999998274,3.));
#523 = SURFACE_CURVE('',#524,(#528,#535),.PCURVE_S1.);
#524 = LINE('',#525,#526);
#525 = CARTESIAN_POINT('',(-35.5,24.999999998274,21.8));
#526 = VECTOR('',#527,1.);
#527 = DIRECTION('',(0.,0.,-1.));
#528 = PCURVE('',#72,#529);
#529 = DEFINITIONAL_REPRESENTATION('',(#530),#534);
#530 = LINE('',#531,#532);
#531 = CARTESIAN_POINT('',(49.999999998277,-1.8));
#532 = VECTOR('',#533,1.);
#533 = DIRECTION('',(0.,1.));
#534 = ( GEOMETRIC_REPRESENTATION_CONTEXT(2) 
PARAMETRIC_REPRESENTATION_CONTEXT() REPRESENTATION_CONTEXT('2D SPACE',''
  ) );
#535 = PCURVE('',#536,#541);
#536 = CYLINDRICAL_SURFACE('',#537,1.5);
#537 = AXIS2_PLACEMENT_3D('',#538,#539,#540);
#538 = CARTESIAN_POINT('',(-34.,24.999999998274,20.));
#539 = DIRECTION('',(0.,0.,-1.));
#540 = DIRECTION('',(-1.,0.,0.));
#541 = DEFINITIONAL_REPRESENTATION('',(#542),#546);
#542 = LINE('',#543,#544);
#543 = CARTESIAN_POINT('',(0.,-1.8));
#544 = VECTOR('',#545,1.);
#545 = DIRECTION('',(-0.,1.));
#546 = ( GEOMETRIC_REPRESENTATION_CONTEXT(2) 
PARAMETRIC_REPRESENTATION_CONTEXT() REPRESENTATION_CONTEXT('2D SPACE',''
  ) );
#547 = ORIENTED_EDGE('',*,*,#548,.F.);
#548 = EDGE_CURVE('',#549,#521,#551,.T.);
#549 = VERTEX_POINT('',#550);
#550 = CARTESIAN_POINT('',(-35.5,24.949242250247,3.));
#551 = SURFACE_CURVE('',#552,(#556,#563),.PCURVE_S1.);
#552 = LINE('',#553,#554);
#553 = CARTESIAN_POINT('',(-35.5,2.895461648222E-12,3.));
#554 = VECTOR('',#555,1.);
#555 = DIRECTION('',(0.,1.,0.));
#556 = PCURVE('',#72,#557);
#557 = DEFINITIONAL_REPRESENTATION('',(#558),#562);
#558 = LINE('',#559,#560);
#559 = CARTESIAN_POINT('',(25.000000000006,17.));
#560 = VECTOR('',#561,1.);
#561 = DIRECTION('',(1.,0.));
#562 = ( GEOMETRIC_REPRESENTATION_CONTEXT(2) 
PARAMETRIC_REPRESENTATION_CONTEXT() REPRESENTATION_CONTEXT('2D SPACE',''
  ) );
#563 = PCURVE('',#564,#569);
#564 = PLANE('',#565);
#565 = AXIS2_PLACEMENT_3D('',#566,#567,#568);
#566 = CARTESIAN_POINT('',(5.447973319327E-17,-1.254135693149E-09,3.));
#567 = DIRECTION('',(0.,0.,1.));
#568 = DIRECTION('',(1.,0.,0.));
#569 = DEFINITIONAL_REPRESENTATION('',(#570),#574);
#570 = LINE('',#571,#572);
#571 = CARTESIAN_POINT('',(-35.5,1.257031154798E-09));
#572 = VECTOR('',#573,1.);
#573 = DIRECTION('',(0.,1.));
#574 = ( GEOMETRIC_REPRESENTATION_CONTEXT(2) 
PARAMETRIC_REPRESENTATION_CONTEXT() REPRESENTATION_CONTEXT('2D SPACE',''
  ) );
#575 = ORIENTED_EDGE('',*,*,#576,.T.);
#576 = EDGE_CURVE('',#549,#577,#579,.T.);
#577 = VERTEX_POINT('',#578);
#578 = CARTESIAN_POINT('',(-35.5,24.949242250247,20.));
#579 = SURFACE_CURVE('',#580,(#584,#590),.PCURVE_S1.);
#580 = LINE('',#581,#582);
#581 = CARTESIAN_POINT('',(-35.5,24.949242250247,3.));
#582 = VECTOR('',#583,1.);
#583 = DIRECTION('',(0.,0.,1.));
#584 = PCURVE('',#72,#585);
#585 = DEFINITIONAL_REPRESENTATION('',(#586),#589);
#586 = B_SPLINE_CURVE_WITH_KNOTS('',1,(#587,#588),.UNSPECIFIED.,.F.,.F.,
  (2,2),(-5.999999999062E-07,17.0000006),.PIECEWISE_BEZIER_KNOTS.);
#587 = CARTESIAN_POINT('',(49.94924225025,17.0000006));
#588 = CARTESIAN_POINT('',(49.94924225025,-5.999999999062E-07));
#589 = ( GEOMETRIC_REPRESENTATION_CONTEXT(2) 
PARAMETRIC_REPRESENTATION_CONTEXT() REPRESENTATION_CONTEXT('2D SPACE',''
  ) );
#590 = PCURVE('',#591,#596);
#591 = CYLINDRICAL_SURFACE('',#592,3.6);
#592 = AXIS2_PLACEMENT_3D('',#593,#594,#595);
#593 = CARTESIAN_POINT('',(-32.3,23.3,3.));
#594 = DIRECTION('',(0.,0.,1.));
#595 = DIRECTION('',(1.,0.,0.));
#596 = DEFINITIONAL_REPRESENTATION('',(#597),#600);
#597 = B_SPLINE_CURVE_WITH_KNOTS('',1,(#598,#599),.UNSPECIFIED.,.F.,.F.,
  (2,2),(-5.999999999062E-07,17.0000006),.PIECEWISE_BEZIER_KNOTS.);
#598 = CARTESIAN_POINT('',(2.665710403929,-5.999999999062E-07));
#599 = CARTESIAN_POINT('',(2.665710403929,17.0000006));
#600 = ( GEOMETRIC_REPRESENTATION_CONTEXT(2) 
PARAMETRIC_REPRESENTATION_CONTEXT() REPRESENTATION_CONTEXT('2D SPACE',''
  ) );
#601 = ORIENTED_EDGE('',*,*,#602,.F.);
#602 = EDGE_CURVE('',#603,#577,#605,.T.);
#603 = VERTEX_POINT('',#604);
#604 = CARTESIAN_POINT('',(-35.5,21.650757749753,20.));
#605 = SURFACE_CURVE('',#606,(#610,#616),.PCURVE_S1.);
#606 = LINE('',#607,#608);
#607 = CARTESIAN_POINT('',(-35.5,-0.850000000001,20.));
#608 = VECTOR('',#609,1.);
#609 = DIRECTION('',(0.,1.,-0.));
#610 = PCURVE('',#72,#611);
#611 = DEFINITIONAL_REPRESENTATION('',(#612),#615);
#612 = B_SPLINE_CURVE_WITH_KNOTS('',1,(#613,#614),.UNSPECIFIED.,.F.,.F.,
  (2,2),(20.550000000001,25.849999998276),.PIECEWISE_BEZIER_KNOTS.);
#613 = CARTESIAN_POINT('',(44.700000000003,0.));
#614 = CARTESIAN_POINT('',(49.999999998277,0.));
#615 = ( GEOMETRIC_REPRESENTATION_CONTEXT(2) 
PARAMETRIC_REPRESENTATION_CONTEXT() REPRESENTATION_CONTEXT('2D SPACE',''
  ) );
#616 = PCURVE('',#617,#622);
#617 = PLANE('',#618);
#618 = AXIS2_PLACEMENT_3D('',#619,#620,#621);
#619 = CARTESIAN_POINT('',(-32.3,23.3,20.));
#620 = DIRECTION('',(0.,0.,1.));
#621 = DIRECTION('',(1.,0.,0.));
#622 = DEFINITIONAL_REPRESENTATION('',(#623),#626);
#623 = B_SPLINE_CURVE_WITH_KNOTS('',1,(#624,#625),.UNSPECIFIED.,.F.,.F.,
  (2,2),(20.550000000001,25.849999998276),.PIECEWISE_BEZIER_KNOTS.);
#624 = CARTESIAN_POINT('',(-3.2,-3.6));
#625 = CARTESIAN_POINT('',(-3.2,1.699999998274));
#626 = ( GEOMETRIC_REPRESENTATION_CONTEXT(2) 
PARAMETRIC_REPRESENTATION_CONTEXT() REPRESENTATION_CONTEXT('2D SPACE',''
  ) );
#627 = ORIENTED_EDGE('',*,*,#628,.F.);
#628 = EDGE_CURVE('',#282,#603,#629,.T.);
#629 = SURFACE_CURVE('',#630,(#634,#640),.PCURVE_S1.);
#630 = LINE('',#631,#632);
#631 = CARTESIAN_POINT('',(-35.5,21.650757749753,3.));
#632 = VECTOR('',#633,1.);
#633 = DIRECTION('',(0.,0.,1.));
#634 = PCURVE('',#72,#635);
#635 = DEFINITIONAL_REPRESENTATION('',(#636),#639);
#636 = B_SPLINE_CURVE_WITH_KNOTS('',1,(#637,#638),.UNSPECIFIED.,.F.,.F.,
  (2,2),(-5.999999999062E-07,17.0000006),.PIECEWISE_BEZIER_KNOTS.);
#637 = CARTESIAN_POINT('',(46.650757749756,17.0000006));
#638 = CARTESIAN_POINT('',(46.650757749756,-5.999999999062E-07));
#639 = ( GEOMETRIC_REPRESENTATION_CONTEXT(2) 
PARAMETRIC_REPRESENTATION_CONTEXT() REPRESENTATION_CONTEXT('2D SPACE',''
  ) );
#640 = PCURVE('',#302,#641);
#641 = DEFINITIONAL_REPRESENTATION('',(#642),#645);
#642 = B_SPLINE_CURVE_WITH_KNOTS('',1,(#643,#644),.UNSPECIFIED.,.F.,.F.,
  (2,2),(0.,17.),.PIECEWISE_BEZIER_KNOTS.);
#643 = CARTESIAN_POINT('',(3.61747490325,0.));
#644 = CARTESIAN_POINT('',(3.61747490325,17.));
#645 = ( GEOMETRIC_REPRESENTATION_CONTEXT(2) 
PARAMETRIC_REPRESENTATION_CONTEXT() REPRESENTATION_CONTEXT('2D SPACE',''
  ) );
#646 = ORIENTED_EDGE('',*,*,#314,.F.);
#647 = ORIENTED_EDGE('',*,*,#57,.T.);
#648 = ORIENTED_EDGE('',*,*,#649,.F.);
#649 = EDGE_CURVE('',#650,#58,#652,.T.);
#650 = VERTEX_POINT('',#651);
#651 = CARTESIAN_POINT('',(-35.5,-24.94924225024,20.));
#652 = SURFACE_CURVE('',#653,(#657,#663),.PCURVE_S1.);
#653 = LINE('',#654,#655);
#654 = CARTESIAN_POINT('',(-35.5,-24.15,20.));
#655 = VECTOR('',#656,1.);
#656 = DIRECTION('',(0.,1.,-0.));
#657 = PCURVE('',#72,#658);
#658 = DEFINITIONAL_REPRESENTATION('',(#659),#662);
#659 = B_SPLINE_CURVE_WITH_KNOTS('',1,(#660,#661),.UNSPECIFIED.,.F.,.F.,
  (2,2),(-0.850000000001,4.450000000001),.PIECEWISE_BEZIER_KNOTS.);
#660 = CARTESIAN_POINT('',(0.,0.));
#661 = CARTESIAN_POINT('',(5.300000000003,0.));
#662 = ( GEOMETRIC_REPRESENTATION_CONTEXT(2) 
PARAMETRIC_REPRESENTATION_CONTEXT() REPRESENTATION_CONTEXT('2D SPACE',''
  ) );
#663 = PCURVE('',#100,#664);
#664 = DEFINITIONAL_REPRESENTATION('',(#665),#668);
#665 = B_SPLINE_CURVE_WITH_KNOTS('',1,(#666,#667),.UNSPECIFIED.,.F.,.F.,
  (2,2),(-0.850000000001,4.450000000001),.PIECEWISE_BEZIER_KNOTS.);
#666 = CARTESIAN_POINT('',(-3.2,-1.700000000003));
#667 = CARTESIAN_POINT('',(-3.2,3.6));
#668 = ( GEOMETRIC_REPRESENTATION_CONTEXT(2) 
PARAMETRIC_REPRESENTATION_CONTEXT() REPRESENTATION_CONTEXT('2D SPACE',''
  ) );
#669 = ORIENTED_EDGE('',*,*,#670,.F.);
#670 = EDGE_CURVE('',#671,#650,#673,.T.);
#671 = VERTEX_POINT('',#672);
#672 = CARTESIAN_POINT('',(-35.5,-24.94924225024,3.));
#673 = SURFACE_CURVE('',#674,(#678,#684),.PCURVE_S1.);
#674 = LINE('',#675,#676);
#675 = CARTESIAN_POINT('',(-35.5,-24.94924225024,3.));
#676 = VECTOR('',#677,1.);
#677 = DIRECTION('',(0.,0.,1.));
#678 = PCURVE('',#72,#679);
#679 = DEFINITIONAL_REPRESENTATION('',(#680),#683);
#680 = B_SPLINE_CURVE_WITH_KNOTS('',1,(#681,#682),.UNSPECIFIED.,.F.,.F.,
  (2,2),(-5.999999999062E-07,17.0000006),.PIECEWISE_BEZIER_KNOTS.);
#681 = CARTESIAN_POINT('',(5.075774975584E-02,17.0000006));
#682 = CARTESIAN_POINT('',(5.075774975584E-02,-5.999999999062E-07));
#683 = ( GEOMETRIC_REPRESENTATION_CONTEXT(2) 
PARAMETRIC_REPRESENTATION_CONTEXT() REPRESENTATION_CONTEXT('2D SPACE',''
  ) );
#684 = PCURVE('',#685,#690);
#685 = CYLINDRICAL_SURFACE('',#686,3.6);
#686 = AXIS2_PLACEMENT_3D('',#687,#688,#689);
#687 = CARTESIAN_POINT('',(-32.3,-23.3,3.));
#688 = DIRECTION('',(0.,0.,1.));
#689 = DIRECTION('',(1.,0.,0.));
#690 = DEFINITIONAL_REPRESENTATION('',(#691),#694);
#691 = B_SPLINE_CURVE_WITH_KNOTS('',1,(#692,#693),.UNSPECIFIED.,.F.,.F.,
  (2,2),(-5.999999999062E-07,17.0000006),.PIECEWISE_BEZIER_KNOTS.);
#692 = CARTESIAN_POINT('',(3.61747490325,-5.999999999062E-07));
#693 = CARTESIAN_POINT('',(3.61747490325,17.0000006));
#694 = ( GEOMETRIC_REPRESENTATION_CONTEXT(2) 
PARAMETRIC_REPRESENTATION_CONTEXT() REPRESENTATION_CONTEXT('2D SPACE',''
  ) );
#695 = ORIENTED_EDGE('',*,*,#696,.F.);
#696 = EDGE_CURVE('',#463,#671,#697,.T.);
#697 = SURFACE_CURVE('',#698,(#702,#709),.PCURVE_S1.);
#698 = LINE('',#699,#700);
#699 = CARTESIAN_POINT('',(-35.5,2.895461648222E-12,3.));
#700 = VECTOR('',#701,1.);
#701 = DIRECTION('',(0.,1.,0.));
#702 = PCURVE('',#72,#703);
#703 = DEFINITIONAL_REPRESENTATION('',(#704),#708);
#704 = LINE('',#705,#706);
#705 = CARTESIAN_POINT('',(25.000000000006,17.));
#706 = VECTOR('',#707,1.);
#707 = DIRECTION('',(1.,0.));
#708 = ( GEOMETRIC_REPRESENTATION_CONTEXT(2) 
PARAMETRIC_REPRESENTATION_CONTEXT() REPRESENTATION_CONTEXT('2D SPACE',''
  ) );
#709 = PCURVE('',#710,#715);
#710 = PLANE('',#711);
#711 = AXIS2_PLACEMENT_3D('',#712,#713,#714);
#712 = CARTESIAN_POINT('',(5.447973319327E-17,-1.254135693149E-09,3.));
#713 = DIRECTION('',(0.,0.,1.));
#714 = DIRECTION('',(1.,0.,0.));
#715 = DEFINITIONAL_REPRESENTATION('',(#716),#720);
#716 = LINE('',#717,#718);
#717 = CARTESIAN_POINT('',(-35.5,1.257031154798E-09));
#718 = VECTOR('',#719,1.);
#719 = DIRECTION('',(0.,1.));
#720 = ( GEOMETRIC_REPRESENTATION_CONTEXT(2) 
PARAMETRIC_REPRESENTATION_CONTEXT() REPRESENTATION_CONTEXT('2D SPACE',''
  ) );
#721 = ADVANCED_FACE('',(#722,#769),#100,.T.);
#722 = FACE_BOUND('',#723,.T.);
#723 = EDGE_LOOP('',(#724,#745,#746,#747));
#724 = ORIENTED_EDGE('',*,*,#725,.T.);
#725 = EDGE_CURVE('',#726,#84,#728,.T.);
#726 = VERTEX_POINT('',#727);
#727 = CARTESIAN_POINT('',(-33.94924225025,-26.49999999999,20.));
#728 = SURFACE_CURVE('',#729,(#733,#739),.PCURVE_S1.);
#729 = LINE('',#730,#731);
#730 = CARTESIAN_POINT('',(-33.15,-26.49999999999,20.));
#731 = VECTOR('',#732,1.);
#732 = DIRECTION('',(1.,0.,0.));
#733 = PCURVE('',#100,#734);
#734 = DEFINITIONAL_REPRESENTATION('',(#735),#738);
#735 = B_SPLINE_CURVE_WITH_KNOTS('',1,(#736,#737),.UNSPECIFIED.,.F.,.F.,
  (2,2),(-0.85,4.45),.PIECEWISE_BEZIER_KNOTS.);
#736 = CARTESIAN_POINT('',(-1.7,-3.199999999997));
#737 = CARTESIAN_POINT('',(3.6,-3.199999999997));
#738 = ( GEOMETRIC_REPRESENTATION_CONTEXT(2) 
PARAMETRIC_REPRESENTATION_CONTEXT() REPRESENTATION_CONTEXT('2D SPACE',''
  ) );
#739 = PCURVE('',#129,#740);
#740 = DEFINITIONAL_REPRESENTATION('',(#741),#744);
#741 = B_SPLINE_CURVE_WITH_KNOTS('',1,(#742,#743),.UNSPECIFIED.,.F.,.F.,
  (2,2),(-0.85,4.45),.PIECEWISE_BEZIER_KNOTS.);
#742 = CARTESIAN_POINT('',(0.,0.));
#743 = CARTESIAN_POINT('',(5.3,0.));
#744 = ( GEOMETRIC_REPRESENTATION_CONTEXT(2) 
PARAMETRIC_REPRESENTATION_CONTEXT() REPRESENTATION_CONTEXT('2D SPACE',''
  ) );
#745 = ORIENTED_EDGE('',*,*,#83,.F.);
#746 = ORIENTED_EDGE('',*,*,#649,.F.);
#747 = ORIENTED_EDGE('',*,*,#748,.T.);
#748 = EDGE_CURVE('',#650,#726,#749,.T.);
#749 = SURFACE_CURVE('',#750,(#755,#762),.PCURVE_S1.);
#750 = CIRCLE('',#751,3.6);
#751 = AXIS2_PLACEMENT_3D('',#752,#753,#754);
#752 = CARTESIAN_POINT('',(-32.3,-23.3,20.));
#753 = DIRECTION('',(0.,0.,1.));
#754 = DIRECTION('',(1.,0.,0.));
#755 = PCURVE('',#100,#756);
#756 = DEFINITIONAL_REPRESENTATION('',(#757),#761);
#757 = CIRCLE('',#758,3.6);
#758 = AXIS2_PLACEMENT_2D('',#759,#760);
#759 = CARTESIAN_POINT('',(0.,0.));
#760 = DIRECTION('',(1.,0.));
#761 = ( GEOMETRIC_REPRESENTATION_CONTEXT(2) 
PARAMETRIC_REPRESENTATION_CONTEXT() REPRESENTATION_CONTEXT('2D SPACE',''
  ) );
#762 = PCURVE('',#685,#763);
#763 = DEFINITIONAL_REPRESENTATION('',(#764),#768);
#764 = LINE('',#765,#766);
#765 = CARTESIAN_POINT('',(0.,17.));
#766 = VECTOR('',#767,1.);
#767 = DIRECTION('',(1.,0.));
#768 = ( GEOMETRIC_REPRESENTATION_CONTEXT(2) 
PARAMETRIC_REPRESENTATION_CONTEXT() REPRESENTATION_CONTEXT('2D SPACE',''
  ) );
#769 = FACE_BOUND('',#770,.T.);
#770 = EDGE_LOOP('',(#771));
#771 = ORIENTED_EDGE('',*,*,#772,.F.);
#772 = EDGE_CURVE('',#773,#773,#775,.T.);
#773 = VERTEX_POINT('',#774);
#774 = CARTESIAN_POINT('',(-30.3,-23.3,20.));
#775 = SURFACE_CURVE('',#776,(#781,#788),.PCURVE_S1.);
#776 = CIRCLE('',#777,2.);
#777 = AXIS2_PLACEMENT_3D('',#778,#779,#780);
#778 = CARTESIAN_POINT('',(-32.3,-23.3,20.));
#779 = DIRECTION('',(0.,0.,1.));
#780 = DIRECTION('',(1.,0.,-0.));
#781 = PCURVE('',#100,#782);
#782 = DEFINITIONAL_REPRESENTATION('',(#783),#787);
#783 = CIRCLE('',#784,2.);
#784 = AXIS2_PLACEMENT_2D('',#785,#786);
#785 = CARTESIAN_POINT('',(0.,0.));
#786 = DIRECTION('',(1.,0.));
#787 = ( GEOMETRIC_REPRESENTATION_CONTEXT(2) 
PARAMETRIC_REPRESENTATION_CONTEXT() REPRESENTATION_CONTEXT('2D SPACE',''
  ) );
#788 = PCURVE('',#789,#794);
#789 = CYLINDRICAL_SURFACE('',#790,2.);
#790 = AXIS2_PLACEMENT_3D('',#791,#792,#793);
#791 = CARTESIAN_POINT('',(-32.3,-23.3,14.5));
#792 = DIRECTION('',(0.,0.,1.));
#793 = DIRECTION('',(1.,0.,0.));
#794 = DEFINITIONAL_REPRESENTATION('',(#795),#799);
#795 = LINE('',#796,#797);
#796 = CARTESIAN_POINT('',(0.,5.5));
#797 = VECTOR('',#798,1.);
#798 = DIRECTION('',(1.,0.));
#799 = ( GEOMETRIC_REPRESENTATION_CONTEXT(2) 
PARAMETRIC_REPRESENTATION_CONTEXT() REPRESENTATION_CONTEXT('2D SPACE',''
  ) );
#800 = ADVANCED_FACE('',(#801,#1023),#129,.T.);
#801 = FACE_BOUND('',#802,.T.);
#802 = EDGE_LOOP('',(#803,#828,#851,#879,#907,#933,#959,#978,#979,#980,
    #981,#1002));
#803 = ORIENTED_EDGE('',*,*,#804,.F.);
#804 = EDGE_CURVE('',#805,#807,#809,.T.);
#805 = VERTEX_POINT('',#806);
#806 = CARTESIAN_POINT('',(-34.,-26.5,21.8));
#807 = VERTEX_POINT('',#808);
#808 = CARTESIAN_POINT('',(-34.,-26.5,3.));
#809 = SURFACE_CURVE('',#810,(#814,#821),.PCURVE_S1.);
#810 = LINE('',#811,#812);
#811 = CARTESIAN_POINT('',(-34.,-26.5,21.8));
#812 = VECTOR('',#813,1.);
#813 = DIRECTION('',(0.,0.,-1.));
#814 = PCURVE('',#129,#815);
#815 = DEFINITIONAL_REPRESENTATION('',(#816),#820);
#816 = LINE('',#817,#818);
#817 = CARTESIAN_POINT('',(0.,-1.8));
#818 = VECTOR('',#819,1.);
#819 = DIRECTION('',(0.,1.));
#820 = ( GEOMETRIC_REPRESENTATION_CONTEXT(2) 
PARAMETRIC_REPRESENTATION_CONTEXT() REPRESENTATION_CONTEXT('2D SPACE',''
  ) );
#821 = PCURVE('',#480,#822);
#822 = DEFINITIONAL_REPRESENTATION('',(#823),#827);
#823 = LINE('',#824,#825);
#824 = CARTESIAN_POINT('',(4.712388980385,-1.8));
#825 = VECTOR('',#826,1.);
#826 = DIRECTION('',(-0.,1.));
#827 = ( GEOMETRIC_REPRESENTATION_CONTEXT(2) 
PARAMETRIC_REPRESENTATION_CONTEXT() REPRESENTATION_CONTEXT('2D SPACE',''
  ) );
#828 = ORIENTED_EDGE('',*,*,#829,.T.);
#829 = EDGE_CURVE('',#805,#830,#832,.T.);
#830 = VERTEX_POINT('',#831);
#831 = CARTESIAN_POINT('',(34.,-26.5,21.8));
#832 = SURFACE_CURVE('',#833,(#837,#844),.PCURVE_S1.);
#833 = LINE('',#834,#835);
#834 = CARTESIAN_POINT('',(0.,-26.49999999999,21.8));
#835 = VECTOR('',#836,1.);
#836 = DIRECTION('',(1.,0.,0.));
#837 = PCURVE('',#129,#838);
#838 = DEFINITIONAL_REPRESENTATION('',(#839),#843);
#839 = LINE('',#840,#841);
#840 = CARTESIAN_POINT('',(34.,-1.8));
#841 = VECTOR('',#842,1.);
#842 = DIRECTION('',(1.,0.));
#843 = ( GEOMETRIC_REPRESENTATION_CONTEXT(2) 
PARAMETRIC_REPRESENTATION_CONTEXT() REPRESENTATION_CONTEXT('2D SPACE',''
  ) );
#844 = PCURVE('',#508,#845);
#845 = DEFINITIONAL_REPRESENTATION('',(#846),#850);
#846 = LINE('',#847,#848);
#847 = CARTESIAN_POINT('',(-1.40205875015E-17,-26.49999999846));
#848 = VECTOR('',#849,1.);
#849 = DIRECTION('',(1.,0.));
#850 = ( GEOMETRIC_REPRESENTATION_CONTEXT(2) 
PARAMETRIC_REPRESENTATION_CONTEXT() REPRESENTATION_CONTEXT('2D SPACE',''
  ) );
#851 = ORIENTED_EDGE('',*,*,#852,.T.);
#852 = EDGE_CURVE('',#830,#853,#855,.T.);
#853 = VERTEX_POINT('',#854);
#854 = CARTESIAN_POINT('',(34.,-26.5,3.));
#855 = SURFACE_CURVE('',#856,(#860,#867),.PCURVE_S1.);
#856 = LINE('',#857,#858);
#857 = CARTESIAN_POINT('',(34.,-26.5,21.8));
#858 = VECTOR('',#859,1.);
#859 = DIRECTION('',(0.,0.,-1.));
#860 = PCURVE('',#129,#861);
#861 = DEFINITIONAL_REPRESENTATION('',(#862),#866);
#862 = LINE('',#863,#864);
#863 = CARTESIAN_POINT('',(68.,-1.8));
#864 = VECTOR('',#865,1.);
#865 = DIRECTION('',(0.,1.));
#866 = ( GEOMETRIC_REPRESENTATION_CONTEXT(2) 
PARAMETRIC_REPRESENTATION_CONTEXT() REPRESENTATION_CONTEXT('2D SPACE',''
  ) );
#867 = PCURVE('',#868,#873);
#868 = CYLINDRICAL_SURFACE('',#869,1.5);
#869 = AXIS2_PLACEMENT_3D('',#870,#871,#872);
#870 = CARTESIAN_POINT('',(34.,-25.,20.));
#871 = DIRECTION('',(0.,0.,-1.));
#872 = DIRECTION('',(-1.,0.,0.));
#873 = DEFINITIONAL_REPRESENTATION('',(#874),#878);
#874 = LINE('',#875,#876);
#875 = CARTESIAN_POINT('',(4.712388980385,-1.8));
#876 = VECTOR('',#877,1.);
#877 = DIRECTION('',(-0.,1.));
#878 = ( GEOMETRIC_REPRESENTATION_CONTEXT(2) 
PARAMETRIC_REPRESENTATION_CONTEXT() REPRESENTATION_CONTEXT('2D SPACE',''
  ) );
#879 = ORIENTED_EDGE('',*,*,#880,.F.);
#880 = EDGE_CURVE('',#881,#853,#883,.T.);
#881 = VERTEX_POINT('',#882);
#882 = CARTESIAN_POINT('',(33.949242250253,-26.49999999999,3.));
#883 = SURFACE_CURVE('',#884,(#888,#895),.PCURVE_S1.);
#884 = LINE('',#885,#886);
#885 = CARTESIAN_POINT('',(0.,-26.49999999999,3.));
#886 = VECTOR('',#887,1.);
#887 = DIRECTION('',(1.,0.,0.));
#888 = PCURVE('',#129,#889);
#889 = DEFINITIONAL_REPRESENTATION('',(#890),#894);
#890 = LINE('',#891,#892);
#891 = CARTESIAN_POINT('',(34.,17.));
#892 = VECTOR('',#893,1.);
#893 = DIRECTION('',(1.,0.));
#894 = ( GEOMETRIC_REPRESENTATION_CONTEXT(2) 
PARAMETRIC_REPRESENTATION_CONTEXT() REPRESENTATION_CONTEXT('2D SPACE',''
  ) );
#895 = PCURVE('',#896,#901);
#896 = PLANE('',#897);
#897 = AXIS2_PLACEMENT_3D('',#898,#899,#900);
#898 = CARTESIAN_POINT('',(5.447973319327E-17,-1.254135693149E-09,3.));
#899 = DIRECTION('',(0.,0.,1.));
#900 = DIRECTION('',(1.,0.,0.));
#901 = DEFINITIONAL_REPRESENTATION('',(#902),#906);
#902 = LINE('',#903,#904);
#903 = CARTESIAN_POINT('',(-5.447973319327E-17,-26.49999999874));
#904 = VECTOR('',#905,1.);
#905 = DIRECTION('',(1.,0.));
#906 = ( GEOMETRIC_REPRESENTATION_CONTEXT(2) 
PARAMETRIC_REPRESENTATION_CONTEXT() REPRESENTATION_CONTEXT('2D SPACE',''
  ) );
#907 = ORIENTED_EDGE('',*,*,#908,.T.);
#908 = EDGE_CURVE('',#881,#909,#911,.T.);
#909 = VERTEX_POINT('',#910);
#910 = CARTESIAN_POINT('',(33.949242250253,-26.49999999999,20.));
#911 = SURFACE_CURVE('',#912,(#916,#922),.PCURVE_S1.);
#912 = LINE('',#913,#914);
#913 = CARTESIAN_POINT('',(33.949242250253,-26.49999999999,3.));
#914 = VECTOR('',#915,1.);
#915 = DIRECTION('',(0.,0.,1.));
#916 = PCURVE('',#129,#917);
#917 = DEFINITIONAL_REPRESENTATION('',(#918),#921);
#918 = B_SPLINE_CURVE_WITH_KNOTS('',1,(#919,#920),.UNSPECIFIED.,.F.,.F.,
  (2,2),(-5.999999999062E-07,17.0000006),.PIECEWISE_BEZIER_KNOTS.);
#919 = CARTESIAN_POINT('',(67.949242250253,17.0000006));
#920 = CARTESIAN_POINT('',(67.949242250253,-5.999999999062E-07));
#921 = ( GEOMETRIC_REPRESENTATION_CONTEXT(2) 
PARAMETRIC_REPRESENTATION_CONTEXT() REPRESENTATION_CONTEXT('2D SPACE',''
  ) );
#922 = PCURVE('',#923,#928);
#923 = CYLINDRICAL_SURFACE('',#924,3.6);
#924 = AXIS2_PLACEMENT_3D('',#925,#926,#927);
#925 = CARTESIAN_POINT('',(32.3,-23.3,3.));
#926 = DIRECTION('',(0.,0.,1.));
#927 = DIRECTION('',(1.,0.,0.));
#928 = DEFINITIONAL_REPRESENTATION('',(#929),#932);
#929 = B_SPLINE_CURVE_WITH_KNOTS('',1,(#930,#931),.UNSPECIFIED.,.F.,.F.,
  (2,2),(-5.999999999062E-07,17.0000006),.PIECEWISE_BEZIER_KNOTS.);
#930 = CARTESIAN_POINT('',(5.188271230047,-5.999999999062E-07));
#931 = CARTESIAN_POINT('',(5.188271230047,17.0000006));
#932 = ( GEOMETRIC_REPRESENTATION_CONTEXT(2) 
PARAMETRIC_REPRESENTATION_CONTEXT() REPRESENTATION_CONTEXT('2D SPACE',''
  ) );
#933 = ORIENTED_EDGE('',*,*,#934,.F.);
#934 = EDGE_CURVE('',#935,#909,#937,.T.);
#935 = VERTEX_POINT('',#936);
#936 = CARTESIAN_POINT('',(30.650757749747,-26.49999999999,20.));
#937 = SURFACE_CURVE('',#938,(#942,#948),.PCURVE_S1.);
#938 = LINE('',#939,#940);
#939 = CARTESIAN_POINT('',(-0.85,-26.49999999999,20.));
#940 = VECTOR('',#941,1.);
#941 = DIRECTION('',(1.,0.,0.));
#942 = PCURVE('',#129,#943);
#943 = DEFINITIONAL_REPRESENTATION('',(#944),#947);
#944 = B_SPLINE_CURVE_WITH_KNOTS('',1,(#945,#946),.UNSPECIFIED.,.F.,.F.,
  (2,2),(29.55,34.85),.PIECEWISE_BEZIER_KNOTS.);
#945 = CARTESIAN_POINT('',(62.7,0.));
#946 = CARTESIAN_POINT('',(68.,0.));
#947 = ( GEOMETRIC_REPRESENTATION_CONTEXT(2) 
PARAMETRIC_REPRESENTATION_CONTEXT() REPRESENTATION_CONTEXT('2D SPACE',''
  ) );
#948 = PCURVE('',#949,#954);
#949 = PLANE('',#950);
#950 = AXIS2_PLACEMENT_3D('',#951,#952,#953);
#951 = CARTESIAN_POINT('',(32.3,-23.3,20.));
#952 = DIRECTION('',(0.,0.,1.));
#953 = DIRECTION('',(1.,0.,0.));
#954 = DEFINITIONAL_REPRESENTATION('',(#955),#958);
#955 = B_SPLINE_CURVE_WITH_KNOTS('',1,(#956,#957),.UNSPECIFIED.,.F.,.F.,
  (2,2),(29.55,34.85),.PIECEWISE_BEZIER_KNOTS.);
#956 = CARTESIAN_POINT('',(-3.6,-3.199999999997));
#957 = CARTESIAN_POINT('',(1.7,-3.199999999997));
#958 = ( GEOMETRIC_REPRESENTATION_CONTEXT(2) 
PARAMETRIC_REPRESENTATION_CONTEXT() REPRESENTATION_CONTEXT('2D SPACE',''
  ) );
#959 = ORIENTED_EDGE('',*,*,#960,.F.);
#960 = EDGE_CURVE('',#145,#935,#961,.T.);
#961 = SURFACE_CURVE('',#962,(#966,#972),.PCURVE_S1.);
#962 = LINE('',#963,#964);
#963 = CARTESIAN_POINT('',(30.650757749747,-26.49999999999,3.));
#964 = VECTOR('',#965,1.);
#965 = DIRECTION('',(0.,0.,1.));
#966 = PCURVE('',#129,#967);
#967 = DEFINITIONAL_REPRESENTATION('',(#968),#971);
#968 = B_SPLINE_CURVE_WITH_KNOTS('',1,(#969,#970),.UNSPECIFIED.,.F.,.F.,
  (2,2),(-5.999999999062E-07,17.0000006),.PIECEWISE_BEZIER_KNOTS.);
#969 = CARTESIAN_POINT('',(64.650757749747,17.0000006));
#970 = CARTESIAN_POINT('',(64.650757749747,-5.999999999062E-07));
#971 = ( GEOMETRIC_REPRESENTATION_CONTEXT(2) 
PARAMETRIC_REPRESENTATION_CONTEXT() REPRESENTATION_CONTEXT('2D SPACE',''
  ) );
#972 = PCURVE('',#184,#973);
#973 = DEFINITIONAL_REPRESENTATION('',(#974),#977);
#974 = B_SPLINE_CURVE_WITH_KNOTS('',1,(#975,#976),.UNSPECIFIED.,.F.,.F.,
  (2,2),(-5.999999999062E-07,17.0000006),.PIECEWISE_BEZIER_KNOTS.);
#975 = CARTESIAN_POINT('',(4.236506730723,-5.999999999062E-07));
#976 = CARTESIAN_POINT('',(4.236506730723,17.0000006));
#977 = ( GEOMETRIC_REPRESENTATION_CONTEXT(2) 
PARAMETRIC_REPRESENTATION_CONTEXT() REPRESENTATION_CONTEXT('2D SPACE',''
  ) );
#978 = ORIENTED_EDGE('',*,*,#144,.F.);
#979 = ORIENTED_EDGE('',*,*,#116,.T.);
#980 = ORIENTED_EDGE('',*,*,#725,.F.);
#981 = ORIENTED_EDGE('',*,*,#982,.F.);
#982 = EDGE_CURVE('',#983,#726,#985,.T.);
#983 = VERTEX_POINT('',#984);
#984 = CARTESIAN_POINT('',(-33.94924225025,-26.49999999999,3.));
#985 = SURFACE_CURVE('',#986,(#990,#996),.PCURVE_S1.);
#986 = LINE('',#987,#988);
#987 = CARTESIAN_POINT('',(-33.94924225025,-26.49999999999,3.));
#988 = VECTOR('',#989,1.);
#989 = DIRECTION('',(0.,0.,1.));
#990 = PCURVE('',#129,#991);
#991 = DEFINITIONAL_REPRESENTATION('',(#992),#995);
#992 = B_SPLINE_CURVE_WITH_KNOTS('',1,(#993,#994),.UNSPECIFIED.,.F.,.F.,
  (2,2),(-5.999999999062E-07,17.0000006),.PIECEWISE_BEZIER_KNOTS.);
#993 = CARTESIAN_POINT('',(5.075774974732E-02,17.0000006));
#994 = CARTESIAN_POINT('',(5.075774974732E-02,-5.999999999062E-07));
#995 = ( GEOMETRIC_REPRESENTATION_CONTEXT(2) 
PARAMETRIC_REPRESENTATION_CONTEXT() REPRESENTATION_CONTEXT('2D SPACE',''
  ) );
#996 = PCURVE('',#685,#997);
#997 = DEFINITIONAL_REPRESENTATION('',(#998),#1001);
#998 = B_SPLINE_CURVE_WITH_KNOTS('',1,(#999,#1000),.UNSPECIFIED.,.F.,.F.
  ,(2,2),(-5.999999999062E-07,17.0000006),.PIECEWISE_BEZIER_KNOTS.);
#999 = CARTESIAN_POINT('',(4.236506730723,-5.999999999062E-07));
#1000 = CARTESIAN_POINT('',(4.236506730723,17.0000006));
#1001 = ( GEOMETRIC_REPRESENTATION_CONTEXT(2) 
PARAMETRIC_REPRESENTATION_CONTEXT() REPRESENTATION_CONTEXT('2D SPACE',''
  ) );
#1002 = ORIENTED_EDGE('',*,*,#1003,.F.);
#1003 = EDGE_CURVE('',#807,#983,#1004,.T.);
#1004 = SURFACE_CURVE('',#1005,(#1009,#1016),.PCURVE_S1.);
#1005 = LINE('',#1006,#1007);
#1006 = CARTESIAN_POINT('',(0.,-26.49999999999,3.));
#1007 = VECTOR('',#1008,1.);
#1008 = DIRECTION('',(1.,0.,0.));
#1009 = PCURVE('',#129,#1010);
#1010 = DEFINITIONAL_REPRESENTATION('',(#1011),#1015);
#1011 = LINE('',#1012,#1013);
#1012 = CARTESIAN_POINT('',(34.,17.));
#1013 = VECTOR('',#1014,1.);
#1014 = DIRECTION('',(1.,0.));
#1015 = ( GEOMETRIC_REPRESENTATION_CONTEXT(2) 
PARAMETRIC_REPRESENTATION_CONTEXT() REPRESENTATION_CONTEXT('2D SPACE',''
  ) );
#1016 = PCURVE('',#710,#1017);
#1017 = DEFINITIONAL_REPRESENTATION('',(#1018),#1022);
#1018 = LINE('',#1019,#1020);
#1019 = CARTESIAN_POINT('',(-5.447973319327E-17,-26.49999999874));
#1020 = VECTOR('',#1021,1.);
#1021 = DIRECTION('',(1.,0.));
#1022 = ( GEOMETRIC_REPRESENTATION_CONTEXT(2) 
PARAMETRIC_REPRESENTATION_CONTEXT() REPRESENTATION_CONTEXT('2D SPACE',''
  ) );
#1023 = FACE_BOUND('',#1024,.T.);
#1024 = EDGE_LOOP('',(#1025,#1053,#1079,#1105));
#1025 = ORIENTED_EDGE('',*,*,#1026,.F.);
#1026 = EDGE_CURVE('',#1027,#1029,#1031,.T.);
#1027 = VERTEX_POINT('',#1028);
#1028 = CARTESIAN_POINT('',(-23.5,-26.49999999999,15.));
#1029 = VERTEX_POINT('',#1030);
#1030 = CARTESIAN_POINT('',(-11.5,-26.49999999999,15.));
#1031 = SURFACE_CURVE('',#1032,(#1036,#1042),.PCURVE_S1.);
#1032 = LINE('',#1033,#1034);
#1033 = CARTESIAN_POINT('',(-28.75,-26.49999999999,15.));
#1034 = VECTOR('',#1035,1.);
#1035 = DIRECTION('',(1.,0.,0.));
#1036 = PCURVE('',#129,#1037);
#1037 = DEFINITIONAL_REPRESENTATION('',(#1038),#1041);
#1038 = B_SPLINE_CURVE_WITH_KNOTS('',1,(#1039,#1040),.UNSPECIFIED.,.F.,
  .F.,(2,2),(5.25,17.25),.PIECEWISE_BEZIER_KNOTS.);
#1039 = CARTESIAN_POINT('',(10.5,5.));
#1040 = CARTESIAN_POINT('',(22.5,5.));
#1041 = ( GEOMETRIC_REPRESENTATION_CONTEXT(2) 
PARAMETRIC_REPRESENTATION_CONTEXT() REPRESENTATION_CONTEXT('2D SPACE',''
  ) );
#1042 = PCURVE('',#1043,#1048);
#1043 = PLANE('',#1044);
#1044 = AXIS2_PLACEMENT_3D('',#1045,#1046,#1047);
#1045 = CARTESIAN_POINT('',(-23.5,-32.75,15.));
#1046 = DIRECTION('',(0.,0.,1.));
#1047 = DIRECTION('',(1.,0.,0.));
#1048 = DEFINITIONAL_REPRESENTATION('',(#1049),#1052);
#1049 = B_SPLINE_CURVE_WITH_KNOTS('',1,(#1050,#1051),.UNSPECIFIED.,.F.,
  .F.,(2,2),(5.25,17.25),.PIECEWISE_BEZIER_KNOTS.);
#1050 = CARTESIAN_POINT('',(0.,6.250000000003));
#1051 = CARTESIAN_POINT('',(12.,6.250000000003));
#1052 = ( GEOMETRIC_REPRESENTATION_CONTEXT(2) 
PARAMETRIC_REPRESENTATION_CONTEXT() REPRESENTATION_CONTEXT('2D SPACE',''
  ) );
#1053 = ORIENTED_EDGE('',*,*,#1054,.T.);
#1054 = EDGE_CURVE('',#1027,#1055,#1057,.T.);
#1055 = VERTEX_POINT('',#1056);
#1056 = CARTESIAN_POINT('',(-23.5,-26.49999999999,7.));
#1057 = SURFACE_CURVE('',#1058,(#1062,#1068),.PCURVE_S1.);
#1058 = LINE('',#1059,#1060);
#1059 = CARTESIAN_POINT('',(-23.5,-26.49999999999,13.5));
#1060 = VECTOR('',#1061,1.);
#1061 = DIRECTION('',(0.,0.,-1.));
#1062 = PCURVE('',#129,#1063);
#1063 = DEFINITIONAL_REPRESENTATION('',(#1064),#1067);
#1064 = B_SPLINE_CURVE_WITH_KNOTS('',1,(#1065,#1066),.UNSPECIFIED.,.F.,
  .F.,(2,2),(-1.5,6.5),.PIECEWISE_BEZIER_KNOTS.);
#1065 = CARTESIAN_POINT('',(10.5,5.));
#1066 = CARTESIAN_POINT('',(10.5,13.));
#1067 = ( GEOMETRIC_REPRESENTATION_CONTEXT(2) 
PARAMETRIC_REPRESENTATION_CONTEXT() REPRESENTATION_CONTEXT('2D SPACE',''
  ) );
#1068 = PCURVE('',#1069,#1074);
#1069 = PLANE('',#1070);
#1070 = AXIS2_PLACEMENT_3D('',#1071,#1072,#1073);
#1071 = CARTESIAN_POINT('',(-23.5,-32.75,7.));
#1072 = DIRECTION('',(1.,0.,0.));
#1073 = DIRECTION('',(0.,0.,1.));
#1074 = DEFINITIONAL_REPRESENTATION('',(#1075),#1078);
#1075 = B_SPLINE_CURVE_WITH_KNOTS('',1,(#1076,#1077),.UNSPECIFIED.,.F.,
  .F.,(2,2),(-1.5,6.5),.PIECEWISE_BEZIER_KNOTS.);
#1076 = CARTESIAN_POINT('',(8.,-6.250000000003));
#1077 = CARTESIAN_POINT('',(0.,-6.250000000003));
#1078 = ( GEOMETRIC_REPRESENTATION_CONTEXT(2) 
PARAMETRIC_REPRESENTATION_CONTEXT() REPRESENTATION_CONTEXT('2D SPACE',''
  ) );
#1079 = ORIENTED_EDGE('',*,*,#1080,.T.);
#1080 = EDGE_CURVE('',#1055,#1081,#1083,.T.);
#1081 = VERTEX_POINT('',#1082);
#1082 = CARTESIAN_POINT('',(-11.5,-26.49999999999,7.));
#1083 = SURFACE_CURVE('',#1084,(#1088,#1094),.PCURVE_S1.);
#1084 = LINE('',#1085,#1086);
#1085 = CARTESIAN_POINT('',(-28.75,-26.49999999999,7.));
#1086 = VECTOR('',#1087,1.);
#1087 = DIRECTION('',(1.,0.,0.));
#1088 = PCURVE('',#129,#1089);
#1089 = DEFINITIONAL_REPRESENTATION('',(#1090),#1093);
#1090 = B_SPLINE_CURVE_WITH_KNOTS('',1,(#1091,#1092),.UNSPECIFIED.,.F.,
  .F.,(2,2),(5.25,17.25),.PIECEWISE_BEZIER_KNOTS.);
#1091 = CARTESIAN_POINT('',(10.5,13.));
#1092 = CARTESIAN_POINT('',(22.5,13.));
#1093 = ( GEOMETRIC_REPRESENTATION_CONTEXT(2) 
PARAMETRIC_REPRESENTATION_CONTEXT() REPRESENTATION_CONTEXT('2D SPACE',''
  ) );
#1094 = PCURVE('',#1095,#1100);
#1095 = PLANE('',#1096);
#1096 = AXIS2_PLACEMENT_3D('',#1097,#1098,#1099);
#1097 = CARTESIAN_POINT('',(-23.5,-32.75,7.));
#1098 = DIRECTION('',(0.,0.,1.));
#1099 = DIRECTION('',(1.,0.,0.));
#1100 = DEFINITIONAL_REPRESENTATION('',(#1101),#1104);
#1101 = B_SPLINE_CURVE_WITH_KNOTS('',1,(#1102,#1103),.UNSPECIFIED.,.F.,
  .F.,(2,2),(5.25,17.25),.PIECEWISE_BEZIER_KNOTS.);
#1102 = CARTESIAN_POINT('',(0.,6.250000000003));
#1103 = CARTESIAN_POINT('',(12.,6.250000000003));
#1104 = ( GEOMETRIC_REPRESENTATION_CONTEXT(2) 
PARAMETRIC_REPRESENTATION_CONTEXT() REPRESENTATION_CONTEXT('2D SPACE',''
  ) );
#1105 = ORIENTED_EDGE('',*,*,#1106,.F.);
#1106 = EDGE_CURVE('',#1029,#1081,#1107,.T.);
#1107 = SURFACE_CURVE('',#1108,(#1112,#1118),.PCURVE_S1.);
#1108 = LINE('',#1109,#1110);
#1109 = CARTESIAN_POINT('',(-11.5,-26.49999999999,13.5));
#1110 = VECTOR('',#1111,1.);
#1111 = DIRECTION('',(0.,0.,-1.));
#1112 = PCURVE('',#129,#1113);
#1113 = DEFINITIONAL_REPRESENTATION('',(#1114),#1117);
#1114 = B_SPLINE_CURVE_WITH_KNOTS('',1,(#1115,#1116),.UNSPECIFIED.,.F.,
  .F.,(2,2),(-1.5,6.5),.PIECEWISE_BEZIER_KNOTS.);
#1115 = CARTESIAN_POINT('',(22.5,5.));
#1116 = CARTESIAN_POINT('',(22.5,13.));
#1117 = ( GEOMETRIC_REPRESENTATION_CONTEXT(2) 
PARAMETRIC_REPRESENTATION_CONTEXT() REPRESENTATION_CONTEXT('2D SPACE',''
  ) );
#1118 = PCURVE('',#1119,#1124);
#1119 = PLANE('',#1120);
#1120 = AXIS2_PLACEMENT_3D('',#1121,#1122,#1123);
#1121 = CARTESIAN_POINT('',(-11.5,-32.75,7.));
#1122 = DIRECTION('',(1.,0.,0.));
#1123 = DIRECTION('',(0.,0.,1.));
#1124 = DEFINITIONAL_REPRESENTATION('',(#1125),#1128);
#1125 = B_SPLINE_CURVE_WITH_KNOTS('',1,(#1126,#1127),.UNSPECIFIED.,.F.,
  .F.,(2,2),(-1.5,6.5),.PIECEWISE_BEZIER_KNOTS.);
#1126 = CARTESIAN_POINT('',(8.,-6.250000000003));
#1127 = CARTESIAN_POINT('',(0.,-6.250000000003));
#1128 = ( GEOMETRIC_REPRESENTATION_CONTEXT(2) 
PARAMETRIC_REPRESENTATION_CONTEXT() REPRESENTATION_CONTEXT('2D SPACE',''
  ) );
#1129 = ADVANCED_FACE('',(#1130),#184,.T.);
#1130 = FACE_BOUND('',#1131,.T.);
#1131 = EDGE_LOOP('',(#1132,#1156,#1175,#1176));
#1132 = ORIENTED_EDGE('',*,*,#1133,.F.);
#1133 = EDGE_CURVE('',#1134,#935,#1136,.T.);
#1134 = VERTEX_POINT('',#1135);
#1135 = CARTESIAN_POINT('',(35.5,-21.65075774975,20.));
#1136 = SURFACE_CURVE('',#1137,(#1142,#1149),.PCURVE_S1.);
#1137 = CIRCLE('',#1138,3.6);
#1138 = AXIS2_PLACEMENT_3D('',#1139,#1140,#1141);
#1139 = CARTESIAN_POINT('',(32.3,-23.3,20.));
#1140 = DIRECTION('',(0.,0.,1.));
#1141 = DIRECTION('',(1.,0.,0.));
#1142 = PCURVE('',#184,#1143);
#1143 = DEFINITIONAL_REPRESENTATION('',(#1144),#1148);
#1144 = LINE('',#1145,#1146);
#1145 = CARTESIAN_POINT('',(0.,17.));
#1146 = VECTOR('',#1147,1.);
#1147 = DIRECTION('',(1.,0.));
#1148 = ( GEOMETRIC_REPRESENTATION_CONTEXT(2) 
PARAMETRIC_REPRESENTATION_CONTEXT() REPRESENTATION_CONTEXT('2D SPACE',''
  ) );
#1149 = PCURVE('',#949,#1150);
#1150 = DEFINITIONAL_REPRESENTATION('',(#1151),#1155);
#1151 = CIRCLE('',#1152,3.6);
#1152 = AXIS2_PLACEMENT_2D('',#1153,#1154);
#1153 = CARTESIAN_POINT('',(0.,0.));
#1154 = DIRECTION('',(1.,0.));
#1155 = ( GEOMETRIC_REPRESENTATION_CONTEXT(2) 
PARAMETRIC_REPRESENTATION_CONTEXT() REPRESENTATION_CONTEXT('2D SPACE',''
  ) );
#1156 = ORIENTED_EDGE('',*,*,#1157,.F.);
#1157 = EDGE_CURVE('',#168,#1134,#1158,.T.);
#1158 = SURFACE_CURVE('',#1159,(#1163,#1169),.PCURVE_S1.);
#1159 = LINE('',#1160,#1161);
#1160 = CARTESIAN_POINT('',(35.5,-21.65075774975,3.));
#1161 = VECTOR('',#1162,1.);
#1162 = DIRECTION('',(0.,0.,1.));
#1163 = PCURVE('',#184,#1164);
#1164 = DEFINITIONAL_REPRESENTATION('',(#1165),#1168);
#1165 = B_SPLINE_CURVE_WITH_KNOTS('',1,(#1166,#1167),.UNSPECIFIED.,.F.,
  .F.,(2,2),(-5.999999999062E-07,17.0000006),.PIECEWISE_BEZIER_KNOTS.);
#1166 = CARTESIAN_POINT('',(0.47588224966,-5.999999999062E-07));
#1167 = CARTESIAN_POINT('',(0.47588224966,17.0000006));
#1168 = ( GEOMETRIC_REPRESENTATION_CONTEXT(2) 
PARAMETRIC_REPRESENTATION_CONTEXT() REPRESENTATION_CONTEXT('2D SPACE',''
  ) );
#1169 = PCURVE('',#212,#1170);
#1170 = DEFINITIONAL_REPRESENTATION('',(#1171),#1174);
#1171 = B_SPLINE_CURVE_WITH_KNOTS('',1,(#1172,#1173),.UNSPECIFIED.,.F.,
  .F.,(2,2),(-5.999999999062E-07,17.0000006),.PIECEWISE_BEZIER_KNOTS.);
#1172 = CARTESIAN_POINT('',(3.34924225025,17.0000006));
#1173 = CARTESIAN_POINT('',(3.34924225025,-5.999999999062E-07));
#1174 = ( GEOMETRIC_REPRESENTATION_CONTEXT(2) 
PARAMETRIC_REPRESENTATION_CONTEXT() REPRESENTATION_CONTEXT('2D SPACE',''
  ) );
#1175 = ORIENTED_EDGE('',*,*,#167,.T.);
#1176 = ORIENTED_EDGE('',*,*,#960,.T.);
#1177 = ADVANCED_FACE('',(#1178),#302,.T.);
#1178 = FACE_BOUND('',#1179,.T.);
#1179 = EDGE_LOOP('',(#1180,#1181,#1202,#1228));
#1180 = ORIENTED_EDGE('',*,*,#281,.F.);
#1181 = ORIENTED_EDGE('',*,*,#1182,.T.);
#1182 = EDGE_CURVE('',#254,#1183,#1185,.T.);
#1183 = VERTEX_POINT('',#1184);
#1184 = CARTESIAN_POINT('',(-30.65075774975,26.500000000003,20.));
#1185 = SURFACE_CURVE('',#1186,(#1190,#1196),.PCURVE_S1.);
#1186 = LINE('',#1187,#1188);
#1187 = CARTESIAN_POINT('',(-30.65075774975,26.500000000003,3.));
#1188 = VECTOR('',#1189,1.);
#1189 = DIRECTION('',(0.,0.,1.));
#1190 = PCURVE('',#302,#1191);
#1191 = DEFINITIONAL_REPRESENTATION('',(#1192),#1195);
#1192 = B_SPLINE_CURVE_WITH_KNOTS('',1,(#1193,#1194),.UNSPECIFIED.,.F.,
  .F.,(2,2),(0.,17.),.PIECEWISE_BEZIER_KNOTS.);
#1193 = CARTESIAN_POINT('',(7.378099384316,0.));
#1194 = CARTESIAN_POINT('',(7.378099384316,17.));
#1195 = ( GEOMETRIC_REPRESENTATION_CONTEXT(2) 
PARAMETRIC_REPRESENTATION_CONTEXT() REPRESENTATION_CONTEXT('2D SPACE',''
  ) );
#1196 = PCURVE('',#269,#1197);
#1197 = DEFINITIONAL_REPRESENTATION('',(#1198),#1201);
#1198 = B_SPLINE_CURVE_WITH_KNOTS('',1,(#1199,#1200),.UNSPECIFIED.,.F.,
  .F.,(2,2),(-5.999999999062E-07,17.0000006),.PIECEWISE_BEZIER_KNOTS.);
#1199 = CARTESIAN_POINT('',(3.349242250241,17.0000006));
#1200 = CARTESIAN_POINT('',(3.349242250241,-5.999999999062E-07));
#1201 = ( GEOMETRIC_REPRESENTATION_CONTEXT(2) 
PARAMETRIC_REPRESENTATION_CONTEXT() REPRESENTATION_CONTEXT('2D SPACE',''
  ) );
#1202 = ORIENTED_EDGE('',*,*,#1203,.T.);
#1203 = EDGE_CURVE('',#1183,#603,#1204,.T.);
#1204 = SURFACE_CURVE('',#1205,(#1210,#1217),.PCURVE_S1.);
#1205 = CIRCLE('',#1206,3.6);
#1206 = AXIS2_PLACEMENT_3D('',#1207,#1208,#1209);
#1207 = CARTESIAN_POINT('',(-32.3,23.3,20.));
#1208 = DIRECTION('',(0.,0.,-1.));
#1209 = DIRECTION('',(0.458122847289,0.88888888889,0.));
#1210 = PCURVE('',#302,#1211);
#1211 = DEFINITIONAL_REPRESENTATION('',(#1212),#1216);
#1212 = LINE('',#1213,#1214);
#1213 = CARTESIAN_POINT('',(7.378099384316,17.));
#1214 = VECTOR('',#1215,1.);
#1215 = DIRECTION('',(-1.,-0.));
#1216 = ( GEOMETRIC_REPRESENTATION_CONTEXT(2) 
PARAMETRIC_REPRESENTATION_CONTEXT() REPRESENTATION_CONTEXT('2D SPACE',''
  ) );
#1217 = PCURVE('',#617,#1218);
#1218 = DEFINITIONAL_REPRESENTATION('',(#1219),#1227);
#1219 = ( BOUNDED_CURVE() B_SPLINE_CURVE(2,(#1220,#1221,#1222,#1223,
#1224,#1225,#1226),.UNSPECIFIED.,.T.,.F.) B_SPLINE_CURVE_WITH_KNOTS((1,2
    ,2,2,2,1),(-2.094395102393,0.,2.094395102393,4.188790204786,
6.28318530718,8.377580409573),.UNSPECIFIED.) CURVE() 
GEOMETRIC_REPRESENTATION_ITEM() RATIONAL_B_SPLINE_CURVE((1.,0.5,1.,0.5,
1.,0.5,1.)) REPRESENTATION_ITEM('') );
#1220 = CARTESIAN_POINT('',(1.649242250241,3.200000000003));
#1221 = CARTESIAN_POINT('',(7.191804834467,0.343428628595));
#1222 = CARTESIAN_POINT('',(1.946660166992,-3.028285685705));
#1223 = CARTESIAN_POINT('',(-3.298484500483,-6.400000000006));
#1224 = CARTESIAN_POINT('',(-3.595902417233,-0.171714314298));
#1225 = CARTESIAN_POINT('',(-3.893320333984,6.05657137141));
#1226 = CARTESIAN_POINT('',(1.649242250241,3.200000000003));
#1227 = ( GEOMETRIC_REPRESENTATION_CONTEXT(2) 
PARAMETRIC_REPRESENTATION_CONTEXT() REPRESENTATION_CONTEXT('2D SPACE',''
  ) );
#1228 = ORIENTED_EDGE('',*,*,#628,.F.);
#1229 = ADVANCED_FACE('',(#1230),#212,.T.);
#1230 = FACE_BOUND('',#1231,.T.);
#1231 = EDGE_LOOP('',(#1232,#1257,#1280,#1308,#1336,#1362,#1388,#1407,
    #1408,#1409,#1430,#1451));
#1232 = ORIENTED_EDGE('',*,*,#1233,.F.);
#1233 = EDGE_CURVE('',#1234,#1236,#1238,.T.);
#1234 = VERTEX_POINT('',#1235);
#1235 = CARTESIAN_POINT('',(35.5,-25.,21.8));
#1236 = VERTEX_POINT('',#1237);
#1237 = CARTESIAN_POINT('',(35.5,-25.,3.));
#1238 = SURFACE_CURVE('',#1239,(#1243,#1250),.PCURVE_S1.);
#1239 = LINE('',#1240,#1241);
#1240 = CARTESIAN_POINT('',(35.5,-25.,21.8));
#1241 = VECTOR('',#1242,1.);
#1242 = DIRECTION('',(0.,0.,-1.));
#1243 = PCURVE('',#212,#1244);
#1244 = DEFINITIONAL_REPRESENTATION('',(#1245),#1249);
#1245 = LINE('',#1246,#1247);
#1246 = CARTESIAN_POINT('',(0.,-1.8));
#1247 = VECTOR('',#1248,1.);
#1248 = DIRECTION('',(0.,1.));
#1249 = ( GEOMETRIC_REPRESENTATION_CONTEXT(2) 
PARAMETRIC_REPRESENTATION_CONTEXT() REPRESENTATION_CONTEXT('2D SPACE',''
  ) );
#1250 = PCURVE('',#868,#1251);
#1251 = DEFINITIONAL_REPRESENTATION('',(#1252),#1256);
#1252 = LINE('',#1253,#1254);
#1253 = CARTESIAN_POINT('',(3.14159265359,-1.8));
#1254 = VECTOR('',#1255,1.);
#1255 = DIRECTION('',(-0.,1.));
#1256 = ( GEOMETRIC_REPRESENTATION_CONTEXT(2) 
PARAMETRIC_REPRESENTATION_CONTEXT() REPRESENTATION_CONTEXT('2D SPACE',''
  ) );
#1257 = ORIENTED_EDGE('',*,*,#1258,.T.);
#1258 = EDGE_CURVE('',#1234,#1259,#1261,.T.);
#1259 = VERTEX_POINT('',#1260);
#1260 = CARTESIAN_POINT('',(35.5,24.999999998274,21.8));
#1261 = SURFACE_CURVE('',#1262,(#1266,#1273),.PCURVE_S1.);
#1262 = LINE('',#1263,#1264);
#1263 = CARTESIAN_POINT('',(35.5,2.895461648222E-12,21.8));
#1264 = VECTOR('',#1265,1.);
#1265 = DIRECTION('',(0.,1.,0.));
#1266 = PCURVE('',#212,#1267);
#1267 = DEFINITIONAL_REPRESENTATION('',(#1268),#1272);
#1268 = LINE('',#1269,#1270);
#1269 = CARTESIAN_POINT('',(25.000000000006,-1.8));
#1270 = VECTOR('',#1271,1.);
#1271 = DIRECTION('',(1.,0.));
#1272 = ( GEOMETRIC_REPRESENTATION_CONTEXT(2) 
PARAMETRIC_REPRESENTATION_CONTEXT() REPRESENTATION_CONTEXT('2D SPACE',''
  ) );
#1273 = PCURVE('',#508,#1274);
#1274 = DEFINITIONAL_REPRESENTATION('',(#1275),#1279);
#1275 = LINE('',#1276,#1277);
#1276 = CARTESIAN_POINT('',(35.5,1.535916345594E-09));
#1277 = VECTOR('',#1278,1.);
#1278 = DIRECTION('',(0.,1.));
#1279 = ( GEOMETRIC_REPRESENTATION_CONTEXT(2) 
PARAMETRIC_REPRESENTATION_CONTEXT() REPRESENTATION_CONTEXT('2D SPACE',''
  ) );
#1280 = ORIENTED_EDGE('',*,*,#1281,.T.);
#1281 = EDGE_CURVE('',#1259,#1282,#1284,.T.);
#1282 = VERTEX_POINT('',#1283);
#1283 = CARTESIAN_POINT('',(35.5,24.999999998274,3.));
#1284 = SURFACE_CURVE('',#1285,(#1289,#1296),.PCURVE_S1.);
#1285 = LINE('',#1286,#1287);
#1286 = CARTESIAN_POINT('',(35.5,24.999999998274,21.8));
#1287 = VECTOR('',#1288,1.);
#1288 = DIRECTION('',(0.,0.,-1.));
#1289 = PCURVE('',#212,#1290);
#1290 = DEFINITIONAL_REPRESENTATION('',(#1291),#1295);
#1291 = LINE('',#1292,#1293);
#1292 = CARTESIAN_POINT('',(49.999999998277,-1.8));
#1293 = VECTOR('',#1294,1.);
#1294 = DIRECTION('',(0.,1.));
#1295 = ( GEOMETRIC_REPRESENTATION_CONTEXT(2) 
PARAMETRIC_REPRESENTATION_CONTEXT() REPRESENTATION_CONTEXT('2D SPACE',''
  ) );
#1296 = PCURVE('',#1297,#1302);
#1297 = CYLINDRICAL_SURFACE('',#1298,1.5);
#1298 = AXIS2_PLACEMENT_3D('',#1299,#1300,#1301);
#1299 = CARTESIAN_POINT('',(34.,24.999999998274,20.));
#1300 = DIRECTION('',(0.,0.,-1.));
#1301 = DIRECTION('',(-1.,0.,0.));
#1302 = DEFINITIONAL_REPRESENTATION('',(#1303),#1307);
#1303 = LINE('',#1304,#1305);
#1304 = CARTESIAN_POINT('',(3.14159265359,-1.8));
#1305 = VECTOR('',#1306,1.);
#1306 = DIRECTION('',(-0.,1.));
#1307 = ( GEOMETRIC_REPRESENTATION_CONTEXT(2) 
PARAMETRIC_REPRESENTATION_CONTEXT() REPRESENTATION_CONTEXT('2D SPACE',''
  ) );
#1308 = ORIENTED_EDGE('',*,*,#1309,.F.);
#1309 = EDGE_CURVE('',#1310,#1282,#1312,.T.);
#1310 = VERTEX_POINT('',#1311);
#1311 = CARTESIAN_POINT('',(35.5,24.949242250247,3.));
#1312 = SURFACE_CURVE('',#1313,(#1317,#1324),.PCURVE_S1.);
#1313 = LINE('',#1314,#1315);
#1314 = CARTESIAN_POINT('',(35.5,2.895461648222E-12,3.));
#1315 = VECTOR('',#1316,1.);
#1316 = DIRECTION('',(0.,1.,0.));
#1317 = PCURVE('',#212,#1318);
#1318 = DEFINITIONAL_REPRESENTATION('',(#1319),#1323);
#1319 = LINE('',#1320,#1321);
#1320 = CARTESIAN_POINT('',(25.000000000006,17.));
#1321 = VECTOR('',#1322,1.);
#1322 = DIRECTION('',(1.,0.));
#1323 = ( GEOMETRIC_REPRESENTATION_CONTEXT(2) 
PARAMETRIC_REPRESENTATION_CONTEXT() REPRESENTATION_CONTEXT('2D SPACE',''
  ) );
#1324 = PCURVE('',#1325,#1330);
#1325 = PLANE('',#1326);
#1326 = AXIS2_PLACEMENT_3D('',#1327,#1328,#1329);
#1327 = CARTESIAN_POINT('',(5.447973319327E-17,-1.254135693149E-09,3.));
#1328 = DIRECTION('',(0.,0.,1.));
#1329 = DIRECTION('',(1.,0.,0.));
#1330 = DEFINITIONAL_REPRESENTATION('',(#1331),#1335);
#1331 = LINE('',#1332,#1333);
#1332 = CARTESIAN_POINT('',(35.5,1.257031154798E-09));
#1333 = VECTOR('',#1334,1.);
#1334 = DIRECTION('',(0.,1.));
#1335 = ( GEOMETRIC_REPRESENTATION_CONTEXT(2) 
PARAMETRIC_REPRESENTATION_CONTEXT() REPRESENTATION_CONTEXT('2D SPACE',''
  ) );
#1336 = ORIENTED_EDGE('',*,*,#1337,.T.);
#1337 = EDGE_CURVE('',#1310,#1338,#1340,.T.);
#1338 = VERTEX_POINT('',#1339);
#1339 = CARTESIAN_POINT('',(35.5,24.949242250247,20.));
#1340 = SURFACE_CURVE('',#1341,(#1345,#1351),.PCURVE_S1.);
#1341 = LINE('',#1342,#1343);
#1342 = CARTESIAN_POINT('',(35.5,24.949242250247,3.));
#1343 = VECTOR('',#1344,1.);
#1344 = DIRECTION('',(0.,0.,1.));
#1345 = PCURVE('',#212,#1346);
#1346 = DEFINITIONAL_REPRESENTATION('',(#1347),#1350);
#1347 = B_SPLINE_CURVE_WITH_KNOTS('',1,(#1348,#1349),.UNSPECIFIED.,.F.,
  .F.,(2,2),(-5.999999999062E-07,17.0000006),.PIECEWISE_BEZIER_KNOTS.);
#1348 = CARTESIAN_POINT('',(49.94924225025,17.0000006));
#1349 = CARTESIAN_POINT('',(49.94924225025,-5.999999999062E-07));
#1350 = ( GEOMETRIC_REPRESENTATION_CONTEXT(2) 
PARAMETRIC_REPRESENTATION_CONTEXT() REPRESENTATION_CONTEXT('2D SPACE',''
  ) );
#1351 = PCURVE('',#1352,#1357);
#1352 = CYLINDRICAL_SURFACE('',#1353,3.6);
#1353 = AXIS2_PLACEMENT_3D('',#1354,#1355,#1356);
#1354 = CARTESIAN_POINT('',(32.3,23.3,3.));
#1355 = DIRECTION('',(0.,0.,1.));
#1356 = DIRECTION('',(1.,0.,0.));
#1357 = DEFINITIONAL_REPRESENTATION('',(#1358),#1361);
#1358 = B_SPLINE_CURVE_WITH_KNOTS('',1,(#1359,#1360),.UNSPECIFIED.,.F.,
  .F.,(2,2),(-5.999999999062E-07,17.0000006),.PIECEWISE_BEZIER_KNOTS.);
#1359 = CARTESIAN_POINT('',(0.47588224966,-5.999999999062E-07));
#1360 = CARTESIAN_POINT('',(0.47588224966,17.0000006));
#1361 = ( GEOMETRIC_REPRESENTATION_CONTEXT(2) 
PARAMETRIC_REPRESENTATION_CONTEXT() REPRESENTATION_CONTEXT('2D SPACE',''
  ) );
#1362 = ORIENTED_EDGE('',*,*,#1363,.F.);
#1363 = EDGE_CURVE('',#1364,#1338,#1366,.T.);
#1364 = VERTEX_POINT('',#1365);
#1365 = CARTESIAN_POINT('',(35.5,21.650757749753,20.));
#1366 = SURFACE_CURVE('',#1367,(#1371,#1377),.PCURVE_S1.);
#1367 = LINE('',#1368,#1369);
#1368 = CARTESIAN_POINT('',(35.5,-0.850000000001,20.));
#1369 = VECTOR('',#1370,1.);
#1370 = DIRECTION('',(0.,1.,-0.));
#1371 = PCURVE('',#212,#1372);
#1372 = DEFINITIONAL_REPRESENTATION('',(#1373),#1376);
#1373 = B_SPLINE_CURVE_WITH_KNOTS('',1,(#1374,#1375),.UNSPECIFIED.,.F.,
  .F.,(2,2),(20.550000000001,25.849999998276),.PIECEWISE_BEZIER_KNOTS.);
#1374 = CARTESIAN_POINT('',(44.700000000003,0.));
#1375 = CARTESIAN_POINT('',(49.999999998277,0.));
#1376 = ( GEOMETRIC_REPRESENTATION_CONTEXT(2) 
PARAMETRIC_REPRESENTATION_CONTEXT() REPRESENTATION_CONTEXT('2D SPACE',''
  ) );
#1377 = PCURVE('',#1378,#1383);
#1378 = PLANE('',#1379);
#1379 = AXIS2_PLACEMENT_3D('',#1380,#1381,#1382);
#1380 = CARTESIAN_POINT('',(32.3,23.3,20.));
#1381 = DIRECTION('',(0.,0.,1.));
#1382 = DIRECTION('',(1.,0.,0.));
#1383 = DEFINITIONAL_REPRESENTATION('',(#1384),#1387);
#1384 = B_SPLINE_CURVE_WITH_KNOTS('',1,(#1385,#1386),.UNSPECIFIED.,.F.,
  .F.,(2,2),(20.550000000001,25.849999998276),.PIECEWISE_BEZIER_KNOTS.);
#1385 = CARTESIAN_POINT('',(3.2,-3.6));
#1386 = CARTESIAN_POINT('',(3.2,1.699999998274));
#1387 = ( GEOMETRIC_REPRESENTATION_CONTEXT(2) 
PARAMETRIC_REPRESENTATION_CONTEXT() REPRESENTATION_CONTEXT('2D SPACE',''
  ) );
#1388 = ORIENTED_EDGE('',*,*,#1389,.F.);
#1389 = EDGE_CURVE('',#197,#1364,#1390,.T.);
#1390 = SURFACE_CURVE('',#1391,(#1395,#1401),.PCURVE_S1.);
#1391 = LINE('',#1392,#1393);
#1392 = CARTESIAN_POINT('',(35.5,21.650757749753,3.));
#1393 = VECTOR('',#1394,1.);
#1394 = DIRECTION('',(0.,0.,1.));
#1395 = PCURVE('',#212,#1396);
#1396 = DEFINITIONAL_REPRESENTATION('',(#1397),#1400);
#1397 = B_SPLINE_CURVE_WITH_KNOTS('',1,(#1398,#1399),.UNSPECIFIED.,.F.,
  .F.,(2,2),(-5.999999999062E-07,17.0000006),.PIECEWISE_BEZIER_KNOTS.);
#1398 = CARTESIAN_POINT('',(46.650757749756,17.0000006));
#1399 = CARTESIAN_POINT('',(46.650757749756,-5.999999999062E-07));
#1400 = ( GEOMETRIC_REPRESENTATION_CONTEXT(2) 
PARAMETRIC_REPRESENTATION_CONTEXT() REPRESENTATION_CONTEXT('2D SPACE',''
  ) );
#1401 = PCURVE('',#241,#1402);
#1402 = DEFINITIONAL_REPRESENTATION('',(#1403),#1406);
#1403 = B_SPLINE_CURVE_WITH_KNOTS('',1,(#1404,#1405),.UNSPECIFIED.,.F.,
  .F.,(2,2),(-5.999999999062E-07,17.0000006),.PIECEWISE_BEZIER_KNOTS.);
#1404 = CARTESIAN_POINT('',(5.807303057519,-5.999999999062E-07));
#1405 = CARTESIAN_POINT('',(5.807303057519,17.0000006));
#1406 = ( GEOMETRIC_REPRESENTATION_CONTEXT(2) 
PARAMETRIC_REPRESENTATION_CONTEXT() REPRESENTATION_CONTEXT('2D SPACE',''
  ) );
#1407 = ORIENTED_EDGE('',*,*,#196,.F.);
#1408 = ORIENTED_EDGE('',*,*,#1157,.T.);
#1409 = ORIENTED_EDGE('',*,*,#1410,.F.);
#1410 = EDGE_CURVE('',#1411,#1134,#1413,.T.);
#1411 = VERTEX_POINT('',#1412);
#1412 = CARTESIAN_POINT('',(35.5,-24.94924225024,20.));
#1413 = SURFACE_CURVE('',#1414,(#1418,#1424),.PCURVE_S1.);
#1414 = LINE('',#1415,#1416);
#1415 = CARTESIAN_POINT('',(35.5,-24.15,20.));
#1416 = VECTOR('',#1417,1.);
#1417 = DIRECTION('',(0.,1.,-0.));
#1418 = PCURVE('',#212,#1419);
#1419 = DEFINITIONAL_REPRESENTATION('',(#1420),#1423);
#1420 = B_SPLINE_CURVE_WITH_KNOTS('',1,(#1421,#1422),.UNSPECIFIED.,.F.,
  .F.,(2,2),(-0.850000000001,4.450000000001),.PIECEWISE_BEZIER_KNOTS.);
#1421 = CARTESIAN_POINT('',(0.,0.));
#1422 = CARTESIAN_POINT('',(5.300000000003,0.));
#1423 = ( GEOMETRIC_REPRESENTATION_CONTEXT(2) 
PARAMETRIC_REPRESENTATION_CONTEXT() REPRESENTATION_CONTEXT('2D SPACE',''
  ) );
#1424 = PCURVE('',#949,#1425);
#1425 = DEFINITIONAL_REPRESENTATION('',(#1426),#1429);
#1426 = B_SPLINE_CURVE_WITH_KNOTS('',1,(#1427,#1428),.UNSPECIFIED.,.F.,
  .F.,(2,2),(-0.850000000001,4.450000000001),.PIECEWISE_BEZIER_KNOTS.);
#1427 = CARTESIAN_POINT('',(3.2,-1.700000000003));
#1428 = CARTESIAN_POINT('',(3.2,3.6));
#1429 = ( GEOMETRIC_REPRESENTATION_CONTEXT(2) 
PARAMETRIC_REPRESENTATION_CONTEXT() REPRESENTATION_CONTEXT('2D SPACE',''
  ) );
#1430 = ORIENTED_EDGE('',*,*,#1431,.F.);
#1431 = EDGE_CURVE('',#1432,#1411,#1434,.T.);
#1432 = VERTEX_POINT('',#1433);
#1433 = CARTESIAN_POINT('',(35.5,-24.94924225024,3.));
#1434 = SURFACE_CURVE('',#1435,(#1439,#1445),.PCURVE_S1.);
#1435 = LINE('',#1436,#1437);
#1436 = CARTESIAN_POINT('',(35.5,-24.94924225024,3.));
#1437 = VECTOR('',#1438,1.);
#1438 = DIRECTION('',(0.,0.,1.));
#1439 = PCURVE('',#212,#1440);
#1440 = DEFINITIONAL_REPRESENTATION('',(#1441),#1444);
#1441 = B_SPLINE_CURVE_WITH_KNOTS('',1,(#1442,#1443),.UNSPECIFIED.,.F.,
  .F.,(2,2),(-5.999999999062E-07,17.0000006),.PIECEWISE_BEZIER_KNOTS.);
#1442 = CARTESIAN_POINT('',(5.075774975584E-02,17.0000006));
#1443 = CARTESIAN_POINT('',(5.075774975584E-02,-5.999999999062E-07));
#1444 = ( GEOMETRIC_REPRESENTATION_CONTEXT(2) 
PARAMETRIC_REPRESENTATION_CONTEXT() REPRESENTATION_CONTEXT('2D SPACE',''
  ) );
#1445 = PCURVE('',#923,#1446);
#1446 = DEFINITIONAL_REPRESENTATION('',(#1447),#1450);
#1447 = B_SPLINE_CURVE_WITH_KNOTS('',1,(#1448,#1449),.UNSPECIFIED.,.F.,
  .F.,(2,2),(-5.999999999062E-07,17.0000006),.PIECEWISE_BEZIER_KNOTS.);
#1448 = CARTESIAN_POINT('',(5.807303057519,-5.999999999062E-07));
#1449 = CARTESIAN_POINT('',(5.807303057519,17.0000006));
#1450 = ( GEOMETRIC_REPRESENTATION_CONTEXT(2) 
PARAMETRIC_REPRESENTATION_CONTEXT() REPRESENTATION_CONTEXT('2D SPACE',''
  ) );
#1451 = ORIENTED_EDGE('',*,*,#1452,.F.);
#1452 = EDGE_CURVE('',#1236,#1432,#1453,.T.);
#1453 = SURFACE_CURVE('',#1454,(#1458,#1465),.PCURVE_S1.);
#1454 = LINE('',#1455,#1456);
#1455 = CARTESIAN_POINT('',(35.5,2.895461648222E-12,3.));
#1456 = VECTOR('',#1457,1.);
#1457 = DIRECTION('',(0.,1.,0.));
#1458 = PCURVE('',#212,#1459);
#1459 = DEFINITIONAL_REPRESENTATION('',(#1460),#1464);
#1460 = LINE('',#1461,#1462);
#1461 = CARTESIAN_POINT('',(25.000000000006,17.));
#1462 = VECTOR('',#1463,1.);
#1463 = DIRECTION('',(1.,0.));
#1464 = ( GEOMETRIC_REPRESENTATION_CONTEXT(2) 
PARAMETRIC_REPRESENTATION_CONTEXT() REPRESENTATION_CONTEXT('2D SPACE',''
  ) );
#1465 = PCURVE('',#896,#1466);
#1466 = DEFINITIONAL_REPRESENTATION('',(#1467),#1471);
#1467 = LINE('',#1468,#1469);
#1468 = CARTESIAN_POINT('',(35.5,1.257031154798E-09));
#1469 = VECTOR('',#1470,1.);
#1470 = DIRECTION('',(0.,1.));
#1471 = ( GEOMETRIC_REPRESENTATION_CONTEXT(2) 
PARAMETRIC_REPRESENTATION_CONTEXT() REPRESENTATION_CONTEXT('2D SPACE',''
  ) );
#1472 = ADVANCED_FACE('',(#1473,#1695),#269,.F.);
#1473 = FACE_BOUND('',#1474,.F.);
#1474 = EDGE_LOOP('',(#1475,#1500,#1523,#1546,#1569,#1590,#1611,#1630,
    #1631,#1632,#1653,#1674));
#1475 = ORIENTED_EDGE('',*,*,#1476,.F.);
#1476 = EDGE_CURVE('',#1477,#1479,#1481,.T.);
#1477 = VERTEX_POINT('',#1478);
#1478 = CARTESIAN_POINT('',(-34.,26.499999999138,21.8));
#1479 = VERTEX_POINT('',#1480);
#1480 = CARTESIAN_POINT('',(-34.,26.499999999138,3.));
#1481 = SURFACE_CURVE('',#1482,(#1486,#1493),.PCURVE_S1.);
#1482 = LINE('',#1483,#1484);
#1483 = CARTESIAN_POINT('',(-34.,26.499999999138,21.8));
#1484 = VECTOR('',#1485,1.);
#1485 = DIRECTION('',(0.,0.,-1.));
#1486 = PCURVE('',#269,#1487);
#1487 = DEFINITIONAL_REPRESENTATION('',(#1488),#1492);
#1488 = LINE('',#1489,#1490);
#1489 = CARTESIAN_POINT('',(0.,-1.8));
#1490 = VECTOR('',#1491,1.);
#1491 = DIRECTION('',(0.,1.));
#1492 = ( GEOMETRIC_REPRESENTATION_CONTEXT(2) 
PARAMETRIC_REPRESENTATION_CONTEXT() REPRESENTATION_CONTEXT('2D SPACE',''
  ) );
#1493 = PCURVE('',#536,#1494);
#1494 = DEFINITIONAL_REPRESENTATION('',(#1495),#1499);
#1495 = LINE('',#1496,#1497);
#1496 = CARTESIAN_POINT('',(1.570796326795,-1.8));
#1497 = VECTOR('',#1498,1.);
#1498 = DIRECTION('',(-0.,1.));
#1499 = ( GEOMETRIC_REPRESENTATION_CONTEXT(2) 
PARAMETRIC_REPRESENTATION_CONTEXT() REPRESENTATION_CONTEXT('2D SPACE',''
  ) );
#1500 = ORIENTED_EDGE('',*,*,#1501,.T.);
#1501 = EDGE_CURVE('',#1477,#1502,#1504,.T.);
#1502 = VERTEX_POINT('',#1503);
#1503 = CARTESIAN_POINT('',(34.,26.499999999138,21.8));
#1504 = SURFACE_CURVE('',#1505,(#1509,#1516),.PCURVE_S1.);
#1505 = LINE('',#1506,#1507);
#1506 = CARTESIAN_POINT('',(0.,26.500000000003,21.8));
#1507 = VECTOR('',#1508,1.);
#1508 = DIRECTION('',(1.,0.,0.));
#1509 = PCURVE('',#269,#1510);
#1510 = DEFINITIONAL_REPRESENTATION('',(#1511),#1515);
#1511 = LINE('',#1512,#1513);
#1512 = CARTESIAN_POINT('',(34.,-1.8));
#1513 = VECTOR('',#1514,1.);
#1514 = DIRECTION('',(1.,0.));
#1515 = ( GEOMETRIC_REPRESENTATION_CONTEXT(2) 
PARAMETRIC_REPRESENTATION_CONTEXT() REPRESENTATION_CONTEXT('2D SPACE',''
  ) );
#1516 = PCURVE('',#508,#1517);
#1517 = DEFINITIONAL_REPRESENTATION('',(#1518),#1522);
#1518 = LINE('',#1519,#1520);
#1519 = CARTESIAN_POINT('',(-1.40205875015E-17,26.500000001536));
#1520 = VECTOR('',#1521,1.);
#1521 = DIRECTION('',(1.,0.));
#1522 = ( GEOMETRIC_REPRESENTATION_CONTEXT(2) 
PARAMETRIC_REPRESENTATION_CONTEXT() REPRESENTATION_CONTEXT('2D SPACE',''
  ) );
#1523 = ORIENTED_EDGE('',*,*,#1524,.T.);
#1524 = EDGE_CURVE('',#1502,#1525,#1527,.T.);
#1525 = VERTEX_POINT('',#1526);
#1526 = CARTESIAN_POINT('',(34.,26.499999999138,3.));
#1527 = SURFACE_CURVE('',#1528,(#1532,#1539),.PCURVE_S1.);
#1528 = LINE('',#1529,#1530);
#1529 = CARTESIAN_POINT('',(34.,26.499999999138,21.8));
#1530 = VECTOR('',#1531,1.);
#1531 = DIRECTION('',(0.,0.,-1.));
#1532 = PCURVE('',#269,#1533);
#1533 = DEFINITIONAL_REPRESENTATION('',(#1534),#1538);
#1534 = LINE('',#1535,#1536);
#1535 = CARTESIAN_POINT('',(68.,-1.8));
#1536 = VECTOR('',#1537,1.);
#1537 = DIRECTION('',(0.,1.));
#1538 = ( GEOMETRIC_REPRESENTATION_CONTEXT(2) 
PARAMETRIC_REPRESENTATION_CONTEXT() REPRESENTATION_CONTEXT('2D SPACE',''
  ) );
#1539 = PCURVE('',#1297,#1540);
#1540 = DEFINITIONAL_REPRESENTATION('',(#1541),#1545);
#1541 = LINE('',#1542,#1543);
#1542 = CARTESIAN_POINT('',(1.570796326795,-1.8));
#1543 = VECTOR('',#1544,1.);
#1544 = DIRECTION('',(-0.,1.));
#1545 = ( GEOMETRIC_REPRESENTATION_CONTEXT(2) 
PARAMETRIC_REPRESENTATION_CONTEXT() REPRESENTATION_CONTEXT('2D SPACE',''
  ) );
#1546 = ORIENTED_EDGE('',*,*,#1547,.F.);
#1547 = EDGE_CURVE('',#1548,#1525,#1550,.T.);
#1548 = VERTEX_POINT('',#1549);
#1549 = CARTESIAN_POINT('',(33.949242250241,26.500000000003,3.));
#1550 = SURFACE_CURVE('',#1551,(#1555,#1562),.PCURVE_S1.);
#1551 = LINE('',#1552,#1553);
#1552 = CARTESIAN_POINT('',(0.,26.500000000003,3.));
#1553 = VECTOR('',#1554,1.);
#1554 = DIRECTION('',(1.,0.,0.));
#1555 = PCURVE('',#269,#1556);
#1556 = DEFINITIONAL_REPRESENTATION('',(#1557),#1561);
#1557 = LINE('',#1558,#1559);
#1558 = CARTESIAN_POINT('',(34.,17.));
#1559 = VECTOR('',#1560,1.);
#1560 = DIRECTION('',(1.,0.));
#1561 = ( GEOMETRIC_REPRESENTATION_CONTEXT(2) 
PARAMETRIC_REPRESENTATION_CONTEXT() REPRESENTATION_CONTEXT('2D SPACE',''
  ) );
#1562 = PCURVE('',#1325,#1563);
#1563 = DEFINITIONAL_REPRESENTATION('',(#1564),#1568);
#1564 = LINE('',#1565,#1566);
#1565 = CARTESIAN_POINT('',(-5.447973319327E-17,26.500000001257));
#1566 = VECTOR('',#1567,1.);
#1567 = DIRECTION('',(1.,0.));
#1568 = ( GEOMETRIC_REPRESENTATION_CONTEXT(2) 
PARAMETRIC_REPRESENTATION_CONTEXT() REPRESENTATION_CONTEXT('2D SPACE',''
  ) );
#1569 = ORIENTED_EDGE('',*,*,#1570,.T.);
#1570 = EDGE_CURVE('',#1548,#1571,#1573,.T.);
#1571 = VERTEX_POINT('',#1572);
#1572 = CARTESIAN_POINT('',(33.949242250241,26.500000000003,20.));
#1573 = SURFACE_CURVE('',#1574,(#1578,#1584),.PCURVE_S1.);
#1574 = LINE('',#1575,#1576);
#1575 = CARTESIAN_POINT('',(33.949242250241,26.500000000003,3.));
#1576 = VECTOR('',#1577,1.);
#1577 = DIRECTION('',(0.,0.,1.));
#1578 = PCURVE('',#269,#1579);
#1579 = DEFINITIONAL_REPRESENTATION('',(#1580),#1583);
#1580 = B_SPLINE_CURVE_WITH_KNOTS('',1,(#1581,#1582),.UNSPECIFIED.,.F.,
  .F.,(2,2),(-5.999999999062E-07,17.0000006),.PIECEWISE_BEZIER_KNOTS.);
#1581 = CARTESIAN_POINT('',(67.949242250241,17.0000006));
#1582 = CARTESIAN_POINT('',(67.949242250241,-5.999999999062E-07));
#1583 = ( GEOMETRIC_REPRESENTATION_CONTEXT(2) 
PARAMETRIC_REPRESENTATION_CONTEXT() REPRESENTATION_CONTEXT('2D SPACE',''
  ) );
#1584 = PCURVE('',#1352,#1585);
#1585 = DEFINITIONAL_REPRESENTATION('',(#1586),#1589);
#1586 = B_SPLINE_CURVE_WITH_KNOTS('',1,(#1587,#1588),.UNSPECIFIED.,.F.,
  .F.,(2,2),(-5.999999999062E-07,17.0000006),.PIECEWISE_BEZIER_KNOTS.);
#1587 = CARTESIAN_POINT('',(1.094914077136,-5.999999999062E-07));
#1588 = CARTESIAN_POINT('',(1.094914077136,17.0000006));
#1589 = ( GEOMETRIC_REPRESENTATION_CONTEXT(2) 
PARAMETRIC_REPRESENTATION_CONTEXT() REPRESENTATION_CONTEXT('2D SPACE',''
  ) );
#1590 = ORIENTED_EDGE('',*,*,#1591,.F.);
#1591 = EDGE_CURVE('',#1592,#1571,#1594,.T.);
#1592 = VERTEX_POINT('',#1593);
#1593 = CARTESIAN_POINT('',(30.650757749759,26.500000000003,20.));
#1594 = SURFACE_CURVE('',#1595,(#1599,#1605),.PCURVE_S1.);
#1595 = LINE('',#1596,#1597);
#1596 = CARTESIAN_POINT('',(-0.85,26.500000000003,20.));
#1597 = VECTOR('',#1598,1.);
#1598 = DIRECTION('',(1.,0.,0.));
#1599 = PCURVE('',#269,#1600);
#1600 = DEFINITIONAL_REPRESENTATION('',(#1601),#1604);
#1601 = B_SPLINE_CURVE_WITH_KNOTS('',1,(#1602,#1603),.UNSPECIFIED.,.F.,
  .F.,(2,2),(29.55,34.85),.PIECEWISE_BEZIER_KNOTS.);
#1602 = CARTESIAN_POINT('',(62.7,0.));
#1603 = CARTESIAN_POINT('',(68.,0.));
#1604 = ( GEOMETRIC_REPRESENTATION_CONTEXT(2) 
PARAMETRIC_REPRESENTATION_CONTEXT() REPRESENTATION_CONTEXT('2D SPACE',''
  ) );
#1605 = PCURVE('',#1378,#1606);
#1606 = DEFINITIONAL_REPRESENTATION('',(#1607),#1610);
#1607 = B_SPLINE_CURVE_WITH_KNOTS('',1,(#1608,#1609),.UNSPECIFIED.,.F.,
  .F.,(2,2),(29.55,34.85),.PIECEWISE_BEZIER_KNOTS.);
#1608 = CARTESIAN_POINT('',(-3.6,3.200000000003));
#1609 = CARTESIAN_POINT('',(1.7,3.200000000003));
#1610 = ( GEOMETRIC_REPRESENTATION_CONTEXT(2) 
PARAMETRIC_REPRESENTATION_CONTEXT() REPRESENTATION_CONTEXT('2D SPACE',''
  ) );
#1611 = ORIENTED_EDGE('',*,*,#1612,.F.);
#1612 = EDGE_CURVE('',#225,#1592,#1613,.T.);
#1613 = SURFACE_CURVE('',#1614,(#1618,#1624),.PCURVE_S1.);
#1614 = LINE('',#1615,#1616);
#1615 = CARTESIAN_POINT('',(30.650757749759,26.500000000003,3.));
#1616 = VECTOR('',#1617,1.);
#1617 = DIRECTION('',(0.,0.,1.));
#1618 = PCURVE('',#269,#1619);
#1619 = DEFINITIONAL_REPRESENTATION('',(#1620),#1623);
#1620 = B_SPLINE_CURVE_WITH_KNOTS('',1,(#1621,#1622),.UNSPECIFIED.,.F.,
  .F.,(2,2),(-5.999999999062E-07,17.0000006),.PIECEWISE_BEZIER_KNOTS.);
#1621 = CARTESIAN_POINT('',(64.650757749759,17.0000006));
#1622 = CARTESIAN_POINT('',(64.650757749759,-5.999999999062E-07));
#1623 = ( GEOMETRIC_REPRESENTATION_CONTEXT(2) 
PARAMETRIC_REPRESENTATION_CONTEXT() REPRESENTATION_CONTEXT('2D SPACE',''
  ) );
#1624 = PCURVE('',#241,#1625);
#1625 = DEFINITIONAL_REPRESENTATION('',(#1626),#1629);
#1626 = B_SPLINE_CURVE_WITH_KNOTS('',1,(#1627,#1628),.UNSPECIFIED.,.F.,
  .F.,(2,2),(-5.999999999062E-07,17.0000006),.PIECEWISE_BEZIER_KNOTS.);
#1627 = CARTESIAN_POINT('',(2.046678576454,-5.999999999062E-07));
#1628 = CARTESIAN_POINT('',(2.046678576454,17.0000006));
#1629 = ( GEOMETRIC_REPRESENTATION_CONTEXT(2) 
PARAMETRIC_REPRESENTATION_CONTEXT() REPRESENTATION_CONTEXT('2D SPACE',''
  ) );
#1630 = ORIENTED_EDGE('',*,*,#253,.F.);
#1631 = ORIENTED_EDGE('',*,*,#1182,.T.);
#1632 = ORIENTED_EDGE('',*,*,#1633,.F.);
#1633 = EDGE_CURVE('',#1634,#1183,#1636,.T.);
#1634 = VERTEX_POINT('',#1635);
#1635 = CARTESIAN_POINT('',(-33.94924225024,26.500000000003,20.));
#1636 = SURFACE_CURVE('',#1637,(#1641,#1647),.PCURVE_S1.);
#1637 = LINE('',#1638,#1639);
#1638 = CARTESIAN_POINT('',(-33.15,26.500000000003,20.));
#1639 = VECTOR('',#1640,1.);
#1640 = DIRECTION('',(1.,0.,0.));
#1641 = PCURVE('',#269,#1642);
#1642 = DEFINITIONAL_REPRESENTATION('',(#1643),#1646);
#1643 = B_SPLINE_CURVE_WITH_KNOTS('',1,(#1644,#1645),.UNSPECIFIED.,.F.,
  .F.,(2,2),(-0.85,4.45),.PIECEWISE_BEZIER_KNOTS.);
#1644 = CARTESIAN_POINT('',(0.,0.));
#1645 = CARTESIAN_POINT('',(5.3,0.));
#1646 = ( GEOMETRIC_REPRESENTATION_CONTEXT(2) 
PARAMETRIC_REPRESENTATION_CONTEXT() REPRESENTATION_CONTEXT('2D SPACE',''
  ) );
#1647 = PCURVE('',#617,#1648);
#1648 = DEFINITIONAL_REPRESENTATION('',(#1649),#1652);
#1649 = B_SPLINE_CURVE_WITH_KNOTS('',1,(#1650,#1651),.UNSPECIFIED.,.F.,
  .F.,(2,2),(-0.85,4.45),.PIECEWISE_BEZIER_KNOTS.);
#1650 = CARTESIAN_POINT('',(-1.7,3.200000000003));
#1651 = CARTESIAN_POINT('',(3.6,3.200000000003));
#1652 = ( GEOMETRIC_REPRESENTATION_CONTEXT(2) 
PARAMETRIC_REPRESENTATION_CONTEXT() REPRESENTATION_CONTEXT('2D SPACE',''
  ) );
#1653 = ORIENTED_EDGE('',*,*,#1654,.F.);
#1654 = EDGE_CURVE('',#1655,#1634,#1657,.T.);
#1655 = VERTEX_POINT('',#1656);
#1656 = CARTESIAN_POINT('',(-33.94924225024,26.500000000003,3.));
#1657 = SURFACE_CURVE('',#1658,(#1662,#1668),.PCURVE_S1.);
#1658 = LINE('',#1659,#1660);
#1659 = CARTESIAN_POINT('',(-33.94924225024,26.500000000003,3.));
#1660 = VECTOR('',#1661,1.);
#1661 = DIRECTION('',(0.,0.,1.));
#1662 = PCURVE('',#269,#1663);
#1663 = DEFINITIONAL_REPRESENTATION('',(#1664),#1667);
#1664 = B_SPLINE_CURVE_WITH_KNOTS('',1,(#1665,#1666),.UNSPECIFIED.,.F.,
  .F.,(2,2),(-5.999999999062E-07,17.0000006),.PIECEWISE_BEZIER_KNOTS.);
#1665 = CARTESIAN_POINT('',(5.075774975855E-02,17.0000006));
#1666 = CARTESIAN_POINT('',(5.075774975855E-02,-5.999999999062E-07));
#1667 = ( GEOMETRIC_REPRESENTATION_CONTEXT(2) 
PARAMETRIC_REPRESENTATION_CONTEXT() REPRESENTATION_CONTEXT('2D SPACE',''
  ) );
#1668 = PCURVE('',#591,#1669);
#1669 = DEFINITIONAL_REPRESENTATION('',(#1670),#1673);
#1670 = B_SPLINE_CURVE_WITH_KNOTS('',1,(#1671,#1672),.UNSPECIFIED.,.F.,
  .F.,(2,2),(-5.999999999062E-07,17.0000006),.PIECEWISE_BEZIER_KNOTS.);
#1671 = CARTESIAN_POINT('',(2.046678576454,-5.999999999062E-07));
#1672 = CARTESIAN_POINT('',(2.046678576454,17.0000006));
#1673 = ( GEOMETRIC_REPRESENTATION_CONTEXT(2) 
PARAMETRIC_REPRESENTATION_CONTEXT() REPRESENTATION_CONTEXT('2D SPACE',''
  ) );
#1674 = ORIENTED_EDGE('',*,*,#1675,.F.);
#1675 = EDGE_CURVE('',#1479,#1655,#1676,.T.);
#1676 = SURFACE_CURVE('',#1677,(#1681,#1688),.PCURVE_S1.);
#1677 = LINE('',#1678,#1679);
#1678 = CARTESIAN_POINT('',(0.,26.500000000003,3.));
#1679 = VECTOR('',#1680,1.);
#1680 = DIRECTION('',(1.,0.,0.));
#1681 = PCURVE('',#269,#1682);
#1682 = DEFINITIONAL_REPRESENTATION('',(#1683),#1687);
#1683 = LINE('',#1684,#1685);
#1684 = CARTESIAN_POINT('',(34.,17.));
#1685 = VECTOR('',#1686,1.);
#1686 = DIRECTION('',(1.,0.));
#1687 = ( GEOMETRIC_REPRESENTATION_CONTEXT(2) 
PARAMETRIC_REPRESENTATION_CONTEXT() REPRESENTATION_CONTEXT('2D SPACE',''
  ) );
#1688 = PCURVE('',#564,#1689);
#1689 = DEFINITIONAL_REPRESENTATION('',(#1690),#1694);
#1690 = LINE('',#1691,#1692);
#1691 = CARTESIAN_POINT('',(-5.447973319327E-17,26.500000001257));
#1692 = VECTOR('',#1693,1.);
#1693 = DIRECTION('',(1.,0.));
#1694 = ( GEOMETRIC_REPRESENTATION_CONTEXT(2) 
PARAMETRIC_REPRESENTATION_CONTEXT() REPRESENTATION_CONTEXT('2D SPACE',''
  ) );
#1695 = FACE_BOUND('',#1696,.F.);
#1696 = EDGE_LOOP('',(#1697,#1725,#1751,#1777));
#1697 = ORIENTED_EDGE('',*,*,#1698,.F.);
#1698 = EDGE_CURVE('',#1699,#1701,#1703,.T.);
#1699 = VERTEX_POINT('',#1700);
#1700 = CARTESIAN_POINT('',(-22.,26.500000000003,15.));
#1701 = VERTEX_POINT('',#1702);
#1702 = CARTESIAN_POINT('',(22.,26.500000000003,15.));
#1703 = SURFACE_CURVE('',#1704,(#1708,#1714),.PCURVE_S1.);
#1704 = LINE('',#1705,#1706);
#1705 = CARTESIAN_POINT('',(-28.,26.500000000003,15.));
#1706 = VECTOR('',#1707,1.);
#1707 = DIRECTION('',(1.,0.,0.));
#1708 = PCURVE('',#269,#1709);
#1709 = DEFINITIONAL_REPRESENTATION('',(#1710),#1713);
#1710 = B_SPLINE_CURVE_WITH_KNOTS('',1,(#1711,#1712),.UNSPECIFIED.,.F.,
  .F.,(2,2),(6.,50.),.PIECEWISE_BEZIER_KNOTS.);
#1711 = CARTESIAN_POINT('',(12.,5.));
#1712 = CARTESIAN_POINT('',(56.,5.));
#1713 = ( GEOMETRIC_REPRESENTATION_CONTEXT(2) 
PARAMETRIC_REPRESENTATION_CONTEXT() REPRESENTATION_CONTEXT('2D SPACE',''
  ) );
#1714 = PCURVE('',#1715,#1720);
#1715 = PLANE('',#1716);
#1716 = AXIS2_PLACEMENT_3D('',#1717,#1718,#1719);
#1717 = CARTESIAN_POINT('',(-22.,25.25,15.));
#1718 = DIRECTION('',(0.,0.,1.));
#1719 = DIRECTION('',(1.,0.,0.));
#1720 = DEFINITIONAL_REPRESENTATION('',(#1721),#1724);
#1721 = B_SPLINE_CURVE_WITH_KNOTS('',1,(#1722,#1723),.UNSPECIFIED.,.F.,
  .F.,(2,2),(6.,50.),.PIECEWISE_BEZIER_KNOTS.);
#1722 = CARTESIAN_POINT('',(0.,1.250000000003));
#1723 = CARTESIAN_POINT('',(44.,1.250000000003));
#1724 = ( GEOMETRIC_REPRESENTATION_CONTEXT(2) 
PARAMETRIC_REPRESENTATION_CONTEXT() REPRESENTATION_CONTEXT('2D SPACE',''
  ) );
#1725 = ORIENTED_EDGE('',*,*,#1726,.T.);
#1726 = EDGE_CURVE('',#1699,#1727,#1729,.T.);
#1727 = VERTEX_POINT('',#1728);
#1728 = CARTESIAN_POINT('',(-22.,26.500000000003,7.));
#1729 = SURFACE_CURVE('',#1730,(#1734,#1740),.PCURVE_S1.);
#1730 = LINE('',#1731,#1732);
#1731 = CARTESIAN_POINT('',(-22.,26.500000000003,13.5));
#1732 = VECTOR('',#1733,1.);
#1733 = DIRECTION('',(0.,0.,-1.));
#1734 = PCURVE('',#269,#1735);
#1735 = DEFINITIONAL_REPRESENTATION('',(#1736),#1739);
#1736 = B_SPLINE_CURVE_WITH_KNOTS('',1,(#1737,#1738),.UNSPECIFIED.,.F.,
  .F.,(2,2),(-1.5,6.5),.PIECEWISE_BEZIER_KNOTS.);
#1737 = CARTESIAN_POINT('',(12.,5.));
#1738 = CARTESIAN_POINT('',(12.,13.));
#1739 = ( GEOMETRIC_REPRESENTATION_CONTEXT(2) 
PARAMETRIC_REPRESENTATION_CONTEXT() REPRESENTATION_CONTEXT('2D SPACE',''
  ) );
#1740 = PCURVE('',#1741,#1746);
#1741 = PLANE('',#1742);
#1742 = AXIS2_PLACEMENT_3D('',#1743,#1744,#1745);
#1743 = CARTESIAN_POINT('',(-22.,25.25,7.));
#1744 = DIRECTION('',(1.,0.,0.));
#1745 = DIRECTION('',(0.,0.,1.));
#1746 = DEFINITIONAL_REPRESENTATION('',(#1747),#1750);
#1747 = B_SPLINE_CURVE_WITH_KNOTS('',1,(#1748,#1749),.UNSPECIFIED.,.F.,
  .F.,(2,2),(-1.5,6.5),.PIECEWISE_BEZIER_KNOTS.);
#1748 = CARTESIAN_POINT('',(8.,-1.250000000003));
#1749 = CARTESIAN_POINT('',(0.,-1.250000000003));
#1750 = ( GEOMETRIC_REPRESENTATION_CONTEXT(2) 
PARAMETRIC_REPRESENTATION_CONTEXT() REPRESENTATION_CONTEXT('2D SPACE',''
  ) );
#1751 = ORIENTED_EDGE('',*,*,#1752,.T.);
#1752 = EDGE_CURVE('',#1727,#1753,#1755,.T.);
#1753 = VERTEX_POINT('',#1754);
#1754 = CARTESIAN_POINT('',(22.,26.500000000003,7.));
#1755 = SURFACE_CURVE('',#1756,(#1760,#1766),.PCURVE_S1.);
#1756 = LINE('',#1757,#1758);
#1757 = CARTESIAN_POINT('',(-28.,26.500000000003,7.));
#1758 = VECTOR('',#1759,1.);
#1759 = DIRECTION('',(1.,0.,0.));
#1760 = PCURVE('',#269,#1761);
#1761 = DEFINITIONAL_REPRESENTATION('',(#1762),#1765);
#1762 = B_SPLINE_CURVE_WITH_KNOTS('',1,(#1763,#1764),.UNSPECIFIED.,.F.,
  .F.,(2,2),(6.,50.),.PIECEWISE_BEZIER_KNOTS.);
#1763 = CARTESIAN_POINT('',(12.,13.));
#1764 = CARTESIAN_POINT('',(56.,13.));
#1765 = ( GEOMETRIC_REPRESENTATION_CONTEXT(2) 
PARAMETRIC_REPRESENTATION_CONTEXT() REPRESENTATION_CONTEXT('2D SPACE',''
  ) );
#1766 = PCURVE('',#1767,#1772);
#1767 = PLANE('',#1768);
#1768 = AXIS2_PLACEMENT_3D('',#1769,#1770,#1771);
#1769 = CARTESIAN_POINT('',(-22.,25.25,7.));
#1770 = DIRECTION('',(0.,0.,1.));
#1771 = DIRECTION('',(1.,0.,0.));
#1772 = DEFINITIONAL_REPRESENTATION('',(#1773),#1776);
#1773 = B_SPLINE_CURVE_WITH_KNOTS('',1,(#1774,#1775),.UNSPECIFIED.,.F.,
  .F.,(2,2),(6.,50.),.PIECEWISE_BEZIER_KNOTS.);
#1774 = CARTESIAN_POINT('',(0.,1.250000000003));
#1775 = CARTESIAN_POINT('',(44.,1.250000000003));
#1776 = ( GEOMETRIC_REPRESENTATION_CONTEXT(2) 
PARAMETRIC_REPRESENTATION_CONTEXT() REPRESENTATION_CONTEXT('2D SPACE',''
  ) );
#1777 = ORIENTED_EDGE('',*,*,#1778,.F.);
#1778 = EDGE_CURVE('',#1701,#1753,#1779,.T.);
#1779 = SURFACE_CURVE('',#1780,(#1784,#1790),.PCURVE_S1.);
#1780 = LINE('',#1781,#1782);
#1781 = CARTESIAN_POINT('',(22.,26.500000000003,13.5));
#1782 = VECTOR('',#1783,1.);
#1783 = DIRECTION('',(0.,0.,-1.));
#1784 = PCURVE('',#269,#1785);
#1785 = DEFINITIONAL_REPRESENTATION('',(#1786),#1789);
#1786 = B_SPLINE_CURVE_WITH_KNOTS('',1,(#1787,#1788),.UNSPECIFIED.,.F.,
  .F.,(2,2),(-1.5,6.5),.PIECEWISE_BEZIER_KNOTS.);
#1787 = CARTESIAN_POINT('',(56.,5.));
#1788 = CARTESIAN_POINT('',(56.,13.));
#1789 = ( GEOMETRIC_REPRESENTATION_CONTEXT(2) 
PARAMETRIC_REPRESENTATION_CONTEXT() REPRESENTATION_CONTEXT('2D SPACE',''
  ) );
#1790 = PCURVE('',#1791,#1796);
#1791 = PLANE('',#1792);
#1792 = AXIS2_PLACEMENT_3D('',#1793,#1794,#1795);
#1793 = CARTESIAN_POINT('',(22.,25.25,7.));
#1794 = DIRECTION('',(1.,0.,0.));
#1795 = DIRECTION('',(0.,0.,1.));
#1796 = DEFINITIONAL_REPRESENTATION('',(#1797),#1800);
#1797 = B_SPLINE_CURVE_WITH_KNOTS('',1,(#1798,#1799),.UNSPECIFIED.,.F.,
  .F.,(2,2),(-1.5,6.5),.PIECEWISE_BEZIER_KNOTS.);
#1798 = CARTESIAN_POINT('',(8.,-1.250000000003));
#1799 = CARTESIAN_POINT('',(0.,-1.250000000003));
#1800 = ( GEOMETRIC_REPRESENTATION_CONTEXT(2) 
PARAMETRIC_REPRESENTATION_CONTEXT() REPRESENTATION_CONTEXT('2D SPACE',''
  ) );
#1801 = ADVANCED_FACE('',(#1802),#241,.T.);
#1802 = FACE_BOUND('',#1803,.T.);
#1803 = EDGE_LOOP('',(#1804,#1805,#1827,#1828));
#1804 = ORIENTED_EDGE('',*,*,#1389,.T.);
#1805 = ORIENTED_EDGE('',*,*,#1806,.F.);
#1806 = EDGE_CURVE('',#1592,#1364,#1807,.T.);
#1807 = SURFACE_CURVE('',#1808,(#1813,#1820),.PCURVE_S1.);
#1808 = CIRCLE('',#1809,3.6);
#1809 = AXIS2_PLACEMENT_3D('',#1810,#1811,#1812);
#1810 = CARTESIAN_POINT('',(32.3,23.3,20.));
#1811 = DIRECTION('',(0.,0.,1.));
#1812 = DIRECTION('',(1.,0.,0.));
#1813 = PCURVE('',#241,#1814);
#1814 = DEFINITIONAL_REPRESENTATION('',(#1815),#1819);
#1815 = LINE('',#1816,#1817);
#1816 = CARTESIAN_POINT('',(0.,17.));
#1817 = VECTOR('',#1818,1.);
#1818 = DIRECTION('',(1.,0.));
#1819 = ( GEOMETRIC_REPRESENTATION_CONTEXT(2) 
PARAMETRIC_REPRESENTATION_CONTEXT() REPRESENTATION_CONTEXT('2D SPACE',''
  ) );
#1820 = PCURVE('',#1378,#1821);
#1821 = DEFINITIONAL_REPRESENTATION('',(#1822),#1826);
#1822 = CIRCLE('',#1823,3.6);
#1823 = AXIS2_PLACEMENT_2D('',#1824,#1825);
#1824 = CARTESIAN_POINT('',(0.,0.));
#1825 = DIRECTION('',(1.,0.));
#1826 = ( GEOMETRIC_REPRESENTATION_CONTEXT(2) 
PARAMETRIC_REPRESENTATION_CONTEXT() REPRESENTATION_CONTEXT('2D SPACE',''
  ) );
#1827 = ORIENTED_EDGE('',*,*,#1612,.F.);
#1828 = ORIENTED_EDGE('',*,*,#224,.T.);
#1829 = ADVANCED_FACE('',(#1830),#354,.T.);
#1830 = FACE_BOUND('',#1831,.T.);
#1831 = EDGE_LOOP('',(#1832,#1861,#1882,#1883));
#1832 = ORIENTED_EDGE('',*,*,#1833,.F.);
#1833 = EDGE_CURVE('',#1834,#1834,#1836,.T.);
#1834 = VERTEX_POINT('',#1835);
#1835 = CARTESIAN_POINT('',(-20.25,-19.,7.5));
#1836 = SURFACE_CURVE('',#1837,(#1842,#1849),.PCURVE_S1.);
#1837 = CIRCLE('',#1838,3.75);
#1838 = AXIS2_PLACEMENT_3D('',#1839,#1840,#1841);
#1839 = CARTESIAN_POINT('',(-24.,-19.,7.5));
#1840 = DIRECTION('',(0.,0.,1.));
#1841 = DIRECTION('',(1.,0.,0.));
#1842 = PCURVE('',#354,#1843);
#1843 = DEFINITIONAL_REPRESENTATION('',(#1844),#1848);
#1844 = LINE('',#1845,#1846);
#1845 = CARTESIAN_POINT('',(0.,4.5));
#1846 = VECTOR('',#1847,1.);
#1847 = DIRECTION('',(1.,0.));
#1848 = ( GEOMETRIC_REPRESENTATION_CONTEXT(2) 
PARAMETRIC_REPRESENTATION_CONTEXT() REPRESENTATION_CONTEXT('2D SPACE',''
  ) );
#1849 = PCURVE('',#1850,#1855);
#1850 = PLANE('',#1851);
#1851 = AXIS2_PLACEMENT_3D('',#1852,#1853,#1854);
#1852 = CARTESIAN_POINT('',(-24.,-19.,7.5));
#1853 = DIRECTION('',(0.,0.,1.));
#1854 = DIRECTION('',(1.,0.,0.));
#1855 = DEFINITIONAL_REPRESENTATION('',(#1856),#1860);
#1856 = CIRCLE('',#1857,3.75);
#1857 = AXIS2_PLACEMENT_2D('',#1858,#1859);
#1858 = CARTESIAN_POINT('',(0.,0.));
#1859 = DIRECTION('',(1.,0.));
#1860 = ( GEOMETRIC_REPRESENTATION_CONTEXT(2) 
PARAMETRIC_REPRESENTATION_CONTEXT() REPRESENTATION_CONTEXT('2D SPACE',''
  ) );
#1861 = ORIENTED_EDGE('',*,*,#1862,.F.);
#1862 = EDGE_CURVE('',#338,#1834,#1863,.T.);
#1863 = SEAM_CURVE('',#1864,(#1868,#1875),.PCURVE_S1.);
#1864 = LINE('',#1865,#1866);
#1865 = CARTESIAN_POINT('',(-20.25,-19.,3.));
#1866 = VECTOR('',#1867,1.);
#1867 = DIRECTION('',(0.,0.,1.));
#1868 = PCURVE('',#354,#1869);
#1869 = DEFINITIONAL_REPRESENTATION('',(#1870),#1874);
#1870 = LINE('',#1871,#1872);
#1871 = CARTESIAN_POINT('',(6.28318530718,-0.));
#1872 = VECTOR('',#1873,1.);
#1873 = DIRECTION('',(0.,1.));
#1874 = ( GEOMETRIC_REPRESENTATION_CONTEXT(2) 
PARAMETRIC_REPRESENTATION_CONTEXT() REPRESENTATION_CONTEXT('2D SPACE',''
  ) );
#1875 = PCURVE('',#354,#1876);
#1876 = DEFINITIONAL_REPRESENTATION('',(#1877),#1881);
#1877 = LINE('',#1878,#1879);
#1878 = CARTESIAN_POINT('',(0.,-0.));
#1879 = VECTOR('',#1880,1.);
#1880 = DIRECTION('',(0.,1.));
#1881 = ( GEOMETRIC_REPRESENTATION_CONTEXT(2) 
PARAMETRIC_REPRESENTATION_CONTEXT() REPRESENTATION_CONTEXT('2D SPACE',''
  ) );
#1882 = ORIENTED_EDGE('',*,*,#337,.T.);
#1883 = ORIENTED_EDGE('',*,*,#1862,.T.);
#1884 = ADVANCED_FACE('',(#1885),#385,.T.);
#1885 = FACE_BOUND('',#1886,.T.);
#1886 = EDGE_LOOP('',(#1887,#1916,#1937,#1938));
#1887 = ORIENTED_EDGE('',*,*,#1888,.F.);
#1888 = EDGE_CURVE('',#1889,#1889,#1891,.T.);
#1889 = VERTEX_POINT('',#1890);
#1890 = CARTESIAN_POINT('',(27.75,-19.,7.5));
#1891 = SURFACE_CURVE('',#1892,(#1897,#1904),.PCURVE_S1.);
#1892 = CIRCLE('',#1893,3.75);
#1893 = AXIS2_PLACEMENT_3D('',#1894,#1895,#1896);
#1894 = CARTESIAN_POINT('',(24.,-19.,7.5));
#1895 = DIRECTION('',(0.,0.,1.));
#1896 = DIRECTION('',(1.,0.,0.));
#1897 = PCURVE('',#385,#1898);
#1898 = DEFINITIONAL_REPRESENTATION('',(#1899),#1903);
#1899 = LINE('',#1900,#1901);
#1900 = CARTESIAN_POINT('',(0.,4.5));
#1901 = VECTOR('',#1902,1.);
#1902 = DIRECTION('',(1.,0.));
#1903 = ( GEOMETRIC_REPRESENTATION_CONTEXT(2) 
PARAMETRIC_REPRESENTATION_CONTEXT() REPRESENTATION_CONTEXT('2D SPACE',''
  ) );
#1904 = PCURVE('',#1905,#1910);
#1905 = PLANE('',#1906);
#1906 = AXIS2_PLACEMENT_3D('',#1907,#1908,#1909);
#1907 = CARTESIAN_POINT('',(24.,-19.,7.5));
#1908 = DIRECTION('',(0.,0.,1.));
#1909 = DIRECTION('',(1.,0.,0.));
#1910 = DEFINITIONAL_REPRESENTATION('',(#1911),#1915);
#1911 = CIRCLE('',#1912,3.75);
#1912 = AXIS2_PLACEMENT_2D('',#1913,#1914);
#1913 = CARTESIAN_POINT('',(0.,0.));
#1914 = DIRECTION('',(1.,0.));
#1915 = ( GEOMETRIC_REPRESENTATION_CONTEXT(2) 
PARAMETRIC_REPRESENTATION_CONTEXT() REPRESENTATION_CONTEXT('2D SPACE',''
  ) );
#1916 = ORIENTED_EDGE('',*,*,#1917,.F.);
#1917 = EDGE_CURVE('',#369,#1889,#1918,.T.);
#1918 = SEAM_CURVE('',#1919,(#1923,#1930),.PCURVE_S1.);
#1919 = LINE('',#1920,#1921);
#1920 = CARTESIAN_POINT('',(27.75,-19.,3.));
#1921 = VECTOR('',#1922,1.);
#1922 = DIRECTION('',(0.,0.,1.));
#1923 = PCURVE('',#385,#1924);
#1924 = DEFINITIONAL_REPRESENTATION('',(#1925),#1929);
#1925 = LINE('',#1926,#1927);
#1926 = CARTESIAN_POINT('',(6.28318530718,-0.));
#1927 = VECTOR('',#1928,1.);
#1928 = DIRECTION('',(0.,1.));
#1929 = ( GEOMETRIC_REPRESENTATION_CONTEXT(2) 
PARAMETRIC_REPRESENTATION_CONTEXT() REPRESENTATION_CONTEXT('2D SPACE',''
  ) );
#1930 = PCURVE('',#385,#1931);
#1931 = DEFINITIONAL_REPRESENTATION('',(#1932),#1936);
#1932 = LINE('',#1933,#1934);
#1933 = CARTESIAN_POINT('',(0.,-0.));
#1934 = VECTOR('',#1935,1.);
#1935 = DIRECTION('',(0.,1.));
#1936 = ( GEOMETRIC_REPRESENTATION_CONTEXT(2) 
PARAMETRIC_REPRESENTATION_CONTEXT() REPRESENTATION_CONTEXT('2D SPACE',''
  ) );
#1937 = ORIENTED_EDGE('',*,*,#368,.T.);
#1938 = ORIENTED_EDGE('',*,*,#1917,.T.);
#1939 = ADVANCED_FACE('',(#1940),#416,.T.);
#1940 = FACE_BOUND('',#1941,.T.);
#1941 = EDGE_LOOP('',(#1942,#1971,#1992,#1993));
#1942 = ORIENTED_EDGE('',*,*,#1943,.F.);
#1943 = EDGE_CURVE('',#1944,#1944,#1946,.T.);
#1944 = VERTEX_POINT('',#1945);
#1945 = CARTESIAN_POINT('',(-20.25,19.,7.5));
#1946 = SURFACE_CURVE('',#1947,(#1952,#1959),.PCURVE_S1.);
#1947 = CIRCLE('',#1948,3.75);
#1948 = AXIS2_PLACEMENT_3D('',#1949,#1950,#1951);
#1949 = CARTESIAN_POINT('',(-24.,19.,7.5));
#1950 = DIRECTION('',(0.,0.,1.));
#1951 = DIRECTION('',(1.,0.,0.));
#1952 = PCURVE('',#416,#1953);
#1953 = DEFINITIONAL_REPRESENTATION('',(#1954),#1958);
#1954 = LINE('',#1955,#1956);
#1955 = CARTESIAN_POINT('',(0.,4.5));
#1956 = VECTOR('',#1957,1.);
#1957 = DIRECTION('',(1.,0.));
#1958 = ( GEOMETRIC_REPRESENTATION_CONTEXT(2) 
PARAMETRIC_REPRESENTATION_CONTEXT() REPRESENTATION_CONTEXT('2D SPACE',''
  ) );
#1959 = PCURVE('',#1960,#1965);
#1960 = PLANE('',#1961);
#1961 = AXIS2_PLACEMENT_3D('',#1962,#1963,#1964);
#1962 = CARTESIAN_POINT('',(-24.,19.,7.5));
#1963 = DIRECTION('',(0.,0.,1.));
#1964 = DIRECTION('',(1.,0.,0.));
#1965 = DEFINITIONAL_REPRESENTATION('',(#1966),#1970);
#1966 = CIRCLE('',#1967,3.75);
#1967 = AXIS2_PLACEMENT_2D('',#1968,#1969);
#1968 = CARTESIAN_POINT('',(0.,0.));
#1969 = DIRECTION('',(1.,0.));
#1970 = ( GEOMETRIC_REPRESENTATION_CONTEXT(2) 
PARAMETRIC_REPRESENTATION_CONTEXT() REPRESENTATION_CONTEXT('2D SPACE',''
  ) );
#1971 = ORIENTED_EDGE('',*,*,#1972,.F.);
#1972 = EDGE_CURVE('',#400,#1944,#1973,.T.);
#1973 = SEAM_CURVE('',#1974,(#1978,#1985),.PCURVE_S1.);
#1974 = LINE('',#1975,#1976);
#1975 = CARTESIAN_POINT('',(-20.25,19.,3.));
#1976 = VECTOR('',#1977,1.);
#1977 = DIRECTION('',(0.,0.,1.));
#1978 = PCURVE('',#416,#1979);
#1979 = DEFINITIONAL_REPRESENTATION('',(#1980),#1984);
#1980 = LINE('',#1981,#1982);
#1981 = CARTESIAN_POINT('',(6.28318530718,-0.));
#1982 = VECTOR('',#1983,1.);
#1983 = DIRECTION('',(0.,1.));
#1984 = ( GEOMETRIC_REPRESENTATION_CONTEXT(2) 
PARAMETRIC_REPRESENTATION_CONTEXT() REPRESENTATION_CONTEXT('2D SPACE',''
  ) );
#1985 = PCURVE('',#416,#1986);
#1986 = DEFINITIONAL_REPRESENTATION('',(#1987),#1991);
#1987 = LINE('',#1988,#1989);
#1988 = CARTESIAN_POINT('',(0.,-0.));
#1989 = VECTOR('',#1990,1.);
#1990 = DIRECTION('',(0.,1.));
#1991 = ( GEOMETRIC_REPRESENTATION_CONTEXT(2) 
PARAMETRIC_REPRESENTATION_CONTEXT() REPRESENTATION_CONTEXT('2D SPACE',''
  ) );
#1992 = ORIENTED_EDGE('',*,*,#399,.T.);
#1993 = ORIENTED_EDGE('',*,*,#1972,.T.);
#1994 = ADVANCED_FACE('',(#1995),#447,.T.);
#1995 = FACE_BOUND('',#1996,.T.);
#1996 = EDGE_LOOP('',(#1997,#2026,#2047,#2048));
#1997 = ORIENTED_EDGE('',*,*,#1998,.F.);
#1998 = EDGE_CURVE('',#1999,#1999,#2001,.T.);
#1999 = VERTEX_POINT('',#2000);
#2000 = CARTESIAN_POINT('',(27.75,19.,7.5));
#2001 = SURFACE_CURVE('',#2002,(#2007,#2014),.PCURVE_S1.);
#2002 = CIRCLE('',#2003,3.75);
#2003 = AXIS2_PLACEMENT_3D('',#2004,#2005,#2006);
#2004 = CARTESIAN_POINT('',(24.,19.,7.5));
#2005 = DIRECTION('',(0.,0.,1.));
#2006 = DIRECTION('',(1.,0.,0.));
#2007 = PCURVE('',#447,#2008);
#2008 = DEFINITIONAL_REPRESENTATION('',(#2009),#2013);
#2009 = LINE('',#2010,#2011);
#2010 = CARTESIAN_POINT('',(0.,4.5));
#2011 = VECTOR('',#2012,1.);
#2012 = DIRECTION('',(1.,0.));
#2013 = ( GEOMETRIC_REPRESENTATION_CONTEXT(2) 
PARAMETRIC_REPRESENTATION_CONTEXT() REPRESENTATION_CONTEXT('2D SPACE',''
  ) );
#2014 = PCURVE('',#2015,#2020);
#2015 = PLANE('',#2016);
#2016 = AXIS2_PLACEMENT_3D('',#2017,#2018,#2019);
#2017 = CARTESIAN_POINT('',(24.,19.,7.5));
#2018 = DIRECTION('',(0.,0.,1.));
#2019 = DIRECTION('',(1.,0.,0.));
#2020 = DEFINITIONAL_REPRESENTATION('',(#2021),#2025);
#2021 = CIRCLE('',#2022,3.75);
#2022 = AXIS2_PLACEMENT_2D('',#2023,#2024);
#2023 = CARTESIAN_POINT('',(0.,0.));
#2024 = DIRECTION('',(1.,0.));
#2025 = ( GEOMETRIC_REPRESENTATION_CONTEXT(2) 
PARAMETRIC_REPRESENTATION_CONTEXT() REPRESENTATION_CONTEXT('2D SPACE',''
  ) );
#2026 = ORIENTED_EDGE('',*,*,#2027,.F.);
#2027 = EDGE_CURVE('',#431,#1999,#2028,.T.);
#2028 = SEAM_CURVE('',#2029,(#2033,#2040),.PCURVE_S1.);
#2029 = LINE('',#2030,#2031);
#2030 = CARTESIAN_POINT('',(27.75,19.,3.));
#2031 = VECTOR('',#2032,1.);
#2032 = DIRECTION('',(0.,0.,1.));
#2033 = PCURVE('',#447,#2034);
#2034 = DEFINITIONAL_REPRESENTATION('',(#2035),#2039);
#2035 = LINE('',#2036,#2037);
#2036 = CARTESIAN_POINT('',(6.28318530718,-0.));
#2037 = VECTOR('',#2038,1.);
#2038 = DIRECTION('',(0.,1.));
#2039 = ( GEOMETRIC_REPRESENTATION_CONTEXT(2) 
PARAMETRIC_REPRESENTATION_CONTEXT() REPRESENTATION_CONTEXT('2D SPACE',''
  ) );
#2040 = PCURVE('',#447,#2041);
#2041 = DEFINITIONAL_REPRESENTATION('',(#2042),#2046);
#2042 = LINE('',#2043,#2044);
#2043 = CARTESIAN_POINT('',(0.,-0.));
#2044 = VECTOR('',#2045,1.);
#2045 = DIRECTION('',(0.,1.));
#2046 = ( GEOMETRIC_REPRESENTATION_CONTEXT(2) 
PARAMETRIC_REPRESENTATION_CONTEXT() REPRESENTATION_CONTEXT('2D SPACE',''
  ) );
#2047 = ORIENTED_EDGE('',*,*,#430,.T.);
#2048 = ORIENTED_EDGE('',*,*,#2027,.T.);
#2049 = ADVANCED_FACE('',(#2050),#480,.F.);
#2050 = FACE_BOUND('',#2051,.F.);
#2051 = EDGE_LOOP('',(#2052,#2053,#2079,#2080));
#2052 = ORIENTED_EDGE('',*,*,#804,.F.);
#2053 = ORIENTED_EDGE('',*,*,#2054,.T.);
#2054 = EDGE_CURVE('',#805,#465,#2055,.T.);
#2055 = SURFACE_CURVE('',#2056,(#2061,#2068),.PCURVE_S1.);
#2056 = CIRCLE('',#2057,1.5);
#2057 = AXIS2_PLACEMENT_3D('',#2058,#2059,#2060);
#2058 = CARTESIAN_POINT('',(-34.,-25.,21.8));
#2059 = DIRECTION('',(0.,0.,-1.));
#2060 = DIRECTION('',(-1.,0.,0.));
#2061 = PCURVE('',#480,#2062);
#2062 = DEFINITIONAL_REPRESENTATION('',(#2063),#2067);
#2063 = LINE('',#2064,#2065);
#2064 = CARTESIAN_POINT('',(0.,-1.8));
#2065 = VECTOR('',#2066,1.);
#2066 = DIRECTION('',(1.,0.));
#2067 = ( GEOMETRIC_REPRESENTATION_CONTEXT(2) 
PARAMETRIC_REPRESENTATION_CONTEXT() REPRESENTATION_CONTEXT('2D SPACE',''
  ) );
#2068 = PCURVE('',#508,#2069);
#2069 = DEFINITIONAL_REPRESENTATION('',(#2070),#2078);
#2070 = ( BOUNDED_CURVE() B_SPLINE_CURVE(2,(#2071,#2072,#2073,#2074,
#2075,#2076,#2077),.UNSPECIFIED.,.T.,.F.) B_SPLINE_CURVE_WITH_KNOTS((1,2
    ,2,2,2,1),(-2.094395102393,0.,2.094395102393,4.188790204786,
6.28318530718,8.377580409573),.UNSPECIFIED.) CURVE() 
GEOMETRIC_REPRESENTATION_ITEM() RATIONAL_B_SPLINE_CURVE((1.,0.5,1.,0.5,
1.,0.5,1.)) REPRESENTATION_ITEM('') );
#2071 = CARTESIAN_POINT('',(-35.5,-24.99999999847));
#2072 = CARTESIAN_POINT('',(-35.5,-22.40192378711));
#2073 = CARTESIAN_POINT('',(-33.25,-23.70096189279));
#2074 = CARTESIAN_POINT('',(-31.,-24.99999999847));
#2075 = CARTESIAN_POINT('',(-33.25,-26.29903810414));
#2076 = CARTESIAN_POINT('',(-35.5,-27.59807620982));
#2077 = CARTESIAN_POINT('',(-35.5,-24.99999999847));
#2078 = ( GEOMETRIC_REPRESENTATION_CONTEXT(2) 
PARAMETRIC_REPRESENTATION_CONTEXT() REPRESENTATION_CONTEXT('2D SPACE',''
  ) );
#2079 = ORIENTED_EDGE('',*,*,#462,.F.);
#2080 = ORIENTED_EDGE('',*,*,#2081,.F.);
#2081 = EDGE_CURVE('',#807,#463,#2082,.T.);
#2082 = SURFACE_CURVE('',#2083,(#2088,#2095),.PCURVE_S1.);
#2083 = CIRCLE('',#2084,1.5);
#2084 = AXIS2_PLACEMENT_3D('',#2085,#2086,#2087);
#2085 = CARTESIAN_POINT('',(-34.,-25.,3.));
#2086 = DIRECTION('',(0.,0.,-1.));
#2087 = DIRECTION('',(-1.,0.,0.));
#2088 = PCURVE('',#480,#2089);
#2089 = DEFINITIONAL_REPRESENTATION('',(#2090),#2094);
#2090 = LINE('',#2091,#2092);
#2091 = CARTESIAN_POINT('',(0.,17.));
#2092 = VECTOR('',#2093,1.);
#2093 = DIRECTION('',(1.,0.));
#2094 = ( GEOMETRIC_REPRESENTATION_CONTEXT(2) 
PARAMETRIC_REPRESENTATION_CONTEXT() REPRESENTATION_CONTEXT('2D SPACE',''
  ) );
#2095 = PCURVE('',#710,#2096);
#2096 = DEFINITIONAL_REPRESENTATION('',(#2097),#2105);
#2097 = ( BOUNDED_CURVE() B_SPLINE_CURVE(2,(#2098,#2099,#2100,#2101,
#2102,#2103,#2104),.UNSPECIFIED.,.T.,.F.) B_SPLINE_CURVE_WITH_KNOTS((1,2
    ,2,2,2,1),(-2.094395102393,0.,2.094395102393,4.188790204786,
6.28318530718,8.377580409573),.UNSPECIFIED.) CURVE() 
GEOMETRIC_REPRESENTATION_ITEM() RATIONAL_B_SPLINE_CURVE((1.,0.5,1.,0.5,
1.,0.5,1.)) REPRESENTATION_ITEM('') );
#2098 = CARTESIAN_POINT('',(-35.5,-24.99999999874));
#2099 = CARTESIAN_POINT('',(-35.5,-22.40192378739));
#2100 = CARTESIAN_POINT('',(-33.25,-23.70096189307));
#2101 = CARTESIAN_POINT('',(-31.,-24.99999999874));
#2102 = CARTESIAN_POINT('',(-33.25,-26.29903810442));
#2103 = CARTESIAN_POINT('',(-35.5,-27.5980762101));
#2104 = CARTESIAN_POINT('',(-35.5,-24.99999999874));
#2105 = ( GEOMETRIC_REPRESENTATION_CONTEXT(2) 
PARAMETRIC_REPRESENTATION_CONTEXT() REPRESENTATION_CONTEXT('2D SPACE',''
  ) );
#2106 = ADVANCED_FACE('',(#2107),#710,.T.);
#2107 = FACE_BOUND('',#2108,.T.);
#2108 = EDGE_LOOP('',(#2109,#2110,#2111,#2133));
#2109 = ORIENTED_EDGE('',*,*,#2081,.F.);
#2110 = ORIENTED_EDGE('',*,*,#1003,.T.);
#2111 = ORIENTED_EDGE('',*,*,#2112,.F.);
#2112 = EDGE_CURVE('',#671,#983,#2113,.T.);
#2113 = SURFACE_CURVE('',#2114,(#2119,#2126),.PCURVE_S1.);
#2114 = CIRCLE('',#2115,3.6);
#2115 = AXIS2_PLACEMENT_3D('',#2116,#2117,#2118);
#2116 = CARTESIAN_POINT('',(-32.3,-23.3,3.));
#2117 = DIRECTION('',(0.,0.,1.));
#2118 = DIRECTION('',(1.,0.,0.));
#2119 = PCURVE('',#710,#2120);
#2120 = DEFINITIONAL_REPRESENTATION('',(#2121),#2125);
#2121 = CIRCLE('',#2122,3.6);
#2122 = AXIS2_PLACEMENT_2D('',#2123,#2124);
#2123 = CARTESIAN_POINT('',(-32.3,-23.29999999874));
#2124 = DIRECTION('',(1.,0.));
#2125 = ( GEOMETRIC_REPRESENTATION_CONTEXT(2) 
PARAMETRIC_REPRESENTATION_CONTEXT() REPRESENTATION_CONTEXT('2D SPACE',''
  ) );
#2126 = PCURVE('',#685,#2127);
#2127 = DEFINITIONAL_REPRESENTATION('',(#2128),#2132);
#2128 = LINE('',#2129,#2130);
#2129 = CARTESIAN_POINT('',(0.,0.));
#2130 = VECTOR('',#2131,1.);
#2131 = DIRECTION('',(1.,0.));
#2132 = ( GEOMETRIC_REPRESENTATION_CONTEXT(2) 
PARAMETRIC_REPRESENTATION_CONTEXT() REPRESENTATION_CONTEXT('2D SPACE',''
  ) );
#2133 = ORIENTED_EDGE('',*,*,#696,.F.);
#2134 = ADVANCED_FACE('',(#2135),#685,.T.);
#2135 = FACE_BOUND('',#2136,.T.);
#2136 = EDGE_LOOP('',(#2137,#2138,#2139,#2140));
#2137 = ORIENTED_EDGE('',*,*,#748,.F.);
#2138 = ORIENTED_EDGE('',*,*,#670,.F.);
#2139 = ORIENTED_EDGE('',*,*,#2112,.T.);
#2140 = ORIENTED_EDGE('',*,*,#982,.T.);
#2141 = ADVANCED_FACE('',(#2142,#2169),#617,.T.);
#2142 = FACE_BOUND('',#2143,.T.);
#2143 = EDGE_LOOP('',(#2144,#2145,#2146,#2147));
#2144 = ORIENTED_EDGE('',*,*,#602,.F.);
#2145 = ORIENTED_EDGE('',*,*,#1203,.F.);
#2146 = ORIENTED_EDGE('',*,*,#1633,.F.);
#2147 = ORIENTED_EDGE('',*,*,#2148,.T.);
#2148 = EDGE_CURVE('',#1634,#577,#2149,.T.);
#2149 = SURFACE_CURVE('',#2150,(#2155,#2162),.PCURVE_S1.);
#2150 = CIRCLE('',#2151,3.6);
#2151 = AXIS2_PLACEMENT_3D('',#2152,#2153,#2154);
#2152 = CARTESIAN_POINT('',(-32.3,23.3,20.));
#2153 = DIRECTION('',(0.,0.,1.));
#2154 = DIRECTION('',(1.,0.,0.));
#2155 = PCURVE('',#617,#2156);
#2156 = DEFINITIONAL_REPRESENTATION('',(#2157),#2161);
#2157 = CIRCLE('',#2158,3.6);
#2158 = AXIS2_PLACEMENT_2D('',#2159,#2160);
#2159 = CARTESIAN_POINT('',(0.,0.));
#2160 = DIRECTION('',(1.,0.));
#2161 = ( GEOMETRIC_REPRESENTATION_CONTEXT(2) 
PARAMETRIC_REPRESENTATION_CONTEXT() REPRESENTATION_CONTEXT('2D SPACE',''
  ) );
#2162 = PCURVE('',#591,#2163);
#2163 = DEFINITIONAL_REPRESENTATION('',(#2164),#2168);
#2164 = LINE('',#2165,#2166);
#2165 = CARTESIAN_POINT('',(0.,17.));
#2166 = VECTOR('',#2167,1.);
#2167 = DIRECTION('',(1.,0.));
#2168 = ( GEOMETRIC_REPRESENTATION_CONTEXT(2) 
PARAMETRIC_REPRESENTATION_CONTEXT() REPRESENTATION_CONTEXT('2D SPACE',''
  ) );
#2169 = FACE_BOUND('',#2170,.T.);
#2170 = EDGE_LOOP('',(#2171));
#2171 = ORIENTED_EDGE('',*,*,#2172,.F.);
#2172 = EDGE_CURVE('',#2173,#2173,#2175,.T.);
#2173 = VERTEX_POINT('',#2174);
#2174 = CARTESIAN_POINT('',(-30.3,23.3,20.));
#2175 = SURFACE_CURVE('',#2176,(#2181,#2188),.PCURVE_S1.);
#2176 = CIRCLE('',#2177,2.);
#2177 = AXIS2_PLACEMENT_3D('',#2178,#2179,#2180);
#2178 = CARTESIAN_POINT('',(-32.3,23.3,20.));
#2179 = DIRECTION('',(0.,0.,1.));
#2180 = DIRECTION('',(1.,0.,-0.));
#2181 = PCURVE('',#617,#2182);
#2182 = DEFINITIONAL_REPRESENTATION('',(#2183),#2187);
#2183 = CIRCLE('',#2184,2.);
#2184 = AXIS2_PLACEMENT_2D('',#2185,#2186);
#2185 = CARTESIAN_POINT('',(0.,0.));
#2186 = DIRECTION('',(1.,0.));
#2187 = ( GEOMETRIC_REPRESENTATION_CONTEXT(2) 
PARAMETRIC_REPRESENTATION_CONTEXT() REPRESENTATION_CONTEXT('2D SPACE',''
  ) );
#2188 = PCURVE('',#2189,#2194);
#2189 = CYLINDRICAL_SURFACE('',#2190,2.);
#2190 = AXIS2_PLACEMENT_3D('',#2191,#2192,#2193);
#2191 = CARTESIAN_POINT('',(-32.3,23.3,14.5));
#2192 = DIRECTION('',(0.,0.,1.));
#2193 = DIRECTION('',(1.,0.,0.));
#2194 = DEFINITIONAL_REPRESENTATION('',(#2195),#2199);
#2195 = LINE('',#2196,#2197);
#2196 = CARTESIAN_POINT('',(0.,5.5));
#2197 = VECTOR('',#2198,1.);
#2198 = DIRECTION('',(1.,0.));
#2199 = ( GEOMETRIC_REPRESENTATION_CONTEXT(2) 
PARAMETRIC_REPRESENTATION_CONTEXT() REPRESENTATION_CONTEXT('2D SPACE',''
  ) );
#2200 = ADVANCED_FACE('',(#2201),#591,.T.);
#2201 = FACE_BOUND('',#2202,.T.);
#2202 = EDGE_LOOP('',(#2203,#2204,#2205,#2227));
#2203 = ORIENTED_EDGE('',*,*,#2148,.F.);
#2204 = ORIENTED_EDGE('',*,*,#1654,.F.);
#2205 = ORIENTED_EDGE('',*,*,#2206,.T.);
#2206 = EDGE_CURVE('',#1655,#549,#2207,.T.);
#2207 = SURFACE_CURVE('',#2208,(#2213,#2220),.PCURVE_S1.);
#2208 = CIRCLE('',#2209,3.6);
#2209 = AXIS2_PLACEMENT_3D('',#2210,#2211,#2212);
#2210 = CARTESIAN_POINT('',(-32.3,23.3,3.));
#2211 = DIRECTION('',(0.,0.,1.));
#2212 = DIRECTION('',(1.,0.,0.));
#2213 = PCURVE('',#591,#2214);
#2214 = DEFINITIONAL_REPRESENTATION('',(#2215),#2219);
#2215 = LINE('',#2216,#2217);
#2216 = CARTESIAN_POINT('',(0.,0.));
#2217 = VECTOR('',#2218,1.);
#2218 = DIRECTION('',(1.,0.));
#2219 = ( GEOMETRIC_REPRESENTATION_CONTEXT(2) 
PARAMETRIC_REPRESENTATION_CONTEXT() REPRESENTATION_CONTEXT('2D SPACE',''
  ) );
#2220 = PCURVE('',#564,#2221);
#2221 = DEFINITIONAL_REPRESENTATION('',(#2222),#2226);
#2222 = CIRCLE('',#2223,3.6);
#2223 = AXIS2_PLACEMENT_2D('',#2224,#2225);
#2224 = CARTESIAN_POINT('',(-32.3,23.300000001254));
#2225 = DIRECTION('',(1.,0.));
#2226 = ( GEOMETRIC_REPRESENTATION_CONTEXT(2) 
PARAMETRIC_REPRESENTATION_CONTEXT() REPRESENTATION_CONTEXT('2D SPACE',''
  ) );
#2227 = ORIENTED_EDGE('',*,*,#576,.T.);
#2228 = ADVANCED_FACE('',(#2229),#564,.T.);
#2229 = FACE_BOUND('',#2230,.T.);
#2230 = EDGE_LOOP('',(#2231,#2232,#2233,#2234));
#2231 = ORIENTED_EDGE('',*,*,#548,.F.);
#2232 = ORIENTED_EDGE('',*,*,#2206,.F.);
#2233 = ORIENTED_EDGE('',*,*,#1675,.F.);
#2234 = ORIENTED_EDGE('',*,*,#2235,.F.);
#2235 = EDGE_CURVE('',#521,#1479,#2236,.T.);
#2236 = SURFACE_CURVE('',#2237,(#2242,#2253),.PCURVE_S1.);
#2237 = CIRCLE('',#2238,1.5);
#2238 = AXIS2_PLACEMENT_3D('',#2239,#2240,#2241);
#2239 = CARTESIAN_POINT('',(-34.,24.999999998274,3.));
#2240 = DIRECTION('',(0.,0.,-1.));
#2241 = DIRECTION('',(-1.,0.,0.));
#2242 = PCURVE('',#564,#2243);
#2243 = DEFINITIONAL_REPRESENTATION('',(#2244),#2252);
#2244 = ( BOUNDED_CURVE() B_SPLINE_CURVE(2,(#2245,#2246,#2247,#2248,
#2249,#2250,#2251),.UNSPECIFIED.,.T.,.F.) B_SPLINE_CURVE_WITH_KNOTS((1,2
    ,2,2,2,1),(-2.094395102393,0.,2.094395102393,4.188790204786,
6.28318530718,8.377580409573),.UNSPECIFIED.) CURVE() 
GEOMETRIC_REPRESENTATION_ITEM() RATIONAL_B_SPLINE_CURVE((1.,0.5,1.,0.5,
1.,0.5,1.)) REPRESENTATION_ITEM('') );
#2245 = CARTESIAN_POINT('',(-35.5,24.999999999528));
#2246 = CARTESIAN_POINT('',(-35.5,27.598076210882));
#2247 = CARTESIAN_POINT('',(-33.25,26.299038105205));
#2248 = CARTESIAN_POINT('',(-31.,24.999999999528));
#2249 = CARTESIAN_POINT('',(-33.25,23.700961893852));
#2250 = CARTESIAN_POINT('',(-35.5,22.401923788175));
#2251 = CARTESIAN_POINT('',(-35.5,24.999999999528));
#2252 = ( GEOMETRIC_REPRESENTATION_CONTEXT(2) 
PARAMETRIC_REPRESENTATION_CONTEXT() REPRESENTATION_CONTEXT('2D SPACE',''
  ) );
#2253 = PCURVE('',#536,#2254);
#2254 = DEFINITIONAL_REPRESENTATION('',(#2255),#2259);
#2255 = LINE('',#2256,#2257);
#2256 = CARTESIAN_POINT('',(0.,17.));
#2257 = VECTOR('',#2258,1.);
#2258 = DIRECTION('',(1.,0.));
#2259 = ( GEOMETRIC_REPRESENTATION_CONTEXT(2) 
PARAMETRIC_REPRESENTATION_CONTEXT() REPRESENTATION_CONTEXT('2D SPACE',''
  ) );
#2260 = ADVANCED_FACE('',(#2261),#536,.F.);
#2261 = FACE_BOUND('',#2262,.F.);
#2262 = EDGE_LOOP('',(#2263,#2264,#2290,#2291));
#2263 = ORIENTED_EDGE('',*,*,#520,.F.);
#2264 = ORIENTED_EDGE('',*,*,#2265,.T.);
#2265 = EDGE_CURVE('',#493,#1477,#2266,.T.);
#2266 = SURFACE_CURVE('',#2267,(#2272,#2279),.PCURVE_S1.);
#2267 = CIRCLE('',#2268,1.5);
#2268 = AXIS2_PLACEMENT_3D('',#2269,#2270,#2271);
#2269 = CARTESIAN_POINT('',(-34.,24.999999998274,21.8));
#2270 = DIRECTION('',(0.,0.,-1.));
#2271 = DIRECTION('',(-1.,0.,0.));
#2272 = PCURVE('',#536,#2273);
#2273 = DEFINITIONAL_REPRESENTATION('',(#2274),#2278);
#2274 = LINE('',#2275,#2276);
#2275 = CARTESIAN_POINT('',(0.,-1.8));
#2276 = VECTOR('',#2277,1.);
#2277 = DIRECTION('',(1.,0.));
#2278 = ( GEOMETRIC_REPRESENTATION_CONTEXT(2) 
PARAMETRIC_REPRESENTATION_CONTEXT() REPRESENTATION_CONTEXT('2D SPACE',''
  ) );
#2279 = PCURVE('',#508,#2280);
#2280 = DEFINITIONAL_REPRESENTATION('',(#2281),#2289);
#2281 = ( BOUNDED_CURVE() B_SPLINE_CURVE(2,(#2282,#2283,#2284,#2285,
#2286,#2287,#2288),.UNSPECIFIED.,.T.,.F.) B_SPLINE_CURVE_WITH_KNOTS((1,2
    ,2,2,2,1),(-2.094395102393,0.,2.094395102393,4.188790204786,
6.28318530718,8.377580409573),.UNSPECIFIED.) CURVE() 
GEOMETRIC_REPRESENTATION_ITEM() RATIONAL_B_SPLINE_CURVE((1.,0.5,1.,0.5,
1.,0.5,1.)) REPRESENTATION_ITEM('') );
#2282 = CARTESIAN_POINT('',(-35.5,24.999999999807));
#2283 = CARTESIAN_POINT('',(-35.5,27.59807621116));
#2284 = CARTESIAN_POINT('',(-33.25,26.299038105484));
#2285 = CARTESIAN_POINT('',(-31.,24.999999999807));
#2286 = CARTESIAN_POINT('',(-33.25,23.70096189413));
#2287 = CARTESIAN_POINT('',(-35.5,22.401923788454));
#2288 = CARTESIAN_POINT('',(-35.5,24.999999999807));
#2289 = ( GEOMETRIC_REPRESENTATION_CONTEXT(2) 
PARAMETRIC_REPRESENTATION_CONTEXT() REPRESENTATION_CONTEXT('2D SPACE',''
  ) );
#2290 = ORIENTED_EDGE('',*,*,#1476,.T.);
#2291 = ORIENTED_EDGE('',*,*,#2235,.F.);
#2292 = ADVANCED_FACE('',(#2293,#2539),#508,.T.);
#2293 = FACE_BOUND('',#2294,.T.);
#2294 = EDGE_LOOP('',(#2295,#2325,#2358,#2386,#2419,#2447,#2480,#2508));
#2295 = ORIENTED_EDGE('',*,*,#2296,.F.);
#2296 = EDGE_CURVE('',#2297,#2299,#2301,.T.);
#2297 = VERTEX_POINT('',#2298);
#2298 = CARTESIAN_POINT('',(-36.8,-25.,21.8));
#2299 = VERTEX_POINT('',#2300);
#2300 = CARTESIAN_POINT('',(-36.8,24.999999993381,21.8));
#2301 = SURFACE_CURVE('',#2302,(#2306,#2313),.PCURVE_S1.);
#2302 = LINE('',#2303,#2304);
#2303 = CARTESIAN_POINT('',(-36.8,9.610090501155E-13,21.8));
#2304 = VECTOR('',#2305,1.);
#2305 = DIRECTION('',(0.,1.,0.));
#2306 = PCURVE('',#508,#2307);
#2307 = DEFINITIONAL_REPRESENTATION('',(#2308),#2312);
#2308 = LINE('',#2309,#2310);
#2309 = CARTESIAN_POINT('',(-36.8,1.533981892996E-09));
#2310 = VECTOR('',#2311,1.);
#2311 = DIRECTION('',(0.,1.));
#2312 = ( GEOMETRIC_REPRESENTATION_CONTEXT(2) 
PARAMETRIC_REPRESENTATION_CONTEXT() REPRESENTATION_CONTEXT('2D SPACE',''
  ) );
#2313 = PCURVE('',#2314,#2319);
#2314 = PLANE('',#2315);
#2315 = AXIS2_PLACEMENT_3D('',#2316,#2317,#2318);
#2316 = CARTESIAN_POINT('',(-36.8,-25.,20.));
#2317 = DIRECTION('',(-1.,0.,0.));
#2318 = DIRECTION('',(0.,1.,0.));
#2319 = DEFINITIONAL_REPRESENTATION('',(#2320),#2324);
#2320 = LINE('',#2321,#2322);
#2321 = CARTESIAN_POINT('',(25.000000000002,-1.8));
#2322 = VECTOR('',#2323,1.);
#2323 = DIRECTION('',(1.,0.));
#2324 = ( GEOMETRIC_REPRESENTATION_CONTEXT(2) 
PARAMETRIC_REPRESENTATION_CONTEXT() REPRESENTATION_CONTEXT('2D SPACE',''
  ) );
#2325 = ORIENTED_EDGE('',*,*,#2326,.F.);
#2326 = EDGE_CURVE('',#2327,#2297,#2329,.T.);
#2327 = VERTEX_POINT('',#2328);
#2328 = CARTESIAN_POINT('',(-34.,-27.8,21.8));
#2329 = SURFACE_CURVE('',#2330,(#2335,#2346),.PCURVE_S1.);
#2330 = CIRCLE('',#2331,2.8);
#2331 = AXIS2_PLACEMENT_3D('',#2332,#2333,#2334);
#2332 = CARTESIAN_POINT('',(-34.,-25.,21.8));
#2333 = DIRECTION('',(0.,0.,-1.));
#2334 = DIRECTION('',(-1.,0.,0.));
#2335 = PCURVE('',#508,#2336);
#2336 = DEFINITIONAL_REPRESENTATION('',(#2337),#2345);
#2337 = ( BOUNDED_CURVE() B_SPLINE_CURVE(2,(#2338,#2339,#2340,#2341,
#2342,#2343,#2344),.UNSPECIFIED.,.T.,.F.) B_SPLINE_CURVE_WITH_KNOTS((1,2
    ,2,2,2,1),(-2.094395102393,0.,2.094395102393,4.188790204786,
6.28318530718,8.377580409573),.UNSPECIFIED.) CURVE() 
GEOMETRIC_REPRESENTATION_ITEM() RATIONAL_B_SPLINE_CURVE((1.,0.5,1.,0.5,
1.,0.5,1.)) REPRESENTATION_ITEM('') );
#2338 = CARTESIAN_POINT('',(-36.8,-24.99999999846));
#2339 = CARTESIAN_POINT('',(-36.8,-20.15025773727));
#2340 = CARTESIAN_POINT('',(-32.6,-22.57512886787));
#2341 = CARTESIAN_POINT('',(-28.4,-24.99999999846));
#2342 = CARTESIAN_POINT('',(-32.6,-27.42487112906));
#2343 = CARTESIAN_POINT('',(-36.8,-29.84974225966));
#2344 = CARTESIAN_POINT('',(-36.8,-24.99999999846));
#2345 = ( GEOMETRIC_REPRESENTATION_CONTEXT(2) 
PARAMETRIC_REPRESENTATION_CONTEXT() REPRESENTATION_CONTEXT('2D SPACE',''
  ) );
#2346 = PCURVE('',#2347,#2352);
#2347 = CYLINDRICAL_SURFACE('',#2348,2.8);
#2348 = AXIS2_PLACEMENT_3D('',#2349,#2350,#2351);
#2349 = CARTESIAN_POINT('',(-34.,-25.,20.));
#2350 = DIRECTION('',(0.,0.,-1.));
#2351 = DIRECTION('',(-1.,0.,0.));
#2352 = DEFINITIONAL_REPRESENTATION('',(#2353),#2357);
#2353 = LINE('',#2354,#2355);
#2354 = CARTESIAN_POINT('',(0.,-1.8));
#2355 = VECTOR('',#2356,1.);
#2356 = DIRECTION('',(1.,0.));
#2357 = ( GEOMETRIC_REPRESENTATION_CONTEXT(2) 
PARAMETRIC_REPRESENTATION_CONTEXT() REPRESENTATION_CONTEXT('2D SPACE',''
  ) );
#2358 = ORIENTED_EDGE('',*,*,#2359,.T.);
#2359 = EDGE_CURVE('',#2327,#2360,#2362,.T.);
#2360 = VERTEX_POINT('',#2361);
#2361 = CARTESIAN_POINT('',(34.,-27.8,21.8));
#2362 = SURFACE_CURVE('',#2363,(#2367,#2374),.PCURVE_S1.);
#2363 = LINE('',#2364,#2365);
#2364 = CARTESIAN_POINT('',(0.,-27.79999999999,21.8));
#2365 = VECTOR('',#2366,1.);
#2366 = DIRECTION('',(1.,0.,0.));
#2367 = PCURVE('',#508,#2368);
#2368 = DEFINITIONAL_REPRESENTATION('',(#2369),#2373);
#2369 = LINE('',#2370,#2371);
#2370 = CARTESIAN_POINT('',(-1.40205875015E-17,-27.79999999846));
#2371 = VECTOR('',#2372,1.);
#2372 = DIRECTION('',(1.,0.));
#2373 = ( GEOMETRIC_REPRESENTATION_CONTEXT(2) 
PARAMETRIC_REPRESENTATION_CONTEXT() REPRESENTATION_CONTEXT('2D SPACE',''
  ) );
#2374 = PCURVE('',#2375,#2380);
#2375 = PLANE('',#2376);
#2376 = AXIS2_PLACEMENT_3D('',#2377,#2378,#2379);
#2377 = CARTESIAN_POINT('',(-34.,-27.79999999999,20.));
#2378 = DIRECTION('',(0.,1.,0.));
#2379 = DIRECTION('',(1.,0.,0.));
#2380 = DEFINITIONAL_REPRESENTATION('',(#2381),#2385);
#2381 = LINE('',#2382,#2383);
#2382 = CARTESIAN_POINT('',(34.,-1.8));
#2383 = VECTOR('',#2384,1.);
#2384 = DIRECTION('',(1.,0.));
#2385 = ( GEOMETRIC_REPRESENTATION_CONTEXT(2) 
PARAMETRIC_REPRESENTATION_CONTEXT() REPRESENTATION_CONTEXT('2D SPACE',''
  ) );
#2386 = ORIENTED_EDGE('',*,*,#2387,.F.);
#2387 = EDGE_CURVE('',#2388,#2360,#2390,.T.);
#2388 = VERTEX_POINT('',#2389);
#2389 = CARTESIAN_POINT('',(36.8,-25.,21.8));
#2390 = SURFACE_CURVE('',#2391,(#2396,#2407),.PCURVE_S1.);
#2391 = CIRCLE('',#2392,2.8);
#2392 = AXIS2_PLACEMENT_3D('',#2393,#2394,#2395);
#2393 = CARTESIAN_POINT('',(34.,-25.,21.8));
#2394 = DIRECTION('',(0.,0.,-1.));
#2395 = DIRECTION('',(-1.,0.,0.));
#2396 = PCURVE('',#508,#2397);
#2397 = DEFINITIONAL_REPRESENTATION('',(#2398),#2406);
#2398 = ( BOUNDED_CURVE() B_SPLINE_CURVE(2,(#2399,#2400,#2401,#2402,
#2403,#2404,#2405),.UNSPECIFIED.,.T.,.F.) B_SPLINE_CURVE_WITH_KNOTS((1,2
    ,2,2,2,1),(-2.094395102393,0.,2.094395102393,4.188790204786,
6.28318530718,8.377580409573),.UNSPECIFIED.) CURVE() 
GEOMETRIC_REPRESENTATION_ITEM() RATIONAL_B_SPLINE_CURVE((1.,0.5,1.,0.5,
1.,0.5,1.)) REPRESENTATION_ITEM('') );
#2399 = CARTESIAN_POINT('',(31.2,-24.99999999846));
#2400 = CARTESIAN_POINT('',(31.2,-20.15025773727));
#2401 = CARTESIAN_POINT('',(35.4,-22.57512886787));
#2402 = CARTESIAN_POINT('',(39.6,-24.99999999846));
#2403 = CARTESIAN_POINT('',(35.4,-27.42487112906));
#2404 = CARTESIAN_POINT('',(31.2,-29.84974225966));
#2405 = CARTESIAN_POINT('',(31.2,-24.99999999846));
#2406 = ( GEOMETRIC_REPRESENTATION_CONTEXT(2) 
PARAMETRIC_REPRESENTATION_CONTEXT() REPRESENTATION_CONTEXT('2D SPACE',''
  ) );
#2407 = PCURVE('',#2408,#2413);
#2408 = CYLINDRICAL_SURFACE('',#2409,2.8);
#2409 = AXIS2_PLACEMENT_3D('',#2410,#2411,#2412);
#2410 = CARTESIAN_POINT('',(34.,-25.,20.));
#2411 = DIRECTION('',(0.,0.,-1.));
#2412 = DIRECTION('',(-1.,0.,0.));
#2413 = DEFINITIONAL_REPRESENTATION('',(#2414),#2418);
#2414 = LINE('',#2415,#2416);
#2415 = CARTESIAN_POINT('',(0.,-1.8));
#2416 = VECTOR('',#2417,1.);
#2417 = DIRECTION('',(1.,0.));
#2418 = ( GEOMETRIC_REPRESENTATION_CONTEXT(2) 
PARAMETRIC_REPRESENTATION_CONTEXT() REPRESENTATION_CONTEXT('2D SPACE',''
  ) );
#2419 = ORIENTED_EDGE('',*,*,#2420,.T.);
#2420 = EDGE_CURVE('',#2388,#2421,#2423,.T.);
#2421 = VERTEX_POINT('',#2422);
#2422 = CARTESIAN_POINT('',(36.8,24.999999993381,21.8));
#2423 = SURFACE_CURVE('',#2424,(#2428,#2435),.PCURVE_S1.);
#2424 = LINE('',#2425,#2426);
#2425 = CARTESIAN_POINT('',(36.8,9.610090501155E-13,21.8));
#2426 = VECTOR('',#2427,1.);
#2427 = DIRECTION('',(0.,1.,0.));
#2428 = PCURVE('',#508,#2429);
#2429 = DEFINITIONAL_REPRESENTATION('',(#2430),#2434);
#2430 = LINE('',#2431,#2432);
#2431 = CARTESIAN_POINT('',(36.8,1.533981892996E-09));
#2432 = VECTOR('',#2433,1.);
#2433 = DIRECTION('',(0.,1.));
#2434 = ( GEOMETRIC_REPRESENTATION_CONTEXT(2) 
PARAMETRIC_REPRESENTATION_CONTEXT() REPRESENTATION_CONTEXT('2D SPACE',''
  ) );
#2435 = PCURVE('',#2436,#2441);
#2436 = PLANE('',#2437);
#2437 = AXIS2_PLACEMENT_3D('',#2438,#2439,#2440);
#2438 = CARTESIAN_POINT('',(36.8,-25.,20.));
#2439 = DIRECTION('',(-1.,0.,0.));
#2440 = DIRECTION('',(0.,1.,0.));
#2441 = DEFINITIONAL_REPRESENTATION('',(#2442),#2446);
#2442 = LINE('',#2443,#2444);
#2443 = CARTESIAN_POINT('',(25.000000000002,-1.8));
#2444 = VECTOR('',#2445,1.);
#2445 = DIRECTION('',(1.,0.));
#2446 = ( GEOMETRIC_REPRESENTATION_CONTEXT(2) 
PARAMETRIC_REPRESENTATION_CONTEXT() REPRESENTATION_CONTEXT('2D SPACE',''
  ) );
#2447 = ORIENTED_EDGE('',*,*,#2448,.F.);
#2448 = EDGE_CURVE('',#2449,#2421,#2451,.T.);
#2449 = VERTEX_POINT('',#2450);
#2450 = CARTESIAN_POINT('',(34.,27.799999996691,21.8));
#2451 = SURFACE_CURVE('',#2452,(#2457,#2468),.PCURVE_S1.);
#2452 = CIRCLE('',#2453,2.8);
#2453 = AXIS2_PLACEMENT_3D('',#2454,#2455,#2456);
#2454 = CARTESIAN_POINT('',(34.,24.999999993381,21.8));
#2455 = DIRECTION('',(0.,0.,-1.));
#2456 = DIRECTION('',(-1.,0.,0.));
#2457 = PCURVE('',#508,#2458);
#2458 = DEFINITIONAL_REPRESENTATION('',(#2459),#2467);
#2459 = ( BOUNDED_CURVE() B_SPLINE_CURVE(2,(#2460,#2461,#2462,#2463,
#2464,#2465,#2466),.UNSPECIFIED.,.T.,.F.) B_SPLINE_CURVE_WITH_KNOTS((1,2
    ,2,2,2,1),(-2.094395102393,0.,2.094395102393,4.188790204786,
6.28318530718,8.377580409573),.UNSPECIFIED.) CURVE() 
GEOMETRIC_REPRESENTATION_ITEM() RATIONAL_B_SPLINE_CURVE((1.,0.5,1.,0.5,
1.,0.5,1.)) REPRESENTATION_ITEM('') );
#2460 = CARTESIAN_POINT('',(31.2,24.999999994914));
#2461 = CARTESIAN_POINT('',(31.2,29.849742256107));
#2462 = CARTESIAN_POINT('',(35.4,27.42487112551));
#2463 = CARTESIAN_POINT('',(39.6,24.999999994914));
#2464 = CARTESIAN_POINT('',(35.4,22.575128864317));
#2465 = CARTESIAN_POINT('',(31.2,20.150257733721));
#2466 = CARTESIAN_POINT('',(31.2,24.999999994914));
#2467 = ( GEOMETRIC_REPRESENTATION_CONTEXT(2) 
PARAMETRIC_REPRESENTATION_CONTEXT() REPRESENTATION_CONTEXT('2D SPACE',''
  ) );
#2468 = PCURVE('',#2469,#2474);
#2469 = CYLINDRICAL_SURFACE('',#2470,2.8);
#2470 = AXIS2_PLACEMENT_3D('',#2471,#2472,#2473);
#2471 = CARTESIAN_POINT('',(34.,24.999999993381,20.));
#2472 = DIRECTION('',(0.,0.,-1.));
#2473 = DIRECTION('',(-1.,0.,0.));
#2474 = DEFINITIONAL_REPRESENTATION('',(#2475),#2479);
#2475 = LINE('',#2476,#2477);
#2476 = CARTESIAN_POINT('',(0.,-1.8));
#2477 = VECTOR('',#2478,1.);
#2478 = DIRECTION('',(1.,0.));
#2479 = ( GEOMETRIC_REPRESENTATION_CONTEXT(2) 
PARAMETRIC_REPRESENTATION_CONTEXT() REPRESENTATION_CONTEXT('2D SPACE',''
  ) );
#2480 = ORIENTED_EDGE('',*,*,#2481,.F.);
#2481 = EDGE_CURVE('',#2482,#2449,#2484,.T.);
#2482 = VERTEX_POINT('',#2483);
#2483 = CARTESIAN_POINT('',(-34.,27.799999996691,21.8));
#2484 = SURFACE_CURVE('',#2485,(#2489,#2496),.PCURVE_S1.);
#2485 = LINE('',#2486,#2487);
#2486 = CARTESIAN_POINT('',(0.,27.800000000001,21.8));
#2487 = VECTOR('',#2488,1.);
#2488 = DIRECTION('',(1.,0.,0.));
#2489 = PCURVE('',#508,#2490);
#2490 = DEFINITIONAL_REPRESENTATION('',(#2491),#2495);
#2491 = LINE('',#2492,#2493);
#2492 = CARTESIAN_POINT('',(-1.40205875015E-17,27.800000001534));
#2493 = VECTOR('',#2494,1.);
#2494 = DIRECTION('',(1.,0.));
#2495 = ( GEOMETRIC_REPRESENTATION_CONTEXT(2) 
PARAMETRIC_REPRESENTATION_CONTEXT() REPRESENTATION_CONTEXT('2D SPACE',''
  ) );
#2496 = PCURVE('',#2497,#2502);
#2497 = PLANE('',#2498);
#2498 = AXIS2_PLACEMENT_3D('',#2499,#2500,#2501);
#2499 = CARTESIAN_POINT('',(-34.,27.800000000001,20.));
#2500 = DIRECTION('',(0.,1.,0.));
#2501 = DIRECTION('',(1.,0.,0.));
#2502 = DEFINITIONAL_REPRESENTATION('',(#2503),#2507);
#2503 = LINE('',#2504,#2505);
#2504 = CARTESIAN_POINT('',(34.,-1.8));
#2505 = VECTOR('',#2506,1.);
#2506 = DIRECTION('',(1.,0.));
#2507 = ( GEOMETRIC_REPRESENTATION_CONTEXT(2) 
PARAMETRIC_REPRESENTATION_CONTEXT() REPRESENTATION_CONTEXT('2D SPACE',''
  ) );
#2508 = ORIENTED_EDGE('',*,*,#2509,.F.);
#2509 = EDGE_CURVE('',#2299,#2482,#2510,.T.);
#2510 = SURFACE_CURVE('',#2511,(#2516,#2527),.PCURVE_S1.);
#2511 = CIRCLE('',#2512,2.8);
#2512 = AXIS2_PLACEMENT_3D('',#2513,#2514,#2515);
#2513 = CARTESIAN_POINT('',(-34.,24.999999993381,21.8));
#2514 = DIRECTION('',(0.,0.,-1.));
#2515 = DIRECTION('',(-1.,0.,0.));
#2516 = PCURVE('',#508,#2517);
#2517 = DEFINITIONAL_REPRESENTATION('',(#2518),#2526);
#2518 = ( BOUNDED_CURVE() B_SPLINE_CURVE(2,(#2519,#2520,#2521,#2522,
#2523,#2524,#2525),.UNSPECIFIED.,.T.,.F.) B_SPLINE_CURVE_WITH_KNOTS((1,2
    ,2,2,2,1),(-2.094395102393,0.,2.094395102393,4.188790204786,
6.28318530718,8.377580409573),.UNSPECIFIED.) CURVE() 
GEOMETRIC_REPRESENTATION_ITEM() RATIONAL_B_SPLINE_CURVE((1.,0.5,1.,0.5,
1.,0.5,1.)) REPRESENTATION_ITEM('') );
#2519 = CARTESIAN_POINT('',(-36.8,24.999999994914));
#2520 = CARTESIAN_POINT('',(-36.8,29.849742256107));
#2521 = CARTESIAN_POINT('',(-32.6,27.42487112551));
#2522 = CARTESIAN_POINT('',(-28.4,24.999999994914));
#2523 = CARTESIAN_POINT('',(-32.6,22.575128864317));
#2524 = CARTESIAN_POINT('',(-36.8,20.150257733721));
#2525 = CARTESIAN_POINT('',(-36.8,24.999999994914));
#2526 = ( GEOMETRIC_REPRESENTATION_CONTEXT(2) 
PARAMETRIC_REPRESENTATION_CONTEXT() REPRESENTATION_CONTEXT('2D SPACE',''
  ) );
#2527 = PCURVE('',#2528,#2533);
#2528 = CYLINDRICAL_SURFACE('',#2529,2.8);
#2529 = AXIS2_PLACEMENT_3D('',#2530,#2531,#2532);
#2530 = CARTESIAN_POINT('',(-34.,24.999999993381,20.));
#2531 = DIRECTION('',(0.,0.,-1.));
#2532 = DIRECTION('',(-1.,0.,0.));
#2533 = DEFINITIONAL_REPRESENTATION('',(#2534),#2538);
#2534 = LINE('',#2535,#2536);
#2535 = CARTESIAN_POINT('',(0.,-1.8));
#2536 = VECTOR('',#2537,1.);
#2537 = DIRECTION('',(1.,0.));
#2538 = ( GEOMETRIC_REPRESENTATION_CONTEXT(2) 
PARAMETRIC_REPRESENTATION_CONTEXT() REPRESENTATION_CONTEXT('2D SPACE',''
  ) );
#2539 = FACE_BOUND('',#2540,.T.);
#2540 = EDGE_LOOP('',(#2541,#2542,#2543,#2544,#2545,#2571,#2572,#2598));
#2541 = ORIENTED_EDGE('',*,*,#2054,.T.);
#2542 = ORIENTED_EDGE('',*,*,#492,.T.);
#2543 = ORIENTED_EDGE('',*,*,#2265,.T.);
#2544 = ORIENTED_EDGE('',*,*,#1501,.T.);
#2545 = ORIENTED_EDGE('',*,*,#2546,.T.);
#2546 = EDGE_CURVE('',#1502,#1259,#2547,.T.);
#2547 = SURFACE_CURVE('',#2548,(#2553,#2564),.PCURVE_S1.);
#2548 = CIRCLE('',#2549,1.5);
#2549 = AXIS2_PLACEMENT_3D('',#2550,#2551,#2552);
#2550 = CARTESIAN_POINT('',(34.,24.999999998274,21.8));
#2551 = DIRECTION('',(0.,0.,-1.));
#2552 = DIRECTION('',(-1.,0.,0.));
#2553 = PCURVE('',#508,#2554);
#2554 = DEFINITIONAL_REPRESENTATION('',(#2555),#2563);
#2555 = ( BOUNDED_CURVE() B_SPLINE_CURVE(2,(#2556,#2557,#2558,#2559,
#2560,#2561,#2562),.UNSPECIFIED.,.T.,.F.) B_SPLINE_CURVE_WITH_KNOTS((1,2
    ,2,2,2,1),(-2.094395102393,0.,2.094395102393,4.188790204786,
6.28318530718,8.377580409573),.UNSPECIFIED.) CURVE() 
GEOMETRIC_REPRESENTATION_ITEM() RATIONAL_B_SPLINE_CURVE((1.,0.5,1.,0.5,
1.,0.5,1.)) REPRESENTATION_ITEM('') );
#2556 = CARTESIAN_POINT('',(32.5,24.999999999807));
#2557 = CARTESIAN_POINT('',(32.5,27.59807621116));
#2558 = CARTESIAN_POINT('',(34.75,26.299038105484));
#2559 = CARTESIAN_POINT('',(37.,24.999999999807));
#2560 = CARTESIAN_POINT('',(34.75,23.70096189413));
#2561 = CARTESIAN_POINT('',(32.5,22.401923788454));
#2562 = CARTESIAN_POINT('',(32.5,24.999999999807));
#2563 = ( GEOMETRIC_REPRESENTATION_CONTEXT(2) 
PARAMETRIC_REPRESENTATION_CONTEXT() REPRESENTATION_CONTEXT('2D SPACE',''
  ) );
#2564 = PCURVE('',#1297,#2565);
#2565 = DEFINITIONAL_REPRESENTATION('',(#2566),#2570);
#2566 = LINE('',#2567,#2568);
#2567 = CARTESIAN_POINT('',(0.,-1.8));
#2568 = VECTOR('',#2569,1.);
#2569 = DIRECTION('',(1.,0.));
#2570 = ( GEOMETRIC_REPRESENTATION_CONTEXT(2) 
PARAMETRIC_REPRESENTATION_CONTEXT() REPRESENTATION_CONTEXT('2D SPACE',''
  ) );
#2571 = ORIENTED_EDGE('',*,*,#1258,.F.);
#2572 = ORIENTED_EDGE('',*,*,#2573,.T.);
#2573 = EDGE_CURVE('',#1234,#830,#2574,.T.);
#2574 = SURFACE_CURVE('',#2575,(#2580,#2591),.PCURVE_S1.);
#2575 = CIRCLE('',#2576,1.5);
#2576 = AXIS2_PLACEMENT_3D('',#2577,#2578,#2579);
#2577 = CARTESIAN_POINT('',(34.,-25.,21.8));
#2578 = DIRECTION('',(0.,0.,-1.));
#2579 = DIRECTION('',(-1.,0.,0.));
#2580 = PCURVE('',#508,#2581);
#2581 = DEFINITIONAL_REPRESENTATION('',(#2582),#2590);
#2582 = ( BOUNDED_CURVE() B_SPLINE_CURVE(2,(#2583,#2584,#2585,#2586,
#2587,#2588,#2589),.UNSPECIFIED.,.T.,.F.) B_SPLINE_CURVE_WITH_KNOTS((1,2
    ,2,2,2,1),(-2.094395102393,0.,2.094395102393,4.188790204786,
6.28318530718,8.377580409573),.UNSPECIFIED.) CURVE() 
GEOMETRIC_REPRESENTATION_ITEM() RATIONAL_B_SPLINE_CURVE((1.,0.5,1.,0.5,
1.,0.5,1.)) REPRESENTATION_ITEM('') );
#2583 = CARTESIAN_POINT('',(32.5,-24.99999999847));
#2584 = CARTESIAN_POINT('',(32.5,-22.40192378711));
#2585 = CARTESIAN_POINT('',(34.75,-23.70096189279));
#2586 = CARTESIAN_POINT('',(37.,-24.99999999847));
#2587 = CARTESIAN_POINT('',(34.75,-26.29903810414));
#2588 = CARTESIAN_POINT('',(32.5,-27.59807620982));
#2589 = CARTESIAN_POINT('',(32.5,-24.99999999847));
#2590 = ( GEOMETRIC_REPRESENTATION_CONTEXT(2) 
PARAMETRIC_REPRESENTATION_CONTEXT() REPRESENTATION_CONTEXT('2D SPACE',''
  ) );
#2591 = PCURVE('',#868,#2592);
#2592 = DEFINITIONAL_REPRESENTATION('',(#2593),#2597);
#2593 = LINE('',#2594,#2595);
#2594 = CARTESIAN_POINT('',(0.,-1.8));
#2595 = VECTOR('',#2596,1.);
#2596 = DIRECTION('',(1.,0.));
#2597 = ( GEOMETRIC_REPRESENTATION_CONTEXT(2) 
PARAMETRIC_REPRESENTATION_CONTEXT() REPRESENTATION_CONTEXT('2D SPACE',''
  ) );
#2598 = ORIENTED_EDGE('',*,*,#829,.F.);
#2599 = ADVANCED_FACE('',(#2600),#789,.F.);
#2600 = FACE_BOUND('',#2601,.F.);
#2601 = EDGE_LOOP('',(#2602,#2603,#2626,#2653));
#2602 = ORIENTED_EDGE('',*,*,#772,.F.);
#2603 = ORIENTED_EDGE('',*,*,#2604,.F.);
#2604 = EDGE_CURVE('',#2605,#773,#2607,.T.);
#2605 = VERTEX_POINT('',#2606);
#2606 = CARTESIAN_POINT('',(-30.3,-23.3,14.5));
#2607 = SEAM_CURVE('',#2608,(#2612,#2619),.PCURVE_S1.);
#2608 = LINE('',#2609,#2610);
#2609 = CARTESIAN_POINT('',(-30.3,-23.3,14.5));
#2610 = VECTOR('',#2611,1.);
#2611 = DIRECTION('',(0.,0.,1.));
#2612 = PCURVE('',#789,#2613);
#2613 = DEFINITIONAL_REPRESENTATION('',(#2614),#2618);
#2614 = LINE('',#2615,#2616);
#2615 = CARTESIAN_POINT('',(6.28318530718,-0.));
#2616 = VECTOR('',#2617,1.);
#2617 = DIRECTION('',(0.,1.));
#2618 = ( GEOMETRIC_REPRESENTATION_CONTEXT(2) 
PARAMETRIC_REPRESENTATION_CONTEXT() REPRESENTATION_CONTEXT('2D SPACE',''
  ) );
#2619 = PCURVE('',#789,#2620);
#2620 = DEFINITIONAL_REPRESENTATION('',(#2621),#2625);
#2621 = LINE('',#2622,#2623);
#2622 = CARTESIAN_POINT('',(0.,-0.));
#2623 = VECTOR('',#2624,1.);
#2624 = DIRECTION('',(0.,1.));
#2625 = ( GEOMETRIC_REPRESENTATION_CONTEXT(2) 
PARAMETRIC_REPRESENTATION_CONTEXT() REPRESENTATION_CONTEXT('2D SPACE',''
  ) );
#2626 = ORIENTED_EDGE('',*,*,#2627,.T.);
#2627 = EDGE_CURVE('',#2605,#2605,#2628,.T.);
#2628 = SURFACE_CURVE('',#2629,(#2634,#2641),.PCURVE_S1.);
#2629 = CIRCLE('',#2630,2.);
#2630 = AXIS2_PLACEMENT_3D('',#2631,#2632,#2633);
#2631 = CARTESIAN_POINT('',(-32.3,-23.3,14.5));
#2632 = DIRECTION('',(0.,0.,1.));
#2633 = DIRECTION('',(1.,0.,0.));
#2634 = PCURVE('',#789,#2635);
#2635 = DEFINITIONAL_REPRESENTATION('',(#2636),#2640);
#2636 = LINE('',#2637,#2638);
#2637 = CARTESIAN_POINT('',(0.,0.));
#2638 = VECTOR('',#2639,1.);
#2639 = DIRECTION('',(1.,0.));
#2640 = ( GEOMETRIC_REPRESENTATION_CONTEXT(2) 
PARAMETRIC_REPRESENTATION_CONTEXT() REPRESENTATION_CONTEXT('2D SPACE',''
  ) );
#2641 = PCURVE('',#2642,#2647);
#2642 = PLANE('',#2643);
#2643 = AXIS2_PLACEMENT_3D('',#2644,#2645,#2646);
#2644 = CARTESIAN_POINT('',(-32.3,-23.3,14.5));
#2645 = DIRECTION('',(0.,0.,1.));
#2646 = DIRECTION('',(1.,0.,0.));
#2647 = DEFINITIONAL_REPRESENTATION('',(#2648),#2652);
#2648 = CIRCLE('',#2649,2.);
#2649 = AXIS2_PLACEMENT_2D('',#2650,#2651);
#2650 = CARTESIAN_POINT('',(0.,0.));
#2651 = DIRECTION('',(1.,0.));
#2652 = ( GEOMETRIC_REPRESENTATION_CONTEXT(2) 
PARAMETRIC_REPRESENTATION_CONTEXT() REPRESENTATION_CONTEXT('2D SPACE',''
  ) );
#2653 = ORIENTED_EDGE('',*,*,#2604,.T.);
#2654 = ADVANCED_FACE('',(#2655),#868,.F.);
#2655 = FACE_BOUND('',#2656,.F.);
#2656 = EDGE_LOOP('',(#2657,#2658,#2659,#2660));
#2657 = ORIENTED_EDGE('',*,*,#1233,.F.);
#2658 = ORIENTED_EDGE('',*,*,#2573,.T.);
#2659 = ORIENTED_EDGE('',*,*,#852,.T.);
#2660 = ORIENTED_EDGE('',*,*,#2661,.F.);
#2661 = EDGE_CURVE('',#1236,#853,#2662,.T.);
#2662 = SURFACE_CURVE('',#2663,(#2668,#2675),.PCURVE_S1.);
#2663 = CIRCLE('',#2664,1.5);
#2664 = AXIS2_PLACEMENT_3D('',#2665,#2666,#2667);
#2665 = CARTESIAN_POINT('',(34.,-25.,3.));
#2666 = DIRECTION('',(0.,0.,-1.));
#2667 = DIRECTION('',(-1.,0.,0.));
#2668 = PCURVE('',#868,#2669);
#2669 = DEFINITIONAL_REPRESENTATION('',(#2670),#2674);
#2670 = LINE('',#2671,#2672);
#2671 = CARTESIAN_POINT('',(0.,17.));
#2672 = VECTOR('',#2673,1.);
#2673 = DIRECTION('',(1.,0.));
#2674 = ( GEOMETRIC_REPRESENTATION_CONTEXT(2) 
PARAMETRIC_REPRESENTATION_CONTEXT() REPRESENTATION_CONTEXT('2D SPACE',''
  ) );
#2675 = PCURVE('',#896,#2676);
#2676 = DEFINITIONAL_REPRESENTATION('',(#2677),#2685);
#2677 = ( BOUNDED_CURVE() B_SPLINE_CURVE(2,(#2678,#2679,#2680,#2681,
#2682,#2683,#2684),.UNSPECIFIED.,.T.,.F.) B_SPLINE_CURVE_WITH_KNOTS((1,2
    ,2,2,2,1),(-2.094395102393,0.,2.094395102393,4.188790204786,
6.28318530718,8.377580409573),.UNSPECIFIED.) CURVE() 
GEOMETRIC_REPRESENTATION_ITEM() RATIONAL_B_SPLINE_CURVE((1.,0.5,1.,0.5,
1.,0.5,1.)) REPRESENTATION_ITEM('') );
#2678 = CARTESIAN_POINT('',(32.5,-24.99999999874));
#2679 = CARTESIAN_POINT('',(32.5,-22.40192378739));
#2680 = CARTESIAN_POINT('',(34.75,-23.70096189307));
#2681 = CARTESIAN_POINT('',(37.,-24.99999999874));
#2682 = CARTESIAN_POINT('',(34.75,-26.29903810442));
#2683 = CARTESIAN_POINT('',(32.5,-27.5980762101));
#2684 = CARTESIAN_POINT('',(32.5,-24.99999999874));
#2685 = ( GEOMETRIC_REPRESENTATION_CONTEXT(2) 
PARAMETRIC_REPRESENTATION_CONTEXT() REPRESENTATION_CONTEXT('2D SPACE',''
  ) );
#2686 = ADVANCED_FACE('',(#2687),#896,.T.);
#2687 = FACE_BOUND('',#2688,.T.);
#2688 = EDGE_LOOP('',(#2689,#2711,#2712,#2713));
#2689 = ORIENTED_EDGE('',*,*,#2690,.F.);
#2690 = EDGE_CURVE('',#881,#1432,#2691,.T.);
#2691 = SURFACE_CURVE('',#2692,(#2697,#2704),.PCURVE_S1.);
#2692 = CIRCLE('',#2693,3.6);
#2693 = AXIS2_PLACEMENT_3D('',#2694,#2695,#2696);
#2694 = CARTESIAN_POINT('',(32.3,-23.3,3.));
#2695 = DIRECTION('',(0.,0.,1.));
#2696 = DIRECTION('',(1.,0.,0.));
#2697 = PCURVE('',#896,#2698);
#2698 = DEFINITIONAL_REPRESENTATION('',(#2699),#2703);
#2699 = CIRCLE('',#2700,3.6);
#2700 = AXIS2_PLACEMENT_2D('',#2701,#2702);
#2701 = CARTESIAN_POINT('',(32.3,-23.29999999874));
#2702 = DIRECTION('',(1.,0.));
#2703 = ( GEOMETRIC_REPRESENTATION_CONTEXT(2) 
PARAMETRIC_REPRESENTATION_CONTEXT() REPRESENTATION_CONTEXT('2D SPACE',''
  ) );
#2704 = PCURVE('',#923,#2705);
#2705 = DEFINITIONAL_REPRESENTATION('',(#2706),#2710);
#2706 = LINE('',#2707,#2708);
#2707 = CARTESIAN_POINT('',(0.,0.));
#2708 = VECTOR('',#2709,1.);
#2709 = DIRECTION('',(1.,0.));
#2710 = ( GEOMETRIC_REPRESENTATION_CONTEXT(2) 
PARAMETRIC_REPRESENTATION_CONTEXT() REPRESENTATION_CONTEXT('2D SPACE',''
  ) );
#2711 = ORIENTED_EDGE('',*,*,#880,.T.);
#2712 = ORIENTED_EDGE('',*,*,#2661,.F.);
#2713 = ORIENTED_EDGE('',*,*,#1452,.T.);
#2714 = ADVANCED_FACE('',(#2715),#923,.T.);
#2715 = FACE_BOUND('',#2716,.T.);
#2716 = EDGE_LOOP('',(#2717,#2718,#2740,#2741));
#2717 = ORIENTED_EDGE('',*,*,#1431,.T.);
#2718 = ORIENTED_EDGE('',*,*,#2719,.F.);
#2719 = EDGE_CURVE('',#909,#1411,#2720,.T.);
#2720 = SURFACE_CURVE('',#2721,(#2726,#2733),.PCURVE_S1.);
#2721 = CIRCLE('',#2722,3.6);
#2722 = AXIS2_PLACEMENT_3D('',#2723,#2724,#2725);
#2723 = CARTESIAN_POINT('',(32.3,-23.3,20.));
#2724 = DIRECTION('',(0.,0.,1.));
#2725 = DIRECTION('',(1.,0.,0.));
#2726 = PCURVE('',#923,#2727);
#2727 = DEFINITIONAL_REPRESENTATION('',(#2728),#2732);
#2728 = LINE('',#2729,#2730);
#2729 = CARTESIAN_POINT('',(0.,17.));
#2730 = VECTOR('',#2731,1.);
#2731 = DIRECTION('',(1.,0.));
#2732 = ( GEOMETRIC_REPRESENTATION_CONTEXT(2) 
PARAMETRIC_REPRESENTATION_CONTEXT() REPRESENTATION_CONTEXT('2D SPACE',''
  ) );
#2733 = PCURVE('',#949,#2734);
#2734 = DEFINITIONAL_REPRESENTATION('',(#2735),#2739);
#2735 = CIRCLE('',#2736,3.6);
#2736 = AXIS2_PLACEMENT_2D('',#2737,#2738);
#2737 = CARTESIAN_POINT('',(0.,0.));
#2738 = DIRECTION('',(1.,0.));
#2739 = ( GEOMETRIC_REPRESENTATION_CONTEXT(2) 
PARAMETRIC_REPRESENTATION_CONTEXT() REPRESENTATION_CONTEXT('2D SPACE',''
  ) );
#2740 = ORIENTED_EDGE('',*,*,#908,.F.);
#2741 = ORIENTED_EDGE('',*,*,#2690,.T.);
#2742 = ADVANCED_FACE('',(#2743,#2749),#949,.T.);
#2743 = FACE_BOUND('',#2744,.T.);
#2744 = EDGE_LOOP('',(#2745,#2746,#2747,#2748));
#2745 = ORIENTED_EDGE('',*,*,#1410,.T.);
#2746 = ORIENTED_EDGE('',*,*,#1133,.T.);
#2747 = ORIENTED_EDGE('',*,*,#934,.T.);
#2748 = ORIENTED_EDGE('',*,*,#2719,.T.);
#2749 = FACE_BOUND('',#2750,.T.);
#2750 = EDGE_LOOP('',(#2751));
#2751 = ORIENTED_EDGE('',*,*,#2752,.F.);
#2752 = EDGE_CURVE('',#2753,#2753,#2755,.T.);
#2753 = VERTEX_POINT('',#2754);
#2754 = CARTESIAN_POINT('',(34.3,-23.3,20.));
#2755 = SURFACE_CURVE('',#2756,(#2761,#2768),.PCURVE_S1.);
#2756 = CIRCLE('',#2757,2.);
#2757 = AXIS2_PLACEMENT_3D('',#2758,#2759,#2760);
#2758 = CARTESIAN_POINT('',(32.3,-23.3,20.));
#2759 = DIRECTION('',(0.,0.,1.));
#2760 = DIRECTION('',(1.,0.,-0.));
#2761 = PCURVE('',#949,#2762);
#2762 = DEFINITIONAL_REPRESENTATION('',(#2763),#2767);
#2763 = CIRCLE('',#2764,2.);
#2764 = AXIS2_PLACEMENT_2D('',#2765,#2766);
#2765 = CARTESIAN_POINT('',(0.,0.));
#2766 = DIRECTION('',(1.,0.));
#2767 = ( GEOMETRIC_REPRESENTATION_CONTEXT(2) 
PARAMETRIC_REPRESENTATION_CONTEXT() REPRESENTATION_CONTEXT('2D SPACE',''
  ) );
#2768 = PCURVE('',#2769,#2774);
#2769 = CYLINDRICAL_SURFACE('',#2770,2.);
#2770 = AXIS2_PLACEMENT_3D('',#2771,#2772,#2773);
#2771 = CARTESIAN_POINT('',(32.3,-23.3,14.5));
#2772 = DIRECTION('',(0.,0.,1.));
#2773 = DIRECTION('',(1.,0.,0.));
#2774 = DEFINITIONAL_REPRESENTATION('',(#2775),#2779);
#2775 = LINE('',#2776,#2777);
#2776 = CARTESIAN_POINT('',(0.,5.5));
#2777 = VECTOR('',#2778,1.);
#2778 = DIRECTION('',(1.,0.));
#2779 = ( GEOMETRIC_REPRESENTATION_CONTEXT(2) 
PARAMETRIC_REPRESENTATION_CONTEXT() REPRESENTATION_CONTEXT('2D SPACE',''
  ) );
#2780 = ADVANCED_FACE('',(#2781),#1043,.F.);
#2781 = FACE_BOUND('',#2782,.F.);
#2782 = EDGE_LOOP('',(#2783,#2806,#2832,#2853));
#2783 = ORIENTED_EDGE('',*,*,#2784,.F.);
#2784 = EDGE_CURVE('',#2785,#1027,#2787,.T.);
#2785 = VERTEX_POINT('',#2786);
#2786 = CARTESIAN_POINT('',(-23.5,-29.,15.));
#2787 = SURFACE_CURVE('',#2788,(#2792,#2799),.PCURVE_S1.);
#2788 = LINE('',#2789,#2790);
#2789 = CARTESIAN_POINT('',(-23.5,-32.75,15.));
#2790 = VECTOR('',#2791,1.);
#2791 = DIRECTION('',(0.,1.,0.));
#2792 = PCURVE('',#1043,#2793);
#2793 = DEFINITIONAL_REPRESENTATION('',(#2794),#2798);
#2794 = LINE('',#2795,#2796);
#2795 = CARTESIAN_POINT('',(0.,0.));
#2796 = VECTOR('',#2797,1.);
#2797 = DIRECTION('',(0.,1.));
#2798 = ( GEOMETRIC_REPRESENTATION_CONTEXT(2) 
PARAMETRIC_REPRESENTATION_CONTEXT() REPRESENTATION_CONTEXT('2D SPACE',''
  ) );
#2799 = PCURVE('',#1069,#2800);
#2800 = DEFINITIONAL_REPRESENTATION('',(#2801),#2805);
#2801 = LINE('',#2802,#2803);
#2802 = CARTESIAN_POINT('',(8.,0.));
#2803 = VECTOR('',#2804,1.);
#2804 = DIRECTION('',(0.,-1.));
#2805 = ( GEOMETRIC_REPRESENTATION_CONTEXT(2) 
PARAMETRIC_REPRESENTATION_CONTEXT() REPRESENTATION_CONTEXT('2D SPACE',''
  ) );
#2806 = ORIENTED_EDGE('',*,*,#2807,.T.);
#2807 = EDGE_CURVE('',#2785,#2808,#2810,.T.);
#2808 = VERTEX_POINT('',#2809);
#2809 = CARTESIAN_POINT('',(-11.5,-29.,15.));
#2810 = SURFACE_CURVE('',#2811,(#2815,#2821),.PCURVE_S1.);
#2811 = LINE('',#2812,#2813);
#2812 = CARTESIAN_POINT('',(-28.75,-29.,15.));
#2813 = VECTOR('',#2814,1.);
#2814 = DIRECTION('',(1.,0.,0.));
#2815 = PCURVE('',#1043,#2816);
#2816 = DEFINITIONAL_REPRESENTATION('',(#2817),#2820);
#2817 = B_SPLINE_CURVE_WITH_KNOTS('',1,(#2818,#2819),.UNSPECIFIED.,.F.,
  .F.,(2,2),(5.25,17.25),.PIECEWISE_BEZIER_KNOTS.);
#2818 = CARTESIAN_POINT('',(0.,3.75));
#2819 = CARTESIAN_POINT('',(12.,3.75));
#2820 = ( GEOMETRIC_REPRESENTATION_CONTEXT(2) 
PARAMETRIC_REPRESENTATION_CONTEXT() REPRESENTATION_CONTEXT('2D SPACE',''
  ) );
#2821 = PCURVE('',#2822,#2827);
#2822 = PLANE('',#2823);
#2823 = AXIS2_PLACEMENT_3D('',#2824,#2825,#2826);
#2824 = CARTESIAN_POINT('',(-34.,-29.,3.));
#2825 = DIRECTION('',(0.,1.,0.));
#2826 = DIRECTION('',(1.,0.,0.));
#2827 = DEFINITIONAL_REPRESENTATION('',(#2828),#2831);
#2828 = B_SPLINE_CURVE_WITH_KNOTS('',1,(#2829,#2830),.UNSPECIFIED.,.F.,
  .F.,(2,2),(5.25,17.25),.PIECEWISE_BEZIER_KNOTS.);
#2829 = CARTESIAN_POINT('',(10.5,-12.));
#2830 = CARTESIAN_POINT('',(22.5,-12.));
#2831 = ( GEOMETRIC_REPRESENTATION_CONTEXT(2) 
PARAMETRIC_REPRESENTATION_CONTEXT() REPRESENTATION_CONTEXT('2D SPACE',''
  ) );
#2832 = ORIENTED_EDGE('',*,*,#2833,.T.);
#2833 = EDGE_CURVE('',#2808,#1029,#2834,.T.);
#2834 = SURFACE_CURVE('',#2835,(#2839,#2846),.PCURVE_S1.);
#2835 = LINE('',#2836,#2837);
#2836 = CARTESIAN_POINT('',(-11.5,-32.75,15.));
#2837 = VECTOR('',#2838,1.);
#2838 = DIRECTION('',(0.,1.,0.));
#2839 = PCURVE('',#1043,#2840);
#2840 = DEFINITIONAL_REPRESENTATION('',(#2841),#2845);
#2841 = LINE('',#2842,#2843);
#2842 = CARTESIAN_POINT('',(12.,0.));
#2843 = VECTOR('',#2844,1.);
#2844 = DIRECTION('',(0.,1.));
#2845 = ( GEOMETRIC_REPRESENTATION_CONTEXT(2) 
PARAMETRIC_REPRESENTATION_CONTEXT() REPRESENTATION_CONTEXT('2D SPACE',''
  ) );
#2846 = PCURVE('',#1119,#2847);
#2847 = DEFINITIONAL_REPRESENTATION('',(#2848),#2852);
#2848 = LINE('',#2849,#2850);
#2849 = CARTESIAN_POINT('',(8.,0.));
#2850 = VECTOR('',#2851,1.);
#2851 = DIRECTION('',(0.,-1.));
#2852 = ( GEOMETRIC_REPRESENTATION_CONTEXT(2) 
PARAMETRIC_REPRESENTATION_CONTEXT() REPRESENTATION_CONTEXT('2D SPACE',''
  ) );
#2853 = ORIENTED_EDGE('',*,*,#1026,.F.);
#2854 = ADVANCED_FACE('',(#2855),#1119,.F.);
#2855 = FACE_BOUND('',#2856,.F.);
#2856 = EDGE_LOOP('',(#2857,#2858,#2879,#2900));
#2857 = ORIENTED_EDGE('',*,*,#2833,.F.);
#2858 = ORIENTED_EDGE('',*,*,#2859,.T.);
#2859 = EDGE_CURVE('',#2808,#2860,#2862,.T.);
#2860 = VERTEX_POINT('',#2861);
#2861 = CARTESIAN_POINT('',(-11.5,-29.,7.));
#2862 = SURFACE_CURVE('',#2863,(#2867,#2873),.PCURVE_S1.);
#2863 = LINE('',#2864,#2865);
#2864 = CARTESIAN_POINT('',(-11.5,-29.,5.));
#2865 = VECTOR('',#2866,1.);
#2866 = DIRECTION('',(0.,0.,-1.));
#2867 = PCURVE('',#1119,#2868);
#2868 = DEFINITIONAL_REPRESENTATION('',(#2869),#2872);
#2869 = B_SPLINE_CURVE_WITH_KNOTS('',1,(#2870,#2871),.UNSPECIFIED.,.F.,
  .F.,(2,2),(-10.,-2.),.PIECEWISE_BEZIER_KNOTS.);
#2870 = CARTESIAN_POINT('',(8.,-3.75));
#2871 = CARTESIAN_POINT('',(0.,-3.75));
#2872 = ( GEOMETRIC_REPRESENTATION_CONTEXT(2) 
PARAMETRIC_REPRESENTATION_CONTEXT() REPRESENTATION_CONTEXT('2D SPACE',''
  ) );
#2873 = PCURVE('',#2822,#2874);
#2874 = DEFINITIONAL_REPRESENTATION('',(#2875),#2878);
#2875 = B_SPLINE_CURVE_WITH_KNOTS('',1,(#2876,#2877),.UNSPECIFIED.,.F.,
  .F.,(2,2),(-10.,-2.),.PIECEWISE_BEZIER_KNOTS.);
#2876 = CARTESIAN_POINT('',(22.5,-12.));
#2877 = CARTESIAN_POINT('',(22.5,-4.));
#2878 = ( GEOMETRIC_REPRESENTATION_CONTEXT(2) 
PARAMETRIC_REPRESENTATION_CONTEXT() REPRESENTATION_CONTEXT('2D SPACE',''
  ) );
#2879 = ORIENTED_EDGE('',*,*,#2880,.T.);
#2880 = EDGE_CURVE('',#2860,#1081,#2881,.T.);
#2881 = SURFACE_CURVE('',#2882,(#2886,#2893),.PCURVE_S1.);
#2882 = LINE('',#2883,#2884);
#2883 = CARTESIAN_POINT('',(-11.5,-32.75,7.));
#2884 = VECTOR('',#2885,1.);
#2885 = DIRECTION('',(0.,1.,0.));
#2886 = PCURVE('',#1119,#2887);
#2887 = DEFINITIONAL_REPRESENTATION('',(#2888),#2892);
#2888 = LINE('',#2889,#2890);
#2889 = CARTESIAN_POINT('',(0.,0.));
#2890 = VECTOR('',#2891,1.);
#2891 = DIRECTION('',(0.,-1.));
#2892 = ( GEOMETRIC_REPRESENTATION_CONTEXT(2) 
PARAMETRIC_REPRESENTATION_CONTEXT() REPRESENTATION_CONTEXT('2D SPACE',''
  ) );
#2893 = PCURVE('',#1095,#2894);
#2894 = DEFINITIONAL_REPRESENTATION('',(#2895),#2899);
#2895 = LINE('',#2896,#2897);
#2896 = CARTESIAN_POINT('',(12.,0.));
#2897 = VECTOR('',#2898,1.);
#2898 = DIRECTION('',(0.,1.));
#2899 = ( GEOMETRIC_REPRESENTATION_CONTEXT(2) 
PARAMETRIC_REPRESENTATION_CONTEXT() REPRESENTATION_CONTEXT('2D SPACE',''
  ) );
#2900 = ORIENTED_EDGE('',*,*,#1106,.F.);
#2901 = ADVANCED_FACE('',(#2902),#1095,.T.);
#2902 = FACE_BOUND('',#2903,.T.);
#2903 = EDGE_LOOP('',(#2904,#2927,#2946,#2947));
#2904 = ORIENTED_EDGE('',*,*,#2905,.F.);
#2905 = EDGE_CURVE('',#2906,#1055,#2908,.T.);
#2906 = VERTEX_POINT('',#2907);
#2907 = CARTESIAN_POINT('',(-23.5,-29.,7.));
#2908 = SURFACE_CURVE('',#2909,(#2913,#2920),.PCURVE_S1.);
#2909 = LINE('',#2910,#2911);
#2910 = CARTESIAN_POINT('',(-23.5,-32.75,7.));
#2911 = VECTOR('',#2912,1.);
#2912 = DIRECTION('',(0.,1.,0.));
#2913 = PCURVE('',#1095,#2914);
#2914 = DEFINITIONAL_REPRESENTATION('',(#2915),#2919);
#2915 = LINE('',#2916,#2917);
#2916 = CARTESIAN_POINT('',(0.,0.));
#2917 = VECTOR('',#2918,1.);
#2918 = DIRECTION('',(0.,1.));
#2919 = ( GEOMETRIC_REPRESENTATION_CONTEXT(2) 
PARAMETRIC_REPRESENTATION_CONTEXT() REPRESENTATION_CONTEXT('2D SPACE',''
  ) );
#2920 = PCURVE('',#1069,#2921);
#2921 = DEFINITIONAL_REPRESENTATION('',(#2922),#2926);
#2922 = LINE('',#2923,#2924);
#2923 = CARTESIAN_POINT('',(0.,0.));
#2924 = VECTOR('',#2925,1.);
#2925 = DIRECTION('',(0.,-1.));
#2926 = ( GEOMETRIC_REPRESENTATION_CONTEXT(2) 
PARAMETRIC_REPRESENTATION_CONTEXT() REPRESENTATION_CONTEXT('2D SPACE',''
  ) );
#2927 = ORIENTED_EDGE('',*,*,#2928,.T.);
#2928 = EDGE_CURVE('',#2906,#2860,#2929,.T.);
#2929 = SURFACE_CURVE('',#2930,(#2934,#2940),.PCURVE_S1.);
#2930 = LINE('',#2931,#2932);
#2931 = CARTESIAN_POINT('',(-28.75,-29.,7.));
#2932 = VECTOR('',#2933,1.);
#2933 = DIRECTION('',(1.,0.,0.));
#2934 = PCURVE('',#1095,#2935);
#2935 = DEFINITIONAL_REPRESENTATION('',(#2936),#2939);
#2936 = B_SPLINE_CURVE_WITH_KNOTS('',1,(#2937,#2938),.UNSPECIFIED.,.F.,
  .F.,(2,2),(5.25,17.25),.PIECEWISE_BEZIER_KNOTS.);
#2937 = CARTESIAN_POINT('',(0.,3.75));
#2938 = CARTESIAN_POINT('',(12.,3.75));
#2939 = ( GEOMETRIC_REPRESENTATION_CONTEXT(2) 
PARAMETRIC_REPRESENTATION_CONTEXT() REPRESENTATION_CONTEXT('2D SPACE',''
  ) );
#2940 = PCURVE('',#2822,#2941);
#2941 = DEFINITIONAL_REPRESENTATION('',(#2942),#2945);
#2942 = B_SPLINE_CURVE_WITH_KNOTS('',1,(#2943,#2944),.UNSPECIFIED.,.F.,
  .F.,(2,2),(5.25,17.25),.PIECEWISE_BEZIER_KNOTS.);
#2943 = CARTESIAN_POINT('',(10.5,-4.));
#2944 = CARTESIAN_POINT('',(22.5,-4.));
#2945 = ( GEOMETRIC_REPRESENTATION_CONTEXT(2) 
PARAMETRIC_REPRESENTATION_CONTEXT() REPRESENTATION_CONTEXT('2D SPACE',''
  ) );
#2946 = ORIENTED_EDGE('',*,*,#2880,.T.);
#2947 = ORIENTED_EDGE('',*,*,#1080,.F.);
#2948 = ADVANCED_FACE('',(#2949),#1069,.T.);
#2949 = FACE_BOUND('',#2950,.T.);
#2950 = EDGE_LOOP('',(#2951,#2952,#2971,#2972));
#2951 = ORIENTED_EDGE('',*,*,#2784,.F.);
#2952 = ORIENTED_EDGE('',*,*,#2953,.T.);
#2953 = EDGE_CURVE('',#2785,#2906,#2954,.T.);
#2954 = SURFACE_CURVE('',#2955,(#2959,#2965),.PCURVE_S1.);
#2955 = LINE('',#2956,#2957);
#2956 = CARTESIAN_POINT('',(-23.5,-29.,5.));
#2957 = VECTOR('',#2958,1.);
#2958 = DIRECTION('',(0.,0.,-1.));
#2959 = PCURVE('',#1069,#2960);
#2960 = DEFINITIONAL_REPRESENTATION('',(#2961),#2964);
#2961 = B_SPLINE_CURVE_WITH_KNOTS('',1,(#2962,#2963),.UNSPECIFIED.,.F.,
  .F.,(2,2),(-10.,-2.),.PIECEWISE_BEZIER_KNOTS.);
#2962 = CARTESIAN_POINT('',(8.,-3.75));
#2963 = CARTESIAN_POINT('',(0.,-3.75));
#2964 = ( GEOMETRIC_REPRESENTATION_CONTEXT(2) 
PARAMETRIC_REPRESENTATION_CONTEXT() REPRESENTATION_CONTEXT('2D SPACE',''
  ) );
#2965 = PCURVE('',#2822,#2966);
#2966 = DEFINITIONAL_REPRESENTATION('',(#2967),#2970);
#2967 = B_SPLINE_CURVE_WITH_KNOTS('',1,(#2968,#2969),.UNSPECIFIED.,.F.,
  .F.,(2,2),(-10.,-2.),.PIECEWISE_BEZIER_KNOTS.);
#2968 = CARTESIAN_POINT('',(10.5,-12.));
#2969 = CARTESIAN_POINT('',(10.5,-4.));
#2970 = ( GEOMETRIC_REPRESENTATION_CONTEXT(2) 
PARAMETRIC_REPRESENTATION_CONTEXT() REPRESENTATION_CONTEXT('2D SPACE',''
  ) );
#2971 = ORIENTED_EDGE('',*,*,#2905,.T.);
#2972 = ORIENTED_EDGE('',*,*,#1054,.F.);
#2973 = ADVANCED_FACE('',(#2974,#3001),#1378,.T.);
#2974 = FACE_BOUND('',#2975,.T.);
#2975 = EDGE_LOOP('',(#2976,#2977,#2999,#3000));
#2976 = ORIENTED_EDGE('',*,*,#1363,.T.);
#2977 = ORIENTED_EDGE('',*,*,#2978,.T.);
#2978 = EDGE_CURVE('',#1338,#1571,#2979,.T.);
#2979 = SURFACE_CURVE('',#2980,(#2985,#2992),.PCURVE_S1.);
#2980 = CIRCLE('',#2981,3.6);
#2981 = AXIS2_PLACEMENT_3D('',#2982,#2983,#2984);
#2982 = CARTESIAN_POINT('',(32.3,23.3,20.));
#2983 = DIRECTION('',(0.,0.,1.));
#2984 = DIRECTION('',(1.,0.,0.));
#2985 = PCURVE('',#1378,#2986);
#2986 = DEFINITIONAL_REPRESENTATION('',(#2987),#2991);
#2987 = CIRCLE('',#2988,3.6);
#2988 = AXIS2_PLACEMENT_2D('',#2989,#2990);
#2989 = CARTESIAN_POINT('',(0.,0.));
#2990 = DIRECTION('',(1.,0.));
#2991 = ( GEOMETRIC_REPRESENTATION_CONTEXT(2) 
PARAMETRIC_REPRESENTATION_CONTEXT() REPRESENTATION_CONTEXT('2D SPACE',''
  ) );
#2992 = PCURVE('',#1352,#2993);
#2993 = DEFINITIONAL_REPRESENTATION('',(#2994),#2998);
#2994 = LINE('',#2995,#2996);
#2995 = CARTESIAN_POINT('',(0.,17.));
#2996 = VECTOR('',#2997,1.);
#2997 = DIRECTION('',(1.,0.));
#2998 = ( GEOMETRIC_REPRESENTATION_CONTEXT(2) 
PARAMETRIC_REPRESENTATION_CONTEXT() REPRESENTATION_CONTEXT('2D SPACE',''
  ) );
#2999 = ORIENTED_EDGE('',*,*,#1591,.F.);
#3000 = ORIENTED_EDGE('',*,*,#1806,.T.);
#3001 = FACE_BOUND('',#3002,.T.);
#3002 = EDGE_LOOP('',(#3003));
#3003 = ORIENTED_EDGE('',*,*,#3004,.F.);
#3004 = EDGE_CURVE('',#3005,#3005,#3007,.T.);
#3005 = VERTEX_POINT('',#3006);
#3006 = CARTESIAN_POINT('',(34.3,23.3,20.));
#3007 = SURFACE_CURVE('',#3008,(#3013,#3020),.PCURVE_S1.);
#3008 = CIRCLE('',#3009,2.);
#3009 = AXIS2_PLACEMENT_3D('',#3010,#3011,#3012);
#3010 = CARTESIAN_POINT('',(32.3,23.3,20.));
#3011 = DIRECTION('',(0.,0.,1.));
#3012 = DIRECTION('',(1.,0.,-0.));
#3013 = PCURVE('',#1378,#3014);
#3014 = DEFINITIONAL_REPRESENTATION('',(#3015),#3019);
#3015 = CIRCLE('',#3016,2.);
#3016 = AXIS2_PLACEMENT_2D('',#3017,#3018);
#3017 = CARTESIAN_POINT('',(0.,0.));
#3018 = DIRECTION('',(1.,0.));
#3019 = ( GEOMETRIC_REPRESENTATION_CONTEXT(2) 
PARAMETRIC_REPRESENTATION_CONTEXT() REPRESENTATION_CONTEXT('2D SPACE',''
  ) );
#3020 = PCURVE('',#3021,#3026);
#3021 = CYLINDRICAL_SURFACE('',#3022,2.);
#3022 = AXIS2_PLACEMENT_3D('',#3023,#3024,#3025);
#3023 = CARTESIAN_POINT('',(32.3,23.3,14.5));
#3024 = DIRECTION('',(0.,0.,1.));
#3025 = DIRECTION('',(1.,0.,0.));
#3026 = DEFINITIONAL_REPRESENTATION('',(#3027),#3031);
#3027 = LINE('',#3028,#3029);
#3028 = CARTESIAN_POINT('',(0.,5.5));
#3029 = VECTOR('',#3030,1.);
#3030 = DIRECTION('',(1.,0.));
#3031 = ( GEOMETRIC_REPRESENTATION_CONTEXT(2) 
PARAMETRIC_REPRESENTATION_CONTEXT() REPRESENTATION_CONTEXT('2D SPACE',''
  ) );
#3032 = ADVANCED_FACE('',(#3033),#1352,.T.);
#3033 = FACE_BOUND('',#3034,.T.);
#3034 = EDGE_LOOP('',(#3035,#3036,#3037,#3059));
#3035 = ORIENTED_EDGE('',*,*,#2978,.F.);
#3036 = ORIENTED_EDGE('',*,*,#1337,.F.);
#3037 = ORIENTED_EDGE('',*,*,#3038,.T.);
#3038 = EDGE_CURVE('',#1310,#1548,#3039,.T.);
#3039 = SURFACE_CURVE('',#3040,(#3045,#3052),.PCURVE_S1.);
#3040 = CIRCLE('',#3041,3.6);
#3041 = AXIS2_PLACEMENT_3D('',#3042,#3043,#3044);
#3042 = CARTESIAN_POINT('',(32.3,23.3,3.));
#3043 = DIRECTION('',(0.,0.,1.));
#3044 = DIRECTION('',(1.,0.,0.));
#3045 = PCURVE('',#1352,#3046);
#3046 = DEFINITIONAL_REPRESENTATION('',(#3047),#3051);
#3047 = LINE('',#3048,#3049);
#3048 = CARTESIAN_POINT('',(0.,0.));
#3049 = VECTOR('',#3050,1.);
#3050 = DIRECTION('',(1.,0.));
#3051 = ( GEOMETRIC_REPRESENTATION_CONTEXT(2) 
PARAMETRIC_REPRESENTATION_CONTEXT() REPRESENTATION_CONTEXT('2D SPACE',''
  ) );
#3052 = PCURVE('',#1325,#3053);
#3053 = DEFINITIONAL_REPRESENTATION('',(#3054),#3058);
#3054 = CIRCLE('',#3055,3.6);
#3055 = AXIS2_PLACEMENT_2D('',#3056,#3057);
#3056 = CARTESIAN_POINT('',(32.3,23.300000001254));
#3057 = DIRECTION('',(1.,0.));
#3058 = ( GEOMETRIC_REPRESENTATION_CONTEXT(2) 
PARAMETRIC_REPRESENTATION_CONTEXT() REPRESENTATION_CONTEXT('2D SPACE',''
  ) );
#3059 = ORIENTED_EDGE('',*,*,#1570,.T.);
#3060 = ADVANCED_FACE('',(#3061),#1325,.T.);
#3061 = FACE_BOUND('',#3062,.T.);
#3062 = EDGE_LOOP('',(#3063,#3064,#3065,#3091));
#3063 = ORIENTED_EDGE('',*,*,#3038,.F.);
#3064 = ORIENTED_EDGE('',*,*,#1309,.T.);
#3065 = ORIENTED_EDGE('',*,*,#3066,.F.);
#3066 = EDGE_CURVE('',#1525,#1282,#3067,.T.);
#3067 = SURFACE_CURVE('',#3068,(#3073,#3084),.PCURVE_S1.);
#3068 = CIRCLE('',#3069,1.5);
#3069 = AXIS2_PLACEMENT_3D('',#3070,#3071,#3072);
#3070 = CARTESIAN_POINT('',(34.,24.999999998274,3.));
#3071 = DIRECTION('',(0.,0.,-1.));
#3072 = DIRECTION('',(-1.,0.,0.));
#3073 = PCURVE('',#1325,#3074);
#3074 = DEFINITIONAL_REPRESENTATION('',(#3075),#3083);
#3075 = ( BOUNDED_CURVE() B_SPLINE_CURVE(2,(#3076,#3077,#3078,#3079,
#3080,#3081,#3082),.UNSPECIFIED.,.T.,.F.) B_SPLINE_CURVE_WITH_KNOTS((1,2
    ,2,2,2,1),(-2.094395102393,0.,2.094395102393,4.188790204786,
6.28318530718,8.377580409573),.UNSPECIFIED.) CURVE() 
GEOMETRIC_REPRESENTATION_ITEM() RATIONAL_B_SPLINE_CURVE((1.,0.5,1.,0.5,
1.,0.5,1.)) REPRESENTATION_ITEM('') );
#3076 = CARTESIAN_POINT('',(32.5,24.999999999528));
#3077 = CARTESIAN_POINT('',(32.5,27.598076210882));
#3078 = CARTESIAN_POINT('',(34.75,26.299038105205));
#3079 = CARTESIAN_POINT('',(37.,24.999999999528));
#3080 = CARTESIAN_POINT('',(34.75,23.700961893852));
#3081 = CARTESIAN_POINT('',(32.5,22.401923788175));
#3082 = CARTESIAN_POINT('',(32.5,24.999999999528));
#3083 = ( GEOMETRIC_REPRESENTATION_CONTEXT(2) 
PARAMETRIC_REPRESENTATION_CONTEXT() REPRESENTATION_CONTEXT('2D SPACE',''
  ) );
#3084 = PCURVE('',#1297,#3085);
#3085 = DEFINITIONAL_REPRESENTATION('',(#3086),#3090);
#3086 = LINE('',#3087,#3088);
#3087 = CARTESIAN_POINT('',(0.,17.));
#3088 = VECTOR('',#3089,1.);
#3089 = DIRECTION('',(1.,0.));
#3090 = ( GEOMETRIC_REPRESENTATION_CONTEXT(2) 
PARAMETRIC_REPRESENTATION_CONTEXT() REPRESENTATION_CONTEXT('2D SPACE',''
  ) );
#3091 = ORIENTED_EDGE('',*,*,#1547,.F.);
#3092 = ADVANCED_FACE('',(#3093),#1297,.F.);
#3093 = FACE_BOUND('',#3094,.F.);
#3094 = EDGE_LOOP('',(#3095,#3096,#3097,#3098));
#3095 = ORIENTED_EDGE('',*,*,#1524,.F.);
#3096 = ORIENTED_EDGE('',*,*,#2546,.T.);
#3097 = ORIENTED_EDGE('',*,*,#1281,.T.);
#3098 = ORIENTED_EDGE('',*,*,#3066,.F.);
#3099 = ADVANCED_FACE('',(#3100),#1715,.F.);
#3100 = FACE_BOUND('',#3101,.F.);
#3101 = EDGE_LOOP('',(#3102,#3125,#3126,#3149));
#3102 = ORIENTED_EDGE('',*,*,#3103,.F.);
#3103 = EDGE_CURVE('',#1699,#3104,#3106,.T.);
#3104 = VERTEX_POINT('',#3105);
#3105 = CARTESIAN_POINT('',(-22.,29.,15.));
#3106 = SURFACE_CURVE('',#3107,(#3111,#3118),.PCURVE_S1.);
#3107 = LINE('',#3108,#3109);
#3108 = CARTESIAN_POINT('',(-22.,25.25,15.));
#3109 = VECTOR('',#3110,1.);
#3110 = DIRECTION('',(0.,1.,0.));
#3111 = PCURVE('',#1715,#3112);
#3112 = DEFINITIONAL_REPRESENTATION('',(#3113),#3117);
#3113 = LINE('',#3114,#3115);
#3114 = CARTESIAN_POINT('',(0.,0.));
#3115 = VECTOR('',#3116,1.);
#3116 = DIRECTION('',(0.,1.));
#3117 = ( GEOMETRIC_REPRESENTATION_CONTEXT(2) 
PARAMETRIC_REPRESENTATION_CONTEXT() REPRESENTATION_CONTEXT('2D SPACE',''
  ) );
#3118 = PCURVE('',#1741,#3119);
#3119 = DEFINITIONAL_REPRESENTATION('',(#3120),#3124);
#3120 = LINE('',#3121,#3122);
#3121 = CARTESIAN_POINT('',(8.,0.));
#3122 = VECTOR('',#3123,1.);
#3123 = DIRECTION('',(0.,-1.));
#3124 = ( GEOMETRIC_REPRESENTATION_CONTEXT(2) 
PARAMETRIC_REPRESENTATION_CONTEXT() REPRESENTATION_CONTEXT('2D SPACE',''
  ) );
#3125 = ORIENTED_EDGE('',*,*,#1698,.T.);
#3126 = ORIENTED_EDGE('',*,*,#3127,.T.);
#3127 = EDGE_CURVE('',#1701,#3128,#3130,.T.);
#3128 = VERTEX_POINT('',#3129);
#3129 = CARTESIAN_POINT('',(22.,29.,15.));
#3130 = SURFACE_CURVE('',#3131,(#3135,#3142),.PCURVE_S1.);
#3131 = LINE('',#3132,#3133);
#3132 = CARTESIAN_POINT('',(22.,25.25,15.));
#3133 = VECTOR('',#3134,1.);
#3134 = DIRECTION('',(0.,1.,0.));
#3135 = PCURVE('',#1715,#3136);
#3136 = DEFINITIONAL_REPRESENTATION('',(#3137),#3141);
#3137 = LINE('',#3138,#3139);
#3138 = CARTESIAN_POINT('',(44.,0.));
#3139 = VECTOR('',#3140,1.);
#3140 = DIRECTION('',(0.,1.));
#3141 = ( GEOMETRIC_REPRESENTATION_CONTEXT(2) 
PARAMETRIC_REPRESENTATION_CONTEXT() REPRESENTATION_CONTEXT('2D SPACE',''
  ) );
#3142 = PCURVE('',#1791,#3143);
#3143 = DEFINITIONAL_REPRESENTATION('',(#3144),#3148);
#3144 = LINE('',#3145,#3146);
#3145 = CARTESIAN_POINT('',(8.,0.));
#3146 = VECTOR('',#3147,1.);
#3147 = DIRECTION('',(0.,-1.));
#3148 = ( GEOMETRIC_REPRESENTATION_CONTEXT(2) 
PARAMETRIC_REPRESENTATION_CONTEXT() REPRESENTATION_CONTEXT('2D SPACE',''
  ) );
#3149 = ORIENTED_EDGE('',*,*,#3150,.F.);
#3150 = EDGE_CURVE('',#3104,#3128,#3151,.T.);
#3151 = SURFACE_CURVE('',#3152,(#3156,#3162),.PCURVE_S1.);
#3152 = LINE('',#3153,#3154);
#3153 = CARTESIAN_POINT('',(-28.,29.,15.));
#3154 = VECTOR('',#3155,1.);
#3155 = DIRECTION('',(1.,0.,0.));
#3156 = PCURVE('',#1715,#3157);
#3157 = DEFINITIONAL_REPRESENTATION('',(#3158),#3161);
#3158 = B_SPLINE_CURVE_WITH_KNOTS('',1,(#3159,#3160),.UNSPECIFIED.,.F.,
  .F.,(2,2),(6.,50.),.PIECEWISE_BEZIER_KNOTS.);
#3159 = CARTESIAN_POINT('',(0.,3.75));
#3160 = CARTESIAN_POINT('',(44.,3.75));
#3161 = ( GEOMETRIC_REPRESENTATION_CONTEXT(2) 
PARAMETRIC_REPRESENTATION_CONTEXT() REPRESENTATION_CONTEXT('2D SPACE',''
  ) );
#3162 = PCURVE('',#3163,#3168);
#3163 = PLANE('',#3164);
#3164 = AXIS2_PLACEMENT_3D('',#3165,#3166,#3167);
#3165 = CARTESIAN_POINT('',(-34.,29.,3.));
#3166 = DIRECTION('',(0.,1.,0.));
#3167 = DIRECTION('',(1.,0.,0.));
#3168 = DEFINITIONAL_REPRESENTATION('',(#3169),#3172);
#3169 = B_SPLINE_CURVE_WITH_KNOTS('',1,(#3170,#3171),.UNSPECIFIED.,.F.,
  .F.,(2,2),(6.,50.),.PIECEWISE_BEZIER_KNOTS.);
#3170 = CARTESIAN_POINT('',(12.,-12.));
#3171 = CARTESIAN_POINT('',(56.,-12.));
#3172 = ( GEOMETRIC_REPRESENTATION_CONTEXT(2) 
PARAMETRIC_REPRESENTATION_CONTEXT() REPRESENTATION_CONTEXT('2D SPACE',''
  ) );
#3173 = ADVANCED_FACE('',(#3174),#1791,.F.);
#3174 = FACE_BOUND('',#3175,.F.);
#3175 = EDGE_LOOP('',(#3176,#3177,#3178,#3201));
#3176 = ORIENTED_EDGE('',*,*,#3127,.F.);
#3177 = ORIENTED_EDGE('',*,*,#1778,.T.);
#3178 = ORIENTED_EDGE('',*,*,#3179,.T.);
#3179 = EDGE_CURVE('',#1753,#3180,#3182,.T.);
#3180 = VERTEX_POINT('',#3181);
#3181 = CARTESIAN_POINT('',(22.,29.,7.));
#3182 = SURFACE_CURVE('',#3183,(#3187,#3194),.PCURVE_S1.);
#3183 = LINE('',#3184,#3185);
#3184 = CARTESIAN_POINT('',(22.,25.25,7.));
#3185 = VECTOR('',#3186,1.);
#3186 = DIRECTION('',(0.,1.,0.));
#3187 = PCURVE('',#1791,#3188);
#3188 = DEFINITIONAL_REPRESENTATION('',(#3189),#3193);
#3189 = LINE('',#3190,#3191);
#3190 = CARTESIAN_POINT('',(0.,0.));
#3191 = VECTOR('',#3192,1.);
#3192 = DIRECTION('',(0.,-1.));
#3193 = ( GEOMETRIC_REPRESENTATION_CONTEXT(2) 
PARAMETRIC_REPRESENTATION_CONTEXT() REPRESENTATION_CONTEXT('2D SPACE',''
  ) );
#3194 = PCURVE('',#1767,#3195);
#3195 = DEFINITIONAL_REPRESENTATION('',(#3196),#3200);
#3196 = LINE('',#3197,#3198);
#3197 = CARTESIAN_POINT('',(44.,0.));
#3198 = VECTOR('',#3199,1.);
#3199 = DIRECTION('',(0.,1.));
#3200 = ( GEOMETRIC_REPRESENTATION_CONTEXT(2) 
PARAMETRIC_REPRESENTATION_CONTEXT() REPRESENTATION_CONTEXT('2D SPACE',''
  ) );
#3201 = ORIENTED_EDGE('',*,*,#3202,.F.);
#3202 = EDGE_CURVE('',#3128,#3180,#3203,.T.);
#3203 = SURFACE_CURVE('',#3204,(#3208,#3214),.PCURVE_S1.);
#3204 = LINE('',#3205,#3206);
#3205 = CARTESIAN_POINT('',(22.,29.,5.));
#3206 = VECTOR('',#3207,1.);
#3207 = DIRECTION('',(0.,0.,-1.));
#3208 = PCURVE('',#1791,#3209);
#3209 = DEFINITIONAL_REPRESENTATION('',(#3210),#3213);
#3210 = B_SPLINE_CURVE_WITH_KNOTS('',1,(#3211,#3212),.UNSPECIFIED.,.F.,
  .F.,(2,2),(-10.,-2.),.PIECEWISE_BEZIER_KNOTS.);
#3211 = CARTESIAN_POINT('',(8.,-3.75));
#3212 = CARTESIAN_POINT('',(0.,-3.75));
#3213 = ( GEOMETRIC_REPRESENTATION_CONTEXT(2) 
PARAMETRIC_REPRESENTATION_CONTEXT() REPRESENTATION_CONTEXT('2D SPACE',''
  ) );
#3214 = PCURVE('',#3163,#3215);
#3215 = DEFINITIONAL_REPRESENTATION('',(#3216),#3219);
#3216 = B_SPLINE_CURVE_WITH_KNOTS('',1,(#3217,#3218),.UNSPECIFIED.,.F.,
  .F.,(2,2),(-10.,-2.),.PIECEWISE_BEZIER_KNOTS.);
#3217 = CARTESIAN_POINT('',(56.,-12.));
#3218 = CARTESIAN_POINT('',(56.,-4.));
#3219 = ( GEOMETRIC_REPRESENTATION_CONTEXT(2) 
PARAMETRIC_REPRESENTATION_CONTEXT() REPRESENTATION_CONTEXT('2D SPACE',''
  ) );
#3220 = ADVANCED_FACE('',(#3221),#1767,.T.);
#3221 = FACE_BOUND('',#3222,.T.);
#3222 = EDGE_LOOP('',(#3223,#3246,#3247,#3248));
#3223 = ORIENTED_EDGE('',*,*,#3224,.F.);
#3224 = EDGE_CURVE('',#1727,#3225,#3227,.T.);
#3225 = VERTEX_POINT('',#3226);
#3226 = CARTESIAN_POINT('',(-22.,29.,7.));
#3227 = SURFACE_CURVE('',#3228,(#3232,#3239),.PCURVE_S1.);
#3228 = LINE('',#3229,#3230);
#3229 = CARTESIAN_POINT('',(-22.,25.25,7.));
#3230 = VECTOR('',#3231,1.);
#3231 = DIRECTION('',(0.,1.,0.));
#3232 = PCURVE('',#1767,#3233);
#3233 = DEFINITIONAL_REPRESENTATION('',(#3234),#3238);
#3234 = LINE('',#3235,#3236);
#3235 = CARTESIAN_POINT('',(0.,0.));
#3236 = VECTOR('',#3237,1.);
#3237 = DIRECTION('',(0.,1.));
#3238 = ( GEOMETRIC_REPRESENTATION_CONTEXT(2) 
PARAMETRIC_REPRESENTATION_CONTEXT() REPRESENTATION_CONTEXT('2D SPACE',''
  ) );
#3239 = PCURVE('',#1741,#3240);
#3240 = DEFINITIONAL_REPRESENTATION('',(#3241),#3245);
#3241 = LINE('',#3242,#3243);
#3242 = CARTESIAN_POINT('',(0.,0.));
#3243 = VECTOR('',#3244,1.);
#3244 = DIRECTION('',(0.,-1.));
#3245 = ( GEOMETRIC_REPRESENTATION_CONTEXT(2) 
PARAMETRIC_REPRESENTATION_CONTEXT() REPRESENTATION_CONTEXT('2D SPACE',''
  ) );
#3246 = ORIENTED_EDGE('',*,*,#1752,.T.);
#3247 = ORIENTED_EDGE('',*,*,#3179,.T.);
#3248 = ORIENTED_EDGE('',*,*,#3249,.F.);
#3249 = EDGE_CURVE('',#3225,#3180,#3250,.T.);
#3250 = SURFACE_CURVE('',#3251,(#3255,#3261),.PCURVE_S1.);
#3251 = LINE('',#3252,#3253);
#3252 = CARTESIAN_POINT('',(-28.,29.,7.));
#3253 = VECTOR('',#3254,1.);
#3254 = DIRECTION('',(1.,0.,0.));
#3255 = PCURVE('',#1767,#3256);
#3256 = DEFINITIONAL_REPRESENTATION('',(#3257),#3260);
#3257 = B_SPLINE_CURVE_WITH_KNOTS('',1,(#3258,#3259),.UNSPECIFIED.,.F.,
  .F.,(2,2),(6.,50.),.PIECEWISE_BEZIER_KNOTS.);
#3258 = CARTESIAN_POINT('',(0.,3.75));
#3259 = CARTESIAN_POINT('',(44.,3.75));
#3260 = ( GEOMETRIC_REPRESENTATION_CONTEXT(2) 
PARAMETRIC_REPRESENTATION_CONTEXT() REPRESENTATION_CONTEXT('2D SPACE',''
  ) );
#3261 = PCURVE('',#3163,#3262);
#3262 = DEFINITIONAL_REPRESENTATION('',(#3263),#3266);
#3263 = B_SPLINE_CURVE_WITH_KNOTS('',1,(#3264,#3265),.UNSPECIFIED.,.F.,
  .F.,(2,2),(6.,50.),.PIECEWISE_BEZIER_KNOTS.);
#3264 = CARTESIAN_POINT('',(12.,-4.));
#3265 = CARTESIAN_POINT('',(56.,-4.));
#3266 = ( GEOMETRIC_REPRESENTATION_CONTEXT(2) 
PARAMETRIC_REPRESENTATION_CONTEXT() REPRESENTATION_CONTEXT('2D SPACE',''
  ) );
#3267 = ADVANCED_FACE('',(#3268),#1741,.T.);
#3268 = FACE_BOUND('',#3269,.T.);
#3269 = EDGE_LOOP('',(#3270,#3271,#3272,#3273));
#3270 = ORIENTED_EDGE('',*,*,#3103,.F.);
#3271 = ORIENTED_EDGE('',*,*,#1726,.T.);
#3272 = ORIENTED_EDGE('',*,*,#3224,.T.);
#3273 = ORIENTED_EDGE('',*,*,#3274,.F.);
#3274 = EDGE_CURVE('',#3104,#3225,#3275,.T.);
#3275 = SURFACE_CURVE('',#3276,(#3280,#3286),.PCURVE_S1.);
#3276 = LINE('',#3277,#3278);
#3277 = CARTESIAN_POINT('',(-22.,29.,5.));
#3278 = VECTOR('',#3279,1.);
#3279 = DIRECTION('',(0.,0.,-1.));
#3280 = PCURVE('',#1741,#3281);
#3281 = DEFINITIONAL_REPRESENTATION('',(#3282),#3285);
#3282 = B_SPLINE_CURVE_WITH_KNOTS('',1,(#3283,#3284),.UNSPECIFIED.,.F.,
  .F.,(2,2),(-10.,-2.),.PIECEWISE_BEZIER_KNOTS.);
#3283 = CARTESIAN_POINT('',(8.,-3.75));
#3284 = CARTESIAN_POINT('',(0.,-3.75));
#3285 = ( GEOMETRIC_REPRESENTATION_CONTEXT(2) 
PARAMETRIC_REPRESENTATION_CONTEXT() REPRESENTATION_CONTEXT('2D SPACE',''
  ) );
#3286 = PCURVE('',#3163,#3287);
#3287 = DEFINITIONAL_REPRESENTATION('',(#3288),#3291);
#3288 = B_SPLINE_CURVE_WITH_KNOTS('',1,(#3289,#3290),.UNSPECIFIED.,.F.,
  .F.,(2,2),(-10.,-2.),.PIECEWISE_BEZIER_KNOTS.);
#3289 = CARTESIAN_POINT('',(12.,-12.));
#3290 = CARTESIAN_POINT('',(12.,-4.));
#3291 = ( GEOMETRIC_REPRESENTATION_CONTEXT(2) 
PARAMETRIC_REPRESENTATION_CONTEXT() REPRESENTATION_CONTEXT('2D SPACE',''
  ) );
#3292 = ADVANCED_FACE('',(#3293,#3296),#1850,.T.);
#3293 = FACE_BOUND('',#3294,.T.);
#3294 = EDGE_LOOP('',(#3295));
#3295 = ORIENTED_EDGE('',*,*,#1833,.T.);
#3296 = FACE_BOUND('',#3297,.T.);
#3297 = EDGE_LOOP('',(#3298));
#3298 = ORIENTED_EDGE('',*,*,#3299,.F.);
#3299 = EDGE_CURVE('',#3300,#3300,#3302,.T.);
#3300 = VERTEX_POINT('',#3301);
#3301 = CARTESIAN_POINT('',(-22.,-19.,7.5));
#3302 = SURFACE_CURVE('',#3303,(#3308,#3315),.PCURVE_S1.);
#3303 = CIRCLE('',#3304,2.);
#3304 = AXIS2_PLACEMENT_3D('',#3305,#3306,#3307);
#3305 = CARTESIAN_POINT('',(-24.,-19.,7.5));
#3306 = DIRECTION('',(0.,0.,1.));
#3307 = DIRECTION('',(1.,0.,0.));
#3308 = PCURVE('',#1850,#3309);
#3309 = DEFINITIONAL_REPRESENTATION('',(#3310),#3314);
#3310 = CIRCLE('',#3311,2.);
#3311 = AXIS2_PLACEMENT_2D('',#3312,#3313);
#3312 = CARTESIAN_POINT('',(0.,0.));
#3313 = DIRECTION('',(1.,0.));
#3314 = ( GEOMETRIC_REPRESENTATION_CONTEXT(2) 
PARAMETRIC_REPRESENTATION_CONTEXT() REPRESENTATION_CONTEXT('2D SPACE',''
  ) );
#3315 = PCURVE('',#3316,#3321);
#3316 = CYLINDRICAL_SURFACE('',#3317,2.);
#3317 = AXIS2_PLACEMENT_3D('',#3318,#3319,#3320);
#3318 = CARTESIAN_POINT('',(-24.,-19.,3.));
#3319 = DIRECTION('',(0.,0.,1.));
#3320 = DIRECTION('',(1.,0.,0.));
#3321 = DEFINITIONAL_REPRESENTATION('',(#3322),#3326);
#3322 = LINE('',#3323,#3324);
#3323 = CARTESIAN_POINT('',(0.,4.5));
#3324 = VECTOR('',#3325,1.);
#3325 = DIRECTION('',(1.,0.));
#3326 = ( GEOMETRIC_REPRESENTATION_CONTEXT(2) 
PARAMETRIC_REPRESENTATION_CONTEXT() REPRESENTATION_CONTEXT('2D SPACE',''
  ) );
#3327 = ADVANCED_FACE('',(#3328,#3331),#1905,.T.);
#3328 = FACE_BOUND('',#3329,.T.);
#3329 = EDGE_LOOP('',(#3330));
#3330 = ORIENTED_EDGE('',*,*,#1888,.T.);
#3331 = FACE_BOUND('',#3332,.T.);
#3332 = EDGE_LOOP('',(#3333));
#3333 = ORIENTED_EDGE('',*,*,#3334,.F.);
#3334 = EDGE_CURVE('',#3335,#3335,#3337,.T.);
#3335 = VERTEX_POINT('',#3336);
#3336 = CARTESIAN_POINT('',(26.,-19.,7.5));
#3337 = SURFACE_CURVE('',#3338,(#3343,#3350),.PCURVE_S1.);
#3338 = CIRCLE('',#3339,2.);
#3339 = AXIS2_PLACEMENT_3D('',#3340,#3341,#3342);
#3340 = CARTESIAN_POINT('',(24.,-19.,7.5));
#3341 = DIRECTION('',(0.,0.,1.));
#3342 = DIRECTION('',(1.,0.,0.));
#3343 = PCURVE('',#1905,#3344);
#3344 = DEFINITIONAL_REPRESENTATION('',(#3345),#3349);
#3345 = CIRCLE('',#3346,2.);
#3346 = AXIS2_PLACEMENT_2D('',#3347,#3348);
#3347 = CARTESIAN_POINT('',(0.,0.));
#3348 = DIRECTION('',(1.,0.));
#3349 = ( GEOMETRIC_REPRESENTATION_CONTEXT(2) 
PARAMETRIC_REPRESENTATION_CONTEXT() REPRESENTATION_CONTEXT('2D SPACE',''
  ) );
#3350 = PCURVE('',#3351,#3356);
#3351 = CYLINDRICAL_SURFACE('',#3352,2.);
#3352 = AXIS2_PLACEMENT_3D('',#3353,#3354,#3355);
#3353 = CARTESIAN_POINT('',(24.,-19.,3.));
#3354 = DIRECTION('',(0.,0.,1.));
#3355 = DIRECTION('',(1.,0.,0.));
#3356 = DEFINITIONAL_REPRESENTATION('',(#3357),#3361);
#3357 = LINE('',#3358,#3359);
#3358 = CARTESIAN_POINT('',(0.,4.5));
#3359 = VECTOR('',#3360,1.);
#3360 = DIRECTION('',(1.,0.));
#3361 = ( GEOMETRIC_REPRESENTATION_CONTEXT(2) 
PARAMETRIC_REPRESENTATION_CONTEXT() REPRESENTATION_CONTEXT('2D SPACE',''
  ) );
#3362 = ADVANCED_FACE('',(#3363,#3366),#1960,.T.);
#3363 = FACE_BOUND('',#3364,.T.);
#3364 = EDGE_LOOP('',(#3365));
#3365 = ORIENTED_EDGE('',*,*,#1943,.T.);
#3366 = FACE_BOUND('',#3367,.T.);
#3367 = EDGE_LOOP('',(#3368));
#3368 = ORIENTED_EDGE('',*,*,#3369,.F.);
#3369 = EDGE_CURVE('',#3370,#3370,#3372,.T.);
#3370 = VERTEX_POINT('',#3371);
#3371 = CARTESIAN_POINT('',(-22.,19.,7.5));
#3372 = SURFACE_CURVE('',#3373,(#3378,#3385),.PCURVE_S1.);
#3373 = CIRCLE('',#3374,2.);
#3374 = AXIS2_PLACEMENT_3D('',#3375,#3376,#3377);
#3375 = CARTESIAN_POINT('',(-24.,19.,7.5));
#3376 = DIRECTION('',(0.,0.,1.));
#3377 = DIRECTION('',(1.,0.,0.));
#3378 = PCURVE('',#1960,#3379);
#3379 = DEFINITIONAL_REPRESENTATION('',(#3380),#3384);
#3380 = CIRCLE('',#3381,2.);
#3381 = AXIS2_PLACEMENT_2D('',#3382,#3383);
#3382 = CARTESIAN_POINT('',(0.,0.));
#3383 = DIRECTION('',(1.,0.));
#3384 = ( GEOMETRIC_REPRESENTATION_CONTEXT(2) 
PARAMETRIC_REPRESENTATION_CONTEXT() REPRESENTATION_CONTEXT('2D SPACE',''
  ) );
#3385 = PCURVE('',#3386,#3391);
#3386 = CYLINDRICAL_SURFACE('',#3387,2.);
#3387 = AXIS2_PLACEMENT_3D('',#3388,#3389,#3390);
#3388 = CARTESIAN_POINT('',(-24.,19.,3.));
#3389 = DIRECTION('',(0.,0.,1.));
#3390 = DIRECTION('',(1.,0.,0.));
#3391 = DEFINITIONAL_REPRESENTATION('',(#3392),#3396);
#3392 = LINE('',#3393,#3394);
#3393 = CARTESIAN_POINT('',(0.,4.5));
#3394 = VECTOR('',#3395,1.);
#3395 = DIRECTION('',(1.,0.));
#3396 = ( GEOMETRIC_REPRESENTATION_CONTEXT(2) 
PARAMETRIC_REPRESENTATION_CONTEXT() REPRESENTATION_CONTEXT('2D SPACE',''
  ) );
#3397 = ADVANCED_FACE('',(#3398,#3401),#2015,.T.);
#3398 = FACE_BOUND('',#3399,.T.);
#3399 = EDGE_LOOP('',(#3400));
#3400 = ORIENTED_EDGE('',*,*,#1998,.T.);
#3401 = FACE_BOUND('',#3402,.T.);
#3402 = EDGE_LOOP('',(#3403));
#3403 = ORIENTED_EDGE('',*,*,#3404,.F.);
#3404 = EDGE_CURVE('',#3405,#3405,#3407,.T.);
#3405 = VERTEX_POINT('',#3406);
#3406 = CARTESIAN_POINT('',(26.,19.,7.5));
#3407 = SURFACE_CURVE('',#3408,(#3413,#3420),.PCURVE_S1.);
#3408 = CIRCLE('',#3409,2.);
#3409 = AXIS2_PLACEMENT_3D('',#3410,#3411,#3412);
#3410 = CARTESIAN_POINT('',(24.,19.,7.5));
#3411 = DIRECTION('',(0.,0.,1.));
#3412 = DIRECTION('',(1.,0.,0.));
#3413 = PCURVE('',#2015,#3414);
#3414 = DEFINITIONAL_REPRESENTATION('',(#3415),#3419);
#3415 = CIRCLE('',#3416,2.);
#3416 = AXIS2_PLACEMENT_2D('',#3417,#3418);
#3417 = CARTESIAN_POINT('',(0.,0.));
#3418 = DIRECTION('',(1.,0.));
#3419 = ( GEOMETRIC_REPRESENTATION_CONTEXT(2) 
PARAMETRIC_REPRESENTATION_CONTEXT() REPRESENTATION_CONTEXT('2D SPACE',''
  ) );
#3420 = PCURVE('',#3421,#3426);
#3421 = CYLINDRICAL_SURFACE('',#3422,2.);
#3422 = AXIS2_PLACEMENT_3D('',#3423,#3424,#3425);
#3423 = CARTESIAN_POINT('',(24.,19.,3.));
#3424 = DIRECTION('',(0.,0.,1.));
#3425 = DIRECTION('',(1.,0.,0.));
#3426 = DEFINITIONAL_REPRESENTATION('',(#3427),#3431);
#3427 = LINE('',#3428,#3429);
#3428 = CARTESIAN_POINT('',(0.,4.5));
#3429 = VECTOR('',#3430,1.);
#3430 = DIRECTION('',(1.,0.));
#3431 = ( GEOMETRIC_REPRESENTATION_CONTEXT(2) 
PARAMETRIC_REPRESENTATION_CONTEXT() REPRESENTATION_CONTEXT('2D SPACE',''
  ) );
#3432 = ADVANCED_FACE('',(#3433),#2189,.F.);
#3433 = FACE_BOUND('',#3434,.F.);
#3434 = EDGE_LOOP('',(#3435,#3436,#3459,#3486));
#3435 = ORIENTED_EDGE('',*,*,#2172,.F.);
#3436 = ORIENTED_EDGE('',*,*,#3437,.F.);
#3437 = EDGE_CURVE('',#3438,#2173,#3440,.T.);
#3438 = VERTEX_POINT('',#3439);
#3439 = CARTESIAN_POINT('',(-30.3,23.3,14.5));
#3440 = SEAM_CURVE('',#3441,(#3445,#3452),.PCURVE_S1.);
#3441 = LINE('',#3442,#3443);
#3442 = CARTESIAN_POINT('',(-30.3,23.3,14.5));
#3443 = VECTOR('',#3444,1.);
#3444 = DIRECTION('',(0.,0.,1.));
#3445 = PCURVE('',#2189,#3446);
#3446 = DEFINITIONAL_REPRESENTATION('',(#3447),#3451);
#3447 = LINE('',#3448,#3449);
#3448 = CARTESIAN_POINT('',(6.28318530718,-0.));
#3449 = VECTOR('',#3450,1.);
#3450 = DIRECTION('',(0.,1.));
#3451 = ( GEOMETRIC_REPRESENTATION_CONTEXT(2) 
PARAMETRIC_REPRESENTATION_CONTEXT() REPRESENTATION_CONTEXT('2D SPACE',''
  ) );
#3452 = PCURVE('',#2189,#3453);
#3453 = DEFINITIONAL_REPRESENTATION('',(#3454),#3458);
#3454 = LINE('',#3455,#3456);
#3455 = CARTESIAN_POINT('',(0.,-0.));
#3456 = VECTOR('',#3457,1.);
#3457 = DIRECTION('',(0.,1.));
#3458 = ( GEOMETRIC_REPRESENTATION_CONTEXT(2) 
PARAMETRIC_REPRESENTATION_CONTEXT() REPRESENTATION_CONTEXT('2D SPACE',''
  ) );
#3459 = ORIENTED_EDGE('',*,*,#3460,.T.);
#3460 = EDGE_CURVE('',#3438,#3438,#3461,.T.);
#3461 = SURFACE_CURVE('',#3462,(#3467,#3474),.PCURVE_S1.);
#3462 = CIRCLE('',#3463,2.);
#3463 = AXIS2_PLACEMENT_3D('',#3464,#3465,#3466);
#3464 = CARTESIAN_POINT('',(-32.3,23.3,14.5));
#3465 = DIRECTION('',(0.,0.,1.));
#3466 = DIRECTION('',(1.,0.,0.));
#3467 = PCURVE('',#2189,#3468);
#3468 = DEFINITIONAL_REPRESENTATION('',(#3469),#3473);
#3469 = LINE('',#3470,#3471);
#3470 = CARTESIAN_POINT('',(0.,0.));
#3471 = VECTOR('',#3472,1.);
#3472 = DIRECTION('',(1.,0.));
#3473 = ( GEOMETRIC_REPRESENTATION_CONTEXT(2) 
PARAMETRIC_REPRESENTATION_CONTEXT() REPRESENTATION_CONTEXT('2D SPACE',''
  ) );
#3474 = PCURVE('',#3475,#3480);
#3475 = PLANE('',#3476);
#3476 = AXIS2_PLACEMENT_3D('',#3477,#3478,#3479);
#3477 = CARTESIAN_POINT('',(-32.3,23.3,14.5));
#3478 = DIRECTION('',(0.,0.,1.));
#3479 = DIRECTION('',(1.,0.,0.));
#3480 = DEFINITIONAL_REPRESENTATION('',(#3481),#3485);
#3481 = CIRCLE('',#3482,2.);
#3482 = AXIS2_PLACEMENT_2D('',#3483,#3484);
#3483 = CARTESIAN_POINT('',(0.,0.));
#3484 = DIRECTION('',(1.,0.));
#3485 = ( GEOMETRIC_REPRESENTATION_CONTEXT(2) 
PARAMETRIC_REPRESENTATION_CONTEXT() REPRESENTATION_CONTEXT('2D SPACE',''
  ) );
#3486 = ORIENTED_EDGE('',*,*,#3437,.T.);
#3487 = ADVANCED_FACE('',(#3488),#2314,.T.);
#3488 = FACE_BOUND('',#3489,.T.);
#3489 = EDGE_LOOP('',(#3490,#3513,#3514,#3537));
#3490 = ORIENTED_EDGE('',*,*,#3491,.T.);
#3491 = EDGE_CURVE('',#3492,#2297,#3494,.T.);
#3492 = VERTEX_POINT('',#3493);
#3493 = CARTESIAN_POINT('',(-36.8,-25.,20.));
#3494 = SURFACE_CURVE('',#3495,(#3499,#3506),.PCURVE_S1.);
#3495 = LINE('',#3496,#3497);
#3496 = CARTESIAN_POINT('',(-36.8,-25.,20.));
#3497 = VECTOR('',#3498,1.);
#3498 = DIRECTION('',(0.,0.,1.));
#3499 = PCURVE('',#2314,#3500);
#3500 = DEFINITIONAL_REPRESENTATION('',(#3501),#3505);
#3501 = LINE('',#3502,#3503);
#3502 = CARTESIAN_POINT('',(0.,0.));
#3503 = VECTOR('',#3504,1.);
#3504 = DIRECTION('',(0.,-1.));
#3505 = ( GEOMETRIC_REPRESENTATION_CONTEXT(2) 
PARAMETRIC_REPRESENTATION_CONTEXT() REPRESENTATION_CONTEXT('2D SPACE',''
  ) );
#3506 = PCURVE('',#2347,#3507);
#3507 = DEFINITIONAL_REPRESENTATION('',(#3508),#3512);
#3508 = LINE('',#3509,#3510);
#3509 = CARTESIAN_POINT('',(6.28318530718,0.));
#3510 = VECTOR('',#3511,1.);
#3511 = DIRECTION('',(0.,-1.));
#3512 = ( GEOMETRIC_REPRESENTATION_CONTEXT(2) 
PARAMETRIC_REPRESENTATION_CONTEXT() REPRESENTATION_CONTEXT('2D SPACE',''
  ) );
#3513 = ORIENTED_EDGE('',*,*,#2296,.T.);
#3514 = ORIENTED_EDGE('',*,*,#3515,.F.);
#3515 = EDGE_CURVE('',#3516,#2299,#3518,.T.);
#3516 = VERTEX_POINT('',#3517);
#3517 = CARTESIAN_POINT('',(-36.8,24.999999993381,20.));
#3518 = SURFACE_CURVE('',#3519,(#3523,#3530),.PCURVE_S1.);
#3519 = LINE('',#3520,#3521);
#3520 = CARTESIAN_POINT('',(-36.8,24.999999993381,20.));
#3521 = VECTOR('',#3522,1.);
#3522 = DIRECTION('',(0.,0.,1.));
#3523 = PCURVE('',#2314,#3524);
#3524 = DEFINITIONAL_REPRESENTATION('',(#3525),#3529);
#3525 = LINE('',#3526,#3527);
#3526 = CARTESIAN_POINT('',(49.999999993382,0.));
#3527 = VECTOR('',#3528,1.);
#3528 = DIRECTION('',(0.,-1.));
#3529 = ( GEOMETRIC_REPRESENTATION_CONTEXT(2) 
PARAMETRIC_REPRESENTATION_CONTEXT() REPRESENTATION_CONTEXT('2D SPACE',''
  ) );
#3530 = PCURVE('',#2528,#3531);
#3531 = DEFINITIONAL_REPRESENTATION('',(#3532),#3536);
#3532 = LINE('',#3533,#3534);
#3533 = CARTESIAN_POINT('',(0.,0.));
#3534 = VECTOR('',#3535,1.);
#3535 = DIRECTION('',(0.,-1.));
#3536 = ( GEOMETRIC_REPRESENTATION_CONTEXT(2) 
PARAMETRIC_REPRESENTATION_CONTEXT() REPRESENTATION_CONTEXT('2D SPACE',''
  ) );
#3537 = ORIENTED_EDGE('',*,*,#3538,.F.);
#3538 = EDGE_CURVE('',#3492,#3516,#3539,.T.);
#3539 = SURFACE_CURVE('',#3540,(#3544,#3551),.PCURVE_S1.);
#3540 = LINE('',#3541,#3542);
#3541 = CARTESIAN_POINT('',(-36.8,9.610090501155E-13,20.));
#3542 = VECTOR('',#3543,1.);
#3543 = DIRECTION('',(0.,1.,0.));
#3544 = PCURVE('',#2314,#3545);
#3545 = DEFINITIONAL_REPRESENTATION('',(#3546),#3550);
#3546 = LINE('',#3547,#3548);
#3547 = CARTESIAN_POINT('',(25.000000000002,0.));
#3548 = VECTOR('',#3549,1.);
#3549 = DIRECTION('',(1.,0.));
#3550 = ( GEOMETRIC_REPRESENTATION_CONTEXT(2) 
PARAMETRIC_REPRESENTATION_CONTEXT() REPRESENTATION_CONTEXT('2D SPACE',''
  ) );
#3551 = PCURVE('',#3552,#3557);
#3552 = PLANE('',#3553);
#3553 = AXIS2_PLACEMENT_3D('',#3554,#3555,#3556);
#3554 = CARTESIAN_POINT('',(5.447973319327E-17,-1.254135693149E-09,20.)
  );
#3555 = DIRECTION('',(0.,0.,1.));
#3556 = DIRECTION('',(1.,0.,0.));
#3557 = DEFINITIONAL_REPRESENTATION('',(#3558),#3562);
#3558 = LINE('',#3559,#3560);
#3559 = CARTESIAN_POINT('',(-36.8,1.255096702199E-09));
#3560 = VECTOR('',#3561,1.);
#3561 = DIRECTION('',(0.,1.));
#3562 = ( GEOMETRIC_REPRESENTATION_CONTEXT(2) 
PARAMETRIC_REPRESENTATION_CONTEXT() REPRESENTATION_CONTEXT('2D SPACE',''
  ) );
#3563 = ADVANCED_FACE('',(#3564),#2347,.T.);
#3564 = FACE_BOUND('',#3565,.T.);
#3565 = EDGE_LOOP('',(#3566,#3589,#3590,#3591));
#3566 = ORIENTED_EDGE('',*,*,#3567,.T.);
#3567 = EDGE_CURVE('',#3568,#2327,#3570,.T.);
#3568 = VERTEX_POINT('',#3569);
#3569 = CARTESIAN_POINT('',(-34.,-27.8,20.));
#3570 = SURFACE_CURVE('',#3571,(#3575,#3582),.PCURVE_S1.);
#3571 = LINE('',#3572,#3573);
#3572 = CARTESIAN_POINT('',(-34.,-27.8,20.));
#3573 = VECTOR('',#3574,1.);
#3574 = DIRECTION('',(0.,0.,1.));
#3575 = PCURVE('',#2347,#3576);
#3576 = DEFINITIONAL_REPRESENTATION('',(#3577),#3581);
#3577 = LINE('',#3578,#3579);
#3578 = CARTESIAN_POINT('',(4.712388980385,0.));
#3579 = VECTOR('',#3580,1.);
#3580 = DIRECTION('',(0.,-1.));
#3581 = ( GEOMETRIC_REPRESENTATION_CONTEXT(2) 
PARAMETRIC_REPRESENTATION_CONTEXT() REPRESENTATION_CONTEXT('2D SPACE',''
  ) );
#3582 = PCURVE('',#2375,#3583);
#3583 = DEFINITIONAL_REPRESENTATION('',(#3584),#3588);
#3584 = LINE('',#3585,#3586);
#3585 = CARTESIAN_POINT('',(0.,0.));
#3586 = VECTOR('',#3587,1.);
#3587 = DIRECTION('',(0.,-1.));
#3588 = ( GEOMETRIC_REPRESENTATION_CONTEXT(2) 
PARAMETRIC_REPRESENTATION_CONTEXT() REPRESENTATION_CONTEXT('2D SPACE',''
  ) );
#3589 = ORIENTED_EDGE('',*,*,#2326,.T.);
#3590 = ORIENTED_EDGE('',*,*,#3491,.F.);
#3591 = ORIENTED_EDGE('',*,*,#3592,.F.);
#3592 = EDGE_CURVE('',#3568,#3492,#3593,.T.);
#3593 = SURFACE_CURVE('',#3594,(#3599,#3606),.PCURVE_S1.);
#3594 = CIRCLE('',#3595,2.8);
#3595 = AXIS2_PLACEMENT_3D('',#3596,#3597,#3598);
#3596 = CARTESIAN_POINT('',(-34.,-25.,20.));
#3597 = DIRECTION('',(0.,0.,-1.));
#3598 = DIRECTION('',(-1.,0.,0.));
#3599 = PCURVE('',#2347,#3600);
#3600 = DEFINITIONAL_REPRESENTATION('',(#3601),#3605);
#3601 = LINE('',#3602,#3603);
#3602 = CARTESIAN_POINT('',(0.,0.));
#3603 = VECTOR('',#3604,1.);
#3604 = DIRECTION('',(1.,0.));
#3605 = ( GEOMETRIC_REPRESENTATION_CONTEXT(2) 
PARAMETRIC_REPRESENTATION_CONTEXT() REPRESENTATION_CONTEXT('2D SPACE',''
  ) );
#3606 = PCURVE('',#3552,#3607);
#3607 = DEFINITIONAL_REPRESENTATION('',(#3608),#3616);
#3608 = ( BOUNDED_CURVE() B_SPLINE_CURVE(2,(#3609,#3610,#3611,#3612,
#3613,#3614,#3615),.UNSPECIFIED.,.T.,.F.) B_SPLINE_CURVE_WITH_KNOTS((1,2
    ,2,2,2,1),(-2.094395102393,0.,2.094395102393,4.188790204786,
6.28318530718,8.377580409573),.UNSPECIFIED.) CURVE() 
GEOMETRIC_REPRESENTATION_ITEM() RATIONAL_B_SPLINE_CURVE((1.,0.5,1.,0.5,
1.,0.5,1.)) REPRESENTATION_ITEM('') );
#3609 = CARTESIAN_POINT('',(-36.8,-24.99999999874));
#3610 = CARTESIAN_POINT('',(-36.8,-20.15025773755));
#3611 = CARTESIAN_POINT('',(-32.6,-22.57512886815));
#3612 = CARTESIAN_POINT('',(-28.4,-24.99999999874));
#3613 = CARTESIAN_POINT('',(-32.6,-27.42487112934));
#3614 = CARTESIAN_POINT('',(-36.8,-29.84974225994));
#3615 = CARTESIAN_POINT('',(-36.8,-24.99999999874));
#3616 = ( GEOMETRIC_REPRESENTATION_CONTEXT(2) 
PARAMETRIC_REPRESENTATION_CONTEXT() REPRESENTATION_CONTEXT('2D SPACE',''
  ) );
#3617 = ADVANCED_FACE('',(#3618),#2528,.T.);
#3618 = FACE_BOUND('',#3619,.T.);
#3619 = EDGE_LOOP('',(#3620,#3621,#3622,#3645));
#3620 = ORIENTED_EDGE('',*,*,#3515,.T.);
#3621 = ORIENTED_EDGE('',*,*,#2509,.T.);
#3622 = ORIENTED_EDGE('',*,*,#3623,.F.);
#3623 = EDGE_CURVE('',#3624,#2482,#3626,.T.);
#3624 = VERTEX_POINT('',#3625);
#3625 = CARTESIAN_POINT('',(-34.,27.799999996691,20.));
#3626 = SURFACE_CURVE('',#3627,(#3631,#3638),.PCURVE_S1.);
#3627 = LINE('',#3628,#3629);
#3628 = CARTESIAN_POINT('',(-34.,27.799999996691,20.));
#3629 = VECTOR('',#3630,1.);
#3630 = DIRECTION('',(0.,0.,1.));
#3631 = PCURVE('',#2528,#3632);
#3632 = DEFINITIONAL_REPRESENTATION('',(#3633),#3637);
#3633 = LINE('',#3634,#3635);
#3634 = CARTESIAN_POINT('',(1.570796326795,0.));
#3635 = VECTOR('',#3636,1.);
#3636 = DIRECTION('',(0.,-1.));
#3637 = ( GEOMETRIC_REPRESENTATION_CONTEXT(2) 
PARAMETRIC_REPRESENTATION_CONTEXT() REPRESENTATION_CONTEXT('2D SPACE',''
  ) );
#3638 = PCURVE('',#2497,#3639);
#3639 = DEFINITIONAL_REPRESENTATION('',(#3640),#3644);
#3640 = LINE('',#3641,#3642);
#3641 = CARTESIAN_POINT('',(0.,0.));
#3642 = VECTOR('',#3643,1.);
#3643 = DIRECTION('',(0.,-1.));
#3644 = ( GEOMETRIC_REPRESENTATION_CONTEXT(2) 
PARAMETRIC_REPRESENTATION_CONTEXT() REPRESENTATION_CONTEXT('2D SPACE',''
  ) );
#3645 = ORIENTED_EDGE('',*,*,#3646,.F.);
#3646 = EDGE_CURVE('',#3516,#3624,#3647,.T.);
#3647 = SURFACE_CURVE('',#3648,(#3653,#3660),.PCURVE_S1.);
#3648 = CIRCLE('',#3649,2.8);
#3649 = AXIS2_PLACEMENT_3D('',#3650,#3651,#3652);
#3650 = CARTESIAN_POINT('',(-34.,24.999999993381,20.));
#3651 = DIRECTION('',(0.,0.,-1.));
#3652 = DIRECTION('',(-1.,0.,0.));
#3653 = PCURVE('',#2528,#3654);
#3654 = DEFINITIONAL_REPRESENTATION('',(#3655),#3659);
#3655 = LINE('',#3656,#3657);
#3656 = CARTESIAN_POINT('',(0.,0.));
#3657 = VECTOR('',#3658,1.);
#3658 = DIRECTION('',(1.,0.));
#3659 = ( GEOMETRIC_REPRESENTATION_CONTEXT(2) 
PARAMETRIC_REPRESENTATION_CONTEXT() REPRESENTATION_CONTEXT('2D SPACE',''
  ) );
#3660 = PCURVE('',#3552,#3661);
#3661 = DEFINITIONAL_REPRESENTATION('',(#3662),#3670);
#3662 = ( BOUNDED_CURVE() B_SPLINE_CURVE(2,(#3663,#3664,#3665,#3666,
#3667,#3668,#3669),.UNSPECIFIED.,.T.,.F.) B_SPLINE_CURVE_WITH_KNOTS((1,2
    ,2,2,2,1),(-2.094395102393,0.,2.094395102393,4.188790204786,
6.28318530718,8.377580409573),.UNSPECIFIED.) CURVE() 
GEOMETRIC_REPRESENTATION_ITEM() RATIONAL_B_SPLINE_CURVE((1.,0.5,1.,0.5,
1.,0.5,1.)) REPRESENTATION_ITEM('') );
#3663 = CARTESIAN_POINT('',(-36.8,24.999999994635));
#3664 = CARTESIAN_POINT('',(-36.8,29.849742255828));
#3665 = CARTESIAN_POINT('',(-32.6,27.424871125231));
#3666 = CARTESIAN_POINT('',(-28.4,24.999999994635));
#3667 = CARTESIAN_POINT('',(-32.6,22.575128864038));
#3668 = CARTESIAN_POINT('',(-36.8,20.150257733442));
#3669 = CARTESIAN_POINT('',(-36.8,24.999999994635));
#3670 = ( GEOMETRIC_REPRESENTATION_CONTEXT(2) 
PARAMETRIC_REPRESENTATION_CONTEXT() REPRESENTATION_CONTEXT('2D SPACE',''
  ) );
#3671 = ADVANCED_FACE('',(#3672),#2375,.F.);
#3672 = FACE_BOUND('',#3673,.F.);
#3673 = EDGE_LOOP('',(#3674,#3675,#3676,#3699));
#3674 = ORIENTED_EDGE('',*,*,#3567,.T.);
#3675 = ORIENTED_EDGE('',*,*,#2359,.T.);
#3676 = ORIENTED_EDGE('',*,*,#3677,.F.);
#3677 = EDGE_CURVE('',#3678,#2360,#3680,.T.);
#3678 = VERTEX_POINT('',#3679);
#3679 = CARTESIAN_POINT('',(34.,-27.8,20.));
#3680 = SURFACE_CURVE('',#3681,(#3685,#3692),.PCURVE_S1.);
#3681 = LINE('',#3682,#3683);
#3682 = CARTESIAN_POINT('',(34.,-27.8,20.));
#3683 = VECTOR('',#3684,1.);
#3684 = DIRECTION('',(0.,0.,1.));
#3685 = PCURVE('',#2375,#3686);
#3686 = DEFINITIONAL_REPRESENTATION('',(#3687),#3691);
#3687 = LINE('',#3688,#3689);
#3688 = CARTESIAN_POINT('',(68.,0.));
#3689 = VECTOR('',#3690,1.);
#3690 = DIRECTION('',(0.,-1.));
#3691 = ( GEOMETRIC_REPRESENTATION_CONTEXT(2) 
PARAMETRIC_REPRESENTATION_CONTEXT() REPRESENTATION_CONTEXT('2D SPACE',''
  ) );
#3692 = PCURVE('',#2408,#3693);
#3693 = DEFINITIONAL_REPRESENTATION('',(#3694),#3698);
#3694 = LINE('',#3695,#3696);
#3695 = CARTESIAN_POINT('',(4.712388980385,0.));
#3696 = VECTOR('',#3697,1.);
#3697 = DIRECTION('',(0.,-1.));
#3698 = ( GEOMETRIC_REPRESENTATION_CONTEXT(2) 
PARAMETRIC_REPRESENTATION_CONTEXT() REPRESENTATION_CONTEXT('2D SPACE',''
  ) );
#3699 = ORIENTED_EDGE('',*,*,#3700,.F.);
#3700 = EDGE_CURVE('',#3568,#3678,#3701,.T.);
#3701 = SURFACE_CURVE('',#3702,(#3706,#3713),.PCURVE_S1.);
#3702 = LINE('',#3703,#3704);
#3703 = CARTESIAN_POINT('',(0.,-27.79999999999,20.));
#3704 = VECTOR('',#3705,1.);
#3705 = DIRECTION('',(1.,0.,0.));
#3706 = PCURVE('',#2375,#3707);
#3707 = DEFINITIONAL_REPRESENTATION('',(#3708),#3712);
#3708 = LINE('',#3709,#3710);
#3709 = CARTESIAN_POINT('',(34.,0.));
#3710 = VECTOR('',#3711,1.);
#3711 = DIRECTION('',(1.,0.));
#3712 = ( GEOMETRIC_REPRESENTATION_CONTEXT(2) 
PARAMETRIC_REPRESENTATION_CONTEXT() REPRESENTATION_CONTEXT('2D SPACE',''
  ) );
#3713 = PCURVE('',#3552,#3714);
#3714 = DEFINITIONAL_REPRESENTATION('',(#3715),#3719);
#3715 = LINE('',#3716,#3717);
#3716 = CARTESIAN_POINT('',(-5.447973319327E-17,-27.79999999874));
#3717 = VECTOR('',#3718,1.);
#3718 = DIRECTION('',(1.,0.));
#3719 = ( GEOMETRIC_REPRESENTATION_CONTEXT(2) 
PARAMETRIC_REPRESENTATION_CONTEXT() REPRESENTATION_CONTEXT('2D SPACE',''
  ) );
#3720 = ADVANCED_FACE('',(#3721),#2497,.T.);
#3721 = FACE_BOUND('',#3722,.T.);
#3722 = EDGE_LOOP('',(#3723,#3724,#3725,#3748));
#3723 = ORIENTED_EDGE('',*,*,#3623,.T.);
#3724 = ORIENTED_EDGE('',*,*,#2481,.T.);
#3725 = ORIENTED_EDGE('',*,*,#3726,.F.);
#3726 = EDGE_CURVE('',#3727,#2449,#3729,.T.);
#3727 = VERTEX_POINT('',#3728);
#3728 = CARTESIAN_POINT('',(34.,27.799999996691,20.));
#3729 = SURFACE_CURVE('',#3730,(#3734,#3741),.PCURVE_S1.);
#3730 = LINE('',#3731,#3732);
#3731 = CARTESIAN_POINT('',(34.,27.799999996691,20.));
#3732 = VECTOR('',#3733,1.);
#3733 = DIRECTION('',(0.,0.,1.));
#3734 = PCURVE('',#2497,#3735);
#3735 = DEFINITIONAL_REPRESENTATION('',(#3736),#3740);
#3736 = LINE('',#3737,#3738);
#3737 = CARTESIAN_POINT('',(68.,0.));
#3738 = VECTOR('',#3739,1.);
#3739 = DIRECTION('',(0.,-1.));
#3740 = ( GEOMETRIC_REPRESENTATION_CONTEXT(2) 
PARAMETRIC_REPRESENTATION_CONTEXT() REPRESENTATION_CONTEXT('2D SPACE',''
  ) );
#3741 = PCURVE('',#2469,#3742);
#3742 = DEFINITIONAL_REPRESENTATION('',(#3743),#3747);
#3743 = LINE('',#3744,#3745);
#3744 = CARTESIAN_POINT('',(1.570796326795,0.));
#3745 = VECTOR('',#3746,1.);
#3746 = DIRECTION('',(0.,-1.));
#3747 = ( GEOMETRIC_REPRESENTATION_CONTEXT(2) 
PARAMETRIC_REPRESENTATION_CONTEXT() REPRESENTATION_CONTEXT('2D SPACE',''
  ) );
#3748 = ORIENTED_EDGE('',*,*,#3749,.F.);
#3749 = EDGE_CURVE('',#3624,#3727,#3750,.T.);
#3750 = SURFACE_CURVE('',#3751,(#3755,#3762),.PCURVE_S1.);
#3751 = LINE('',#3752,#3753);
#3752 = CARTESIAN_POINT('',(0.,27.800000000001,20.));
#3753 = VECTOR('',#3754,1.);
#3754 = DIRECTION('',(1.,0.,0.));
#3755 = PCURVE('',#2497,#3756);
#3756 = DEFINITIONAL_REPRESENTATION('',(#3757),#3761);
#3757 = LINE('',#3758,#3759);
#3758 = CARTESIAN_POINT('',(34.,0.));
#3759 = VECTOR('',#3760,1.);
#3760 = DIRECTION('',(1.,0.));
#3761 = ( GEOMETRIC_REPRESENTATION_CONTEXT(2) 
PARAMETRIC_REPRESENTATION_CONTEXT() REPRESENTATION_CONTEXT('2D SPACE',''
  ) );
#3762 = PCURVE('',#3552,#3763);
#3763 = DEFINITIONAL_REPRESENTATION('',(#3764),#3768);
#3764 = LINE('',#3765,#3766);
#3765 = CARTESIAN_POINT('',(-5.447973319327E-17,27.800000001255));
#3766 = VECTOR('',#3767,1.);
#3767 = DIRECTION('',(1.,0.));
#3768 = ( GEOMETRIC_REPRESENTATION_CONTEXT(2) 
PARAMETRIC_REPRESENTATION_CONTEXT() REPRESENTATION_CONTEXT('2D SPACE',''
  ) );
#3769 = ADVANCED_FACE('',(#3770),#2408,.T.);
#3770 = FACE_BOUND('',#3771,.T.);
#3771 = EDGE_LOOP('',(#3772,#3795,#3796,#3797));
#3772 = ORIENTED_EDGE('',*,*,#3773,.T.);
#3773 = EDGE_CURVE('',#3774,#2388,#3776,.T.);
#3774 = VERTEX_POINT('',#3775);
#3775 = CARTESIAN_POINT('',(36.8,-25.,20.));
#3776 = SURFACE_CURVE('',#3777,(#3781,#3788),.PCURVE_S1.);
#3777 = LINE('',#3778,#3779);
#3778 = CARTESIAN_POINT('',(36.8,-25.,20.));
#3779 = VECTOR('',#3780,1.);
#3780 = DIRECTION('',(0.,0.,1.));
#3781 = PCURVE('',#2408,#3782);
#3782 = DEFINITIONAL_REPRESENTATION('',(#3783),#3787);
#3783 = LINE('',#3784,#3785);
#3784 = CARTESIAN_POINT('',(3.14159265359,0.));
#3785 = VECTOR('',#3786,1.);
#3786 = DIRECTION('',(0.,-1.));
#3787 = ( GEOMETRIC_REPRESENTATION_CONTEXT(2) 
PARAMETRIC_REPRESENTATION_CONTEXT() REPRESENTATION_CONTEXT('2D SPACE',''
  ) );
#3788 = PCURVE('',#2436,#3789);
#3789 = DEFINITIONAL_REPRESENTATION('',(#3790),#3794);
#3790 = LINE('',#3791,#3792);
#3791 = CARTESIAN_POINT('',(0.,0.));
#3792 = VECTOR('',#3793,1.);
#3793 = DIRECTION('',(0.,-1.));
#3794 = ( GEOMETRIC_REPRESENTATION_CONTEXT(2) 
PARAMETRIC_REPRESENTATION_CONTEXT() REPRESENTATION_CONTEXT('2D SPACE',''
  ) );
#3795 = ORIENTED_EDGE('',*,*,#2387,.T.);
#3796 = ORIENTED_EDGE('',*,*,#3677,.F.);
#3797 = ORIENTED_EDGE('',*,*,#3798,.F.);
#3798 = EDGE_CURVE('',#3774,#3678,#3799,.T.);
#3799 = SURFACE_CURVE('',#3800,(#3805,#3812),.PCURVE_S1.);
#3800 = CIRCLE('',#3801,2.8);
#3801 = AXIS2_PLACEMENT_3D('',#3802,#3803,#3804);
#3802 = CARTESIAN_POINT('',(34.,-25.,20.));
#3803 = DIRECTION('',(0.,0.,-1.));
#3804 = DIRECTION('',(-1.,0.,0.));
#3805 = PCURVE('',#2408,#3806);
#3806 = DEFINITIONAL_REPRESENTATION('',(#3807),#3811);
#3807 = LINE('',#3808,#3809);
#3808 = CARTESIAN_POINT('',(0.,0.));
#3809 = VECTOR('',#3810,1.);
#3810 = DIRECTION('',(1.,0.));
#3811 = ( GEOMETRIC_REPRESENTATION_CONTEXT(2) 
PARAMETRIC_REPRESENTATION_CONTEXT() REPRESENTATION_CONTEXT('2D SPACE',''
  ) );
#3812 = PCURVE('',#3552,#3813);
#3813 = DEFINITIONAL_REPRESENTATION('',(#3814),#3822);
#3814 = ( BOUNDED_CURVE() B_SPLINE_CURVE(2,(#3815,#3816,#3817,#3818,
#3819,#3820,#3821),.UNSPECIFIED.,.T.,.F.) B_SPLINE_CURVE_WITH_KNOTS((1,2
    ,2,2,2,1),(-2.094395102393,0.,2.094395102393,4.188790204786,
6.28318530718,8.377580409573),.UNSPECIFIED.) CURVE() 
GEOMETRIC_REPRESENTATION_ITEM() RATIONAL_B_SPLINE_CURVE((1.,0.5,1.,0.5,
1.,0.5,1.)) REPRESENTATION_ITEM('') );
#3815 = CARTESIAN_POINT('',(31.2,-24.99999999874));
#3816 = CARTESIAN_POINT('',(31.2,-20.15025773755));
#3817 = CARTESIAN_POINT('',(35.4,-22.57512886815));
#3818 = CARTESIAN_POINT('',(39.6,-24.99999999874));
#3819 = CARTESIAN_POINT('',(35.4,-27.42487112934));
#3820 = CARTESIAN_POINT('',(31.2,-29.84974225994));
#3821 = CARTESIAN_POINT('',(31.2,-24.99999999874));
#3822 = ( GEOMETRIC_REPRESENTATION_CONTEXT(2) 
PARAMETRIC_REPRESENTATION_CONTEXT() REPRESENTATION_CONTEXT('2D SPACE',''
  ) );
#3823 = ADVANCED_FACE('',(#3824),#2469,.T.);
#3824 = FACE_BOUND('',#3825,.T.);
#3825 = EDGE_LOOP('',(#3826,#3827,#3828,#3851));
#3826 = ORIENTED_EDGE('',*,*,#3726,.T.);
#3827 = ORIENTED_EDGE('',*,*,#2448,.T.);
#3828 = ORIENTED_EDGE('',*,*,#3829,.F.);
#3829 = EDGE_CURVE('',#3830,#2421,#3832,.T.);
#3830 = VERTEX_POINT('',#3831);
#3831 = CARTESIAN_POINT('',(36.8,24.999999993381,20.));
#3832 = SURFACE_CURVE('',#3833,(#3837,#3844),.PCURVE_S1.);
#3833 = LINE('',#3834,#3835);
#3834 = CARTESIAN_POINT('',(36.8,24.999999993381,20.));
#3835 = VECTOR('',#3836,1.);
#3836 = DIRECTION('',(0.,0.,1.));
#3837 = PCURVE('',#2469,#3838);
#3838 = DEFINITIONAL_REPRESENTATION('',(#3839),#3843);
#3839 = LINE('',#3840,#3841);
#3840 = CARTESIAN_POINT('',(3.14159265359,0.));
#3841 = VECTOR('',#3842,1.);
#3842 = DIRECTION('',(0.,-1.));
#3843 = ( GEOMETRIC_REPRESENTATION_CONTEXT(2) 
PARAMETRIC_REPRESENTATION_CONTEXT() REPRESENTATION_CONTEXT('2D SPACE',''
  ) );
#3844 = PCURVE('',#2436,#3845);
#3845 = DEFINITIONAL_REPRESENTATION('',(#3846),#3850);
#3846 = LINE('',#3847,#3848);
#3847 = CARTESIAN_POINT('',(49.999999993382,0.));
#3848 = VECTOR('',#3849,1.);
#3849 = DIRECTION('',(0.,-1.));
#3850 = ( GEOMETRIC_REPRESENTATION_CONTEXT(2) 
PARAMETRIC_REPRESENTATION_CONTEXT() REPRESENTATION_CONTEXT('2D SPACE',''
  ) );
#3851 = ORIENTED_EDGE('',*,*,#3852,.F.);
#3852 = EDGE_CURVE('',#3727,#3830,#3853,.T.);
#3853 = SURFACE_CURVE('',#3854,(#3859,#3866),.PCURVE_S1.);
#3854 = CIRCLE('',#3855,2.8);
#3855 = AXIS2_PLACEMENT_3D('',#3856,#3857,#3858);
#3856 = CARTESIAN_POINT('',(34.,24.999999993381,20.));
#3857 = DIRECTION('',(0.,0.,-1.));
#3858 = DIRECTION('',(-1.,0.,0.));
#3859 = PCURVE('',#2469,#3860);
#3860 = DEFINITIONAL_REPRESENTATION('',(#3861),#3865);
#3861 = LINE('',#3862,#3863);
#3862 = CARTESIAN_POINT('',(0.,0.));
#3863 = VECTOR('',#3864,1.);
#3864 = DIRECTION('',(1.,0.));
#3865 = ( GEOMETRIC_REPRESENTATION_CONTEXT(2) 
PARAMETRIC_REPRESENTATION_CONTEXT() REPRESENTATION_CONTEXT('2D SPACE',''
  ) );
#3866 = PCURVE('',#3552,#3867);
#3867 = DEFINITIONAL_REPRESENTATION('',(#3868),#3876);
#3868 = ( BOUNDED_CURVE() B_SPLINE_CURVE(2,(#3869,#3870,#3871,#3872,
#3873,#3874,#3875),.UNSPECIFIED.,.T.,.F.) B_SPLINE_CURVE_WITH_KNOTS((1,2
    ,2,2,2,1),(-2.094395102393,0.,2.094395102393,4.188790204786,
6.28318530718,8.377580409573),.UNSPECIFIED.) CURVE() 
GEOMETRIC_REPRESENTATION_ITEM() RATIONAL_B_SPLINE_CURVE((1.,0.5,1.,0.5,
1.,0.5,1.)) REPRESENTATION_ITEM('') );
#3869 = CARTESIAN_POINT('',(31.2,24.999999994635));
#3870 = CARTESIAN_POINT('',(31.2,29.849742255828));
#3871 = CARTESIAN_POINT('',(35.4,27.424871125231));
#3872 = CARTESIAN_POINT('',(39.6,24.999999994635));
#3873 = CARTESIAN_POINT('',(35.4,22.575128864038));
#3874 = CARTESIAN_POINT('',(31.2,20.150257733442));
#3875 = CARTESIAN_POINT('',(31.2,24.999999994635));
#3876 = ( GEOMETRIC_REPRESENTATION_CONTEXT(2) 
PARAMETRIC_REPRESENTATION_CONTEXT() REPRESENTATION_CONTEXT('2D SPACE',''
  ) );
#3877 = ADVANCED_FACE('',(#3878),#2436,.F.);
#3878 = FACE_BOUND('',#3879,.F.);
#3879 = EDGE_LOOP('',(#3880,#3881,#3882,#3883));
#3880 = ORIENTED_EDGE('',*,*,#3773,.T.);
#3881 = ORIENTED_EDGE('',*,*,#2420,.T.);
#3882 = ORIENTED_EDGE('',*,*,#3829,.F.);
#3883 = ORIENTED_EDGE('',*,*,#3884,.F.);
#3884 = EDGE_CURVE('',#3774,#3830,#3885,.T.);
#3885 = SURFACE_CURVE('',#3886,(#3890,#3897),.PCURVE_S1.);
#3886 = LINE('',#3887,#3888);
#3887 = CARTESIAN_POINT('',(36.8,9.610090501155E-13,20.));
#3888 = VECTOR('',#3889,1.);
#3889 = DIRECTION('',(0.,1.,0.));
#3890 = PCURVE('',#2436,#3891);
#3891 = DEFINITIONAL_REPRESENTATION('',(#3892),#3896);
#3892 = LINE('',#3893,#3894);
#3893 = CARTESIAN_POINT('',(25.000000000002,0.));
#3894 = VECTOR('',#3895,1.);
#3895 = DIRECTION('',(1.,0.));
#3896 = ( GEOMETRIC_REPRESENTATION_CONTEXT(2) 
PARAMETRIC_REPRESENTATION_CONTEXT() REPRESENTATION_CONTEXT('2D SPACE',''
  ) );
#3897 = PCURVE('',#3552,#3898);
#3898 = DEFINITIONAL_REPRESENTATION('',(#3899),#3903);
#3899 = LINE('',#3900,#3901);
#3900 = CARTESIAN_POINT('',(36.8,1.255096702199E-09));
#3901 = VECTOR('',#3902,1.);
#3902 = DIRECTION('',(0.,1.));
#3903 = ( GEOMETRIC_REPRESENTATION_CONTEXT(2) 
PARAMETRIC_REPRESENTATION_CONTEXT() REPRESENTATION_CONTEXT('2D SPACE',''
  ) );
#3904 = ADVANCED_FACE('',(#3905),#2642,.T.);
#3905 = FACE_BOUND('',#3906,.F.);
#3906 = EDGE_LOOP('',(#3907));
#3907 = ORIENTED_EDGE('',*,*,#2627,.F.);
#3908 = ADVANCED_FACE('',(#3909),#2769,.F.);
#3909 = FACE_BOUND('',#3910,.F.);
#3910 = EDGE_LOOP('',(#3911,#3912,#3935,#3962));
#3911 = ORIENTED_EDGE('',*,*,#2752,.F.);
#3912 = ORIENTED_EDGE('',*,*,#3913,.F.);
#3913 = EDGE_CURVE('',#3914,#2753,#3916,.T.);
#3914 = VERTEX_POINT('',#3915);
#3915 = CARTESIAN_POINT('',(34.3,-23.3,14.5));
#3916 = SEAM_CURVE('',#3917,(#3921,#3928),.PCURVE_S1.);
#3917 = LINE('',#3918,#3919);
#3918 = CARTESIAN_POINT('',(34.3,-23.3,14.5));
#3919 = VECTOR('',#3920,1.);
#3920 = DIRECTION('',(0.,0.,1.));
#3921 = PCURVE('',#2769,#3922);
#3922 = DEFINITIONAL_REPRESENTATION('',(#3923),#3927);
#3923 = LINE('',#3924,#3925);
#3924 = CARTESIAN_POINT('',(6.28318530718,-0.));
#3925 = VECTOR('',#3926,1.);
#3926 = DIRECTION('',(0.,1.));
#3927 = ( GEOMETRIC_REPRESENTATION_CONTEXT(2) 
PARAMETRIC_REPRESENTATION_CONTEXT() REPRESENTATION_CONTEXT('2D SPACE',''
  ) );
#3928 = PCURVE('',#2769,#3929);
#3929 = DEFINITIONAL_REPRESENTATION('',(#3930),#3934);
#3930 = LINE('',#3931,#3932);
#3931 = CARTESIAN_POINT('',(0.,-0.));
#3932 = VECTOR('',#3933,1.);
#3933 = DIRECTION('',(0.,1.));
#3934 = ( GEOMETRIC_REPRESENTATION_CONTEXT(2) 
PARAMETRIC_REPRESENTATION_CONTEXT() REPRESENTATION_CONTEXT('2D SPACE',''
  ) );
#3935 = ORIENTED_EDGE('',*,*,#3936,.T.);
#3936 = EDGE_CURVE('',#3914,#3914,#3937,.T.);
#3937 = SURFACE_CURVE('',#3938,(#3943,#3950),.PCURVE_S1.);
#3938 = CIRCLE('',#3939,2.);
#3939 = AXIS2_PLACEMENT_3D('',#3940,#3941,#3942);
#3940 = CARTESIAN_POINT('',(32.3,-23.3,14.5));
#3941 = DIRECTION('',(0.,0.,1.));
#3942 = DIRECTION('',(1.,0.,0.));
#3943 = PCURVE('',#2769,#3944);
#3944 = DEFINITIONAL_REPRESENTATION('',(#3945),#3949);
#3945 = LINE('',#3946,#3947);
#3946 = CARTESIAN_POINT('',(0.,0.));
#3947 = VECTOR('',#3948,1.);
#3948 = DIRECTION('',(1.,0.));
#3949 = ( GEOMETRIC_REPRESENTATION_CONTEXT(2) 
PARAMETRIC_REPRESENTATION_CONTEXT() REPRESENTATION_CONTEXT('2D SPACE',''
  ) );
#3950 = PCURVE('',#3951,#3956);
#3951 = PLANE('',#3952);
#3952 = AXIS2_PLACEMENT_3D('',#3953,#3954,#3955);
#3953 = CARTESIAN_POINT('',(32.3,-23.3,14.5));
#3954 = DIRECTION('',(0.,0.,1.));
#3955 = DIRECTION('',(1.,0.,0.));
#3956 = DEFINITIONAL_REPRESENTATION('',(#3957),#3961);
#3957 = CIRCLE('',#3958,2.);
#3958 = AXIS2_PLACEMENT_2D('',#3959,#3960);
#3959 = CARTESIAN_POINT('',(0.,0.));
#3960 = DIRECTION('',(1.,0.));
#3961 = ( GEOMETRIC_REPRESENTATION_CONTEXT(2) 
PARAMETRIC_REPRESENTATION_CONTEXT() REPRESENTATION_CONTEXT('2D SPACE',''
  ) );
#3962 = ORIENTED_EDGE('',*,*,#3913,.T.);
#3963 = ADVANCED_FACE('',(#3964,#4073),#2822,.F.);
#3964 = FACE_BOUND('',#3965,.F.);
#3965 = EDGE_LOOP('',(#3966,#3991,#4019,#4047));
#3966 = ORIENTED_EDGE('',*,*,#3967,.T.);
#3967 = EDGE_CURVE('',#3968,#3970,#3972,.T.);
#3968 = VERTEX_POINT('',#3969);
#3969 = CARTESIAN_POINT('',(-34.,-29.,20.));
#3970 = VERTEX_POINT('',#3971);
#3971 = CARTESIAN_POINT('',(34.,-29.,20.));
#3972 = SURFACE_CURVE('',#3973,(#3977,#3984),.PCURVE_S1.);
#3973 = LINE('',#3974,#3975);
#3974 = CARTESIAN_POINT('',(0.,-29.,20.));
#3975 = VECTOR('',#3976,1.);
#3976 = DIRECTION('',(1.,0.,0.));
#3977 = PCURVE('',#2822,#3978);
#3978 = DEFINITIONAL_REPRESENTATION('',(#3979),#3983);
#3979 = LINE('',#3980,#3981);
#3980 = CARTESIAN_POINT('',(34.,-17.));
#3981 = VECTOR('',#3982,1.);
#3982 = DIRECTION('',(1.,0.));
#3983 = ( GEOMETRIC_REPRESENTATION_CONTEXT(2) 
PARAMETRIC_REPRESENTATION_CONTEXT() REPRESENTATION_CONTEXT('2D SPACE',''
  ) );
#3984 = PCURVE('',#3552,#3985);
#3985 = DEFINITIONAL_REPRESENTATION('',(#3986),#3990);
#3986 = LINE('',#3987,#3988);
#3987 = CARTESIAN_POINT('',(-5.447973319327E-17,-28.99999999874));
#3988 = VECTOR('',#3989,1.);
#3989 = DIRECTION('',(1.,0.));
#3990 = ( GEOMETRIC_REPRESENTATION_CONTEXT(2) 
PARAMETRIC_REPRESENTATION_CONTEXT() REPRESENTATION_CONTEXT('2D SPACE',''
  ) );
#3991 = ORIENTED_EDGE('',*,*,#3992,.F.);
#3992 = EDGE_CURVE('',#3993,#3970,#3995,.T.);
#3993 = VERTEX_POINT('',#3994);
#3994 = CARTESIAN_POINT('',(34.,-29.,0.));
#3995 = SURFACE_CURVE('',#3996,(#4000,#4007),.PCURVE_S1.);
#3996 = LINE('',#3997,#3998);
#3997 = CARTESIAN_POINT('',(34.,-29.,0.));
#3998 = VECTOR('',#3999,1.);
#3999 = DIRECTION('',(0.,0.,1.));
#4000 = PCURVE('',#2822,#4001);
#4001 = DEFINITIONAL_REPRESENTATION('',(#4002),#4006);
#4002 = LINE('',#4003,#4004);
#4003 = CARTESIAN_POINT('',(68.,3.));
#4004 = VECTOR('',#4005,1.);
#4005 = DIRECTION('',(0.,-1.));
#4006 = ( GEOMETRIC_REPRESENTATION_CONTEXT(2) 
PARAMETRIC_REPRESENTATION_CONTEXT() REPRESENTATION_CONTEXT('2D SPACE',''
  ) );
#4007 = PCURVE('',#4008,#4013);
#4008 = CYLINDRICAL_SURFACE('',#4009,4.);
#4009 = AXIS2_PLACEMENT_3D('',#4010,#4011,#4012);
#4010 = CARTESIAN_POINT('',(34.,-25.,3.));
#4011 = DIRECTION('',(0.,0.,-1.));
#4012 = DIRECTION('',(-1.,0.,0.));
#4013 = DEFINITIONAL_REPRESENTATION('',(#4014),#4018);
#4014 = LINE('',#4015,#4016);
#4015 = CARTESIAN_POINT('',(4.712388980385,3.));
#4016 = VECTOR('',#4017,1.);
#4017 = DIRECTION('',(0.,-1.));
#4018 = ( GEOMETRIC_REPRESENTATION_CONTEXT(2) 
PARAMETRIC_REPRESENTATION_CONTEXT() REPRESENTATION_CONTEXT('2D SPACE',''
  ) );
#4019 = ORIENTED_EDGE('',*,*,#4020,.F.);
#4020 = EDGE_CURVE('',#4021,#3993,#4023,.T.);
#4021 = VERTEX_POINT('',#4022);
#4022 = CARTESIAN_POINT('',(-34.,-29.,0.));
#4023 = SURFACE_CURVE('',#4024,(#4028,#4035),.PCURVE_S1.);
#4024 = LINE('',#4025,#4026);
#4025 = CARTESIAN_POINT('',(0.,-29.,0.));
#4026 = VECTOR('',#4027,1.);
#4027 = DIRECTION('',(1.,0.,0.));
#4028 = PCURVE('',#2822,#4029);
#4029 = DEFINITIONAL_REPRESENTATION('',(#4030),#4034);
#4030 = LINE('',#4031,#4032);
#4031 = CARTESIAN_POINT('',(34.,3.));
#4032 = VECTOR('',#4033,1.);
#4033 = DIRECTION('',(1.,0.));
#4034 = ( GEOMETRIC_REPRESENTATION_CONTEXT(2) 
PARAMETRIC_REPRESENTATION_CONTEXT() REPRESENTATION_CONTEXT('2D SPACE',''
  ) );
#4035 = PCURVE('',#4036,#4041);
#4036 = PLANE('',#4037);
#4037 = AXIS2_PLACEMENT_3D('',#4038,#4039,#4040);
#4038 = CARTESIAN_POINT('',(5.447973319327E-17,-1.254135693149E-09,0.));
#4039 = DIRECTION('',(0.,0.,1.));
#4040 = DIRECTION('',(1.,0.,0.));
#4041 = DEFINITIONAL_REPRESENTATION('',(#4042),#4046);
#4042 = LINE('',#4043,#4044);
#4043 = CARTESIAN_POINT('',(-5.447973319327E-17,-28.99999999874));
#4044 = VECTOR('',#4045,1.);
#4045 = DIRECTION('',(1.,0.));
#4046 = ( GEOMETRIC_REPRESENTATION_CONTEXT(2) 
PARAMETRIC_REPRESENTATION_CONTEXT() REPRESENTATION_CONTEXT('2D SPACE',''
  ) );
#4047 = ORIENTED_EDGE('',*,*,#4048,.T.);
#4048 = EDGE_CURVE('',#4021,#3968,#4049,.T.);
#4049 = SURFACE_CURVE('',#4050,(#4054,#4061),.PCURVE_S1.);
#4050 = LINE('',#4051,#4052);
#4051 = CARTESIAN_POINT('',(-34.,-29.,0.));
#4052 = VECTOR('',#4053,1.);
#4053 = DIRECTION('',(0.,0.,1.));
#4054 = PCURVE('',#2822,#4055);
#4055 = DEFINITIONAL_REPRESENTATION('',(#4056),#4060);
#4056 = LINE('',#4057,#4058);
#4057 = CARTESIAN_POINT('',(0.,3.));
#4058 = VECTOR('',#4059,1.);
#4059 = DIRECTION('',(0.,-1.));
#4060 = ( GEOMETRIC_REPRESENTATION_CONTEXT(2) 
PARAMETRIC_REPRESENTATION_CONTEXT() REPRESENTATION_CONTEXT('2D SPACE',''
  ) );
#4061 = PCURVE('',#4062,#4067);
#4062 = CYLINDRICAL_SURFACE('',#4063,4.);
#4063 = AXIS2_PLACEMENT_3D('',#4064,#4065,#4066);
#4064 = CARTESIAN_POINT('',(-34.,-25.,3.));
#4065 = DIRECTION('',(0.,0.,-1.));
#4066 = DIRECTION('',(-1.,0.,0.));
#4067 = DEFINITIONAL_REPRESENTATION('',(#4068),#4072);
#4068 = LINE('',#4069,#4070);
#4069 = CARTESIAN_POINT('',(4.712388980385,3.));
#4070 = VECTOR('',#4071,1.);
#4071 = DIRECTION('',(0.,-1.));
#4072 = ( GEOMETRIC_REPRESENTATION_CONTEXT(2) 
PARAMETRIC_REPRESENTATION_CONTEXT() REPRESENTATION_CONTEXT('2D SPACE',''
  ) );
#4073 = FACE_BOUND('',#4074,.F.);
#4074 = EDGE_LOOP('',(#4075,#4076,#4077,#4078));
#4075 = ORIENTED_EDGE('',*,*,#2807,.F.);
#4076 = ORIENTED_EDGE('',*,*,#2953,.T.);
#4077 = ORIENTED_EDGE('',*,*,#2928,.T.);
#4078 = ORIENTED_EDGE('',*,*,#2859,.F.);
#4079 = ADVANCED_FACE('',(#4080),#3021,.F.);
#4080 = FACE_BOUND('',#4081,.F.);
#4081 = EDGE_LOOP('',(#4082,#4083,#4106,#4133));
#4082 = ORIENTED_EDGE('',*,*,#3004,.F.);
#4083 = ORIENTED_EDGE('',*,*,#4084,.F.);
#4084 = EDGE_CURVE('',#4085,#3005,#4087,.T.);
#4085 = VERTEX_POINT('',#4086);
#4086 = CARTESIAN_POINT('',(34.3,23.3,14.5));
#4087 = SEAM_CURVE('',#4088,(#4092,#4099),.PCURVE_S1.);
#4088 = LINE('',#4089,#4090);
#4089 = CARTESIAN_POINT('',(34.3,23.3,14.5));
#4090 = VECTOR('',#4091,1.);
#4091 = DIRECTION('',(0.,0.,1.));
#4092 = PCURVE('',#3021,#4093);
#4093 = DEFINITIONAL_REPRESENTATION('',(#4094),#4098);
#4094 = LINE('',#4095,#4096);
#4095 = CARTESIAN_POINT('',(6.28318530718,-0.));
#4096 = VECTOR('',#4097,1.);
#4097 = DIRECTION('',(0.,1.));
#4098 = ( GEOMETRIC_REPRESENTATION_CONTEXT(2) 
PARAMETRIC_REPRESENTATION_CONTEXT() REPRESENTATION_CONTEXT('2D SPACE',''
  ) );
#4099 = PCURVE('',#3021,#4100);
#4100 = DEFINITIONAL_REPRESENTATION('',(#4101),#4105);
#4101 = LINE('',#4102,#4103);
#4102 = CARTESIAN_POINT('',(0.,-0.));
#4103 = VECTOR('',#4104,1.);
#4104 = DIRECTION('',(0.,1.));
#4105 = ( GEOMETRIC_REPRESENTATION_CONTEXT(2) 
PARAMETRIC_REPRESENTATION_CONTEXT() REPRESENTATION_CONTEXT('2D SPACE',''
  ) );
#4106 = ORIENTED_EDGE('',*,*,#4107,.T.);
#4107 = EDGE_CURVE('',#4085,#4085,#4108,.T.);
#4108 = SURFACE_CURVE('',#4109,(#4114,#4121),.PCURVE_S1.);
#4109 = CIRCLE('',#4110,2.);
#4110 = AXIS2_PLACEMENT_3D('',#4111,#4112,#4113);
#4111 = CARTESIAN_POINT('',(32.3,23.3,14.5));
#4112 = DIRECTION('',(0.,0.,1.));
#4113 = DIRECTION('',(1.,0.,0.));
#4114 = PCURVE('',#3021,#4115);
#4115 = DEFINITIONAL_REPRESENTATION('',(#4116),#4120);
#4116 = LINE('',#4117,#4118);
#4117 = CARTESIAN_POINT('',(0.,0.));
#4118 = VECTOR('',#4119,1.);
#4119 = DIRECTION('',(1.,0.));
#4120 = ( GEOMETRIC_REPRESENTATION_CONTEXT(2) 
PARAMETRIC_REPRESENTATION_CONTEXT() REPRESENTATION_CONTEXT('2D SPACE',''
  ) );
#4121 = PCURVE('',#4122,#4127);
#4122 = PLANE('',#4123);
#4123 = AXIS2_PLACEMENT_3D('',#4124,#4125,#4126);
#4124 = CARTESIAN_POINT('',(32.3,23.3,14.5));
#4125 = DIRECTION('',(0.,0.,1.));
#4126 = DIRECTION('',(1.,0.,0.));
#4127 = DEFINITIONAL_REPRESENTATION('',(#4128),#4132);
#4128 = CIRCLE('',#4129,2.);
#4129 = AXIS2_PLACEMENT_2D('',#4130,#4131);
#4130 = CARTESIAN_POINT('',(0.,0.));
#4131 = DIRECTION('',(1.,0.));
#4132 = ( GEOMETRIC_REPRESENTATION_CONTEXT(2) 
PARAMETRIC_REPRESENTATION_CONTEXT() REPRESENTATION_CONTEXT('2D SPACE',''
  ) );
#4133 = ORIENTED_EDGE('',*,*,#4084,.T.);
#4134 = ADVANCED_FACE('',(#4135,#4239),#3163,.T.);
#4135 = FACE_BOUND('',#4136,.T.);
#4136 = EDGE_LOOP('',(#4137,#4167,#4190,#4218));
#4137 = ORIENTED_EDGE('',*,*,#4138,.F.);
#4138 = EDGE_CURVE('',#4139,#4141,#4143,.T.);
#4139 = VERTEX_POINT('',#4140);
#4140 = CARTESIAN_POINT('',(-34.,28.99999999738,20.));
#4141 = VERTEX_POINT('',#4142);
#4142 = CARTESIAN_POINT('',(-34.,28.99999999738,0.));
#4143 = SURFACE_CURVE('',#4144,(#4148,#4155),.PCURVE_S1.);
#4144 = LINE('',#4145,#4146);
#4145 = CARTESIAN_POINT('',(-34.,28.99999999738,20.));
#4146 = VECTOR('',#4147,1.);
#4147 = DIRECTION('',(0.,0.,-1.));
#4148 = PCURVE('',#3163,#4149);
#4149 = DEFINITIONAL_REPRESENTATION('',(#4150),#4154);
#4150 = LINE('',#4151,#4152);
#4151 = CARTESIAN_POINT('',(0.,-17.));
#4152 = VECTOR('',#4153,1.);
#4153 = DIRECTION('',(0.,1.));
#4154 = ( GEOMETRIC_REPRESENTATION_CONTEXT(2) 
PARAMETRIC_REPRESENTATION_CONTEXT() REPRESENTATION_CONTEXT('2D SPACE',''
  ) );
#4155 = PCURVE('',#4156,#4161);
#4156 = CYLINDRICAL_SURFACE('',#4157,4.);
#4157 = AXIS2_PLACEMENT_3D('',#4158,#4159,#4160);
#4158 = CARTESIAN_POINT('',(-34.,24.999999994759,3.));
#4159 = DIRECTION('',(0.,0.,-1.));
#4160 = DIRECTION('',(-1.,0.,0.));
#4161 = DEFINITIONAL_REPRESENTATION('',(#4162),#4166);
#4162 = LINE('',#4163,#4164);
#4163 = CARTESIAN_POINT('',(1.570796326795,-17.));
#4164 = VECTOR('',#4165,1.);
#4165 = DIRECTION('',(-0.,1.));
#4166 = ( GEOMETRIC_REPRESENTATION_CONTEXT(2) 
PARAMETRIC_REPRESENTATION_CONTEXT() REPRESENTATION_CONTEXT('2D SPACE',''
  ) );
#4167 = ORIENTED_EDGE('',*,*,#4168,.T.);
#4168 = EDGE_CURVE('',#4139,#4169,#4171,.T.);
#4169 = VERTEX_POINT('',#4170);
#4170 = CARTESIAN_POINT('',(34.,28.99999999738,20.));
#4171 = SURFACE_CURVE('',#4172,(#4176,#4183),.PCURVE_S1.);
#4172 = LINE('',#4173,#4174);
#4173 = CARTESIAN_POINT('',(0.,29.,20.));
#4174 = VECTOR('',#4175,1.);
#4175 = DIRECTION('',(1.,0.,0.));
#4176 = PCURVE('',#3163,#4177);
#4177 = DEFINITIONAL_REPRESENTATION('',(#4178),#4182);
#4178 = LINE('',#4179,#4180);
#4179 = CARTESIAN_POINT('',(34.,-17.));
#4180 = VECTOR('',#4181,1.);
#4181 = DIRECTION('',(1.,0.));
#4182 = ( GEOMETRIC_REPRESENTATION_CONTEXT(2) 
PARAMETRIC_REPRESENTATION_CONTEXT() REPRESENTATION_CONTEXT('2D SPACE',''
  ) );
#4183 = PCURVE('',#3552,#4184);
#4184 = DEFINITIONAL_REPRESENTATION('',(#4185),#4189);
#4185 = LINE('',#4186,#4187);
#4186 = CARTESIAN_POINT('',(-5.447973319327E-17,29.000000001255));
#4187 = VECTOR('',#4188,1.);
#4188 = DIRECTION('',(1.,0.));
#4189 = ( GEOMETRIC_REPRESENTATION_CONTEXT(2) 
PARAMETRIC_REPRESENTATION_CONTEXT() REPRESENTATION_CONTEXT('2D SPACE',''
  ) );
#4190 = ORIENTED_EDGE('',*,*,#4191,.T.);
#4191 = EDGE_CURVE('',#4169,#4192,#4194,.T.);
#4192 = VERTEX_POINT('',#4193);
#4193 = CARTESIAN_POINT('',(34.,28.99999999738,0.));
#4194 = SURFACE_CURVE('',#4195,(#4199,#4206),.PCURVE_S1.);
#4195 = LINE('',#4196,#4197);
#4196 = CARTESIAN_POINT('',(34.,28.99999999738,20.));
#4197 = VECTOR('',#4198,1.);
#4198 = DIRECTION('',(0.,0.,-1.));
#4199 = PCURVE('',#3163,#4200);
#4200 = DEFINITIONAL_REPRESENTATION('',(#4201),#4205);
#4201 = LINE('',#4202,#4203);
#4202 = CARTESIAN_POINT('',(68.,-17.));
#4203 = VECTOR('',#4204,1.);
#4204 = DIRECTION('',(0.,1.));
#4205 = ( GEOMETRIC_REPRESENTATION_CONTEXT(2) 
PARAMETRIC_REPRESENTATION_CONTEXT() REPRESENTATION_CONTEXT('2D SPACE',''
  ) );
#4206 = PCURVE('',#4207,#4212);
#4207 = CYLINDRICAL_SURFACE('',#4208,4.);
#4208 = AXIS2_PLACEMENT_3D('',#4209,#4210,#4211);
#4209 = CARTESIAN_POINT('',(34.,24.999999994759,3.));
#4210 = DIRECTION('',(0.,0.,-1.));
#4211 = DIRECTION('',(-1.,0.,0.));
#4212 = DEFINITIONAL_REPRESENTATION('',(#4213),#4217);
#4213 = LINE('',#4214,#4215);
#4214 = CARTESIAN_POINT('',(1.570796326795,-17.));
#4215 = VECTOR('',#4216,1.);
#4216 = DIRECTION('',(-0.,1.));
#4217 = ( GEOMETRIC_REPRESENTATION_CONTEXT(2) 
PARAMETRIC_REPRESENTATION_CONTEXT() REPRESENTATION_CONTEXT('2D SPACE',''
  ) );
#4218 = ORIENTED_EDGE('',*,*,#4219,.F.);
#4219 = EDGE_CURVE('',#4141,#4192,#4220,.T.);
#4220 = SURFACE_CURVE('',#4221,(#4225,#4232),.PCURVE_S1.);
#4221 = LINE('',#4222,#4223);
#4222 = CARTESIAN_POINT('',(0.,29.,0.));
#4223 = VECTOR('',#4224,1.);
#4224 = DIRECTION('',(1.,0.,0.));
#4225 = PCURVE('',#3163,#4226);
#4226 = DEFINITIONAL_REPRESENTATION('',(#4227),#4231);
#4227 = LINE('',#4228,#4229);
#4228 = CARTESIAN_POINT('',(34.,3.));
#4229 = VECTOR('',#4230,1.);
#4230 = DIRECTION('',(1.,0.));
#4231 = ( GEOMETRIC_REPRESENTATION_CONTEXT(2) 
PARAMETRIC_REPRESENTATION_CONTEXT() REPRESENTATION_CONTEXT('2D SPACE',''
  ) );
#4232 = PCURVE('',#4036,#4233);
#4233 = DEFINITIONAL_REPRESENTATION('',(#4234),#4238);
#4234 = LINE('',#4235,#4236);
#4235 = CARTESIAN_POINT('',(-5.447973319327E-17,29.000000001255));
#4236 = VECTOR('',#4237,1.);
#4237 = DIRECTION('',(1.,0.));
#4238 = ( GEOMETRIC_REPRESENTATION_CONTEXT(2) 
PARAMETRIC_REPRESENTATION_CONTEXT() REPRESENTATION_CONTEXT('2D SPACE',''
  ) );
#4239 = FACE_BOUND('',#4240,.T.);
#4240 = EDGE_LOOP('',(#4241,#4242,#4243,#4244));
#4241 = ORIENTED_EDGE('',*,*,#3150,.F.);
#4242 = ORIENTED_EDGE('',*,*,#3274,.T.);
#4243 = ORIENTED_EDGE('',*,*,#3249,.T.);
#4244 = ORIENTED_EDGE('',*,*,#3202,.F.);
#4245 = ADVANCED_FACE('',(#4246),#3316,.F.);
#4246 = FACE_BOUND('',#4247,.F.);
#4247 = EDGE_LOOP('',(#4248,#4249,#4272,#4299));
#4248 = ORIENTED_EDGE('',*,*,#3299,.F.);
#4249 = ORIENTED_EDGE('',*,*,#4250,.F.);
#4250 = EDGE_CURVE('',#4251,#3300,#4253,.T.);
#4251 = VERTEX_POINT('',#4252);
#4252 = CARTESIAN_POINT('',(-22.,-19.,3.));
#4253 = SEAM_CURVE('',#4254,(#4258,#4265),.PCURVE_S1.);
#4254 = LINE('',#4255,#4256);
#4255 = CARTESIAN_POINT('',(-22.,-19.,3.));
#4256 = VECTOR('',#4257,1.);
#4257 = DIRECTION('',(0.,0.,1.));
#4258 = PCURVE('',#3316,#4259);
#4259 = DEFINITIONAL_REPRESENTATION('',(#4260),#4264);
#4260 = LINE('',#4261,#4262);
#4261 = CARTESIAN_POINT('',(6.28318530718,-0.));
#4262 = VECTOR('',#4263,1.);
#4263 = DIRECTION('',(0.,1.));
#4264 = ( GEOMETRIC_REPRESENTATION_CONTEXT(2) 
PARAMETRIC_REPRESENTATION_CONTEXT() REPRESENTATION_CONTEXT('2D SPACE',''
  ) );
#4265 = PCURVE('',#3316,#4266);
#4266 = DEFINITIONAL_REPRESENTATION('',(#4267),#4271);
#4267 = LINE('',#4268,#4269);
#4268 = CARTESIAN_POINT('',(0.,-0.));
#4269 = VECTOR('',#4270,1.);
#4270 = DIRECTION('',(0.,1.));
#4271 = ( GEOMETRIC_REPRESENTATION_CONTEXT(2) 
PARAMETRIC_REPRESENTATION_CONTEXT() REPRESENTATION_CONTEXT('2D SPACE',''
  ) );
#4272 = ORIENTED_EDGE('',*,*,#4273,.T.);
#4273 = EDGE_CURVE('',#4251,#4251,#4274,.T.);
#4274 = SURFACE_CURVE('',#4275,(#4280,#4287),.PCURVE_S1.);
#4275 = CIRCLE('',#4276,2.);
#4276 = AXIS2_PLACEMENT_3D('',#4277,#4278,#4279);
#4277 = CARTESIAN_POINT('',(-24.,-19.,3.));
#4278 = DIRECTION('',(0.,0.,1.));
#4279 = DIRECTION('',(1.,0.,0.));
#4280 = PCURVE('',#3316,#4281);
#4281 = DEFINITIONAL_REPRESENTATION('',(#4282),#4286);
#4282 = LINE('',#4283,#4284);
#4283 = CARTESIAN_POINT('',(0.,0.));
#4284 = VECTOR('',#4285,1.);
#4285 = DIRECTION('',(1.,0.));
#4286 = ( GEOMETRIC_REPRESENTATION_CONTEXT(2) 
PARAMETRIC_REPRESENTATION_CONTEXT() REPRESENTATION_CONTEXT('2D SPACE',''
  ) );
#4287 = PCURVE('',#4288,#4293);
#4288 = PLANE('',#4289);
#4289 = AXIS2_PLACEMENT_3D('',#4290,#4291,#4292);
#4290 = CARTESIAN_POINT('',(-24.,-19.,3.));
#4291 = DIRECTION('',(0.,0.,1.));
#4292 = DIRECTION('',(1.,0.,0.));
#4293 = DEFINITIONAL_REPRESENTATION('',(#4294),#4298);
#4294 = CIRCLE('',#4295,2.);
#4295 = AXIS2_PLACEMENT_2D('',#4296,#4297);
#4296 = CARTESIAN_POINT('',(0.,0.));
#4297 = DIRECTION('',(1.,0.));
#4298 = ( GEOMETRIC_REPRESENTATION_CONTEXT(2) 
PARAMETRIC_REPRESENTATION_CONTEXT() REPRESENTATION_CONTEXT('2D SPACE',''
  ) );
#4299 = ORIENTED_EDGE('',*,*,#4250,.T.);
#4300 = ADVANCED_FACE('',(#4301),#3351,.F.);
#4301 = FACE_BOUND('',#4302,.F.);
#4302 = EDGE_LOOP('',(#4303,#4304,#4327,#4354));
#4303 = ORIENTED_EDGE('',*,*,#3334,.F.);
#4304 = ORIENTED_EDGE('',*,*,#4305,.F.);
#4305 = EDGE_CURVE('',#4306,#3335,#4308,.T.);
#4306 = VERTEX_POINT('',#4307);
#4307 = CARTESIAN_POINT('',(26.,-19.,3.));
#4308 = SEAM_CURVE('',#4309,(#4313,#4320),.PCURVE_S1.);
#4309 = LINE('',#4310,#4311);
#4310 = CARTESIAN_POINT('',(26.,-19.,3.));
#4311 = VECTOR('',#4312,1.);
#4312 = DIRECTION('',(0.,0.,1.));
#4313 = PCURVE('',#3351,#4314);
#4314 = DEFINITIONAL_REPRESENTATION('',(#4315),#4319);
#4315 = LINE('',#4316,#4317);
#4316 = CARTESIAN_POINT('',(6.28318530718,-0.));
#4317 = VECTOR('',#4318,1.);
#4318 = DIRECTION('',(0.,1.));
#4319 = ( GEOMETRIC_REPRESENTATION_CONTEXT(2) 
PARAMETRIC_REPRESENTATION_CONTEXT() REPRESENTATION_CONTEXT('2D SPACE',''
  ) );
#4320 = PCURVE('',#3351,#4321);
#4321 = DEFINITIONAL_REPRESENTATION('',(#4322),#4326);
#4322 = LINE('',#4323,#4324);
#4323 = CARTESIAN_POINT('',(0.,-0.));
#4324 = VECTOR('',#4325,1.);
#4325 = DIRECTION('',(0.,1.));
#4326 = ( GEOMETRIC_REPRESENTATION_CONTEXT(2) 
PARAMETRIC_REPRESENTATION_CONTEXT() REPRESENTATION_CONTEXT('2D SPACE',''
  ) );
#4327 = ORIENTED_EDGE('',*,*,#4328,.T.);
#4328 = EDGE_CURVE('',#4306,#4306,#4329,.T.);
#4329 = SURFACE_CURVE('',#4330,(#4335,#4342),.PCURVE_S1.);
#4330 = CIRCLE('',#4331,2.);
#4331 = AXIS2_PLACEMENT_3D('',#4332,#4333,#4334);
#4332 = CARTESIAN_POINT('',(24.,-19.,3.));
#4333 = DIRECTION('',(0.,0.,1.));
#4334 = DIRECTION('',(1.,0.,0.));
#4335 = PCURVE('',#3351,#4336);
#4336 = DEFINITIONAL_REPRESENTATION('',(#4337),#4341);
#4337 = LINE('',#4338,#4339);
#4338 = CARTESIAN_POINT('',(0.,0.));
#4339 = VECTOR('',#4340,1.);
#4340 = DIRECTION('',(1.,0.));
#4341 = ( GEOMETRIC_REPRESENTATION_CONTEXT(2) 
PARAMETRIC_REPRESENTATION_CONTEXT() REPRESENTATION_CONTEXT('2D SPACE',''
  ) );
#4342 = PCURVE('',#4343,#4348);
#4343 = PLANE('',#4344);
#4344 = AXIS2_PLACEMENT_3D('',#4345,#4346,#4347);
#4345 = CARTESIAN_POINT('',(24.,-19.,3.));
#4346 = DIRECTION('',(0.,0.,1.));
#4347 = DIRECTION('',(1.,0.,0.));
#4348 = DEFINITIONAL_REPRESENTATION('',(#4349),#4353);
#4349 = CIRCLE('',#4350,2.);
#4350 = AXIS2_PLACEMENT_2D('',#4351,#4352);
#4351 = CARTESIAN_POINT('',(0.,0.));
#4352 = DIRECTION('',(1.,0.));
#4353 = ( GEOMETRIC_REPRESENTATION_CONTEXT(2) 
PARAMETRIC_REPRESENTATION_CONTEXT() REPRESENTATION_CONTEXT('2D SPACE',''
  ) );
#4354 = ORIENTED_EDGE('',*,*,#4305,.T.);
#4355 = ADVANCED_FACE('',(#4356),#3386,.F.);
#4356 = FACE_BOUND('',#4357,.F.);
#4357 = EDGE_LOOP('',(#4358,#4359,#4382,#4409));
#4358 = ORIENTED_EDGE('',*,*,#3369,.F.);
#4359 = ORIENTED_EDGE('',*,*,#4360,.F.);
#4360 = EDGE_CURVE('',#4361,#3370,#4363,.T.);
#4361 = VERTEX_POINT('',#4362);
#4362 = CARTESIAN_POINT('',(-22.,19.,3.));
#4363 = SEAM_CURVE('',#4364,(#4368,#4375),.PCURVE_S1.);
#4364 = LINE('',#4365,#4366);
#4365 = CARTESIAN_POINT('',(-22.,19.,3.));
#4366 = VECTOR('',#4367,1.);
#4367 = DIRECTION('',(0.,0.,1.));
#4368 = PCURVE('',#3386,#4369);
#4369 = DEFINITIONAL_REPRESENTATION('',(#4370),#4374);
#4370 = LINE('',#4371,#4372);
#4371 = CARTESIAN_POINT('',(6.28318530718,-0.));
#4372 = VECTOR('',#4373,1.);
#4373 = DIRECTION('',(0.,1.));
#4374 = ( GEOMETRIC_REPRESENTATION_CONTEXT(2) 
PARAMETRIC_REPRESENTATION_CONTEXT() REPRESENTATION_CONTEXT('2D SPACE',''
  ) );
#4375 = PCURVE('',#3386,#4376);
#4376 = DEFINITIONAL_REPRESENTATION('',(#4377),#4381);
#4377 = LINE('',#4378,#4379);
#4378 = CARTESIAN_POINT('',(0.,-0.));
#4379 = VECTOR('',#4380,1.);
#4380 = DIRECTION('',(0.,1.));
#4381 = ( GEOMETRIC_REPRESENTATION_CONTEXT(2) 
PARAMETRIC_REPRESENTATION_CONTEXT() REPRESENTATION_CONTEXT('2D SPACE',''
  ) );
#4382 = ORIENTED_EDGE('',*,*,#4383,.T.);
#4383 = EDGE_CURVE('',#4361,#4361,#4384,.T.);
#4384 = SURFACE_CURVE('',#4385,(#4390,#4397),.PCURVE_S1.);
#4385 = CIRCLE('',#4386,2.);
#4386 = AXIS2_PLACEMENT_3D('',#4387,#4388,#4389);
#4387 = CARTESIAN_POINT('',(-24.,19.,3.));
#4388 = DIRECTION('',(0.,0.,1.));
#4389 = DIRECTION('',(1.,0.,0.));
#4390 = PCURVE('',#3386,#4391);
#4391 = DEFINITIONAL_REPRESENTATION('',(#4392),#4396);
#4392 = LINE('',#4393,#4394);
#4393 = CARTESIAN_POINT('',(0.,0.));
#4394 = VECTOR('',#4395,1.);
#4395 = DIRECTION('',(1.,0.));
#4396 = ( GEOMETRIC_REPRESENTATION_CONTEXT(2) 
PARAMETRIC_REPRESENTATION_CONTEXT() REPRESENTATION_CONTEXT('2D SPACE',''
  ) );
#4397 = PCURVE('',#4398,#4403);
#4398 = PLANE('',#4399);
#4399 = AXIS2_PLACEMENT_3D('',#4400,#4401,#4402);
#4400 = CARTESIAN_POINT('',(-24.,19.,3.));
#4401 = DIRECTION('',(0.,0.,1.));
#4402 = DIRECTION('',(1.,0.,0.));
#4403 = DEFINITIONAL_REPRESENTATION('',(#4404),#4408);
#4404 = CIRCLE('',#4405,2.);
#4405 = AXIS2_PLACEMENT_2D('',#4406,#4407);
#4406 = CARTESIAN_POINT('',(0.,0.));
#4407 = DIRECTION('',(1.,0.));
#4408 = ( GEOMETRIC_REPRESENTATION_CONTEXT(2) 
PARAMETRIC_REPRESENTATION_CONTEXT() REPRESENTATION_CONTEXT('2D SPACE',''
  ) );
#4409 = ORIENTED_EDGE('',*,*,#4360,.T.);
#4410 = ADVANCED_FACE('',(#4411),#3421,.F.);
#4411 = FACE_BOUND('',#4412,.F.);
#4412 = EDGE_LOOP('',(#4413,#4414,#4437,#4464));
#4413 = ORIENTED_EDGE('',*,*,#3404,.F.);
#4414 = ORIENTED_EDGE('',*,*,#4415,.F.);
#4415 = EDGE_CURVE('',#4416,#3405,#4418,.T.);
#4416 = VERTEX_POINT('',#4417);
#4417 = CARTESIAN_POINT('',(26.,19.,3.));
#4418 = SEAM_CURVE('',#4419,(#4423,#4430),.PCURVE_S1.);
#4419 = LINE('',#4420,#4421);
#4420 = CARTESIAN_POINT('',(26.,19.,3.));
#4421 = VECTOR('',#4422,1.);
#4422 = DIRECTION('',(0.,0.,1.));
#4423 = PCURVE('',#3421,#4424);
#4424 = DEFINITIONAL_REPRESENTATION('',(#4425),#4429);
#4425 = LINE('',#4426,#4427);
#4426 = CARTESIAN_POINT('',(6.28318530718,-0.));
#4427 = VECTOR('',#4428,1.);
#4428 = DIRECTION('',(0.,1.));
#4429 = ( GEOMETRIC_REPRESENTATION_CONTEXT(2) 
PARAMETRIC_REPRESENTATION_CONTEXT() REPRESENTATION_CONTEXT('2D SPACE',''
  ) );
#4430 = PCURVE('',#3421,#4431);
#4431 = DEFINITIONAL_REPRESENTATION('',(#4432),#4436);
#4432 = LINE('',#4433,#4434);
#4433 = CARTESIAN_POINT('',(0.,-0.));
#4434 = VECTOR('',#4435,1.);
#4435 = DIRECTION('',(0.,1.));
#4436 = ( GEOMETRIC_REPRESENTATION_CONTEXT(2) 
PARAMETRIC_REPRESENTATION_CONTEXT() REPRESENTATION_CONTEXT('2D SPACE',''
  ) );
#4437 = ORIENTED_EDGE('',*,*,#4438,.T.);
#4438 = EDGE_CURVE('',#4416,#4416,#4439,.T.);
#4439 = SURFACE_CURVE('',#4440,(#4445,#4452),.PCURVE_S1.);
#4440 = CIRCLE('',#4441,2.);
#4441 = AXIS2_PLACEMENT_3D('',#4442,#4443,#4444);
#4442 = CARTESIAN_POINT('',(24.,19.,3.));
#4443 = DIRECTION('',(0.,0.,1.));
#4444 = DIRECTION('',(1.,0.,0.));
#4445 = PCURVE('',#3421,#4446);
#4446 = DEFINITIONAL_REPRESENTATION('',(#4447),#4451);
#4447 = LINE('',#4448,#4449);
#4448 = CARTESIAN_POINT('',(0.,0.));
#4449 = VECTOR('',#4450,1.);
#4450 = DIRECTION('',(1.,0.));
#4451 = ( GEOMETRIC_REPRESENTATION_CONTEXT(2) 
PARAMETRIC_REPRESENTATION_CONTEXT() REPRESENTATION_CONTEXT('2D SPACE',''
  ) );
#4452 = PCURVE('',#4453,#4458);
#4453 = PLANE('',#4454);
#4454 = AXIS2_PLACEMENT_3D('',#4455,#4456,#4457);
#4455 = CARTESIAN_POINT('',(24.,19.,3.));
#4456 = DIRECTION('',(0.,0.,1.));
#4457 = DIRECTION('',(1.,0.,0.));
#4458 = DEFINITIONAL_REPRESENTATION('',(#4459),#4463);
#4459 = CIRCLE('',#4460,2.);
#4460 = AXIS2_PLACEMENT_2D('',#4461,#4462);
#4461 = CARTESIAN_POINT('',(0.,0.));
#4462 = DIRECTION('',(1.,0.));
#4463 = ( GEOMETRIC_REPRESENTATION_CONTEXT(2) 
PARAMETRIC_REPRESENTATION_CONTEXT() REPRESENTATION_CONTEXT('2D SPACE',''
  ) );
#4464 = ORIENTED_EDGE('',*,*,#4415,.T.);
#4465 = ADVANCED_FACE('',(#4466),#3475,.T.);
#4466 = FACE_BOUND('',#4467,.F.);
#4467 = EDGE_LOOP('',(#4468));
#4468 = ORIENTED_EDGE('',*,*,#3460,.F.);
#4469 = ADVANCED_FACE('',(#4470,#4638),#3552,.T.);
#4470 = FACE_BOUND('',#4471,.T.);
#4471 = EDGE_LOOP('',(#4472,#4502,#4528,#4529,#4557,#4585,#4611,#4612));
#4472 = ORIENTED_EDGE('',*,*,#4473,.F.);
#4473 = EDGE_CURVE('',#4474,#4476,#4478,.T.);
#4474 = VERTEX_POINT('',#4475);
#4475 = CARTESIAN_POINT('',(-38.,-25.,20.));
#4476 = VERTEX_POINT('',#4477);
#4477 = CARTESIAN_POINT('',(-38.,24.999999994759,20.));
#4478 = SURFACE_CURVE('',#4479,(#4483,#4490),.PCURVE_S1.);
#4479 = LINE('',#4480,#4481);
#4480 = CARTESIAN_POINT('',(-38.,4.938272013533E-13,20.));
#4481 = VECTOR('',#4482,1.);
#4482 = DIRECTION('',(0.,1.,0.));
#4483 = PCURVE('',#3552,#4484);
#4484 = DEFINITIONAL_REPRESENTATION('',(#4485),#4489);
#4485 = LINE('',#4486,#4487);
#4486 = CARTESIAN_POINT('',(-38.,1.254629520351E-09));
#4487 = VECTOR('',#4488,1.);
#4488 = DIRECTION('',(0.,1.));
#4489 = ( GEOMETRIC_REPRESENTATION_CONTEXT(2) 
PARAMETRIC_REPRESENTATION_CONTEXT() REPRESENTATION_CONTEXT('2D SPACE',''
  ) );
#4490 = PCURVE('',#4491,#4496);
#4491 = PLANE('',#4492);
#4492 = AXIS2_PLACEMENT_3D('',#4493,#4494,#4495);
#4493 = CARTESIAN_POINT('',(-38.,-25.,3.));
#4494 = DIRECTION('',(-1.,0.,0.));
#4495 = DIRECTION('',(0.,1.,0.));
#4496 = DEFINITIONAL_REPRESENTATION('',(#4497),#4501);
#4497 = LINE('',#4498,#4499);
#4498 = CARTESIAN_POINT('',(25.000000000001,-17.));
#4499 = VECTOR('',#4500,1.);
#4500 = DIRECTION('',(1.,0.));
#4501 = ( GEOMETRIC_REPRESENTATION_CONTEXT(2) 
PARAMETRIC_REPRESENTATION_CONTEXT() REPRESENTATION_CONTEXT('2D SPACE',''
  ) );
#4502 = ORIENTED_EDGE('',*,*,#4503,.F.);
#4503 = EDGE_CURVE('',#3968,#4474,#4504,.T.);
#4504 = SURFACE_CURVE('',#4505,(#4510,#4521),.PCURVE_S1.);
#4505 = CIRCLE('',#4506,4.);
#4506 = AXIS2_PLACEMENT_3D('',#4507,#4508,#4509);
#4507 = CARTESIAN_POINT('',(-34.,-25.,20.));
#4508 = DIRECTION('',(0.,0.,-1.));
#4509 = DIRECTION('',(-1.,0.,0.));
#4510 = PCURVE('',#3552,#4511);
#4511 = DEFINITIONAL_REPRESENTATION('',(#4512),#4520);
#4512 = ( BOUNDED_CURVE() B_SPLINE_CURVE(2,(#4513,#4514,#4515,#4516,
#4517,#4518,#4519),.UNSPECIFIED.,.T.,.F.) B_SPLINE_CURVE_WITH_KNOTS((1,2
    ,2,2,2,1),(-2.094395102393,0.,2.094395102393,4.188790204786,
6.28318530718,8.377580409573),.UNSPECIFIED.) CURVE() 
GEOMETRIC_REPRESENTATION_ITEM() RATIONAL_B_SPLINE_CURVE((1.,0.5,1.,0.5,
1.,0.5,1.)) REPRESENTATION_ITEM('') );
#4513 = CARTESIAN_POINT('',(-38.,-24.99999999874));
#4514 = CARTESIAN_POINT('',(-38.,-18.07179676847));
#4515 = CARTESIAN_POINT('',(-32.,-21.5358983836));
#4516 = CARTESIAN_POINT('',(-26.,-24.99999999874));
#4517 = CARTESIAN_POINT('',(-32.,-28.46410161388));
#4518 = CARTESIAN_POINT('',(-38.,-31.92820322902));
#4519 = CARTESIAN_POINT('',(-38.,-24.99999999874));
#4520 = ( GEOMETRIC_REPRESENTATION_CONTEXT(2) 
PARAMETRIC_REPRESENTATION_CONTEXT() REPRESENTATION_CONTEXT('2D SPACE',''
  ) );
#4521 = PCURVE('',#4062,#4522);
#4522 = DEFINITIONAL_REPRESENTATION('',(#4523),#4527);
#4523 = LINE('',#4524,#4525);
#4524 = CARTESIAN_POINT('',(0.,-17.));
#4525 = VECTOR('',#4526,1.);
#4526 = DIRECTION('',(1.,0.));
#4527 = ( GEOMETRIC_REPRESENTATION_CONTEXT(2) 
PARAMETRIC_REPRESENTATION_CONTEXT() REPRESENTATION_CONTEXT('2D SPACE',''
  ) );
#4528 = ORIENTED_EDGE('',*,*,#3967,.T.);
#4529 = ORIENTED_EDGE('',*,*,#4530,.F.);
#4530 = EDGE_CURVE('',#4531,#3970,#4533,.T.);
#4531 = VERTEX_POINT('',#4532);
#4532 = CARTESIAN_POINT('',(38.,-25.,20.));
#4533 = SURFACE_CURVE('',#4534,(#4539,#4550),.PCURVE_S1.);
#4534 = CIRCLE('',#4535,4.);
#4535 = AXIS2_PLACEMENT_3D('',#4536,#4537,#4538);
#4536 = CARTESIAN_POINT('',(34.,-25.,20.));
#4537 = DIRECTION('',(0.,0.,-1.));
#4538 = DIRECTION('',(-1.,0.,0.));
#4539 = PCURVE('',#3552,#4540);
#4540 = DEFINITIONAL_REPRESENTATION('',(#4541),#4549);
#4541 = ( BOUNDED_CURVE() B_SPLINE_CURVE(2,(#4542,#4543,#4544,#4545,
#4546,#4547,#4548),.UNSPECIFIED.,.T.,.F.) B_SPLINE_CURVE_WITH_KNOTS((1,2
    ,2,2,2,1),(-2.094395102393,0.,2.094395102393,4.188790204786,
6.28318530718,8.377580409573),.UNSPECIFIED.) CURVE() 
GEOMETRIC_REPRESENTATION_ITEM() RATIONAL_B_SPLINE_CURVE((1.,0.5,1.,0.5,
1.,0.5,1.)) REPRESENTATION_ITEM('') );
#4542 = CARTESIAN_POINT('',(30.,-24.99999999874));
#4543 = CARTESIAN_POINT('',(30.,-18.07179676847));
#4544 = CARTESIAN_POINT('',(36.,-21.5358983836));
#4545 = CARTESIAN_POINT('',(42.,-24.99999999874));
#4546 = CARTESIAN_POINT('',(36.,-28.46410161388));
#4547 = CARTESIAN_POINT('',(30.,-31.92820322902));
#4548 = CARTESIAN_POINT('',(30.,-24.99999999874));
#4549 = ( GEOMETRIC_REPRESENTATION_CONTEXT(2) 
PARAMETRIC_REPRESENTATION_CONTEXT() REPRESENTATION_CONTEXT('2D SPACE',''
  ) );
#4550 = PCURVE('',#4008,#4551);
#4551 = DEFINITIONAL_REPRESENTATION('',(#4552),#4556);
#4552 = LINE('',#4553,#4554);
#4553 = CARTESIAN_POINT('',(0.,-17.));
#4554 = VECTOR('',#4555,1.);
#4555 = DIRECTION('',(1.,0.));
#4556 = ( GEOMETRIC_REPRESENTATION_CONTEXT(2) 
PARAMETRIC_REPRESENTATION_CONTEXT() REPRESENTATION_CONTEXT('2D SPACE',''
  ) );
#4557 = ORIENTED_EDGE('',*,*,#4558,.T.);
#4558 = EDGE_CURVE('',#4531,#4559,#4561,.T.);
#4559 = VERTEX_POINT('',#4560);
#4560 = CARTESIAN_POINT('',(38.,24.999999994759,20.));
#4561 = SURFACE_CURVE('',#4562,(#4566,#4573),.PCURVE_S1.);
#4562 = LINE('',#4563,#4564);
#4563 = CARTESIAN_POINT('',(38.,4.938272013533E-13,20.));
#4564 = VECTOR('',#4565,1.);
#4565 = DIRECTION('',(0.,1.,0.));
#4566 = PCURVE('',#3552,#4567);
#4567 = DEFINITIONAL_REPRESENTATION('',(#4568),#4572);
#4568 = LINE('',#4569,#4570);
#4569 = CARTESIAN_POINT('',(38.,1.254629520351E-09));
#4570 = VECTOR('',#4571,1.);
#4571 = DIRECTION('',(0.,1.));
#4572 = ( GEOMETRIC_REPRESENTATION_CONTEXT(2) 
PARAMETRIC_REPRESENTATION_CONTEXT() REPRESENTATION_CONTEXT('2D SPACE',''
  ) );
#4573 = PCURVE('',#4574,#4579);
#4574 = PLANE('',#4575);
#4575 = AXIS2_PLACEMENT_3D('',#4576,#4577,#4578);
#4576 = CARTESIAN_POINT('',(38.,-25.,3.));
#4577 = DIRECTION('',(-1.,0.,0.));
#4578 = DIRECTION('',(0.,1.,0.));
#4579 = DEFINITIONAL_REPRESENTATION('',(#4580),#4584);
#4580 = LINE('',#4581,#4582);
#4581 = CARTESIAN_POINT('',(25.000000000001,-17.));
#4582 = VECTOR('',#4583,1.);
#4583 = DIRECTION('',(1.,0.));
#4584 = ( GEOMETRIC_REPRESENTATION_CONTEXT(2) 
PARAMETRIC_REPRESENTATION_CONTEXT() REPRESENTATION_CONTEXT('2D SPACE',''
  ) );
#4585 = ORIENTED_EDGE('',*,*,#4586,.F.);
#4586 = EDGE_CURVE('',#4169,#4559,#4587,.T.);
#4587 = SURFACE_CURVE('',#4588,(#4593,#4604),.PCURVE_S1.);
#4588 = CIRCLE('',#4589,4.);
#4589 = AXIS2_PLACEMENT_3D('',#4590,#4591,#4592);
#4590 = CARTESIAN_POINT('',(34.,24.999999994759,20.));
#4591 = DIRECTION('',(0.,0.,-1.));
#4592 = DIRECTION('',(-1.,0.,0.));
#4593 = PCURVE('',#3552,#4594);
#4594 = DEFINITIONAL_REPRESENTATION('',(#4595),#4603);
#4595 = ( BOUNDED_CURVE() B_SPLINE_CURVE(2,(#4596,#4597,#4598,#4599,
#4600,#4601,#4602),.UNSPECIFIED.,.T.,.F.) B_SPLINE_CURVE_WITH_KNOTS((1,2
    ,2,2,2,1),(-2.094395102393,0.,2.094395102393,4.188790204786,
6.28318530718,8.377580409573),.UNSPECIFIED.) CURVE() 
GEOMETRIC_REPRESENTATION_ITEM() RATIONAL_B_SPLINE_CURVE((1.,0.5,1.,0.5,
1.,0.5,1.)) REPRESENTATION_ITEM('') );
#4596 = CARTESIAN_POINT('',(30.,24.999999996013));
#4597 = CARTESIAN_POINT('',(30.,31.928203226288));
#4598 = CARTESIAN_POINT('',(36.,28.464101611151));
#4599 = CARTESIAN_POINT('',(42.,24.999999996013));
#4600 = CARTESIAN_POINT('',(36.,21.535898380875));
#4601 = CARTESIAN_POINT('',(30.,18.071796765737));
#4602 = CARTESIAN_POINT('',(30.,24.999999996013));
#4603 = ( GEOMETRIC_REPRESENTATION_CONTEXT(2) 
PARAMETRIC_REPRESENTATION_CONTEXT() REPRESENTATION_CONTEXT('2D SPACE',''
  ) );
#4604 = PCURVE('',#4207,#4605);
#4605 = DEFINITIONAL_REPRESENTATION('',(#4606),#4610);
#4606 = LINE('',#4607,#4608);
#4607 = CARTESIAN_POINT('',(0.,-17.));
#4608 = VECTOR('',#4609,1.);
#4609 = DIRECTION('',(1.,0.));
#4610 = ( GEOMETRIC_REPRESENTATION_CONTEXT(2) 
PARAMETRIC_REPRESENTATION_CONTEXT() REPRESENTATION_CONTEXT('2D SPACE',''
  ) );
#4611 = ORIENTED_EDGE('',*,*,#4168,.F.);
#4612 = ORIENTED_EDGE('',*,*,#4613,.F.);
#4613 = EDGE_CURVE('',#4476,#4139,#4614,.T.);
#4614 = SURFACE_CURVE('',#4615,(#4620,#4631),.PCURVE_S1.);
#4615 = CIRCLE('',#4616,4.);
#4616 = AXIS2_PLACEMENT_3D('',#4617,#4618,#4619);
#4617 = CARTESIAN_POINT('',(-34.,24.999999994759,20.));
#4618 = DIRECTION('',(0.,0.,-1.));
#4619 = DIRECTION('',(-1.,0.,0.));
#4620 = PCURVE('',#3552,#4621);
#4621 = DEFINITIONAL_REPRESENTATION('',(#4622),#4630);
#4622 = ( BOUNDED_CURVE() B_SPLINE_CURVE(2,(#4623,#4624,#4625,#4626,
#4627,#4628,#4629),.UNSPECIFIED.,.T.,.F.) B_SPLINE_CURVE_WITH_KNOTS((1,2
    ,2,2,2,1),(-2.094395102393,0.,2.094395102393,4.188790204786,
6.28318530718,8.377580409573),.UNSPECIFIED.) CURVE() 
GEOMETRIC_REPRESENTATION_ITEM() RATIONAL_B_SPLINE_CURVE((1.,0.5,1.,0.5,
1.,0.5,1.)) REPRESENTATION_ITEM('') );
#4623 = CARTESIAN_POINT('',(-38.,24.999999996013));
#4624 = CARTESIAN_POINT('',(-38.,31.928203226288));
#4625 = CARTESIAN_POINT('',(-32.,28.464101611151));
#4626 = CARTESIAN_POINT('',(-26.,24.999999996013));
#4627 = CARTESIAN_POINT('',(-32.,21.535898380875));
#4628 = CARTESIAN_POINT('',(-38.,18.071796765737));
#4629 = CARTESIAN_POINT('',(-38.,24.999999996013));
#4630 = ( GEOMETRIC_REPRESENTATION_CONTEXT(2) 
PARAMETRIC_REPRESENTATION_CONTEXT() REPRESENTATION_CONTEXT('2D SPACE',''
  ) );
#4631 = PCURVE('',#4156,#4632);
#4632 = DEFINITIONAL_REPRESENTATION('',(#4633),#4637);
#4633 = LINE('',#4634,#4635);
#4634 = CARTESIAN_POINT('',(0.,-17.));
#4635 = VECTOR('',#4636,1.);
#4636 = DIRECTION('',(1.,0.));
#4637 = ( GEOMETRIC_REPRESENTATION_CONTEXT(2) 
PARAMETRIC_REPRESENTATION_CONTEXT() REPRESENTATION_CONTEXT('2D SPACE',''
  ) );
#4638 = FACE_BOUND('',#4639,.T.);
#4639 = EDGE_LOOP('',(#4640,#4641,#4642,#4643,#4644,#4645,#4646,#4647));
#4640 = ORIENTED_EDGE('',*,*,#3592,.T.);
#4641 = ORIENTED_EDGE('',*,*,#3538,.T.);
#4642 = ORIENTED_EDGE('',*,*,#3646,.T.);
#4643 = ORIENTED_EDGE('',*,*,#3749,.T.);
#4644 = ORIENTED_EDGE('',*,*,#3852,.T.);
#4645 = ORIENTED_EDGE('',*,*,#3884,.F.);
#4646 = ORIENTED_EDGE('',*,*,#3798,.T.);
#4647 = ORIENTED_EDGE('',*,*,#3700,.F.);
#4648 = ADVANCED_FACE('',(#4649),#3951,.T.);
#4649 = FACE_BOUND('',#4650,.F.);
#4650 = EDGE_LOOP('',(#4651));
#4651 = ORIENTED_EDGE('',*,*,#3936,.F.);
#4652 = ADVANCED_FACE('',(#4653),#4062,.T.);
#4653 = FACE_BOUND('',#4654,.T.);
#4654 = EDGE_LOOP('',(#4655,#4656,#4679,#4705));
#4655 = ORIENTED_EDGE('',*,*,#4503,.T.);
#4656 = ORIENTED_EDGE('',*,*,#4657,.F.);
#4657 = EDGE_CURVE('',#4658,#4474,#4660,.T.);
#4658 = VERTEX_POINT('',#4659);
#4659 = CARTESIAN_POINT('',(-38.,-25.,0.));
#4660 = SURFACE_CURVE('',#4661,(#4665,#4672),.PCURVE_S1.);
#4661 = LINE('',#4662,#4663);
#4662 = CARTESIAN_POINT('',(-38.,-25.,0.));
#4663 = VECTOR('',#4664,1.);
#4664 = DIRECTION('',(0.,0.,1.));
#4665 = PCURVE('',#4062,#4666);
#4666 = DEFINITIONAL_REPRESENTATION('',(#4667),#4671);
#4667 = LINE('',#4668,#4669);
#4668 = CARTESIAN_POINT('',(6.28318530718,3.));
#4669 = VECTOR('',#4670,1.);
#4670 = DIRECTION('',(0.,-1.));
#4671 = ( GEOMETRIC_REPRESENTATION_CONTEXT(2) 
PARAMETRIC_REPRESENTATION_CONTEXT() REPRESENTATION_CONTEXT('2D SPACE',''
  ) );
#4672 = PCURVE('',#4491,#4673);
#4673 = DEFINITIONAL_REPRESENTATION('',(#4674),#4678);
#4674 = LINE('',#4675,#4676);
#4675 = CARTESIAN_POINT('',(0.,3.));
#4676 = VECTOR('',#4677,1.);
#4677 = DIRECTION('',(0.,-1.));
#4678 = ( GEOMETRIC_REPRESENTATION_CONTEXT(2) 
PARAMETRIC_REPRESENTATION_CONTEXT() REPRESENTATION_CONTEXT('2D SPACE',''
  ) );
#4679 = ORIENTED_EDGE('',*,*,#4680,.F.);
#4680 = EDGE_CURVE('',#4021,#4658,#4681,.T.);
#4681 = SURFACE_CURVE('',#4682,(#4687,#4694),.PCURVE_S1.);
#4682 = CIRCLE('',#4683,4.);
#4683 = AXIS2_PLACEMENT_3D('',#4684,#4685,#4686);
#4684 = CARTESIAN_POINT('',(-34.,-25.,0.));
#4685 = DIRECTION('',(0.,0.,-1.));
#4686 = DIRECTION('',(-1.,0.,0.));
#4687 = PCURVE('',#4062,#4688);
#4688 = DEFINITIONAL_REPRESENTATION('',(#4689),#4693);
#4689 = LINE('',#4690,#4691);
#4690 = CARTESIAN_POINT('',(0.,3.));
#4691 = VECTOR('',#4692,1.);
#4692 = DIRECTION('',(1.,0.));
#4693 = ( GEOMETRIC_REPRESENTATION_CONTEXT(2) 
PARAMETRIC_REPRESENTATION_CONTEXT() REPRESENTATION_CONTEXT('2D SPACE',''
  ) );
#4694 = PCURVE('',#4036,#4695);
#4695 = DEFINITIONAL_REPRESENTATION('',(#4696),#4704);
#4696 = ( BOUNDED_CURVE() B_SPLINE_CURVE(2,(#4697,#4698,#4699,#4700,
#4701,#4702,#4703),.UNSPECIFIED.,.T.,.F.) B_SPLINE_CURVE_WITH_KNOTS((1,2
    ,2,2,2,1),(-2.094395102393,0.,2.094395102393,4.188790204786,
6.28318530718,8.377580409573),.UNSPECIFIED.) CURVE() 
GEOMETRIC_REPRESENTATION_ITEM() RATIONAL_B_SPLINE_CURVE((1.,0.5,1.,0.5,
1.,0.5,1.)) REPRESENTATION_ITEM('') );
#4697 = CARTESIAN_POINT('',(-38.,-24.99999999874));
#4698 = CARTESIAN_POINT('',(-38.,-18.07179676847));
#4699 = CARTESIAN_POINT('',(-32.,-21.5358983836));
#4700 = CARTESIAN_POINT('',(-26.,-24.99999999874));
#4701 = CARTESIAN_POINT('',(-32.,-28.46410161388));
#4702 = CARTESIAN_POINT('',(-38.,-31.92820322902));
#4703 = CARTESIAN_POINT('',(-38.,-24.99999999874));
#4704 = ( GEOMETRIC_REPRESENTATION_CONTEXT(2) 
PARAMETRIC_REPRESENTATION_CONTEXT() REPRESENTATION_CONTEXT('2D SPACE',''
  ) );
#4705 = ORIENTED_EDGE('',*,*,#4048,.T.);
#4706 = ADVANCED_FACE('',(#4707),#4008,.T.);
#4707 = FACE_BOUND('',#4708,.T.);
#4708 = EDGE_LOOP('',(#4709,#4710,#4711,#4739));
#4709 = ORIENTED_EDGE('',*,*,#4530,.T.);
#4710 = ORIENTED_EDGE('',*,*,#3992,.F.);
#4711 = ORIENTED_EDGE('',*,*,#4712,.F.);
#4712 = EDGE_CURVE('',#4713,#3993,#4715,.T.);
#4713 = VERTEX_POINT('',#4714);
#4714 = CARTESIAN_POINT('',(38.,-25.,0.));
#4715 = SURFACE_CURVE('',#4716,(#4721,#4728),.PCURVE_S1.);
#4716 = CIRCLE('',#4717,4.);
#4717 = AXIS2_PLACEMENT_3D('',#4718,#4719,#4720);
#4718 = CARTESIAN_POINT('',(34.,-25.,0.));
#4719 = DIRECTION('',(0.,0.,-1.));
#4720 = DIRECTION('',(-1.,0.,0.));
#4721 = PCURVE('',#4008,#4722);
#4722 = DEFINITIONAL_REPRESENTATION('',(#4723),#4727);
#4723 = LINE('',#4724,#4725);
#4724 = CARTESIAN_POINT('',(0.,3.));
#4725 = VECTOR('',#4726,1.);
#4726 = DIRECTION('',(1.,0.));
#4727 = ( GEOMETRIC_REPRESENTATION_CONTEXT(2) 
PARAMETRIC_REPRESENTATION_CONTEXT() REPRESENTATION_CONTEXT('2D SPACE',''
  ) );
#4728 = PCURVE('',#4036,#4729);
#4729 = DEFINITIONAL_REPRESENTATION('',(#4730),#4738);
#4730 = ( BOUNDED_CURVE() B_SPLINE_CURVE(2,(#4731,#4732,#4733,#4734,
#4735,#4736,#4737),.UNSPECIFIED.,.T.,.F.) B_SPLINE_CURVE_WITH_KNOTS((1,2
    ,2,2,2,1),(-2.094395102393,0.,2.094395102393,4.188790204786,
6.28318530718,8.377580409573),.UNSPECIFIED.) CURVE() 
GEOMETRIC_REPRESENTATION_ITEM() RATIONAL_B_SPLINE_CURVE((1.,0.5,1.,0.5,
1.,0.5,1.)) REPRESENTATION_ITEM('') );
#4731 = CARTESIAN_POINT('',(30.,-24.99999999874));
#4732 = CARTESIAN_POINT('',(30.,-18.07179676847));
#4733 = CARTESIAN_POINT('',(36.,-21.5358983836));
#4734 = CARTESIAN_POINT('',(42.,-24.99999999874));
#4735 = CARTESIAN_POINT('',(36.,-28.46410161388));
#4736 = CARTESIAN_POINT('',(30.,-31.92820322902));
#4737 = CARTESIAN_POINT('',(30.,-24.99999999874));
#4738 = ( GEOMETRIC_REPRESENTATION_CONTEXT(2) 
PARAMETRIC_REPRESENTATION_CONTEXT() REPRESENTATION_CONTEXT('2D SPACE',''
  ) );
#4739 = ORIENTED_EDGE('',*,*,#4740,.T.);
#4740 = EDGE_CURVE('',#4713,#4531,#4741,.T.);
#4741 = SURFACE_CURVE('',#4742,(#4746,#4753),.PCURVE_S1.);
#4742 = LINE('',#4743,#4744);
#4743 = CARTESIAN_POINT('',(38.,-25.,0.));
#4744 = VECTOR('',#4745,1.);
#4745 = DIRECTION('',(0.,0.,1.));
#4746 = PCURVE('',#4008,#4747);
#4747 = DEFINITIONAL_REPRESENTATION('',(#4748),#4752);
#4748 = LINE('',#4749,#4750);
#4749 = CARTESIAN_POINT('',(3.14159265359,3.));
#4750 = VECTOR('',#4751,1.);
#4751 = DIRECTION('',(0.,-1.));
#4752 = ( GEOMETRIC_REPRESENTATION_CONTEXT(2) 
PARAMETRIC_REPRESENTATION_CONTEXT() REPRESENTATION_CONTEXT('2D SPACE',''
  ) );
#4753 = PCURVE('',#4574,#4754);
#4754 = DEFINITIONAL_REPRESENTATION('',(#4755),#4759);
#4755 = LINE('',#4756,#4757);
#4756 = CARTESIAN_POINT('',(0.,3.));
#4757 = VECTOR('',#4758,1.);
#4758 = DIRECTION('',(0.,-1.));
#4759 = ( GEOMETRIC_REPRESENTATION_CONTEXT(2) 
PARAMETRIC_REPRESENTATION_CONTEXT() REPRESENTATION_CONTEXT('2D SPACE',''
  ) );
#4760 = ADVANCED_FACE('',(#4761,#5311,#5342),#4036,.F.);
#4761 = FACE_BOUND('',#4762,.F.);
#4762 = EDGE_LOOP('',(#4763,#4786,#4787,#4788,#4789,#4812,#4841,#4869,
    #4898,#4926,#4955,#4983,#5012,#5035,#5061,#5062,#5090,#5113,#5142,
    #5170,#5199,#5227,#5256,#5284));
#4763 = ORIENTED_EDGE('',*,*,#4764,.F.);
#4764 = EDGE_CURVE('',#4658,#4765,#4767,.T.);
#4765 = VERTEX_POINT('',#4766);
#4766 = CARTESIAN_POINT('',(-38.00000001692,-9.,0.));
#4767 = SURFACE_CURVE('',#4768,(#4772,#4779),.PCURVE_S1.);
#4768 = LINE('',#4769,#4770);
#4769 = CARTESIAN_POINT('',(-38.,4.938272013533E-13,0.));
#4770 = VECTOR('',#4771,1.);
#4771 = DIRECTION('',(0.,1.,0.));
#4772 = PCURVE('',#4036,#4773);
#4773 = DEFINITIONAL_REPRESENTATION('',(#4774),#4778);
#4774 = LINE('',#4775,#4776);
#4775 = CARTESIAN_POINT('',(-38.,1.254629520351E-09));
#4776 = VECTOR('',#4777,1.);
#4777 = DIRECTION('',(0.,1.));
#4778 = ( GEOMETRIC_REPRESENTATION_CONTEXT(2) 
PARAMETRIC_REPRESENTATION_CONTEXT() REPRESENTATION_CONTEXT('2D SPACE',''
  ) );
#4779 = PCURVE('',#4491,#4780);
#4780 = DEFINITIONAL_REPRESENTATION('',(#4781),#4785);
#4781 = LINE('',#4782,#4783);
#4782 = CARTESIAN_POINT('',(25.000000000001,3.));
#4783 = VECTOR('',#4784,1.);
#4784 = DIRECTION('',(1.,0.));
#4785 = ( GEOMETRIC_REPRESENTATION_CONTEXT(2) 
PARAMETRIC_REPRESENTATION_CONTEXT() REPRESENTATION_CONTEXT('2D SPACE',''
  ) );
#4786 = ORIENTED_EDGE('',*,*,#4680,.F.);
#4787 = ORIENTED_EDGE('',*,*,#4020,.T.);
#4788 = ORIENTED_EDGE('',*,*,#4712,.F.);
#4789 = ORIENTED_EDGE('',*,*,#4790,.T.);
#4790 = EDGE_CURVE('',#4713,#4791,#4793,.T.);
#4791 = VERTEX_POINT('',#4792);
#4792 = CARTESIAN_POINT('',(38.,-9.,0.));
#4793 = SURFACE_CURVE('',#4794,(#4798,#4805),.PCURVE_S1.);
#4794 = LINE('',#4795,#4796);
#4795 = CARTESIAN_POINT('',(38.,4.938272013533E-13,0.));
#4796 = VECTOR('',#4797,1.);
#4797 = DIRECTION('',(0.,1.,0.));
#4798 = PCURVE('',#4036,#4799);
#4799 = DEFINITIONAL_REPRESENTATION('',(#4800),#4804);
#4800 = LINE('',#4801,#4802);
#4801 = CARTESIAN_POINT('',(38.,1.254629520351E-09));
#4802 = VECTOR('',#4803,1.);
#4803 = DIRECTION('',(0.,1.));
#4804 = ( GEOMETRIC_REPRESENTATION_CONTEXT(2) 
PARAMETRIC_REPRESENTATION_CONTEXT() REPRESENTATION_CONTEXT('2D SPACE',''
  ) );
#4805 = PCURVE('',#4574,#4806);
#4806 = DEFINITIONAL_REPRESENTATION('',(#4807),#4811);
#4807 = LINE('',#4808,#4809);
#4808 = CARTESIAN_POINT('',(25.000000000001,3.));
#4809 = VECTOR('',#4810,1.);
#4810 = DIRECTION('',(1.,0.));
#4811 = ( GEOMETRIC_REPRESENTATION_CONTEXT(2) 
PARAMETRIC_REPRESENTATION_CONTEXT() REPRESENTATION_CONTEXT('2D SPACE',''
  ) );
#4812 = ORIENTED_EDGE('',*,*,#4813,.T.);
#4813 = EDGE_CURVE('',#4791,#4814,#4816,.T.);
#4814 = VERTEX_POINT('',#4815);
#4815 = CARTESIAN_POINT('',(41.,-12.,0.));
#4816 = SURFACE_CURVE('',#4817,(#4822,#4829),.PCURVE_S1.);
#4817 = CIRCLE('',#4818,3.);
#4818 = AXIS2_PLACEMENT_3D('',#4819,#4820,#4821);
#4819 = CARTESIAN_POINT('',(41.,-9.,0.));
#4820 = DIRECTION('',(0.,0.,1.));
#4821 = DIRECTION('',(1.,0.,0.));
#4822 = PCURVE('',#4036,#4823);
#4823 = DEFINITIONAL_REPRESENTATION('',(#4824),#4828);
#4824 = CIRCLE('',#4825,3.);
#4825 = AXIS2_PLACEMENT_2D('',#4826,#4827);
#4826 = CARTESIAN_POINT('',(41.,-8.999999998746));
#4827 = DIRECTION('',(1.,0.));
#4828 = ( GEOMETRIC_REPRESENTATION_CONTEXT(2) 
PARAMETRIC_REPRESENTATION_CONTEXT() REPRESENTATION_CONTEXT('2D SPACE',''
  ) );
#4829 = PCURVE('',#4830,#4835);
#4830 = CYLINDRICAL_SURFACE('',#4831,3.);
#4831 = AXIS2_PLACEMENT_3D('',#4832,#4833,#4834);
#4832 = CARTESIAN_POINT('',(41.,-9.,0.));
#4833 = DIRECTION('',(-0.,-0.,-1.));
#4834 = DIRECTION('',(1.,0.,0.));
#4835 = DEFINITIONAL_REPRESENTATION('',(#4836),#4840);
#4836 = LINE('',#4837,#4838);
#4837 = CARTESIAN_POINT('',(-0.,0.));
#4838 = VECTOR('',#4839,1.);
#4839 = DIRECTION('',(-1.,0.));
#4840 = ( GEOMETRIC_REPRESENTATION_CONTEXT(2) 
PARAMETRIC_REPRESENTATION_CONTEXT() REPRESENTATION_CONTEXT('2D SPACE',''
  ) );
#4841 = ORIENTED_EDGE('',*,*,#4842,.T.);
#4842 = EDGE_CURVE('',#4814,#4843,#4845,.T.);
#4843 = VERTEX_POINT('',#4844);
#4844 = CARTESIAN_POINT('',(50.999999966154,-12.,0.));
#4845 = SURFACE_CURVE('',#4846,(#4850,#4857),.PCURVE_S1.);
#4846 = LINE('',#4847,#4848);
#4847 = CARTESIAN_POINT('',(46.,-12.,0.));
#4848 = VECTOR('',#4849,1.);
#4849 = DIRECTION('',(1.,0.,0.));
#4850 = PCURVE('',#4036,#4851);
#4851 = DEFINITIONAL_REPRESENTATION('',(#4852),#4856);
#4852 = LINE('',#4853,#4854);
#4853 = CARTESIAN_POINT('',(46.,-11.99999999874));
#4854 = VECTOR('',#4855,1.);
#4855 = DIRECTION('',(1.,0.));
#4856 = ( GEOMETRIC_REPRESENTATION_CONTEXT(2) 
PARAMETRIC_REPRESENTATION_CONTEXT() REPRESENTATION_CONTEXT('2D SPACE',''
  ) );
#4857 = PCURVE('',#4858,#4863);
#4858 = PLANE('',#4859);
#4859 = AXIS2_PLACEMENT_3D('',#4860,#4861,#4862);
#4860 = CARTESIAN_POINT('',(41.,-12.,0.));
#4861 = DIRECTION('',(0.,1.,0.));
#4862 = DIRECTION('',(1.,0.,0.));
#4863 = DEFINITIONAL_REPRESENTATION('',(#4864),#4868);
#4864 = LINE('',#4865,#4866);
#4865 = CARTESIAN_POINT('',(5.,0.));
#4866 = VECTOR('',#4867,1.);
#4867 = DIRECTION('',(1.,0.));
#4868 = ( GEOMETRIC_REPRESENTATION_CONTEXT(2) 
PARAMETRIC_REPRESENTATION_CONTEXT() REPRESENTATION_CONTEXT('2D SPACE',''
  ) );
#4869 = ORIENTED_EDGE('',*,*,#4870,.T.);
#4870 = EDGE_CURVE('',#4843,#4871,#4873,.T.);
#4871 = VERTEX_POINT('',#4872);
#4872 = CARTESIAN_POINT('',(53.999999983077,-9.,0.));
#4873 = SURFACE_CURVE('',#4874,(#4879,#4886),.PCURVE_S1.);
#4874 = CIRCLE('',#4875,3.);
#4875 = AXIS2_PLACEMENT_3D('',#4876,#4877,#4878);
#4876 = CARTESIAN_POINT('',(50.999999966154,-9.,0.));
#4877 = DIRECTION('',(0.,0.,1.));
#4878 = DIRECTION('',(1.,0.,0.));
#4879 = PCURVE('',#4036,#4880);
#4880 = DEFINITIONAL_REPRESENTATION('',(#4881),#4885);
#4881 = CIRCLE('',#4882,3.);
#4882 = AXIS2_PLACEMENT_2D('',#4883,#4884);
#4883 = CARTESIAN_POINT('',(50.999999966154,-8.999999998746));
#4884 = DIRECTION('',(1.,0.));
#4885 = ( GEOMETRIC_REPRESENTATION_CONTEXT(2) 
PARAMETRIC_REPRESENTATION_CONTEXT() REPRESENTATION_CONTEXT('2D SPACE',''
  ) );
#4886 = PCURVE('',#4887,#4892);
#4887 = CYLINDRICAL_SURFACE('',#4888,3.);
#4888 = AXIS2_PLACEMENT_3D('',#4889,#4890,#4891);
#4889 = CARTESIAN_POINT('',(50.999999966154,-9.,0.));
#4890 = DIRECTION('',(-0.,-0.,-1.));
#4891 = DIRECTION('',(1.,0.,0.));
#4892 = DEFINITIONAL_REPRESENTATION('',(#4893),#4897);
#4893 = LINE('',#4894,#4895);
#4894 = CARTESIAN_POINT('',(-0.,0.));
#4895 = VECTOR('',#4896,1.);
#4896 = DIRECTION('',(-1.,0.));
#4897 = ( GEOMETRIC_REPRESENTATION_CONTEXT(2) 
PARAMETRIC_REPRESENTATION_CONTEXT() REPRESENTATION_CONTEXT('2D SPACE',''
  ) );
#4898 = ORIENTED_EDGE('',*,*,#4899,.T.);
#4899 = EDGE_CURVE('',#4871,#4900,#4902,.T.);
#4900 = VERTEX_POINT('',#4901);
#4901 = CARTESIAN_POINT('',(53.999999983077,9.,0.));
#4902 = SURFACE_CURVE('',#4903,(#4907,#4914),.PCURVE_S1.);
#4903 = LINE('',#4904,#4905);
#4904 = CARTESIAN_POINT('',(54.,0.,0.));
#4905 = VECTOR('',#4906,1.);
#4906 = DIRECTION('',(0.,1.,0.));
#4907 = PCURVE('',#4036,#4908);
#4908 = DEFINITIONAL_REPRESENTATION('',(#4909),#4913);
#4909 = LINE('',#4910,#4911);
#4910 = CARTESIAN_POINT('',(54.,1.254135693149E-09));
#4911 = VECTOR('',#4912,1.);
#4912 = DIRECTION('',(0.,1.));
#4913 = ( GEOMETRIC_REPRESENTATION_CONTEXT(2) 
PARAMETRIC_REPRESENTATION_CONTEXT() REPRESENTATION_CONTEXT('2D SPACE',''
  ) );
#4914 = PCURVE('',#4915,#4920);
#4915 = PLANE('',#4916);
#4916 = AXIS2_PLACEMENT_3D('',#4917,#4918,#4919);
#4917 = CARTESIAN_POINT('',(54.,-9.,0.));
#4918 = DIRECTION('',(-1.,0.,0.));
#4919 = DIRECTION('',(0.,1.,0.));
#4920 = DEFINITIONAL_REPRESENTATION('',(#4921),#4925);
#4921 = LINE('',#4922,#4923);
#4922 = CARTESIAN_POINT('',(9.,0.));
#4923 = VECTOR('',#4924,1.);
#4924 = DIRECTION('',(1.,0.));
#4925 = ( GEOMETRIC_REPRESENTATION_CONTEXT(2) 
PARAMETRIC_REPRESENTATION_CONTEXT() REPRESENTATION_CONTEXT('2D SPACE',''
  ) );
#4926 = ORIENTED_EDGE('',*,*,#4927,.T.);
#4927 = EDGE_CURVE('',#4900,#4928,#4930,.T.);
#4928 = VERTEX_POINT('',#4929);
#4929 = CARTESIAN_POINT('',(50.999999966154,12.,0.));
#4930 = SURFACE_CURVE('',#4931,(#4936,#4943),.PCURVE_S1.);
#4931 = CIRCLE('',#4932,3.);
#4932 = AXIS2_PLACEMENT_3D('',#4933,#4934,#4935);
#4933 = CARTESIAN_POINT('',(50.999999966154,9.,0.));
#4934 = DIRECTION('',(0.,0.,1.));
#4935 = DIRECTION('',(1.,0.,0.));
#4936 = PCURVE('',#4036,#4937);
#4937 = DEFINITIONAL_REPRESENTATION('',(#4938),#4942);
#4938 = CIRCLE('',#4939,3.);
#4939 = AXIS2_PLACEMENT_2D('',#4940,#4941);
#4940 = CARTESIAN_POINT('',(50.999999966154,9.000000001254));
#4941 = DIRECTION('',(1.,0.));
#4942 = ( GEOMETRIC_REPRESENTATION_CONTEXT(2) 
PARAMETRIC_REPRESENTATION_CONTEXT() REPRESENTATION_CONTEXT('2D SPACE',''
  ) );
#4943 = PCURVE('',#4944,#4949);
#4944 = CYLINDRICAL_SURFACE('',#4945,3.);
#4945 = AXIS2_PLACEMENT_3D('',#4946,#4947,#4948);
#4946 = CARTESIAN_POINT('',(50.999999966154,9.,0.));
#4947 = DIRECTION('',(-0.,-0.,-1.));
#4948 = DIRECTION('',(1.,0.,0.));
#4949 = DEFINITIONAL_REPRESENTATION('',(#4950),#4954);
#4950 = LINE('',#4951,#4952);
#4951 = CARTESIAN_POINT('',(-0.,0.));
#4952 = VECTOR('',#4953,1.);
#4953 = DIRECTION('',(-1.,0.));
#4954 = ( GEOMETRIC_REPRESENTATION_CONTEXT(2) 
PARAMETRIC_REPRESENTATION_CONTEXT() REPRESENTATION_CONTEXT('2D SPACE',''
  ) );
#4955 = ORIENTED_EDGE('',*,*,#4956,.F.);
#4956 = EDGE_CURVE('',#4957,#4928,#4959,.T.);
#4957 = VERTEX_POINT('',#4958);
#4958 = CARTESIAN_POINT('',(41.,12.,0.));
#4959 = SURFACE_CURVE('',#4960,(#4964,#4971),.PCURVE_S1.);
#4960 = LINE('',#4961,#4962);
#4961 = CARTESIAN_POINT('',(46.,12.,0.));
#4962 = VECTOR('',#4963,1.);
#4963 = DIRECTION('',(1.,0.,0.));
#4964 = PCURVE('',#4036,#4965);
#4965 = DEFINITIONAL_REPRESENTATION('',(#4966),#4970);
#4966 = LINE('',#4967,#4968);
#4967 = CARTESIAN_POINT('',(46.,12.000000001254));
#4968 = VECTOR('',#4969,1.);
#4969 = DIRECTION('',(1.,0.));
#4970 = ( GEOMETRIC_REPRESENTATION_CONTEXT(2) 
PARAMETRIC_REPRESENTATION_CONTEXT() REPRESENTATION_CONTEXT('2D SPACE',''
  ) );
#4971 = PCURVE('',#4972,#4977);
#4972 = PLANE('',#4973);
#4973 = AXIS2_PLACEMENT_3D('',#4974,#4975,#4976);
#4974 = CARTESIAN_POINT('',(41.,12.,0.));
#4975 = DIRECTION('',(0.,1.,0.));
#4976 = DIRECTION('',(1.,0.,0.));
#4977 = DEFINITIONAL_REPRESENTATION('',(#4978),#4982);
#4978 = LINE('',#4979,#4980);
#4979 = CARTESIAN_POINT('',(5.,0.));
#4980 = VECTOR('',#4981,1.);
#4981 = DIRECTION('',(1.,0.));
#4982 = ( GEOMETRIC_REPRESENTATION_CONTEXT(2) 
PARAMETRIC_REPRESENTATION_CONTEXT() REPRESENTATION_CONTEXT('2D SPACE',''
  ) );
#4983 = ORIENTED_EDGE('',*,*,#4984,.T.);
#4984 = EDGE_CURVE('',#4957,#4985,#4987,.T.);
#4985 = VERTEX_POINT('',#4986);
#4986 = CARTESIAN_POINT('',(38.,9.,0.));
#4987 = SURFACE_CURVE('',#4988,(#4993,#5000),.PCURVE_S1.);
#4988 = CIRCLE('',#4989,3.);
#4989 = AXIS2_PLACEMENT_3D('',#4990,#4991,#4992);
#4990 = CARTESIAN_POINT('',(41.,9.,0.));
#4991 = DIRECTION('',(0.,0.,1.));
#4992 = DIRECTION('',(1.,0.,0.));
#4993 = PCURVE('',#4036,#4994);
#4994 = DEFINITIONAL_REPRESENTATION('',(#4995),#4999);
#4995 = CIRCLE('',#4996,3.);
#4996 = AXIS2_PLACEMENT_2D('',#4997,#4998);
#4997 = CARTESIAN_POINT('',(41.,9.000000001254));
#4998 = DIRECTION('',(1.,0.));
#4999 = ( GEOMETRIC_REPRESENTATION_CONTEXT(2) 
PARAMETRIC_REPRESENTATION_CONTEXT() REPRESENTATION_CONTEXT('2D SPACE',''
  ) );
#5000 = PCURVE('',#5001,#5006);
#5001 = CYLINDRICAL_SURFACE('',#5002,3.);
#5002 = AXIS2_PLACEMENT_3D('',#5003,#5004,#5005);
#5003 = CARTESIAN_POINT('',(41.,9.,0.));
#5004 = DIRECTION('',(-0.,-0.,-1.));
#5005 = DIRECTION('',(1.,0.,0.));
#5006 = DEFINITIONAL_REPRESENTATION('',(#5007),#5011);
#5007 = LINE('',#5008,#5009);
#5008 = CARTESIAN_POINT('',(-0.,0.));
#5009 = VECTOR('',#5010,1.);
#5010 = DIRECTION('',(-1.,0.));
#5011 = ( GEOMETRIC_REPRESENTATION_CONTEXT(2) 
PARAMETRIC_REPRESENTATION_CONTEXT() REPRESENTATION_CONTEXT('2D SPACE',''
  ) );
#5012 = ORIENTED_EDGE('',*,*,#5013,.T.);
#5013 = EDGE_CURVE('',#4985,#5014,#5016,.T.);
#5014 = VERTEX_POINT('',#5015);
#5015 = CARTESIAN_POINT('',(38.,24.999999994759,0.));
#5016 = SURFACE_CURVE('',#5017,(#5021,#5028),.PCURVE_S1.);
#5017 = LINE('',#5018,#5019);
#5018 = CARTESIAN_POINT('',(38.,4.938272013533E-13,0.));
#5019 = VECTOR('',#5020,1.);
#5020 = DIRECTION('',(0.,1.,0.));
#5021 = PCURVE('',#4036,#5022);
#5022 = DEFINITIONAL_REPRESENTATION('',(#5023),#5027);
#5023 = LINE('',#5024,#5025);
#5024 = CARTESIAN_POINT('',(38.,1.254629520351E-09));
#5025 = VECTOR('',#5026,1.);
#5026 = DIRECTION('',(0.,1.));
#5027 = ( GEOMETRIC_REPRESENTATION_CONTEXT(2) 
PARAMETRIC_REPRESENTATION_CONTEXT() REPRESENTATION_CONTEXT('2D SPACE',''
  ) );
#5028 = PCURVE('',#4574,#5029);
#5029 = DEFINITIONAL_REPRESENTATION('',(#5030),#5034);
#5030 = LINE('',#5031,#5032);
#5031 = CARTESIAN_POINT('',(25.000000000001,3.));
#5032 = VECTOR('',#5033,1.);
#5033 = DIRECTION('',(1.,0.));
#5034 = ( GEOMETRIC_REPRESENTATION_CONTEXT(2) 
PARAMETRIC_REPRESENTATION_CONTEXT() REPRESENTATION_CONTEXT('2D SPACE',''
  ) );
#5035 = ORIENTED_EDGE('',*,*,#5036,.F.);
#5036 = EDGE_CURVE('',#4192,#5014,#5037,.T.);
#5037 = SURFACE_CURVE('',#5038,(#5043,#5054),.PCURVE_S1.);
#5038 = CIRCLE('',#5039,4.);
#5039 = AXIS2_PLACEMENT_3D('',#5040,#5041,#5042);
#5040 = CARTESIAN_POINT('',(34.,24.999999994759,0.));
#5041 = DIRECTION('',(0.,0.,-1.));
#5042 = DIRECTION('',(-1.,0.,0.));
#5043 = PCURVE('',#4036,#5044);
#5044 = DEFINITIONAL_REPRESENTATION('',(#5045),#5053);
#5045 = ( BOUNDED_CURVE() B_SPLINE_CURVE(2,(#5046,#5047,#5048,#5049,
#5050,#5051,#5052),.UNSPECIFIED.,.T.,.F.) B_SPLINE_CURVE_WITH_KNOTS((1,2
    ,2,2,2,1),(-2.094395102393,0.,2.094395102393,4.188790204786,
6.28318530718,8.377580409573),.UNSPECIFIED.) CURVE() 
GEOMETRIC_REPRESENTATION_ITEM() RATIONAL_B_SPLINE_CURVE((1.,0.5,1.,0.5,
1.,0.5,1.)) REPRESENTATION_ITEM('') );
#5046 = CARTESIAN_POINT('',(30.,24.999999996013));
#5047 = CARTESIAN_POINT('',(30.,31.928203226288));
#5048 = CARTESIAN_POINT('',(36.,28.464101611151));
#5049 = CARTESIAN_POINT('',(42.,24.999999996013));
#5050 = CARTESIAN_POINT('',(36.,21.535898380875));
#5051 = CARTESIAN_POINT('',(30.,18.071796765737));
#5052 = CARTESIAN_POINT('',(30.,24.999999996013));
#5053 = ( GEOMETRIC_REPRESENTATION_CONTEXT(2) 
PARAMETRIC_REPRESENTATION_CONTEXT() REPRESENTATION_CONTEXT('2D SPACE',''
  ) );
#5054 = PCURVE('',#4207,#5055);
#5055 = DEFINITIONAL_REPRESENTATION('',(#5056),#5060);
#5056 = LINE('',#5057,#5058);
#5057 = CARTESIAN_POINT('',(0.,3.));
#5058 = VECTOR('',#5059,1.);
#5059 = DIRECTION('',(1.,0.));
#5060 = ( GEOMETRIC_REPRESENTATION_CONTEXT(2) 
PARAMETRIC_REPRESENTATION_CONTEXT() REPRESENTATION_CONTEXT('2D SPACE',''
  ) );
#5061 = ORIENTED_EDGE('',*,*,#4219,.F.);
#5062 = ORIENTED_EDGE('',*,*,#5063,.F.);
#5063 = EDGE_CURVE('',#5064,#4141,#5066,.T.);
#5064 = VERTEX_POINT('',#5065);
#5065 = CARTESIAN_POINT('',(-38.,24.999999994759,0.));
#5066 = SURFACE_CURVE('',#5067,(#5072,#5083),.PCURVE_S1.);
#5067 = CIRCLE('',#5068,4.);
#5068 = AXIS2_PLACEMENT_3D('',#5069,#5070,#5071);
#5069 = CARTESIAN_POINT('',(-34.,24.999999994759,0.));
#5070 = DIRECTION('',(0.,0.,-1.));
#5071 = DIRECTION('',(-1.,0.,0.));
#5072 = PCURVE('',#4036,#5073);
#5073 = DEFINITIONAL_REPRESENTATION('',(#5074),#5082);
#5074 = ( BOUNDED_CURVE() B_SPLINE_CURVE(2,(#5075,#5076,#5077,#5078,
#5079,#5080,#5081),.UNSPECIFIED.,.T.,.F.) B_SPLINE_CURVE_WITH_KNOTS((1,2
    ,2,2,2,1),(-2.094395102393,0.,2.094395102393,4.188790204786,
6.28318530718,8.377580409573),.UNSPECIFIED.) CURVE() 
GEOMETRIC_REPRESENTATION_ITEM() RATIONAL_B_SPLINE_CURVE((1.,0.5,1.,0.5,
1.,0.5,1.)) REPRESENTATION_ITEM('') );
#5075 = CARTESIAN_POINT('',(-38.,24.999999996013));
#5076 = CARTESIAN_POINT('',(-38.,31.928203226288));
#5077 = CARTESIAN_POINT('',(-32.,28.464101611151));
#5078 = CARTESIAN_POINT('',(-26.,24.999999996013));
#5079 = CARTESIAN_POINT('',(-32.,21.535898380875));
#5080 = CARTESIAN_POINT('',(-38.,18.071796765737));
#5081 = CARTESIAN_POINT('',(-38.,24.999999996013));
#5082 = ( GEOMETRIC_REPRESENTATION_CONTEXT(2) 
PARAMETRIC_REPRESENTATION_CONTEXT() REPRESENTATION_CONTEXT('2D SPACE',''
  ) );
#5083 = PCURVE('',#4156,#5084);
#5084 = DEFINITIONAL_REPRESENTATION('',(#5085),#5089);
#5085 = LINE('',#5086,#5087);
#5086 = CARTESIAN_POINT('',(0.,3.));
#5087 = VECTOR('',#5088,1.);
#5088 = DIRECTION('',(1.,0.));
#5089 = ( GEOMETRIC_REPRESENTATION_CONTEXT(2) 
PARAMETRIC_REPRESENTATION_CONTEXT() REPRESENTATION_CONTEXT('2D SPACE',''
  ) );
#5090 = ORIENTED_EDGE('',*,*,#5091,.F.);
#5091 = EDGE_CURVE('',#5092,#5064,#5094,.T.);
#5092 = VERTEX_POINT('',#5093);
#5093 = CARTESIAN_POINT('',(-38.00000001692,9.,0.));
#5094 = SURFACE_CURVE('',#5095,(#5099,#5106),.PCURVE_S1.);
#5095 = LINE('',#5096,#5097);
#5096 = CARTESIAN_POINT('',(-38.,4.938272013533E-13,0.));
#5097 = VECTOR('',#5098,1.);
#5098 = DIRECTION('',(0.,1.,0.));
#5099 = PCURVE('',#4036,#5100);
#5100 = DEFINITIONAL_REPRESENTATION('',(#5101),#5105);
#5101 = LINE('',#5102,#5103);
#5102 = CARTESIAN_POINT('',(-38.,1.254629520351E-09));
#5103 = VECTOR('',#5104,1.);
#5104 = DIRECTION('',(0.,1.));
#5105 = ( GEOMETRIC_REPRESENTATION_CONTEXT(2) 
PARAMETRIC_REPRESENTATION_CONTEXT() REPRESENTATION_CONTEXT('2D SPACE',''
  ) );
#5106 = PCURVE('',#4491,#5107);
#5107 = DEFINITIONAL_REPRESENTATION('',(#5108),#5112);
#5108 = LINE('',#5109,#5110);
#5109 = CARTESIAN_POINT('',(25.000000000001,3.));
#5110 = VECTOR('',#5111,1.);
#5111 = DIRECTION('',(1.,0.));
#5112 = ( GEOMETRIC_REPRESENTATION_CONTEXT(2) 
PARAMETRIC_REPRESENTATION_CONTEXT() REPRESENTATION_CONTEXT('2D SPACE',''
  ) );
#5113 = ORIENTED_EDGE('',*,*,#5114,.T.);
#5114 = EDGE_CURVE('',#5092,#5115,#5117,.T.);
#5115 = VERTEX_POINT('',#5116);
#5116 = CARTESIAN_POINT('',(-41.00000003384,12.,0.));
#5117 = SURFACE_CURVE('',#5118,(#5123,#5130),.PCURVE_S1.);
#5118 = CIRCLE('',#5119,3.);
#5119 = AXIS2_PLACEMENT_3D('',#5120,#5121,#5122);
#5120 = CARTESIAN_POINT('',(-41.00000003384,9.,0.));
#5121 = DIRECTION('',(0.,0.,1.));
#5122 = DIRECTION('',(1.,0.,0.));
#5123 = PCURVE('',#4036,#5124);
#5124 = DEFINITIONAL_REPRESENTATION('',(#5125),#5129);
#5125 = CIRCLE('',#5126,3.);
#5126 = AXIS2_PLACEMENT_2D('',#5127,#5128);
#5127 = CARTESIAN_POINT('',(-41.00000003384,9.000000001254));
#5128 = DIRECTION('',(1.,0.));
#5129 = ( GEOMETRIC_REPRESENTATION_CONTEXT(2) 
PARAMETRIC_REPRESENTATION_CONTEXT() REPRESENTATION_CONTEXT('2D SPACE',''
  ) );
#5130 = PCURVE('',#5131,#5136);
#5131 = CYLINDRICAL_SURFACE('',#5132,3.);
#5132 = AXIS2_PLACEMENT_3D('',#5133,#5134,#5135);
#5133 = CARTESIAN_POINT('',(-41.00000003384,9.,0.));
#5134 = DIRECTION('',(-0.,-0.,-1.));
#5135 = DIRECTION('',(1.,0.,0.));
#5136 = DEFINITIONAL_REPRESENTATION('',(#5137),#5141);
#5137 = LINE('',#5138,#5139);
#5138 = CARTESIAN_POINT('',(-0.,0.));
#5139 = VECTOR('',#5140,1.);
#5140 = DIRECTION('',(-1.,0.));
#5141 = ( GEOMETRIC_REPRESENTATION_CONTEXT(2) 
PARAMETRIC_REPRESENTATION_CONTEXT() REPRESENTATION_CONTEXT('2D SPACE',''
  ) );
#5142 = ORIENTED_EDGE('',*,*,#5143,.F.);
#5143 = EDGE_CURVE('',#5144,#5115,#5146,.T.);
#5144 = VERTEX_POINT('',#5145);
#5145 = CARTESIAN_POINT('',(-51.,12.,0.));
#5146 = SURFACE_CURVE('',#5147,(#5151,#5158),.PCURVE_S1.);
#5147 = LINE('',#5148,#5149);
#5148 = CARTESIAN_POINT('',(-46.,12.,0.));
#5149 = VECTOR('',#5150,1.);
#5150 = DIRECTION('',(1.,0.,0.));
#5151 = PCURVE('',#4036,#5152);
#5152 = DEFINITIONAL_REPRESENTATION('',(#5153),#5157);
#5153 = LINE('',#5154,#5155);
#5154 = CARTESIAN_POINT('',(-46.,12.000000001254));
#5155 = VECTOR('',#5156,1.);
#5156 = DIRECTION('',(1.,0.));
#5157 = ( GEOMETRIC_REPRESENTATION_CONTEXT(2) 
PARAMETRIC_REPRESENTATION_CONTEXT() REPRESENTATION_CONTEXT('2D SPACE',''
  ) );
#5158 = PCURVE('',#5159,#5164);
#5159 = PLANE('',#5160);
#5160 = AXIS2_PLACEMENT_3D('',#5161,#5162,#5163);
#5161 = CARTESIAN_POINT('',(-51.,12.,0.));
#5162 = DIRECTION('',(0.,1.,0.));
#5163 = DIRECTION('',(1.,0.,0.));
#5164 = DEFINITIONAL_REPRESENTATION('',(#5165),#5169);
#5165 = LINE('',#5166,#5167);
#5166 = CARTESIAN_POINT('',(5.,0.));
#5167 = VECTOR('',#5168,1.);
#5168 = DIRECTION('',(1.,0.));
#5169 = ( GEOMETRIC_REPRESENTATION_CONTEXT(2) 
PARAMETRIC_REPRESENTATION_CONTEXT() REPRESENTATION_CONTEXT('2D SPACE',''
  ) );
#5170 = ORIENTED_EDGE('',*,*,#5171,.T.);
#5171 = EDGE_CURVE('',#5144,#5172,#5174,.T.);
#5172 = VERTEX_POINT('',#5173);
#5173 = CARTESIAN_POINT('',(-54.,9.,0.));
#5174 = SURFACE_CURVE('',#5175,(#5180,#5187),.PCURVE_S1.);
#5175 = CIRCLE('',#5176,3.);
#5176 = AXIS2_PLACEMENT_3D('',#5177,#5178,#5179);
#5177 = CARTESIAN_POINT('',(-51.,9.,0.));
#5178 = DIRECTION('',(0.,0.,1.));
#5179 = DIRECTION('',(1.,0.,0.));
#5180 = PCURVE('',#4036,#5181);
#5181 = DEFINITIONAL_REPRESENTATION('',(#5182),#5186);
#5182 = CIRCLE('',#5183,3.);
#5183 = AXIS2_PLACEMENT_2D('',#5184,#5185);
#5184 = CARTESIAN_POINT('',(-51.,9.000000001254));
#5185 = DIRECTION('',(1.,0.));
#5186 = ( GEOMETRIC_REPRESENTATION_CONTEXT(2) 
PARAMETRIC_REPRESENTATION_CONTEXT() REPRESENTATION_CONTEXT('2D SPACE',''
  ) );
#5187 = PCURVE('',#5188,#5193);
#5188 = CYLINDRICAL_SURFACE('',#5189,3.);
#5189 = AXIS2_PLACEMENT_3D('',#5190,#5191,#5192);
#5190 = CARTESIAN_POINT('',(-51.,9.,0.));
#5191 = DIRECTION('',(-0.,-0.,-1.));
#5192 = DIRECTION('',(1.,0.,0.));
#5193 = DEFINITIONAL_REPRESENTATION('',(#5194),#5198);
#5194 = LINE('',#5195,#5196);
#5195 = CARTESIAN_POINT('',(-0.,0.));
#5196 = VECTOR('',#5197,1.);
#5197 = DIRECTION('',(-1.,0.));
#5198 = ( GEOMETRIC_REPRESENTATION_CONTEXT(2) 
PARAMETRIC_REPRESENTATION_CONTEXT() REPRESENTATION_CONTEXT('2D SPACE',''
  ) );
#5199 = ORIENTED_EDGE('',*,*,#5200,.F.);
#5200 = EDGE_CURVE('',#5201,#5172,#5203,.T.);
#5201 = VERTEX_POINT('',#5202);
#5202 = CARTESIAN_POINT('',(-54.,-9.,0.));
#5203 = SURFACE_CURVE('',#5204,(#5208,#5215),.PCURVE_S1.);
#5204 = LINE('',#5205,#5206);
#5205 = CARTESIAN_POINT('',(-54.,0.,0.));
#5206 = VECTOR('',#5207,1.);
#5207 = DIRECTION('',(0.,1.,0.));
#5208 = PCURVE('',#4036,#5209);
#5209 = DEFINITIONAL_REPRESENTATION('',(#5210),#5214);
#5210 = LINE('',#5211,#5212);
#5211 = CARTESIAN_POINT('',(-54.,1.254135693149E-09));
#5212 = VECTOR('',#5213,1.);
#5213 = DIRECTION('',(0.,1.));
#5214 = ( GEOMETRIC_REPRESENTATION_CONTEXT(2) 
PARAMETRIC_REPRESENTATION_CONTEXT() REPRESENTATION_CONTEXT('2D SPACE',''
  ) );
#5215 = PCURVE('',#5216,#5221);
#5216 = PLANE('',#5217);
#5217 = AXIS2_PLACEMENT_3D('',#5218,#5219,#5220);
#5218 = CARTESIAN_POINT('',(-54.,-9.,0.));
#5219 = DIRECTION('',(-1.,0.,0.));
#5220 = DIRECTION('',(0.,1.,0.));
#5221 = DEFINITIONAL_REPRESENTATION('',(#5222),#5226);
#5222 = LINE('',#5223,#5224);
#5223 = CARTESIAN_POINT('',(9.,0.));
#5224 = VECTOR('',#5225,1.);
#5225 = DIRECTION('',(1.,0.));
#5226 = ( GEOMETRIC_REPRESENTATION_CONTEXT(2) 
PARAMETRIC_REPRESENTATION_CONTEXT() REPRESENTATION_CONTEXT('2D SPACE',''
  ) );
#5227 = ORIENTED_EDGE('',*,*,#5228,.T.);
#5228 = EDGE_CURVE('',#5201,#5229,#5231,.T.);
#5229 = VERTEX_POINT('',#5230);
#5230 = CARTESIAN_POINT('',(-51.,-12.,0.));
#5231 = SURFACE_CURVE('',#5232,(#5237,#5244),.PCURVE_S1.);
#5232 = CIRCLE('',#5233,3.);
#5233 = AXIS2_PLACEMENT_3D('',#5234,#5235,#5236);
#5234 = CARTESIAN_POINT('',(-51.,-9.,0.));
#5235 = DIRECTION('',(0.,0.,1.));
#5236 = DIRECTION('',(1.,0.,0.));
#5237 = PCURVE('',#4036,#5238);
#5238 = DEFINITIONAL_REPRESENTATION('',(#5239),#5243);
#5239 = CIRCLE('',#5240,3.);
#5240 = AXIS2_PLACEMENT_2D('',#5241,#5242);
#5241 = CARTESIAN_POINT('',(-51.,-8.999999998746));
#5242 = DIRECTION('',(1.,0.));
#5243 = ( GEOMETRIC_REPRESENTATION_CONTEXT(2) 
PARAMETRIC_REPRESENTATION_CONTEXT() REPRESENTATION_CONTEXT('2D SPACE',''
  ) );
#5244 = PCURVE('',#5245,#5250);
#5245 = CYLINDRICAL_SURFACE('',#5246,3.);
#5246 = AXIS2_PLACEMENT_3D('',#5247,#5248,#5249);
#5247 = CARTESIAN_POINT('',(-51.,-9.,0.));
#5248 = DIRECTION('',(-0.,-0.,-1.));
#5249 = DIRECTION('',(1.,0.,0.));
#5250 = DEFINITIONAL_REPRESENTATION('',(#5251),#5255);
#5251 = LINE('',#5252,#5253);
#5252 = CARTESIAN_POINT('',(-0.,0.));
#5253 = VECTOR('',#5254,1.);
#5254 = DIRECTION('',(-1.,0.));
#5255 = ( GEOMETRIC_REPRESENTATION_CONTEXT(2) 
PARAMETRIC_REPRESENTATION_CONTEXT() REPRESENTATION_CONTEXT('2D SPACE',''
  ) );
#5256 = ORIENTED_EDGE('',*,*,#5257,.T.);
#5257 = EDGE_CURVE('',#5229,#5258,#5260,.T.);
#5258 = VERTEX_POINT('',#5259);
#5259 = CARTESIAN_POINT('',(-41.00000003384,-12.,0.));
#5260 = SURFACE_CURVE('',#5261,(#5265,#5272),.PCURVE_S1.);
#5261 = LINE('',#5262,#5263);
#5262 = CARTESIAN_POINT('',(-46.,-12.,0.));
#5263 = VECTOR('',#5264,1.);
#5264 = DIRECTION('',(1.,0.,0.));
#5265 = PCURVE('',#4036,#5266);
#5266 = DEFINITIONAL_REPRESENTATION('',(#5267),#5271);
#5267 = LINE('',#5268,#5269);
#5268 = CARTESIAN_POINT('',(-46.,-11.99999999874));
#5269 = VECTOR('',#5270,1.);
#5270 = DIRECTION('',(1.,0.));
#5271 = ( GEOMETRIC_REPRESENTATION_CONTEXT(2) 
PARAMETRIC_REPRESENTATION_CONTEXT() REPRESENTATION_CONTEXT('2D SPACE',''
  ) );
#5272 = PCURVE('',#5273,#5278);
#5273 = PLANE('',#5274);
#5274 = AXIS2_PLACEMENT_3D('',#5275,#5276,#5277);
#5275 = CARTESIAN_POINT('',(-51.,-12.,0.));
#5276 = DIRECTION('',(0.,1.,0.));
#5277 = DIRECTION('',(1.,0.,0.));
#5278 = DEFINITIONAL_REPRESENTATION('',(#5279),#5283);
#5279 = LINE('',#5280,#5281);
#5280 = CARTESIAN_POINT('',(5.,0.));
#5281 = VECTOR('',#5282,1.);
#5282 = DIRECTION('',(1.,0.));
#5283 = ( GEOMETRIC_REPRESENTATION_CONTEXT(2) 
PARAMETRIC_REPRESENTATION_CONTEXT() REPRESENTATION_CONTEXT('2D SPACE',''
  ) );
#5284 = ORIENTED_EDGE('',*,*,#5285,.T.);
#5285 = EDGE_CURVE('',#5258,#4765,#5286,.T.);
#5286 = SURFACE_CURVE('',#5287,(#5292,#5299),.PCURVE_S1.);
#5287 = CIRCLE('',#5288,3.);
#5288 = AXIS2_PLACEMENT_3D('',#5289,#5290,#5291);
#5289 = CARTESIAN_POINT('',(-41.00000003384,-9.,0.));
#5290 = DIRECTION('',(0.,0.,1.));
#5291 = DIRECTION('',(1.,0.,0.));
#5292 = PCURVE('',#4036,#5293);
#5293 = DEFINITIONAL_REPRESENTATION('',(#5294),#5298);
#5294 = CIRCLE('',#5295,3.);
#5295 = AXIS2_PLACEMENT_2D('',#5296,#5297);
#5296 = CARTESIAN_POINT('',(-41.00000003384,-8.999999998746));
#5297 = DIRECTION('',(1.,0.));
#5298 = ( GEOMETRIC_REPRESENTATION_CONTEXT(2) 
PARAMETRIC_REPRESENTATION_CONTEXT() REPRESENTATION_CONTEXT('2D SPACE',''
  ) );
#5299 = PCURVE('',#5300,#5305);
#5300 = CYLINDRICAL_SURFACE('',#5301,3.);
#5301 = AXIS2_PLACEMENT_3D('',#5302,#5303,#5304);
#5302 = CARTESIAN_POINT('',(-41.00000003384,-9.,0.));
#5303 = DIRECTION('',(-0.,-0.,-1.));
#5304 = DIRECTION('',(1.,0.,0.));
#5305 = DEFINITIONAL_REPRESENTATION('',(#5306),#5310);
#5306 = LINE('',#5307,#5308);
#5307 = CARTESIAN_POINT('',(-0.,0.));
#5308 = VECTOR('',#5309,1.);
#5309 = DIRECTION('',(-1.,0.));
#5310 = ( GEOMETRIC_REPRESENTATION_CONTEXT(2) 
PARAMETRIC_REPRESENTATION_CONTEXT() REPRESENTATION_CONTEXT('2D SPACE',''
  ) );
#5311 = FACE_BOUND('',#5312,.F.);
#5312 = EDGE_LOOP('',(#5313));
#5313 = ORIENTED_EDGE('',*,*,#5314,.F.);
#5314 = EDGE_CURVE('',#5315,#5315,#5317,.T.);
#5315 = VERTEX_POINT('',#5316);
#5316 = CARTESIAN_POINT('',(-43.75,0.,0.));
#5317 = SURFACE_CURVE('',#5318,(#5323,#5330),.PCURVE_S1.);
#5318 = CIRCLE('',#5319,2.25);
#5319 = AXIS2_PLACEMENT_3D('',#5320,#5321,#5322);
#5320 = CARTESIAN_POINT('',(-46.,0.,0.));
#5321 = DIRECTION('',(0.,0.,1.));
#5322 = DIRECTION('',(1.,0.,0.));
#5323 = PCURVE('',#4036,#5324);
#5324 = DEFINITIONAL_REPRESENTATION('',(#5325),#5329);
#5325 = CIRCLE('',#5326,2.25);
#5326 = AXIS2_PLACEMENT_2D('',#5327,#5328);
#5327 = CARTESIAN_POINT('',(-46.,1.254135693149E-09));
#5328 = DIRECTION('',(1.,0.));
#5329 = ( GEOMETRIC_REPRESENTATION_CONTEXT(2) 
PARAMETRIC_REPRESENTATION_CONTEXT() REPRESENTATION_CONTEXT('2D SPACE',''
  ) );
#5330 = PCURVE('',#5331,#5336);
#5331 = CYLINDRICAL_SURFACE('',#5332,2.25);
#5332 = AXIS2_PLACEMENT_3D('',#5333,#5334,#5335);
#5333 = CARTESIAN_POINT('',(-46.,0.,0.));
#5334 = DIRECTION('',(-0.,-0.,-1.));
#5335 = DIRECTION('',(1.,0.,0.));
#5336 = DEFINITIONAL_REPRESENTATION('',(#5337),#5341);
#5337 = LINE('',#5338,#5339);
#5338 = CARTESIAN_POINT('',(-0.,0.));
#5339 = VECTOR('',#5340,1.);
#5340 = DIRECTION('',(-1.,0.));
#5341 = ( GEOMETRIC_REPRESENTATION_CONTEXT(2) 
PARAMETRIC_REPRESENTATION_CONTEXT() REPRESENTATION_CONTEXT('2D SPACE',''
  ) );
#5342 = FACE_BOUND('',#5343,.F.);
#5343 = EDGE_LOOP('',(#5344));
#5344 = ORIENTED_EDGE('',*,*,#5345,.F.);
#5345 = EDGE_CURVE('',#5346,#5346,#5348,.T.);
#5346 = VERTEX_POINT('',#5347);
#5347 = CARTESIAN_POINT('',(48.25,0.,0.));
#5348 = SURFACE_CURVE('',#5349,(#5354,#5361),.PCURVE_S1.);
#5349 = CIRCLE('',#5350,2.25);
#5350 = AXIS2_PLACEMENT_3D('',#5351,#5352,#5353);
#5351 = CARTESIAN_POINT('',(46.,0.,0.));
#5352 = DIRECTION('',(0.,0.,1.));
#5353 = DIRECTION('',(1.,0.,0.));
#5354 = PCURVE('',#4036,#5355);
#5355 = DEFINITIONAL_REPRESENTATION('',(#5356),#5360);
#5356 = CIRCLE('',#5357,2.25);
#5357 = AXIS2_PLACEMENT_2D('',#5358,#5359);
#5358 = CARTESIAN_POINT('',(46.,1.254135693149E-09));
#5359 = DIRECTION('',(1.,0.));
#5360 = ( GEOMETRIC_REPRESENTATION_CONTEXT(2) 
PARAMETRIC_REPRESENTATION_CONTEXT() REPRESENTATION_CONTEXT('2D SPACE',''
  ) );
#5361 = PCURVE('',#5362,#5367);
#5362 = CYLINDRICAL_SURFACE('',#5363,2.25);
#5363 = AXIS2_PLACEMENT_3D('',#5364,#5365,#5366);
#5364 = CARTESIAN_POINT('',(46.,0.,0.));
#5365 = DIRECTION('',(-0.,-0.,-1.));
#5366 = DIRECTION('',(1.,0.,0.));
#5367 = DEFINITIONAL_REPRESENTATION('',(#5368),#5372);
#5368 = LINE('',#5369,#5370);
#5369 = CARTESIAN_POINT('',(-0.,0.));
#5370 = VECTOR('',#5371,1.);
#5371 = DIRECTION('',(-1.,0.));
#5372 = ( GEOMETRIC_REPRESENTATION_CONTEXT(2) 
PARAMETRIC_REPRESENTATION_CONTEXT() REPRESENTATION_CONTEXT('2D SPACE',''
  ) );
#5373 = ADVANCED_FACE('',(#5374),#4122,.T.);
#5374 = FACE_BOUND('',#5375,.F.);
#5375 = EDGE_LOOP('',(#5376));
#5376 = ORIENTED_EDGE('',*,*,#4107,.F.);
#5377 = ADVANCED_FACE('',(#5378),#4156,.T.);
#5378 = FACE_BOUND('',#5379,.T.);
#5379 = EDGE_LOOP('',(#5380,#5401,#5402,#5403));
#5380 = ORIENTED_EDGE('',*,*,#5381,.F.);
#5381 = EDGE_CURVE('',#4476,#5064,#5382,.T.);
#5382 = SURFACE_CURVE('',#5383,(#5387,#5394),.PCURVE_S1.);
#5383 = LINE('',#5384,#5385);
#5384 = CARTESIAN_POINT('',(-38.,24.999999994759,20.));
#5385 = VECTOR('',#5386,1.);
#5386 = DIRECTION('',(0.,0.,-1.));
#5387 = PCURVE('',#4156,#5388);
#5388 = DEFINITIONAL_REPRESENTATION('',(#5389),#5393);
#5389 = LINE('',#5390,#5391);
#5390 = CARTESIAN_POINT('',(0.,-17.));
#5391 = VECTOR('',#5392,1.);
#5392 = DIRECTION('',(-0.,1.));
#5393 = ( GEOMETRIC_REPRESENTATION_CONTEXT(2) 
PARAMETRIC_REPRESENTATION_CONTEXT() REPRESENTATION_CONTEXT('2D SPACE',''
  ) );
#5394 = PCURVE('',#4491,#5395);
#5395 = DEFINITIONAL_REPRESENTATION('',(#5396),#5400);
#5396 = LINE('',#5397,#5398);
#5397 = CARTESIAN_POINT('',(49.999999994759,-17.));
#5398 = VECTOR('',#5399,1.);
#5399 = DIRECTION('',(0.,1.));
#5400 = ( GEOMETRIC_REPRESENTATION_CONTEXT(2) 
PARAMETRIC_REPRESENTATION_CONTEXT() REPRESENTATION_CONTEXT('2D SPACE',''
  ) );
#5401 = ORIENTED_EDGE('',*,*,#4613,.T.);
#5402 = ORIENTED_EDGE('',*,*,#4138,.T.);
#5403 = ORIENTED_EDGE('',*,*,#5063,.F.);
#5404 = ADVANCED_FACE('',(#5405),#4207,.T.);
#5405 = FACE_BOUND('',#5406,.T.);
#5406 = EDGE_LOOP('',(#5407,#5408,#5409,#5430));
#5407 = ORIENTED_EDGE('',*,*,#4191,.F.);
#5408 = ORIENTED_EDGE('',*,*,#4586,.T.);
#5409 = ORIENTED_EDGE('',*,*,#5410,.T.);
#5410 = EDGE_CURVE('',#4559,#5014,#5411,.T.);
#5411 = SURFACE_CURVE('',#5412,(#5416,#5423),.PCURVE_S1.);
#5412 = LINE('',#5413,#5414);
#5413 = CARTESIAN_POINT('',(38.,24.999999994759,20.));
#5414 = VECTOR('',#5415,1.);
#5415 = DIRECTION('',(0.,0.,-1.));
#5416 = PCURVE('',#4207,#5417);
#5417 = DEFINITIONAL_REPRESENTATION('',(#5418),#5422);
#5418 = LINE('',#5419,#5420);
#5419 = CARTESIAN_POINT('',(3.14159265359,-17.));
#5420 = VECTOR('',#5421,1.);
#5421 = DIRECTION('',(-0.,1.));
#5422 = ( GEOMETRIC_REPRESENTATION_CONTEXT(2) 
PARAMETRIC_REPRESENTATION_CONTEXT() REPRESENTATION_CONTEXT('2D SPACE',''
  ) );
#5423 = PCURVE('',#4574,#5424);
#5424 = DEFINITIONAL_REPRESENTATION('',(#5425),#5429);
#5425 = LINE('',#5426,#5427);
#5426 = CARTESIAN_POINT('',(49.999999994759,-17.));
#5427 = VECTOR('',#5428,1.);
#5428 = DIRECTION('',(0.,1.));
#5429 = ( GEOMETRIC_REPRESENTATION_CONTEXT(2) 
PARAMETRIC_REPRESENTATION_CONTEXT() REPRESENTATION_CONTEXT('2D SPACE',''
  ) );
#5430 = ORIENTED_EDGE('',*,*,#5036,.F.);
#5431 = ADVANCED_FACE('',(#5432),#4288,.T.);
#5432 = FACE_BOUND('',#5433,.F.);
#5433 = EDGE_LOOP('',(#5434));
#5434 = ORIENTED_EDGE('',*,*,#4273,.F.);
#5435 = ADVANCED_FACE('',(#5436),#4343,.T.);
#5436 = FACE_BOUND('',#5437,.F.);
#5437 = EDGE_LOOP('',(#5438));
#5438 = ORIENTED_EDGE('',*,*,#4328,.F.);
#5439 = ADVANCED_FACE('',(#5440),#4398,.T.);
#5440 = FACE_BOUND('',#5441,.F.);
#5441 = EDGE_LOOP('',(#5442));
#5442 = ORIENTED_EDGE('',*,*,#4383,.F.);
#5443 = ADVANCED_FACE('',(#5444),#4453,.T.);
#5444 = FACE_BOUND('',#5445,.F.);
#5445 = EDGE_LOOP('',(#5446));
#5446 = ORIENTED_EDGE('',*,*,#4438,.F.);
#5447 = ADVANCED_FACE('',(#5448),#4491,.T.);
#5448 = FACE_BOUND('',#5449,.T.);
#5449 = EDGE_LOOP('',(#5450,#5451,#5452,#5453,#5476,#5504,#5525,#5526));
#5450 = ORIENTED_EDGE('',*,*,#4473,.T.);
#5451 = ORIENTED_EDGE('',*,*,#5381,.T.);
#5452 = ORIENTED_EDGE('',*,*,#5091,.F.);
#5453 = ORIENTED_EDGE('',*,*,#5454,.T.);
#5454 = EDGE_CURVE('',#5092,#5455,#5457,.T.);
#5455 = VERTEX_POINT('',#5456);
#5456 = CARTESIAN_POINT('',(-38.00000001692,9.,3.));
#5457 = SURFACE_CURVE('',#5458,(#5462,#5469),.PCURVE_S1.);
#5458 = LINE('',#5459,#5460);
#5459 = CARTESIAN_POINT('',(-38.00000001692,9.,0.));
#5460 = VECTOR('',#5461,1.);
#5461 = DIRECTION('',(0.,0.,1.));
#5462 = PCURVE('',#4491,#5463);
#5463 = DEFINITIONAL_REPRESENTATION('',(#5464),#5468);
#5464 = LINE('',#5465,#5466);
#5465 = CARTESIAN_POINT('',(34.,3.));
#5466 = VECTOR('',#5467,1.);
#5467 = DIRECTION('',(0.,-1.));
#5468 = ( GEOMETRIC_REPRESENTATION_CONTEXT(2) 
PARAMETRIC_REPRESENTATION_CONTEXT() REPRESENTATION_CONTEXT('2D SPACE',''
  ) );
#5469 = PCURVE('',#5131,#5470);
#5470 = DEFINITIONAL_REPRESENTATION('',(#5471),#5475);
#5471 = LINE('',#5472,#5473);
#5472 = CARTESIAN_POINT('',(-0.,0.));
#5473 = VECTOR('',#5474,1.);
#5474 = DIRECTION('',(-0.,-1.));
#5475 = ( GEOMETRIC_REPRESENTATION_CONTEXT(2) 
PARAMETRIC_REPRESENTATION_CONTEXT() REPRESENTATION_CONTEXT('2D SPACE',''
  ) );
#5476 = ORIENTED_EDGE('',*,*,#5477,.F.);
#5477 = EDGE_CURVE('',#5478,#5455,#5480,.T.);
#5478 = VERTEX_POINT('',#5479);
#5479 = CARTESIAN_POINT('',(-38.00000001692,-9.,3.));
#5480 = SURFACE_CURVE('',#5481,(#5485,#5492),.PCURVE_S1.);
#5481 = LINE('',#5482,#5483);
#5482 = CARTESIAN_POINT('',(-38.,4.938272013533E-13,3.));
#5483 = VECTOR('',#5484,1.);
#5484 = DIRECTION('',(0.,1.,0.));
#5485 = PCURVE('',#4491,#5486);
#5486 = DEFINITIONAL_REPRESENTATION('',(#5487),#5491);
#5487 = LINE('',#5488,#5489);
#5488 = CARTESIAN_POINT('',(25.000000000001,0.));
#5489 = VECTOR('',#5490,1.);
#5490 = DIRECTION('',(1.,0.));
#5491 = ( GEOMETRIC_REPRESENTATION_CONTEXT(2) 
PARAMETRIC_REPRESENTATION_CONTEXT() REPRESENTATION_CONTEXT('2D SPACE',''
  ) );
#5492 = PCURVE('',#5493,#5498);
#5493 = PLANE('',#5494);
#5494 = AXIS2_PLACEMENT_3D('',#5495,#5496,#5497);
#5495 = CARTESIAN_POINT('',(5.447973319327E-17,-1.254135693149E-09,3.));
#5496 = DIRECTION('',(0.,0.,1.));
#5497 = DIRECTION('',(1.,0.,0.));
#5498 = DEFINITIONAL_REPRESENTATION('',(#5499),#5503);
#5499 = LINE('',#5500,#5501);
#5500 = CARTESIAN_POINT('',(-38.,1.254629520351E-09));
#5501 = VECTOR('',#5502,1.);
#5502 = DIRECTION('',(0.,1.));
#5503 = ( GEOMETRIC_REPRESENTATION_CONTEXT(2) 
PARAMETRIC_REPRESENTATION_CONTEXT() REPRESENTATION_CONTEXT('2D SPACE',''
  ) );
#5504 = ORIENTED_EDGE('',*,*,#5505,.F.);
#5505 = EDGE_CURVE('',#4765,#5478,#5506,.T.);
#5506 = SURFACE_CURVE('',#5507,(#5511,#5518),.PCURVE_S1.);
#5507 = LINE('',#5508,#5509);
#5508 = CARTESIAN_POINT('',(-38.00000001692,-9.,0.));
#5509 = VECTOR('',#5510,1.);
#5510 = DIRECTION('',(0.,0.,1.));
#5511 = PCURVE('',#4491,#5512);
#5512 = DEFINITIONAL_REPRESENTATION('',(#5513),#5517);
#5513 = LINE('',#5514,#5515);
#5514 = CARTESIAN_POINT('',(16.,3.));
#5515 = VECTOR('',#5516,1.);
#5516 = DIRECTION('',(0.,-1.));
#5517 = ( GEOMETRIC_REPRESENTATION_CONTEXT(2) 
PARAMETRIC_REPRESENTATION_CONTEXT() REPRESENTATION_CONTEXT('2D SPACE',''
  ) );
#5518 = PCURVE('',#5300,#5519);
#5519 = DEFINITIONAL_REPRESENTATION('',(#5520),#5524);
#5520 = LINE('',#5521,#5522);
#5521 = CARTESIAN_POINT('',(-6.28318530718,0.));
#5522 = VECTOR('',#5523,1.);
#5523 = DIRECTION('',(-0.,-1.));
#5524 = ( GEOMETRIC_REPRESENTATION_CONTEXT(2) 
PARAMETRIC_REPRESENTATION_CONTEXT() REPRESENTATION_CONTEXT('2D SPACE',''
  ) );
#5525 = ORIENTED_EDGE('',*,*,#4764,.F.);
#5526 = ORIENTED_EDGE('',*,*,#4657,.T.);
#5527 = ADVANCED_FACE('',(#5528),#4574,.F.);
#5528 = FACE_BOUND('',#5529,.F.);
#5529 = EDGE_LOOP('',(#5530,#5531,#5532,#5533,#5556,#5584,#5605,#5606));
#5530 = ORIENTED_EDGE('',*,*,#4558,.T.);
#5531 = ORIENTED_EDGE('',*,*,#5410,.T.);
#5532 = ORIENTED_EDGE('',*,*,#5013,.F.);
#5533 = ORIENTED_EDGE('',*,*,#5534,.T.);
#5534 = EDGE_CURVE('',#4985,#5535,#5537,.T.);
#5535 = VERTEX_POINT('',#5536);
#5536 = CARTESIAN_POINT('',(38.,9.,3.));
#5537 = SURFACE_CURVE('',#5538,(#5542,#5549),.PCURVE_S1.);
#5538 = LINE('',#5539,#5540);
#5539 = CARTESIAN_POINT('',(38.,9.,0.));
#5540 = VECTOR('',#5541,1.);
#5541 = DIRECTION('',(0.,0.,1.));
#5542 = PCURVE('',#4574,#5543);
#5543 = DEFINITIONAL_REPRESENTATION('',(#5544),#5548);
#5544 = LINE('',#5545,#5546);
#5545 = CARTESIAN_POINT('',(34.,3.));
#5546 = VECTOR('',#5547,1.);
#5547 = DIRECTION('',(0.,-1.));
#5548 = ( GEOMETRIC_REPRESENTATION_CONTEXT(2) 
PARAMETRIC_REPRESENTATION_CONTEXT() REPRESENTATION_CONTEXT('2D SPACE',''
  ) );
#5549 = PCURVE('',#5001,#5550);
#5550 = DEFINITIONAL_REPRESENTATION('',(#5551),#5555);
#5551 = LINE('',#5552,#5553);
#5552 = CARTESIAN_POINT('',(-3.14159265359,0.));
#5553 = VECTOR('',#5554,1.);
#5554 = DIRECTION('',(-0.,-1.));
#5555 = ( GEOMETRIC_REPRESENTATION_CONTEXT(2) 
PARAMETRIC_REPRESENTATION_CONTEXT() REPRESENTATION_CONTEXT('2D SPACE',''
  ) );
#5556 = ORIENTED_EDGE('',*,*,#5557,.F.);
#5557 = EDGE_CURVE('',#5558,#5535,#5560,.T.);
#5558 = VERTEX_POINT('',#5559);
#5559 = CARTESIAN_POINT('',(38.,-9.,3.));
#5560 = SURFACE_CURVE('',#5561,(#5565,#5572),.PCURVE_S1.);
#5561 = LINE('',#5562,#5563);
#5562 = CARTESIAN_POINT('',(38.,4.938272013533E-13,3.));
#5563 = VECTOR('',#5564,1.);
#5564 = DIRECTION('',(0.,1.,0.));
#5565 = PCURVE('',#4574,#5566);
#5566 = DEFINITIONAL_REPRESENTATION('',(#5567),#5571);
#5567 = LINE('',#5568,#5569);
#5568 = CARTESIAN_POINT('',(25.000000000001,0.));
#5569 = VECTOR('',#5570,1.);
#5570 = DIRECTION('',(1.,0.));
#5571 = ( GEOMETRIC_REPRESENTATION_CONTEXT(2) 
PARAMETRIC_REPRESENTATION_CONTEXT() REPRESENTATION_CONTEXT('2D SPACE',''
  ) );
#5572 = PCURVE('',#5573,#5578);
#5573 = PLANE('',#5574);
#5574 = AXIS2_PLACEMENT_3D('',#5575,#5576,#5577);
#5575 = CARTESIAN_POINT('',(5.447973319327E-17,-1.254135693149E-09,3.));
#5576 = DIRECTION('',(0.,0.,1.));
#5577 = DIRECTION('',(1.,0.,0.));
#5578 = DEFINITIONAL_REPRESENTATION('',(#5579),#5583);
#5579 = LINE('',#5580,#5581);
#5580 = CARTESIAN_POINT('',(38.,1.254629520351E-09));
#5581 = VECTOR('',#5582,1.);
#5582 = DIRECTION('',(0.,1.));
#5583 = ( GEOMETRIC_REPRESENTATION_CONTEXT(2) 
PARAMETRIC_REPRESENTATION_CONTEXT() REPRESENTATION_CONTEXT('2D SPACE',''
  ) );
#5584 = ORIENTED_EDGE('',*,*,#5585,.F.);
#5585 = EDGE_CURVE('',#4791,#5558,#5586,.T.);
#5586 = SURFACE_CURVE('',#5587,(#5591,#5598),.PCURVE_S1.);
#5587 = LINE('',#5588,#5589);
#5588 = CARTESIAN_POINT('',(38.,-9.,0.));
#5589 = VECTOR('',#5590,1.);
#5590 = DIRECTION('',(0.,0.,1.));
#5591 = PCURVE('',#4574,#5592);
#5592 = DEFINITIONAL_REPRESENTATION('',(#5593),#5597);
#5593 = LINE('',#5594,#5595);
#5594 = CARTESIAN_POINT('',(16.,3.));
#5595 = VECTOR('',#5596,1.);
#5596 = DIRECTION('',(0.,-1.));
#5597 = ( GEOMETRIC_REPRESENTATION_CONTEXT(2) 
PARAMETRIC_REPRESENTATION_CONTEXT() REPRESENTATION_CONTEXT('2D SPACE',''
  ) );
#5598 = PCURVE('',#4830,#5599);
#5599 = DEFINITIONAL_REPRESENTATION('',(#5600),#5604);
#5600 = LINE('',#5601,#5602);
#5601 = CARTESIAN_POINT('',(-3.14159265359,0.));
#5602 = VECTOR('',#5603,1.);
#5603 = DIRECTION('',(-0.,-1.));
#5604 = ( GEOMETRIC_REPRESENTATION_CONTEXT(2) 
PARAMETRIC_REPRESENTATION_CONTEXT() REPRESENTATION_CONTEXT('2D SPACE',''
  ) );
#5605 = ORIENTED_EDGE('',*,*,#4790,.F.);
#5606 = ORIENTED_EDGE('',*,*,#4740,.T.);
#5607 = ADVANCED_FACE('',(#5608),#5300,.T.);
#5608 = FACE_BOUND('',#5609,.F.);
#5609 = EDGE_LOOP('',(#5610,#5633,#5655,#5656));
#5610 = ORIENTED_EDGE('',*,*,#5611,.T.);
#5611 = EDGE_CURVE('',#5258,#5612,#5614,.T.);
#5612 = VERTEX_POINT('',#5613);
#5613 = CARTESIAN_POINT('',(-41.00000003384,-12.,3.));
#5614 = SURFACE_CURVE('',#5615,(#5619,#5626),.PCURVE_S1.);
#5615 = LINE('',#5616,#5617);
#5616 = CARTESIAN_POINT('',(-41.00000003384,-12.,0.));
#5617 = VECTOR('',#5618,1.);
#5618 = DIRECTION('',(0.,0.,1.));
#5619 = PCURVE('',#5300,#5620);
#5620 = DEFINITIONAL_REPRESENTATION('',(#5621),#5625);
#5621 = LINE('',#5622,#5623);
#5622 = CARTESIAN_POINT('',(-4.712388980385,0.));
#5623 = VECTOR('',#5624,1.);
#5624 = DIRECTION('',(-0.,-1.));
#5625 = ( GEOMETRIC_REPRESENTATION_CONTEXT(2) 
PARAMETRIC_REPRESENTATION_CONTEXT() REPRESENTATION_CONTEXT('2D SPACE',''
  ) );
#5626 = PCURVE('',#5273,#5627);
#5627 = DEFINITIONAL_REPRESENTATION('',(#5628),#5632);
#5628 = LINE('',#5629,#5630);
#5629 = CARTESIAN_POINT('',(9.999999966154,0.));
#5630 = VECTOR('',#5631,1.);
#5631 = DIRECTION('',(0.,-1.));
#5632 = ( GEOMETRIC_REPRESENTATION_CONTEXT(2) 
PARAMETRIC_REPRESENTATION_CONTEXT() REPRESENTATION_CONTEXT('2D SPACE',''
  ) );
#5633 = ORIENTED_EDGE('',*,*,#5634,.T.);
#5634 = EDGE_CURVE('',#5612,#5478,#5635,.T.);
#5635 = SURFACE_CURVE('',#5636,(#5641,#5648),.PCURVE_S1.);
#5636 = CIRCLE('',#5637,3.);
#5637 = AXIS2_PLACEMENT_3D('',#5638,#5639,#5640);
#5638 = CARTESIAN_POINT('',(-41.00000003384,-9.,3.));
#5639 = DIRECTION('',(0.,0.,1.));
#5640 = DIRECTION('',(1.,0.,0.));
#5641 = PCURVE('',#5300,#5642);
#5642 = DEFINITIONAL_REPRESENTATION('',(#5643),#5647);
#5643 = LINE('',#5644,#5645);
#5644 = CARTESIAN_POINT('',(-0.,-3.));
#5645 = VECTOR('',#5646,1.);
#5646 = DIRECTION('',(-1.,0.));
#5647 = ( GEOMETRIC_REPRESENTATION_CONTEXT(2) 
PARAMETRIC_REPRESENTATION_CONTEXT() REPRESENTATION_CONTEXT('2D SPACE',''
  ) );
#5648 = PCURVE('',#5493,#5649);
#5649 = DEFINITIONAL_REPRESENTATION('',(#5650),#5654);
#5650 = CIRCLE('',#5651,3.);
#5651 = AXIS2_PLACEMENT_2D('',#5652,#5653);
#5652 = CARTESIAN_POINT('',(-41.00000003384,-8.999999998746));
#5653 = DIRECTION('',(1.,0.));
#5654 = ( GEOMETRIC_REPRESENTATION_CONTEXT(2) 
PARAMETRIC_REPRESENTATION_CONTEXT() REPRESENTATION_CONTEXT('2D SPACE',''
  ) );
#5655 = ORIENTED_EDGE('',*,*,#5505,.F.);
#5656 = ORIENTED_EDGE('',*,*,#5285,.F.);
#5657 = ADVANCED_FACE('',(#5658),#5273,.F.);
#5658 = FACE_BOUND('',#5659,.F.);
#5659 = EDGE_LOOP('',(#5660,#5683,#5704,#5705));
#5660 = ORIENTED_EDGE('',*,*,#5661,.T.);
#5661 = EDGE_CURVE('',#5229,#5662,#5664,.T.);
#5662 = VERTEX_POINT('',#5663);
#5663 = CARTESIAN_POINT('',(-51.,-12.,3.));
#5664 = SURFACE_CURVE('',#5665,(#5669,#5676),.PCURVE_S1.);
#5665 = LINE('',#5666,#5667);
#5666 = CARTESIAN_POINT('',(-51.,-12.,0.));
#5667 = VECTOR('',#5668,1.);
#5668 = DIRECTION('',(0.,0.,1.));
#5669 = PCURVE('',#5273,#5670);
#5670 = DEFINITIONAL_REPRESENTATION('',(#5671),#5675);
#5671 = LINE('',#5672,#5673);
#5672 = CARTESIAN_POINT('',(0.,0.));
#5673 = VECTOR('',#5674,1.);
#5674 = DIRECTION('',(0.,-1.));
#5675 = ( GEOMETRIC_REPRESENTATION_CONTEXT(2) 
PARAMETRIC_REPRESENTATION_CONTEXT() REPRESENTATION_CONTEXT('2D SPACE',''
  ) );
#5676 = PCURVE('',#5245,#5677);
#5677 = DEFINITIONAL_REPRESENTATION('',(#5678),#5682);
#5678 = LINE('',#5679,#5680);
#5679 = CARTESIAN_POINT('',(-4.712388980385,0.));
#5680 = VECTOR('',#5681,1.);
#5681 = DIRECTION('',(-0.,-1.));
#5682 = ( GEOMETRIC_REPRESENTATION_CONTEXT(2) 
PARAMETRIC_REPRESENTATION_CONTEXT() REPRESENTATION_CONTEXT('2D SPACE',''
  ) );
#5683 = ORIENTED_EDGE('',*,*,#5684,.T.);
#5684 = EDGE_CURVE('',#5662,#5612,#5685,.T.);
#5685 = SURFACE_CURVE('',#5686,(#5690,#5697),.PCURVE_S1.);
#5686 = LINE('',#5687,#5688);
#5687 = CARTESIAN_POINT('',(-46.,-12.,3.));
#5688 = VECTOR('',#5689,1.);
#5689 = DIRECTION('',(1.,0.,0.));
#5690 = PCURVE('',#5273,#5691);
#5691 = DEFINITIONAL_REPRESENTATION('',(#5692),#5696);
#5692 = LINE('',#5693,#5694);
#5693 = CARTESIAN_POINT('',(5.,-3.));
#5694 = VECTOR('',#5695,1.);
#5695 = DIRECTION('',(1.,0.));
#5696 = ( GEOMETRIC_REPRESENTATION_CONTEXT(2) 
PARAMETRIC_REPRESENTATION_CONTEXT() REPRESENTATION_CONTEXT('2D SPACE',''
  ) );
#5697 = PCURVE('',#5493,#5698);
#5698 = DEFINITIONAL_REPRESENTATION('',(#5699),#5703);
#5699 = LINE('',#5700,#5701);
#5700 = CARTESIAN_POINT('',(-46.,-11.99999999874));
#5701 = VECTOR('',#5702,1.);
#5702 = DIRECTION('',(1.,0.));
#5703 = ( GEOMETRIC_REPRESENTATION_CONTEXT(2) 
PARAMETRIC_REPRESENTATION_CONTEXT() REPRESENTATION_CONTEXT('2D SPACE',''
  ) );
#5704 = ORIENTED_EDGE('',*,*,#5611,.F.);
#5705 = ORIENTED_EDGE('',*,*,#5257,.F.);
#5706 = ADVANCED_FACE('',(#5707),#5245,.T.);
#5707 = FACE_BOUND('',#5708,.F.);
#5708 = EDGE_LOOP('',(#5709,#5732,#5754,#5755));
#5709 = ORIENTED_EDGE('',*,*,#5710,.T.);
#5710 = EDGE_CURVE('',#5201,#5711,#5713,.T.);
#5711 = VERTEX_POINT('',#5712);
#5712 = CARTESIAN_POINT('',(-54.,-9.,3.));
#5713 = SURFACE_CURVE('',#5714,(#5718,#5725),.PCURVE_S1.);
#5714 = LINE('',#5715,#5716);
#5715 = CARTESIAN_POINT('',(-54.,-9.,0.));
#5716 = VECTOR('',#5717,1.);
#5717 = DIRECTION('',(0.,0.,1.));
#5718 = PCURVE('',#5245,#5719);
#5719 = DEFINITIONAL_REPRESENTATION('',(#5720),#5724);
#5720 = LINE('',#5721,#5722);
#5721 = CARTESIAN_POINT('',(-3.14159265359,0.));
#5722 = VECTOR('',#5723,1.);
#5723 = DIRECTION('',(-0.,-1.));
#5724 = ( GEOMETRIC_REPRESENTATION_CONTEXT(2) 
PARAMETRIC_REPRESENTATION_CONTEXT() REPRESENTATION_CONTEXT('2D SPACE',''
  ) );
#5725 = PCURVE('',#5216,#5726);
#5726 = DEFINITIONAL_REPRESENTATION('',(#5727),#5731);
#5727 = LINE('',#5728,#5729);
#5728 = CARTESIAN_POINT('',(0.,0.));
#5729 = VECTOR('',#5730,1.);
#5730 = DIRECTION('',(0.,-1.));
#5731 = ( GEOMETRIC_REPRESENTATION_CONTEXT(2) 
PARAMETRIC_REPRESENTATION_CONTEXT() REPRESENTATION_CONTEXT('2D SPACE',''
  ) );
#5732 = ORIENTED_EDGE('',*,*,#5733,.T.);
#5733 = EDGE_CURVE('',#5711,#5662,#5734,.T.);
#5734 = SURFACE_CURVE('',#5735,(#5740,#5747),.PCURVE_S1.);
#5735 = CIRCLE('',#5736,3.);
#5736 = AXIS2_PLACEMENT_3D('',#5737,#5738,#5739);
#5737 = CARTESIAN_POINT('',(-51.,-9.,3.));
#5738 = DIRECTION('',(0.,0.,1.));
#5739 = DIRECTION('',(1.,0.,0.));
#5740 = PCURVE('',#5245,#5741);
#5741 = DEFINITIONAL_REPRESENTATION('',(#5742),#5746);
#5742 = LINE('',#5743,#5744);
#5743 = CARTESIAN_POINT('',(-0.,-3.));
#5744 = VECTOR('',#5745,1.);
#5745 = DIRECTION('',(-1.,0.));
#5746 = ( GEOMETRIC_REPRESENTATION_CONTEXT(2) 
PARAMETRIC_REPRESENTATION_CONTEXT() REPRESENTATION_CONTEXT('2D SPACE',''
  ) );
#5747 = PCURVE('',#5493,#5748);
#5748 = DEFINITIONAL_REPRESENTATION('',(#5749),#5753);
#5749 = CIRCLE('',#5750,3.);
#5750 = AXIS2_PLACEMENT_2D('',#5751,#5752);
#5751 = CARTESIAN_POINT('',(-51.,-8.999999998746));
#5752 = DIRECTION('',(1.,0.));
#5753 = ( GEOMETRIC_REPRESENTATION_CONTEXT(2) 
PARAMETRIC_REPRESENTATION_CONTEXT() REPRESENTATION_CONTEXT('2D SPACE',''
  ) );
#5754 = ORIENTED_EDGE('',*,*,#5661,.F.);
#5755 = ORIENTED_EDGE('',*,*,#5228,.F.);
#5756 = ADVANCED_FACE('',(#5757),#5216,.T.);
#5757 = FACE_BOUND('',#5758,.T.);
#5758 = EDGE_LOOP('',(#5759,#5760,#5783,#5804));
#5759 = ORIENTED_EDGE('',*,*,#5710,.T.);
#5760 = ORIENTED_EDGE('',*,*,#5761,.T.);
#5761 = EDGE_CURVE('',#5711,#5762,#5764,.T.);
#5762 = VERTEX_POINT('',#5763);
#5763 = CARTESIAN_POINT('',(-54.,9.,3.));
#5764 = SURFACE_CURVE('',#5765,(#5769,#5776),.PCURVE_S1.);
#5765 = LINE('',#5766,#5767);
#5766 = CARTESIAN_POINT('',(-54.,0.,3.));
#5767 = VECTOR('',#5768,1.);
#5768 = DIRECTION('',(0.,1.,0.));
#5769 = PCURVE('',#5216,#5770);
#5770 = DEFINITIONAL_REPRESENTATION('',(#5771),#5775);
#5771 = LINE('',#5772,#5773);
#5772 = CARTESIAN_POINT('',(9.,-3.));
#5773 = VECTOR('',#5774,1.);
#5774 = DIRECTION('',(1.,0.));
#5775 = ( GEOMETRIC_REPRESENTATION_CONTEXT(2) 
PARAMETRIC_REPRESENTATION_CONTEXT() REPRESENTATION_CONTEXT('2D SPACE',''
  ) );
#5776 = PCURVE('',#5493,#5777);
#5777 = DEFINITIONAL_REPRESENTATION('',(#5778),#5782);
#5778 = LINE('',#5779,#5780);
#5779 = CARTESIAN_POINT('',(-54.,1.254135693149E-09));
#5780 = VECTOR('',#5781,1.);
#5781 = DIRECTION('',(0.,1.));
#5782 = ( GEOMETRIC_REPRESENTATION_CONTEXT(2) 
PARAMETRIC_REPRESENTATION_CONTEXT() REPRESENTATION_CONTEXT('2D SPACE',''
  ) );
#5783 = ORIENTED_EDGE('',*,*,#5784,.F.);
#5784 = EDGE_CURVE('',#5172,#5762,#5785,.T.);
#5785 = SURFACE_CURVE('',#5786,(#5790,#5797),.PCURVE_S1.);
#5786 = LINE('',#5787,#5788);
#5787 = CARTESIAN_POINT('',(-54.,9.,0.));
#5788 = VECTOR('',#5789,1.);
#5789 = DIRECTION('',(0.,0.,1.));
#5790 = PCURVE('',#5216,#5791);
#5791 = DEFINITIONAL_REPRESENTATION('',(#5792),#5796);
#5792 = LINE('',#5793,#5794);
#5793 = CARTESIAN_POINT('',(18.,0.));
#5794 = VECTOR('',#5795,1.);
#5795 = DIRECTION('',(0.,-1.));
#5796 = ( GEOMETRIC_REPRESENTATION_CONTEXT(2) 
PARAMETRIC_REPRESENTATION_CONTEXT() REPRESENTATION_CONTEXT('2D SPACE',''
  ) );
#5797 = PCURVE('',#5188,#5798);
#5798 = DEFINITIONAL_REPRESENTATION('',(#5799),#5803);
#5799 = LINE('',#5800,#5801);
#5800 = CARTESIAN_POINT('',(-3.14159265359,0.));
#5801 = VECTOR('',#5802,1.);
#5802 = DIRECTION('',(-0.,-1.));
#5803 = ( GEOMETRIC_REPRESENTATION_CONTEXT(2) 
PARAMETRIC_REPRESENTATION_CONTEXT() REPRESENTATION_CONTEXT('2D SPACE',''
  ) );
#5804 = ORIENTED_EDGE('',*,*,#5200,.F.);
#5805 = ADVANCED_FACE('',(#5806),#4830,.T.);
#5806 = FACE_BOUND('',#5807,.F.);
#5807 = EDGE_LOOP('',(#5808,#5809,#5833,#5854));
#5808 = ORIENTED_EDGE('',*,*,#5585,.T.);
#5809 = ORIENTED_EDGE('',*,*,#5810,.T.);
#5810 = EDGE_CURVE('',#5558,#5811,#5813,.T.);
#5811 = VERTEX_POINT('',#5812);
#5812 = CARTESIAN_POINT('',(41.,-12.,3.));
#5813 = SURFACE_CURVE('',#5814,(#5819,#5826),.PCURVE_S1.);
#5814 = CIRCLE('',#5815,3.);
#5815 = AXIS2_PLACEMENT_3D('',#5816,#5817,#5818);
#5816 = CARTESIAN_POINT('',(41.,-9.,3.));
#5817 = DIRECTION('',(0.,0.,1.));
#5818 = DIRECTION('',(1.,0.,0.));
#5819 = PCURVE('',#4830,#5820);
#5820 = DEFINITIONAL_REPRESENTATION('',(#5821),#5825);
#5821 = LINE('',#5822,#5823);
#5822 = CARTESIAN_POINT('',(-0.,-3.));
#5823 = VECTOR('',#5824,1.);
#5824 = DIRECTION('',(-1.,0.));
#5825 = ( GEOMETRIC_REPRESENTATION_CONTEXT(2) 
PARAMETRIC_REPRESENTATION_CONTEXT() REPRESENTATION_CONTEXT('2D SPACE',''
  ) );
#5826 = PCURVE('',#5573,#5827);
#5827 = DEFINITIONAL_REPRESENTATION('',(#5828),#5832);
#5828 = CIRCLE('',#5829,3.);
#5829 = AXIS2_PLACEMENT_2D('',#5830,#5831);
#5830 = CARTESIAN_POINT('',(41.,-8.999999998746));
#5831 = DIRECTION('',(1.,0.));
#5832 = ( GEOMETRIC_REPRESENTATION_CONTEXT(2) 
PARAMETRIC_REPRESENTATION_CONTEXT() REPRESENTATION_CONTEXT('2D SPACE',''
  ) );
#5833 = ORIENTED_EDGE('',*,*,#5834,.F.);
#5834 = EDGE_CURVE('',#4814,#5811,#5835,.T.);
#5835 = SURFACE_CURVE('',#5836,(#5840,#5847),.PCURVE_S1.);
#5836 = LINE('',#5837,#5838);
#5837 = CARTESIAN_POINT('',(41.,-12.,0.));
#5838 = VECTOR('',#5839,1.);
#5839 = DIRECTION('',(0.,0.,1.));
#5840 = PCURVE('',#4830,#5841);
#5841 = DEFINITIONAL_REPRESENTATION('',(#5842),#5846);
#5842 = LINE('',#5843,#5844);
#5843 = CARTESIAN_POINT('',(-4.712388980385,0.));
#5844 = VECTOR('',#5845,1.);
#5845 = DIRECTION('',(-0.,-1.));
#5846 = ( GEOMETRIC_REPRESENTATION_CONTEXT(2) 
PARAMETRIC_REPRESENTATION_CONTEXT() REPRESENTATION_CONTEXT('2D SPACE',''
  ) );
#5847 = PCURVE('',#4858,#5848);
#5848 = DEFINITIONAL_REPRESENTATION('',(#5849),#5853);
#5849 = LINE('',#5850,#5851);
#5850 = CARTESIAN_POINT('',(0.,0.));
#5851 = VECTOR('',#5852,1.);
#5852 = DIRECTION('',(0.,-1.));
#5853 = ( GEOMETRIC_REPRESENTATION_CONTEXT(2) 
PARAMETRIC_REPRESENTATION_CONTEXT() REPRESENTATION_CONTEXT('2D SPACE',''
  ) );
#5854 = ORIENTED_EDGE('',*,*,#4813,.F.);
#5855 = ADVANCED_FACE('',(#5856),#5188,.T.);
#5856 = FACE_BOUND('',#5857,.F.);
#5857 = EDGE_LOOP('',(#5858,#5881,#5903,#5904));
#5858 = ORIENTED_EDGE('',*,*,#5859,.T.);
#5859 = EDGE_CURVE('',#5144,#5860,#5862,.T.);
#5860 = VERTEX_POINT('',#5861);
#5861 = CARTESIAN_POINT('',(-51.,12.,3.));
#5862 = SURFACE_CURVE('',#5863,(#5867,#5874),.PCURVE_S1.);
#5863 = LINE('',#5864,#5865);
#5864 = CARTESIAN_POINT('',(-51.,12.,0.));
#5865 = VECTOR('',#5866,1.);
#5866 = DIRECTION('',(0.,0.,1.));
#5867 = PCURVE('',#5188,#5868);
#5868 = DEFINITIONAL_REPRESENTATION('',(#5869),#5873);
#5869 = LINE('',#5870,#5871);
#5870 = CARTESIAN_POINT('',(-1.570796326795,0.));
#5871 = VECTOR('',#5872,1.);
#5872 = DIRECTION('',(-0.,-1.));
#5873 = ( GEOMETRIC_REPRESENTATION_CONTEXT(2) 
PARAMETRIC_REPRESENTATION_CONTEXT() REPRESENTATION_CONTEXT('2D SPACE',''
  ) );
#5874 = PCURVE('',#5159,#5875);
#5875 = DEFINITIONAL_REPRESENTATION('',(#5876),#5880);
#5876 = LINE('',#5877,#5878);
#5877 = CARTESIAN_POINT('',(0.,0.));
#5878 = VECTOR('',#5879,1.);
#5879 = DIRECTION('',(0.,-1.));
#5880 = ( GEOMETRIC_REPRESENTATION_CONTEXT(2) 
PARAMETRIC_REPRESENTATION_CONTEXT() REPRESENTATION_CONTEXT('2D SPACE',''
  ) );
#5881 = ORIENTED_EDGE('',*,*,#5882,.T.);
#5882 = EDGE_CURVE('',#5860,#5762,#5883,.T.);
#5883 = SURFACE_CURVE('',#5884,(#5889,#5896),.PCURVE_S1.);
#5884 = CIRCLE('',#5885,3.);
#5885 = AXIS2_PLACEMENT_3D('',#5886,#5887,#5888);
#5886 = CARTESIAN_POINT('',(-51.,9.,3.));
#5887 = DIRECTION('',(0.,0.,1.));
#5888 = DIRECTION('',(1.,0.,0.));
#5889 = PCURVE('',#5188,#5890);
#5890 = DEFINITIONAL_REPRESENTATION('',(#5891),#5895);
#5891 = LINE('',#5892,#5893);
#5892 = CARTESIAN_POINT('',(-0.,-3.));
#5893 = VECTOR('',#5894,1.);
#5894 = DIRECTION('',(-1.,0.));
#5895 = ( GEOMETRIC_REPRESENTATION_CONTEXT(2) 
PARAMETRIC_REPRESENTATION_CONTEXT() REPRESENTATION_CONTEXT('2D SPACE',''
  ) );
#5896 = PCURVE('',#5493,#5897);
#5897 = DEFINITIONAL_REPRESENTATION('',(#5898),#5902);
#5898 = CIRCLE('',#5899,3.);
#5899 = AXIS2_PLACEMENT_2D('',#5900,#5901);
#5900 = CARTESIAN_POINT('',(-51.,9.000000001254));
#5901 = DIRECTION('',(1.,0.));
#5902 = ( GEOMETRIC_REPRESENTATION_CONTEXT(2) 
PARAMETRIC_REPRESENTATION_CONTEXT() REPRESENTATION_CONTEXT('2D SPACE',''
  ) );
#5903 = ORIENTED_EDGE('',*,*,#5784,.F.);
#5904 = ORIENTED_EDGE('',*,*,#5171,.F.);
#5905 = ADVANCED_FACE('',(#5906),#4858,.F.);
#5906 = FACE_BOUND('',#5907,.F.);
#5907 = EDGE_LOOP('',(#5908,#5909,#5932,#5953));
#5908 = ORIENTED_EDGE('',*,*,#5834,.T.);
#5909 = ORIENTED_EDGE('',*,*,#5910,.T.);
#5910 = EDGE_CURVE('',#5811,#5911,#5913,.T.);
#5911 = VERTEX_POINT('',#5912);
#5912 = CARTESIAN_POINT('',(50.999999966154,-12.,3.));
#5913 = SURFACE_CURVE('',#5914,(#5918,#5925),.PCURVE_S1.);
#5914 = LINE('',#5915,#5916);
#5915 = CARTESIAN_POINT('',(46.,-12.,3.));
#5916 = VECTOR('',#5917,1.);
#5917 = DIRECTION('',(1.,0.,0.));
#5918 = PCURVE('',#4858,#5919);
#5919 = DEFINITIONAL_REPRESENTATION('',(#5920),#5924);
#5920 = LINE('',#5921,#5922);
#5921 = CARTESIAN_POINT('',(5.,-3.));
#5922 = VECTOR('',#5923,1.);
#5923 = DIRECTION('',(1.,0.));
#5924 = ( GEOMETRIC_REPRESENTATION_CONTEXT(2) 
PARAMETRIC_REPRESENTATION_CONTEXT() REPRESENTATION_CONTEXT('2D SPACE',''
  ) );
#5925 = PCURVE('',#5573,#5926);
#5926 = DEFINITIONAL_REPRESENTATION('',(#5927),#5931);
#5927 = LINE('',#5928,#5929);
#5928 = CARTESIAN_POINT('',(46.,-11.99999999874));
#5929 = VECTOR('',#5930,1.);
#5930 = DIRECTION('',(1.,0.));
#5931 = ( GEOMETRIC_REPRESENTATION_CONTEXT(2) 
PARAMETRIC_REPRESENTATION_CONTEXT() REPRESENTATION_CONTEXT('2D SPACE',''
  ) );
#5932 = ORIENTED_EDGE('',*,*,#5933,.F.);
#5933 = EDGE_CURVE('',#4843,#5911,#5934,.T.);
#5934 = SURFACE_CURVE('',#5935,(#5939,#5946),.PCURVE_S1.);
#5935 = LINE('',#5936,#5937);
#5936 = CARTESIAN_POINT('',(50.999999966154,-12.,0.));
#5937 = VECTOR('',#5938,1.);
#5938 = DIRECTION('',(0.,0.,1.));
#5939 = PCURVE('',#4858,#5940);
#5940 = DEFINITIONAL_REPRESENTATION('',(#5941),#5945);
#5941 = LINE('',#5942,#5943);
#5942 = CARTESIAN_POINT('',(9.999999966154,0.));
#5943 = VECTOR('',#5944,1.);
#5944 = DIRECTION('',(0.,-1.));
#5945 = ( GEOMETRIC_REPRESENTATION_CONTEXT(2) 
PARAMETRIC_REPRESENTATION_CONTEXT() REPRESENTATION_CONTEXT('2D SPACE',''
  ) );
#5946 = PCURVE('',#4887,#5947);
#5947 = DEFINITIONAL_REPRESENTATION('',(#5948),#5952);
#5948 = LINE('',#5949,#5950);
#5949 = CARTESIAN_POINT('',(-4.712388980385,0.));
#5950 = VECTOR('',#5951,1.);
#5951 = DIRECTION('',(-0.,-1.));
#5952 = ( GEOMETRIC_REPRESENTATION_CONTEXT(2) 
PARAMETRIC_REPRESENTATION_CONTEXT() REPRESENTATION_CONTEXT('2D SPACE',''
  ) );
#5953 = ORIENTED_EDGE('',*,*,#4842,.F.);
#5954 = ADVANCED_FACE('',(#5955),#5159,.T.);
#5955 = FACE_BOUND('',#5956,.T.);
#5956 = EDGE_LOOP('',(#5957,#5958,#5981,#6002));
#5957 = ORIENTED_EDGE('',*,*,#5859,.T.);
#5958 = ORIENTED_EDGE('',*,*,#5959,.T.);
#5959 = EDGE_CURVE('',#5860,#5960,#5962,.T.);
#5960 = VERTEX_POINT('',#5961);
#5961 = CARTESIAN_POINT('',(-41.00000003384,12.,3.));
#5962 = SURFACE_CURVE('',#5963,(#5967,#5974),.PCURVE_S1.);
#5963 = LINE('',#5964,#5965);
#5964 = CARTESIAN_POINT('',(-46.,12.,3.));
#5965 = VECTOR('',#5966,1.);
#5966 = DIRECTION('',(1.,0.,0.));
#5967 = PCURVE('',#5159,#5968);
#5968 = DEFINITIONAL_REPRESENTATION('',(#5969),#5973);
#5969 = LINE('',#5970,#5971);
#5970 = CARTESIAN_POINT('',(5.,-3.));
#5971 = VECTOR('',#5972,1.);
#5972 = DIRECTION('',(1.,0.));
#5973 = ( GEOMETRIC_REPRESENTATION_CONTEXT(2) 
PARAMETRIC_REPRESENTATION_CONTEXT() REPRESENTATION_CONTEXT('2D SPACE',''
  ) );
#5974 = PCURVE('',#5493,#5975);
#5975 = DEFINITIONAL_REPRESENTATION('',(#5976),#5980);
#5976 = LINE('',#5977,#5978);
#5977 = CARTESIAN_POINT('',(-46.,12.000000001254));
#5978 = VECTOR('',#5979,1.);
#5979 = DIRECTION('',(1.,0.));
#5980 = ( GEOMETRIC_REPRESENTATION_CONTEXT(2) 
PARAMETRIC_REPRESENTATION_CONTEXT() REPRESENTATION_CONTEXT('2D SPACE',''
  ) );
#5981 = ORIENTED_EDGE('',*,*,#5982,.F.);
#5982 = EDGE_CURVE('',#5115,#5960,#5983,.T.);
#5983 = SURFACE_CURVE('',#5984,(#5988,#5995),.PCURVE_S1.);
#5984 = LINE('',#5985,#5986);
#5985 = CARTESIAN_POINT('',(-41.00000003384,12.,0.));
#5986 = VECTOR('',#5987,1.);
#5987 = DIRECTION('',(0.,0.,1.));
#5988 = PCURVE('',#5159,#5989);
#5989 = DEFINITIONAL_REPRESENTATION('',(#5990),#5994);
#5990 = LINE('',#5991,#5992);
#5991 = CARTESIAN_POINT('',(9.999999966154,0.));
#5992 = VECTOR('',#5993,1.);
#5993 = DIRECTION('',(0.,-1.));
#5994 = ( GEOMETRIC_REPRESENTATION_CONTEXT(2) 
PARAMETRIC_REPRESENTATION_CONTEXT() REPRESENTATION_CONTEXT('2D SPACE',''
  ) );
#5995 = PCURVE('',#5131,#5996);
#5996 = DEFINITIONAL_REPRESENTATION('',(#5997),#6001);
#5997 = LINE('',#5998,#5999);
#5998 = CARTESIAN_POINT('',(-1.570796326795,0.));
#5999 = VECTOR('',#6000,1.);
#6000 = DIRECTION('',(-0.,-1.));
#6001 = ( GEOMETRIC_REPRESENTATION_CONTEXT(2) 
PARAMETRIC_REPRESENTATION_CONTEXT() REPRESENTATION_CONTEXT('2D SPACE',''
  ) );
#6002 = ORIENTED_EDGE('',*,*,#5143,.F.);
#6003 = ADVANCED_FACE('',(#6004),#4887,.T.);
#6004 = FACE_BOUND('',#6005,.F.);
#6005 = EDGE_LOOP('',(#6006,#6007,#6031,#6052));
#6006 = ORIENTED_EDGE('',*,*,#5933,.T.);
#6007 = ORIENTED_EDGE('',*,*,#6008,.T.);
#6008 = EDGE_CURVE('',#5911,#6009,#6011,.T.);
#6009 = VERTEX_POINT('',#6010);
#6010 = CARTESIAN_POINT('',(53.999999983077,-9.,3.));
#6011 = SURFACE_CURVE('',#6012,(#6017,#6024),.PCURVE_S1.);
#6012 = CIRCLE('',#6013,3.);
#6013 = AXIS2_PLACEMENT_3D('',#6014,#6015,#6016);
#6014 = CARTESIAN_POINT('',(50.999999966154,-9.,3.));
#6015 = DIRECTION('',(0.,0.,1.));
#6016 = DIRECTION('',(1.,0.,0.));
#6017 = PCURVE('',#4887,#6018);
#6018 = DEFINITIONAL_REPRESENTATION('',(#6019),#6023);
#6019 = LINE('',#6020,#6021);
#6020 = CARTESIAN_POINT('',(-0.,-3.));
#6021 = VECTOR('',#6022,1.);
#6022 = DIRECTION('',(-1.,0.));
#6023 = ( GEOMETRIC_REPRESENTATION_CONTEXT(2) 
PARAMETRIC_REPRESENTATION_CONTEXT() REPRESENTATION_CONTEXT('2D SPACE',''
  ) );
#6024 = PCURVE('',#5573,#6025);
#6025 = DEFINITIONAL_REPRESENTATION('',(#6026),#6030);
#6026 = CIRCLE('',#6027,3.);
#6027 = AXIS2_PLACEMENT_2D('',#6028,#6029);
#6028 = CARTESIAN_POINT('',(50.999999966154,-8.999999998746));
#6029 = DIRECTION('',(1.,0.));
#6030 = ( GEOMETRIC_REPRESENTATION_CONTEXT(2) 
PARAMETRIC_REPRESENTATION_CONTEXT() REPRESENTATION_CONTEXT('2D SPACE',''
  ) );
#6031 = ORIENTED_EDGE('',*,*,#6032,.F.);
#6032 = EDGE_CURVE('',#4871,#6009,#6033,.T.);
#6033 = SURFACE_CURVE('',#6034,(#6038,#6045),.PCURVE_S1.);
#6034 = LINE('',#6035,#6036);
#6035 = CARTESIAN_POINT('',(53.999999983077,-9.,0.));
#6036 = VECTOR('',#6037,1.);
#6037 = DIRECTION('',(0.,0.,1.));
#6038 = PCURVE('',#4887,#6039);
#6039 = DEFINITIONAL_REPRESENTATION('',(#6040),#6044);
#6040 = LINE('',#6041,#6042);
#6041 = CARTESIAN_POINT('',(-6.28318530718,0.));
#6042 = VECTOR('',#6043,1.);
#6043 = DIRECTION('',(-0.,-1.));
#6044 = ( GEOMETRIC_REPRESENTATION_CONTEXT(2) 
PARAMETRIC_REPRESENTATION_CONTEXT() REPRESENTATION_CONTEXT('2D SPACE',''
  ) );
#6045 = PCURVE('',#4915,#6046);
#6046 = DEFINITIONAL_REPRESENTATION('',(#6047),#6051);
#6047 = LINE('',#6048,#6049);
#6048 = CARTESIAN_POINT('',(0.,0.));
#6049 = VECTOR('',#6050,1.);
#6050 = DIRECTION('',(0.,-1.));
#6051 = ( GEOMETRIC_REPRESENTATION_CONTEXT(2) 
PARAMETRIC_REPRESENTATION_CONTEXT() REPRESENTATION_CONTEXT('2D SPACE',''
  ) );
#6052 = ORIENTED_EDGE('',*,*,#4870,.F.);
#6053 = ADVANCED_FACE('',(#6054),#5131,.T.);
#6054 = FACE_BOUND('',#6055,.F.);
#6055 = EDGE_LOOP('',(#6056,#6057,#6079,#6080));
#6056 = ORIENTED_EDGE('',*,*,#5454,.T.);
#6057 = ORIENTED_EDGE('',*,*,#6058,.T.);
#6058 = EDGE_CURVE('',#5455,#5960,#6059,.T.);
#6059 = SURFACE_CURVE('',#6060,(#6065,#6072),.PCURVE_S1.);
#6060 = CIRCLE('',#6061,3.);
#6061 = AXIS2_PLACEMENT_3D('',#6062,#6063,#6064);
#6062 = CARTESIAN_POINT('',(-41.00000003384,9.,3.));
#6063 = DIRECTION('',(0.,0.,1.));
#6064 = DIRECTION('',(1.,0.,0.));
#6065 = PCURVE('',#5131,#6066);
#6066 = DEFINITIONAL_REPRESENTATION('',(#6067),#6071);
#6067 = LINE('',#6068,#6069);
#6068 = CARTESIAN_POINT('',(-0.,-3.));
#6069 = VECTOR('',#6070,1.);
#6070 = DIRECTION('',(-1.,0.));
#6071 = ( GEOMETRIC_REPRESENTATION_CONTEXT(2) 
PARAMETRIC_REPRESENTATION_CONTEXT() REPRESENTATION_CONTEXT('2D SPACE',''
  ) );
#6072 = PCURVE('',#5493,#6073);
#6073 = DEFINITIONAL_REPRESENTATION('',(#6074),#6078);
#6074 = CIRCLE('',#6075,3.);
#6075 = AXIS2_PLACEMENT_2D('',#6076,#6077);
#6076 = CARTESIAN_POINT('',(-41.00000003384,9.000000001254));
#6077 = DIRECTION('',(1.,0.));
#6078 = ( GEOMETRIC_REPRESENTATION_CONTEXT(2) 
PARAMETRIC_REPRESENTATION_CONTEXT() REPRESENTATION_CONTEXT('2D SPACE',''
  ) );
#6079 = ORIENTED_EDGE('',*,*,#5982,.F.);
#6080 = ORIENTED_EDGE('',*,*,#5114,.F.);
#6081 = ADVANCED_FACE('',(#6082),#4915,.F.);
#6082 = FACE_BOUND('',#6083,.F.);
#6083 = EDGE_LOOP('',(#6084,#6085,#6108,#6129));
#6084 = ORIENTED_EDGE('',*,*,#6032,.T.);
#6085 = ORIENTED_EDGE('',*,*,#6086,.T.);
#6086 = EDGE_CURVE('',#6009,#6087,#6089,.T.);
#6087 = VERTEX_POINT('',#6088);
#6088 = CARTESIAN_POINT('',(53.999999983077,9.,3.));
#6089 = SURFACE_CURVE('',#6090,(#6094,#6101),.PCURVE_S1.);
#6090 = LINE('',#6091,#6092);
#6091 = CARTESIAN_POINT('',(54.,0.,3.));
#6092 = VECTOR('',#6093,1.);
#6093 = DIRECTION('',(0.,1.,0.));
#6094 = PCURVE('',#4915,#6095);
#6095 = DEFINITIONAL_REPRESENTATION('',(#6096),#6100);
#6096 = LINE('',#6097,#6098);
#6097 = CARTESIAN_POINT('',(9.,-3.));
#6098 = VECTOR('',#6099,1.);
#6099 = DIRECTION('',(1.,0.));
#6100 = ( GEOMETRIC_REPRESENTATION_CONTEXT(2) 
PARAMETRIC_REPRESENTATION_CONTEXT() REPRESENTATION_CONTEXT('2D SPACE',''
  ) );
#6101 = PCURVE('',#5573,#6102);
#6102 = DEFINITIONAL_REPRESENTATION('',(#6103),#6107);
#6103 = LINE('',#6104,#6105);
#6104 = CARTESIAN_POINT('',(54.,1.254135693149E-09));
#6105 = VECTOR('',#6106,1.);
#6106 = DIRECTION('',(0.,1.));
#6107 = ( GEOMETRIC_REPRESENTATION_CONTEXT(2) 
PARAMETRIC_REPRESENTATION_CONTEXT() REPRESENTATION_CONTEXT('2D SPACE',''
  ) );
#6108 = ORIENTED_EDGE('',*,*,#6109,.F.);
#6109 = EDGE_CURVE('',#4900,#6087,#6110,.T.);
#6110 = SURFACE_CURVE('',#6111,(#6115,#6122),.PCURVE_S1.);
#6111 = LINE('',#6112,#6113);
#6112 = CARTESIAN_POINT('',(53.999999983077,9.,0.));
#6113 = VECTOR('',#6114,1.);
#6114 = DIRECTION('',(0.,0.,1.));
#6115 = PCURVE('',#4915,#6116);
#6116 = DEFINITIONAL_REPRESENTATION('',(#6117),#6121);
#6117 = LINE('',#6118,#6119);
#6118 = CARTESIAN_POINT('',(18.,0.));
#6119 = VECTOR('',#6120,1.);
#6120 = DIRECTION('',(0.,-1.));
#6121 = ( GEOMETRIC_REPRESENTATION_CONTEXT(2) 
PARAMETRIC_REPRESENTATION_CONTEXT() REPRESENTATION_CONTEXT('2D SPACE',''
  ) );
#6122 = PCURVE('',#4944,#6123);
#6123 = DEFINITIONAL_REPRESENTATION('',(#6124),#6128);
#6124 = LINE('',#6125,#6126);
#6125 = CARTESIAN_POINT('',(-0.,0.));
#6126 = VECTOR('',#6127,1.);
#6127 = DIRECTION('',(-0.,-1.));
#6128 = ( GEOMETRIC_REPRESENTATION_CONTEXT(2) 
PARAMETRIC_REPRESENTATION_CONTEXT() REPRESENTATION_CONTEXT('2D SPACE',''
  ) );
#6129 = ORIENTED_EDGE('',*,*,#4899,.F.);
#6130 = ADVANCED_FACE('',(#6131),#4944,.T.);
#6131 = FACE_BOUND('',#6132,.F.);
#6132 = EDGE_LOOP('',(#6133,#6134,#6158,#6179));
#6133 = ORIENTED_EDGE('',*,*,#6109,.T.);
#6134 = ORIENTED_EDGE('',*,*,#6135,.T.);
#6135 = EDGE_CURVE('',#6087,#6136,#6138,.T.);
#6136 = VERTEX_POINT('',#6137);
#6137 = CARTESIAN_POINT('',(50.999999966154,12.,3.));
#6138 = SURFACE_CURVE('',#6139,(#6144,#6151),.PCURVE_S1.);
#6139 = CIRCLE('',#6140,3.);
#6140 = AXIS2_PLACEMENT_3D('',#6141,#6142,#6143);
#6141 = CARTESIAN_POINT('',(50.999999966154,9.,3.));
#6142 = DIRECTION('',(0.,0.,1.));
#6143 = DIRECTION('',(1.,0.,0.));
#6144 = PCURVE('',#4944,#6145);
#6145 = DEFINITIONAL_REPRESENTATION('',(#6146),#6150);
#6146 = LINE('',#6147,#6148);
#6147 = CARTESIAN_POINT('',(-0.,-3.));
#6148 = VECTOR('',#6149,1.);
#6149 = DIRECTION('',(-1.,0.));
#6150 = ( GEOMETRIC_REPRESENTATION_CONTEXT(2) 
PARAMETRIC_REPRESENTATION_CONTEXT() REPRESENTATION_CONTEXT('2D SPACE',''
  ) );
#6151 = PCURVE('',#5573,#6152);
#6152 = DEFINITIONAL_REPRESENTATION('',(#6153),#6157);
#6153 = CIRCLE('',#6154,3.);
#6154 = AXIS2_PLACEMENT_2D('',#6155,#6156);
#6155 = CARTESIAN_POINT('',(50.999999966154,9.000000001254));
#6156 = DIRECTION('',(1.,0.));
#6157 = ( GEOMETRIC_REPRESENTATION_CONTEXT(2) 
PARAMETRIC_REPRESENTATION_CONTEXT() REPRESENTATION_CONTEXT('2D SPACE',''
  ) );
#6158 = ORIENTED_EDGE('',*,*,#6159,.F.);
#6159 = EDGE_CURVE('',#4928,#6136,#6160,.T.);
#6160 = SURFACE_CURVE('',#6161,(#6165,#6172),.PCURVE_S1.);
#6161 = LINE('',#6162,#6163);
#6162 = CARTESIAN_POINT('',(50.999999966154,12.,0.));
#6163 = VECTOR('',#6164,1.);
#6164 = DIRECTION('',(0.,0.,1.));
#6165 = PCURVE('',#4944,#6166);
#6166 = DEFINITIONAL_REPRESENTATION('',(#6167),#6171);
#6167 = LINE('',#6168,#6169);
#6168 = CARTESIAN_POINT('',(-1.570796326795,0.));
#6169 = VECTOR('',#6170,1.);
#6170 = DIRECTION('',(-0.,-1.));
#6171 = ( GEOMETRIC_REPRESENTATION_CONTEXT(2) 
PARAMETRIC_REPRESENTATION_CONTEXT() REPRESENTATION_CONTEXT('2D SPACE',''
  ) );
#6172 = PCURVE('',#4972,#6173);
#6173 = DEFINITIONAL_REPRESENTATION('',(#6174),#6178);
#6174 = LINE('',#6175,#6176);
#6175 = CARTESIAN_POINT('',(9.999999966154,0.));
#6176 = VECTOR('',#6177,1.);
#6177 = DIRECTION('',(0.,-1.));
#6178 = ( GEOMETRIC_REPRESENTATION_CONTEXT(2) 
PARAMETRIC_REPRESENTATION_CONTEXT() REPRESENTATION_CONTEXT('2D SPACE',''
  ) );
#6179 = ORIENTED_EDGE('',*,*,#4927,.F.);
#6180 = ADVANCED_FACE('',(#6181),#4972,.T.);
#6181 = FACE_BOUND('',#6182,.T.);
#6182 = EDGE_LOOP('',(#6183,#6206,#6227,#6228));
#6183 = ORIENTED_EDGE('',*,*,#6184,.T.);
#6184 = EDGE_CURVE('',#4957,#6185,#6187,.T.);
#6185 = VERTEX_POINT('',#6186);
#6186 = CARTESIAN_POINT('',(41.,12.,3.));
#6187 = SURFACE_CURVE('',#6188,(#6192,#6199),.PCURVE_S1.);
#6188 = LINE('',#6189,#6190);
#6189 = CARTESIAN_POINT('',(41.,12.,0.));
#6190 = VECTOR('',#6191,1.);
#6191 = DIRECTION('',(0.,0.,1.));
#6192 = PCURVE('',#4972,#6193);
#6193 = DEFINITIONAL_REPRESENTATION('',(#6194),#6198);
#6194 = LINE('',#6195,#6196);
#6195 = CARTESIAN_POINT('',(0.,0.));
#6196 = VECTOR('',#6197,1.);
#6197 = DIRECTION('',(0.,-1.));
#6198 = ( GEOMETRIC_REPRESENTATION_CONTEXT(2) 
PARAMETRIC_REPRESENTATION_CONTEXT() REPRESENTATION_CONTEXT('2D SPACE',''
  ) );
#6199 = PCURVE('',#5001,#6200);
#6200 = DEFINITIONAL_REPRESENTATION('',(#6201),#6205);
#6201 = LINE('',#6202,#6203);
#6202 = CARTESIAN_POINT('',(-1.570796326795,0.));
#6203 = VECTOR('',#6204,1.);
#6204 = DIRECTION('',(-0.,-1.));
#6205 = ( GEOMETRIC_REPRESENTATION_CONTEXT(2) 
PARAMETRIC_REPRESENTATION_CONTEXT() REPRESENTATION_CONTEXT('2D SPACE',''
  ) );
#6206 = ORIENTED_EDGE('',*,*,#6207,.T.);
#6207 = EDGE_CURVE('',#6185,#6136,#6208,.T.);
#6208 = SURFACE_CURVE('',#6209,(#6213,#6220),.PCURVE_S1.);
#6209 = LINE('',#6210,#6211);
#6210 = CARTESIAN_POINT('',(46.,12.,3.));
#6211 = VECTOR('',#6212,1.);
#6212 = DIRECTION('',(1.,0.,0.));
#6213 = PCURVE('',#4972,#6214);
#6214 = DEFINITIONAL_REPRESENTATION('',(#6215),#6219);
#6215 = LINE('',#6216,#6217);
#6216 = CARTESIAN_POINT('',(5.,-3.));
#6217 = VECTOR('',#6218,1.);
#6218 = DIRECTION('',(1.,0.));
#6219 = ( GEOMETRIC_REPRESENTATION_CONTEXT(2) 
PARAMETRIC_REPRESENTATION_CONTEXT() REPRESENTATION_CONTEXT('2D SPACE',''
  ) );
#6220 = PCURVE('',#5573,#6221);
#6221 = DEFINITIONAL_REPRESENTATION('',(#6222),#6226);
#6222 = LINE('',#6223,#6224);
#6223 = CARTESIAN_POINT('',(46.,12.000000001254));
#6224 = VECTOR('',#6225,1.);
#6225 = DIRECTION('',(1.,0.));
#6226 = ( GEOMETRIC_REPRESENTATION_CONTEXT(2) 
PARAMETRIC_REPRESENTATION_CONTEXT() REPRESENTATION_CONTEXT('2D SPACE',''
  ) );
#6227 = ORIENTED_EDGE('',*,*,#6159,.F.);
#6228 = ORIENTED_EDGE('',*,*,#4956,.F.);
#6229 = ADVANCED_FACE('',(#6230),#5001,.T.);
#6230 = FACE_BOUND('',#6231,.F.);
#6231 = EDGE_LOOP('',(#6232,#6233,#6255,#6256));
#6232 = ORIENTED_EDGE('',*,*,#6184,.T.);
#6233 = ORIENTED_EDGE('',*,*,#6234,.T.);
#6234 = EDGE_CURVE('',#6185,#5535,#6235,.T.);
#6235 = SURFACE_CURVE('',#6236,(#6241,#6248),.PCURVE_S1.);
#6236 = CIRCLE('',#6237,3.);
#6237 = AXIS2_PLACEMENT_3D('',#6238,#6239,#6240);
#6238 = CARTESIAN_POINT('',(41.,9.,3.));
#6239 = DIRECTION('',(0.,0.,1.));
#6240 = DIRECTION('',(1.,0.,0.));
#6241 = PCURVE('',#5001,#6242);
#6242 = DEFINITIONAL_REPRESENTATION('',(#6243),#6247);
#6243 = LINE('',#6244,#6245);
#6244 = CARTESIAN_POINT('',(-0.,-3.));
#6245 = VECTOR('',#6246,1.);
#6246 = DIRECTION('',(-1.,0.));
#6247 = ( GEOMETRIC_REPRESENTATION_CONTEXT(2) 
PARAMETRIC_REPRESENTATION_CONTEXT() REPRESENTATION_CONTEXT('2D SPACE',''
  ) );
#6248 = PCURVE('',#5573,#6249);
#6249 = DEFINITIONAL_REPRESENTATION('',(#6250),#6254);
#6250 = CIRCLE('',#6251,3.);
#6251 = AXIS2_PLACEMENT_2D('',#6252,#6253);
#6252 = CARTESIAN_POINT('',(41.,9.000000001254));
#6253 = DIRECTION('',(1.,0.));
#6254 = ( GEOMETRIC_REPRESENTATION_CONTEXT(2) 
PARAMETRIC_REPRESENTATION_CONTEXT() REPRESENTATION_CONTEXT('2D SPACE',''
  ) );
#6255 = ORIENTED_EDGE('',*,*,#5534,.F.);
#6256 = ORIENTED_EDGE('',*,*,#4984,.F.);
#6257 = ADVANCED_FACE('',(#6258),#5331,.F.);
#6258 = FACE_BOUND('',#6259,.T.);
#6259 = EDGE_LOOP('',(#6260,#6283,#6305,#6306));
#6260 = ORIENTED_EDGE('',*,*,#6261,.T.);
#6261 = EDGE_CURVE('',#5315,#6262,#6264,.T.);
#6262 = VERTEX_POINT('',#6263);
#6263 = CARTESIAN_POINT('',(-43.75,0.,3.));
#6264 = SEAM_CURVE('',#6265,(#6269,#6276),.PCURVE_S1.);
#6265 = LINE('',#6266,#6267);
#6266 = CARTESIAN_POINT('',(-43.75,0.,0.));
#6267 = VECTOR('',#6268,1.);
#6268 = DIRECTION('',(0.,0.,1.));
#6269 = PCURVE('',#5331,#6270);
#6270 = DEFINITIONAL_REPRESENTATION('',(#6271),#6275);
#6271 = LINE('',#6272,#6273);
#6272 = CARTESIAN_POINT('',(-0.,0.));
#6273 = VECTOR('',#6274,1.);
#6274 = DIRECTION('',(-0.,-1.));
#6275 = ( GEOMETRIC_REPRESENTATION_CONTEXT(2) 
PARAMETRIC_REPRESENTATION_CONTEXT() REPRESENTATION_CONTEXT('2D SPACE',''
  ) );
#6276 = PCURVE('',#5331,#6277);
#6277 = DEFINITIONAL_REPRESENTATION('',(#6278),#6282);
#6278 = LINE('',#6279,#6280);
#6279 = CARTESIAN_POINT('',(-6.28318530718,0.));
#6280 = VECTOR('',#6281,1.);
#6281 = DIRECTION('',(-0.,-1.));
#6282 = ( GEOMETRIC_REPRESENTATION_CONTEXT(2) 
PARAMETRIC_REPRESENTATION_CONTEXT() REPRESENTATION_CONTEXT('2D SPACE',''
  ) );
#6283 = ORIENTED_EDGE('',*,*,#6284,.T.);
#6284 = EDGE_CURVE('',#6262,#6262,#6285,.T.);
#6285 = SURFACE_CURVE('',#6286,(#6291,#6298),.PCURVE_S1.);
#6286 = CIRCLE('',#6287,2.25);
#6287 = AXIS2_PLACEMENT_3D('',#6288,#6289,#6290);
#6288 = CARTESIAN_POINT('',(-46.,0.,3.));
#6289 = DIRECTION('',(0.,0.,1.));
#6290 = DIRECTION('',(1.,0.,0.));
#6291 = PCURVE('',#5331,#6292);
#6292 = DEFINITIONAL_REPRESENTATION('',(#6293),#6297);
#6293 = LINE('',#6294,#6295);
#6294 = CARTESIAN_POINT('',(-0.,-3.));
#6295 = VECTOR('',#6296,1.);
#6296 = DIRECTION('',(-1.,0.));
#6297 = ( GEOMETRIC_REPRESENTATION_CONTEXT(2) 
PARAMETRIC_REPRESENTATION_CONTEXT() REPRESENTATION_CONTEXT('2D SPACE',''
  ) );
#6298 = PCURVE('',#5493,#6299);
#6299 = DEFINITIONAL_REPRESENTATION('',(#6300),#6304);
#6300 = CIRCLE('',#6301,2.25);
#6301 = AXIS2_PLACEMENT_2D('',#6302,#6303);
#6302 = CARTESIAN_POINT('',(-46.,1.254135693149E-09));
#6303 = DIRECTION('',(1.,0.));
#6304 = ( GEOMETRIC_REPRESENTATION_CONTEXT(2) 
PARAMETRIC_REPRESENTATION_CONTEXT() REPRESENTATION_CONTEXT('2D SPACE',''
  ) );
#6305 = ORIENTED_EDGE('',*,*,#6261,.F.);
#6306 = ORIENTED_EDGE('',*,*,#5314,.F.);
#6307 = ADVANCED_FACE('',(#6308),#5362,.F.);
#6308 = FACE_BOUND('',#6309,.T.);
#6309 = EDGE_LOOP('',(#6310,#6333,#6355,#6356));
#6310 = ORIENTED_EDGE('',*,*,#6311,.T.);
#6311 = EDGE_CURVE('',#5346,#6312,#6314,.T.);
#6312 = VERTEX_POINT('',#6313);
#6313 = CARTESIAN_POINT('',(48.25,0.,3.));
#6314 = SEAM_CURVE('',#6315,(#6319,#6326),.PCURVE_S1.);
#6315 = LINE('',#6316,#6317);
#6316 = CARTESIAN_POINT('',(48.25,0.,0.));
#6317 = VECTOR('',#6318,1.);
#6318 = DIRECTION('',(0.,0.,1.));
#6319 = PCURVE('',#5362,#6320);
#6320 = DEFINITIONAL_REPRESENTATION('',(#6321),#6325);
#6321 = LINE('',#6322,#6323);
#6322 = CARTESIAN_POINT('',(-0.,0.));
#6323 = VECTOR('',#6324,1.);
#6324 = DIRECTION('',(-0.,-1.));
#6325 = ( GEOMETRIC_REPRESENTATION_CONTEXT(2) 
PARAMETRIC_REPRESENTATION_CONTEXT() REPRESENTATION_CONTEXT('2D SPACE',''
  ) );
#6326 = PCURVE('',#5362,#6327);
#6327 = DEFINITIONAL_REPRESENTATION('',(#6328),#6332);
#6328 = LINE('',#6329,#6330);
#6329 = CARTESIAN_POINT('',(-6.28318530718,0.));
#6330 = VECTOR('',#6331,1.);
#6331 = DIRECTION('',(-0.,-1.));
#6332 = ( GEOMETRIC_REPRESENTATION_CONTEXT(2) 
PARAMETRIC_REPRESENTATION_CONTEXT() REPRESENTATION_CONTEXT('2D SPACE',''
  ) );
#6333 = ORIENTED_EDGE('',*,*,#6334,.T.);
#6334 = EDGE_CURVE('',#6312,#6312,#6335,.T.);
#6335 = SURFACE_CURVE('',#6336,(#6341,#6348),.PCURVE_S1.);
#6336 = CIRCLE('',#6337,2.25);
#6337 = AXIS2_PLACEMENT_3D('',#6338,#6339,#6340);
#6338 = CARTESIAN_POINT('',(46.,0.,3.));
#6339 = DIRECTION('',(0.,0.,1.));
#6340 = DIRECTION('',(1.,0.,0.));
#6341 = PCURVE('',#5362,#6342);
#6342 = DEFINITIONAL_REPRESENTATION('',(#6343),#6347);
#6343 = LINE('',#6344,#6345);
#6344 = CARTESIAN_POINT('',(-0.,-3.));
#6345 = VECTOR('',#6346,1.);
#6346 = DIRECTION('',(-1.,0.));
#6347 = ( GEOMETRIC_REPRESENTATION_CONTEXT(2) 
PARAMETRIC_REPRESENTATION_CONTEXT() REPRESENTATION_CONTEXT('2D SPACE',''
  ) );
#6348 = PCURVE('',#5573,#6349);
#6349 = DEFINITIONAL_REPRESENTATION('',(#6350),#6354);
#6350 = CIRCLE('',#6351,2.25);
#6351 = AXIS2_PLACEMENT_2D('',#6352,#6353);
#6352 = CARTESIAN_POINT('',(46.,1.254135693149E-09));
#6353 = DIRECTION('',(1.,0.));
#6354 = ( GEOMETRIC_REPRESENTATION_CONTEXT(2) 
PARAMETRIC_REPRESENTATION_CONTEXT() REPRESENTATION_CONTEXT('2D SPACE',''
  ) );
#6355 = ORIENTED_EDGE('',*,*,#6311,.F.);
#6356 = ORIENTED_EDGE('',*,*,#5345,.F.);
#6357 = ADVANCED_FACE('',(#6358,#6368),#5493,.T.);
#6358 = FACE_BOUND('',#6359,.T.);
#6359 = EDGE_LOOP('',(#6360,#6361,#6362,#6363,#6364,#6365,#6366,#6367));
#6360 = ORIENTED_EDGE('',*,*,#5634,.T.);
#6361 = ORIENTED_EDGE('',*,*,#5477,.T.);
#6362 = ORIENTED_EDGE('',*,*,#6058,.T.);
#6363 = ORIENTED_EDGE('',*,*,#5959,.F.);
#6364 = ORIENTED_EDGE('',*,*,#5882,.T.);
#6365 = ORIENTED_EDGE('',*,*,#5761,.F.);
#6366 = ORIENTED_EDGE('',*,*,#5733,.T.);
#6367 = ORIENTED_EDGE('',*,*,#5684,.T.);
#6368 = FACE_BOUND('',#6369,.T.);
#6369 = EDGE_LOOP('',(#6370));
#6370 = ORIENTED_EDGE('',*,*,#6284,.F.);
#6371 = ADVANCED_FACE('',(#6372,#6382),#5573,.T.);
#6372 = FACE_BOUND('',#6373,.T.);
#6373 = EDGE_LOOP('',(#6374,#6375,#6376,#6377,#6378,#6379,#6380,#6381));
#6374 = ORIENTED_EDGE('',*,*,#5557,.F.);
#6375 = ORIENTED_EDGE('',*,*,#5810,.T.);
#6376 = ORIENTED_EDGE('',*,*,#5910,.T.);
#6377 = ORIENTED_EDGE('',*,*,#6008,.T.);
#6378 = ORIENTED_EDGE('',*,*,#6086,.T.);
#6379 = ORIENTED_EDGE('',*,*,#6135,.T.);
#6380 = ORIENTED_EDGE('',*,*,#6207,.F.);
#6381 = ORIENTED_EDGE('',*,*,#6234,.T.);
#6382 = FACE_BOUND('',#6383,.T.);
#6383 = EDGE_LOOP('',(#6384));
#6384 = ORIENTED_EDGE('',*,*,#6334,.F.);
#6385 = ( GEOMETRIC_REPRESENTATION_CONTEXT(3) 
GLOBAL_UNCERTAINTY_ASSIGNED_CONTEXT((#6389)) 
GLOBAL_UNIT_ASSIGNED_CONTEXT((#6386,#6387,#6388)) REPRESENTATION_CONTEXT
('Context #1','3D Context with UNIT and UNCERTAINTY') );
#6386 = ( LENGTH_UNIT() NAMED_UNIT(*) SI_UNIT(.MILLI.,.METRE.) );
#6387 = ( NAMED_UNIT(*) PLANE_ANGLE_UNIT() SI_UNIT($,.RADIAN.) );
#6388 = ( NAMED_UNIT(*) SI_UNIT($,.STERADIAN.) SOLID_ANGLE_UNIT() );
#6389 = UNCERTAINTY_MEASURE_WITH_UNIT(LENGTH_MEASURE(1.E-07),#6386,
  'distance_accuracy_value','confusion accuracy');
#6390 = PRODUCT_RELATED_PRODUCT_CATEGORY('part',$,(#7));
ENDSEC;
END-ISO-10303-21;
