ISO-10303-21;
HEADER;
FILE_DESCRIPTION(('Open CASCADE Model'),'2;1');
FILE_NAME('Open CASCADE Shape Model','2026-09-10T10:24:46',('Author'),(
    'Open CASCADE'),'Open CASCADE STEP processor 7.9','build123d',
  'Unknown');
FILE_SCHEMA(('AUTOMOTIVE_DESIGN { 1 0 10303 214 1 1 1 1 }'));
ENDSEC;
DATA;
#1 = APPLICATION_PROTOCOL_DEFINITION('international standard',
  'automotive_design',2000,#2);
#2 = APPLICATION_CONTEXT(
  'core data for automotive mechanical design processes');
#3 = SHAPE_DEFINITION_REPRESENTATION(#4,#10);
#4 = PRODUCT_DEFINITION_SHAPE('','',#5);
#5 = PRODUCT_DEFINITION('design','',#6,#9);
#6 = PRODUCT_DEFINITION_FORMATION('','',#7);
#7 = PRODUCT('COMPOUND','COMPOUND','',(#8));
#8 = PRODUCT_CONTEXT('',#2,'mechanical');
#9 = PRODUCT_DEFINITION_CONTEXT('part definition',#2,'design');
#10 = ADVANCED_BREP_SHAPE_REPRESENTATION('',(#11,#15),#4327);
#11 = AXIS2_PLACEMENT_3D('',#12,#13,#14);
#12 = CARTESIAN_POINT('',(0.,0.,0.));
#13 = DIRECTION('',(0.,0.,1.));
#14 = DIRECTION('',(1.,0.,-0.));
#15 = MANIFOLD_SOLID_BREP('',#16);
#16 = CLOSED_SHELL('',(#17,#243,#497,#547,#814,#975,#1030,#1181,#1444,
    #1471,#1498,#1525,#1552,#1579,#1653,#1708,#1763,#1911,#1960,#2010,
    #2059,#2109,#2136,#2239,#2782,#2831,#2942,#2991,#3237,#3264,#3291,
    #3318,#3345,#3370,#3440,#3492,#3706,#3962,#3989,#4048,#4052,#4079,
    #4106,#4133,#4140,#4167,#4194,#4201,#4258,#4315,#4319,#4323));
#17 = ADVANCED_FACE('',(#18),#32,.T.);
#18 = FACE_BOUND('',#19,.T.);
#19 = EDGE_LOOP('',(#20,#55,#83,#111,#137,#163,#189,#217));
#20 = ORIENTED_EDGE('',*,*,#21,.F.);
#21 = EDGE_CURVE('',#22,#24,#26,.T.);
#22 = VERTEX_POINT('',#23);
#23 = CARTESIAN_POINT('',(-48.,-42.,0.));
#24 = VERTEX_POINT('',#25);
#25 = CARTESIAN_POINT('',(-48.,41.999999990506,0.));
#26 = SURFACE_CURVE('',#27,(#31,#43),.PCURVE_S1.);
#27 = LINE('',#28,#29);
#28 = CARTESIAN_POINT('',(-48.,1.026734253173E-12,0.));
#29 = VECTOR('',#30,1.);
#30 = DIRECTION('',(0.,1.,0.));
#31 = PCURVE('',#32,#37);
#32 = PLANE('',#33);
#33 = AXIS2_PLACEMENT_3D('',#34,#35,#36);
#34 = CARTESIAN_POINT('',(-48.,-42.,0.));
#35 = DIRECTION('',(-1.,0.,0.));
#36 = DIRECTION('',(0.,1.,0.));
#37 = DEFINITIONAL_REPRESENTATION('',(#38),#42);
#38 = LINE('',#39,#40);
#39 = CARTESIAN_POINT('',(42.000000000002,0.));
#40 = VECTOR('',#41,1.);
#41 = DIRECTION('',(1.,0.));
#42 = ( GEOMETRIC_REPRESENTATION_CONTEXT(2) 
PARAMETRIC_REPRESENTATION_CONTEXT() REPRESENTATION_CONTEXT('2D SPACE',''
  ) );
#43 = PCURVE('',#44,#49);
#44 = PLANE('',#45);
#45 = AXIS2_PLACEMENT_3D('',#46,#47,#48);
#46 = CARTESIAN_POINT('',(-1.305645692147E-09,-1.389027496117E-09,0.));
#47 = DIRECTION('',(0.,0.,1.));
#48 = DIRECTION('',(1.,0.,0.));
#49 = DEFINITIONAL_REPRESENTATION('',(#50),#54);
#50 = LINE('',#51,#52);
#51 = CARTESIAN_POINT('',(-47.99999999869,1.39005423037E-09));
#52 = VECTOR('',#53,1.);
#53 = DIRECTION('',(0.,1.));
#54 = ( GEOMETRIC_REPRESENTATION_CONTEXT(2) 
PARAMETRIC_REPRESENTATION_CONTEXT() REPRESENTATION_CONTEXT('2D SPACE',''
  ) );
#55 = ORIENTED_EDGE('',*,*,#56,.T.);
#56 = EDGE_CURVE('',#22,#57,#59,.T.);
#57 = VERTEX_POINT('',#58);
#58 = CARTESIAN_POINT('',(-48.,-42.,11.));
#59 = SURFACE_CURVE('',#60,(#64,#71),.PCURVE_S1.);
#60 = LINE('',#61,#62);
#61 = CARTESIAN_POINT('',(-48.,-42.,0.));
#62 = VECTOR('',#63,1.);
#63 = DIRECTION('',(0.,0.,1.));
#64 = PCURVE('',#32,#65);
#65 = DEFINITIONAL_REPRESENTATION('',(#66),#70);
#66 = LINE('',#67,#68);
#67 = CARTESIAN_POINT('',(0.,0.));
#68 = VECTOR('',#69,1.);
#69 = DIRECTION('',(0.,-1.));
#70 = ( GEOMETRIC_REPRESENTATION_CONTEXT(2) 
PARAMETRIC_REPRESENTATION_CONTEXT() REPRESENTATION_CONTEXT('2D SPACE',''
  ) );
#71 = PCURVE('',#72,#77);
#72 = CYLINDRICAL_SURFACE('',#73,6.);
#73 = AXIS2_PLACEMENT_3D('',#74,#75,#76);
#74 = CARTESIAN_POINT('',(-42.,-42.,0.));
#75 = DIRECTION('',(-0.,-0.,-1.));
#76 = DIRECTION('',(1.,0.,0.));
#77 = DEFINITIONAL_REPRESENTATION('',(#78),#82);
#78 = LINE('',#79,#80);
#79 = CARTESIAN_POINT('',(-3.14159265359,0.));
#80 = VECTOR('',#81,1.);
#81 = DIRECTION('',(-0.,-1.));
#82 = ( GEOMETRIC_REPRESENTATION_CONTEXT(2) 
PARAMETRIC_REPRESENTATION_CONTEXT() REPRESENTATION_CONTEXT('2D SPACE',''
  ) );
#83 = ORIENTED_EDGE('',*,*,#84,.T.);
#84 = EDGE_CURVE('',#57,#85,#87,.T.);
#85 = VERTEX_POINT('',#86);
#86 = CARTESIAN_POINT('',(-48.,-16.,11.));
#87 = SURFACE_CURVE('',#88,(#92,#99),.PCURVE_S1.);
#88 = LINE('',#89,#90);
#89 = CARTESIAN_POINT('',(-48.,1.026734253173E-12,11.));
#90 = VECTOR('',#91,1.);
#91 = DIRECTION('',(0.,1.,0.));
#92 = PCURVE('',#32,#93);
#93 = DEFINITIONAL_REPRESENTATION('',(#94),#98);
#94 = LINE('',#95,#96);
#95 = CARTESIAN_POINT('',(42.000000000002,-11.));
#96 = VECTOR('',#97,1.);
#97 = DIRECTION('',(1.,0.));
#98 = ( GEOMETRIC_REPRESENTATION_CONTEXT(2) 
PARAMETRIC_REPRESENTATION_CONTEXT() REPRESENTATION_CONTEXT('2D SPACE',''
  ) );
#99 = PCURVE('',#100,#105);
#100 = PLANE('',#101);
#101 = AXIS2_PLACEMENT_3D('',#102,#103,#104);
#102 = CARTESIAN_POINT('',(-1.305645692147E-09,-1.389027496117E-09,11.)
  );
#103 = DIRECTION('',(0.,0.,1.));
#104 = DIRECTION('',(1.,0.,0.));
#105 = DEFINITIONAL_REPRESENTATION('',(#106),#110);
#106 = LINE('',#107,#108);
#107 = CARTESIAN_POINT('',(-47.99999999869,1.39005423037E-09));
#108 = VECTOR('',#109,1.);
#109 = DIRECTION('',(0.,1.));
#110 = ( GEOMETRIC_REPRESENTATION_CONTEXT(2) 
PARAMETRIC_REPRESENTATION_CONTEXT() REPRESENTATION_CONTEXT('2D SPACE',''
  ) );
#111 = ORIENTED_EDGE('',*,*,#112,.F.);
#112 = EDGE_CURVE('',#113,#85,#115,.T.);
#113 = VERTEX_POINT('',#114);
#114 = CARTESIAN_POINT('',(-48.,-16.,3.5));
#115 = SURFACE_CURVE('',#116,(#120,#126),.PCURVE_S1.);
#116 = LINE('',#117,#118);
#117 = CARTESIAN_POINT('',(-48.,-16.,3.5));
#118 = VECTOR('',#119,1.);
#119 = DIRECTION('',(0.,0.,1.));
#120 = PCURVE('',#32,#121);
#121 = DEFINITIONAL_REPRESENTATION('',(#122),#125);
#122 = B_SPLINE_CURVE_WITH_KNOTS('',1,(#123,#124),.UNSPECIFIED.,.F.,.F.,
  (2,2),(-5.999999999062E-07,7.5000006),.PIECEWISE_BEZIER_KNOTS.);
#123 = CARTESIAN_POINT('',(26.000000000001,-3.4999994));
#124 = CARTESIAN_POINT('',(26.000000000001,-11.0000006));
#125 = ( GEOMETRIC_REPRESENTATION_CONTEXT(2) 
PARAMETRIC_REPRESENTATION_CONTEXT() REPRESENTATION_CONTEXT('2D SPACE',''
  ) );
#126 = PCURVE('',#127,#132);
#127 = CYLINDRICAL_SURFACE('',#128,16.);
#128 = AXIS2_PLACEMENT_3D('',#129,#130,#131);
#129 = CARTESIAN_POINT('',(-48.,0.,3.5));
#130 = DIRECTION('',(0.,0.,1.));
#131 = DIRECTION('',(1.,0.,0.));
#132 = DEFINITIONAL_REPRESENTATION('',(#133),#136);
#133 = B_SPLINE_CURVE_WITH_KNOTS('',1,(#134,#135),.UNSPECIFIED.,.F.,.F.,
  (2,2),(0.,7.5),.PIECEWISE_BEZIER_KNOTS.);
#134 = CARTESIAN_POINT('',(4.712388980385,0.));
#135 = CARTESIAN_POINT('',(4.712388980385,7.5));
#136 = ( GEOMETRIC_REPRESENTATION_CONTEXT(2) 
PARAMETRIC_REPRESENTATION_CONTEXT() REPRESENTATION_CONTEXT('2D SPACE',''
  ) );
#137 = ORIENTED_EDGE('',*,*,#138,.T.);
#138 = EDGE_CURVE('',#113,#139,#141,.T.);
#139 = VERTEX_POINT('',#140);
#140 = CARTESIAN_POINT('',(-48.,16.,3.5));
#141 = SURFACE_CURVE('',#142,(#146,#152),.PCURVE_S1.);
#142 = LINE('',#143,#144);
#143 = CARTESIAN_POINT('',(-48.,-21.,3.5));
#144 = VECTOR('',#145,1.);
#145 = DIRECTION('',(0.,1.,-0.));
#146 = PCURVE('',#32,#147);
#147 = DEFINITIONAL_REPRESENTATION('',(#148),#151);
#148 = B_SPLINE_CURVE_WITH_KNOTS('',1,(#149,#150),.UNSPECIFIED.,.F.,.F.,
  (2,2),(5.000000000001,37.000000000001),.PIECEWISE_BEZIER_KNOTS.);
#149 = CARTESIAN_POINT('',(26.000000000001,-3.5));
#150 = CARTESIAN_POINT('',(58.000000000001,-3.5));
#151 = ( GEOMETRIC_REPRESENTATION_CONTEXT(2) 
PARAMETRIC_REPRESENTATION_CONTEXT() REPRESENTATION_CONTEXT('2D SPACE',''
  ) );
#152 = PCURVE('',#153,#158);
#153 = PLANE('',#154);
#154 = AXIS2_PLACEMENT_3D('',#155,#156,#157);
#155 = CARTESIAN_POINT('',(-48.,0.,3.5));
#156 = DIRECTION('',(0.,0.,1.));
#157 = DIRECTION('',(1.,0.,0.));
#158 = DEFINITIONAL_REPRESENTATION('',(#159),#162);
#159 = B_SPLINE_CURVE_WITH_KNOTS('',1,(#160,#161),.UNSPECIFIED.,.F.,.F.,
  (2,2),(5.000000000001,37.000000000001),.PIECEWISE_BEZIER_KNOTS.);
#160 = CARTESIAN_POINT('',(0.,-16.));
#161 = CARTESIAN_POINT('',(0.,16.));
#162 = ( GEOMETRIC_REPRESENTATION_CONTEXT(2) 
PARAMETRIC_REPRESENTATION_CONTEXT() REPRESENTATION_CONTEXT('2D SPACE',''
  ) );
#163 = ORIENTED_EDGE('',*,*,#164,.T.);
#164 = EDGE_CURVE('',#139,#165,#167,.T.);
#165 = VERTEX_POINT('',#166);
#166 = CARTESIAN_POINT('',(-48.,16.,11.));
#167 = SURFACE_CURVE('',#168,(#172,#178),.PCURVE_S1.);
#168 = LINE('',#169,#170);
#169 = CARTESIAN_POINT('',(-48.,16.,3.5));
#170 = VECTOR('',#171,1.);
#171 = DIRECTION('',(0.,0.,1.));
#172 = PCURVE('',#32,#173);
#173 = DEFINITIONAL_REPRESENTATION('',(#174),#177);
#174 = B_SPLINE_CURVE_WITH_KNOTS('',1,(#175,#176),.UNSPECIFIED.,.F.,.F.,
  (2,2),(-5.999999999062E-07,7.5000006),.PIECEWISE_BEZIER_KNOTS.);
#175 = CARTESIAN_POINT('',(58.000000000001,-3.4999994));
#176 = CARTESIAN_POINT('',(58.000000000001,-11.0000006));
#177 = ( GEOMETRIC_REPRESENTATION_CONTEXT(2) 
PARAMETRIC_REPRESENTATION_CONTEXT() REPRESENTATION_CONTEXT('2D SPACE',''
  ) );
#178 = PCURVE('',#179,#184);
#179 = CYLINDRICAL_SURFACE('',#180,16.);
#180 = AXIS2_PLACEMENT_3D('',#181,#182,#183);
#181 = CARTESIAN_POINT('',(-48.,0.,3.5));
#182 = DIRECTION('',(0.,0.,1.));
#183 = DIRECTION('',(1.,0.,0.));
#184 = DEFINITIONAL_REPRESENTATION('',(#185),#188);
#185 = B_SPLINE_CURVE_WITH_KNOTS('',1,(#186,#187),.UNSPECIFIED.,.F.,.F.,
  (2,2),(0.,7.5),.PIECEWISE_BEZIER_KNOTS.);
#186 = CARTESIAN_POINT('',(7.853981633974,0.));
#187 = CARTESIAN_POINT('',(7.853981633974,7.5));
#188 = ( GEOMETRIC_REPRESENTATION_CONTEXT(2) 
PARAMETRIC_REPRESENTATION_CONTEXT() REPRESENTATION_CONTEXT('2D SPACE',''
  ) );
#189 = ORIENTED_EDGE('',*,*,#190,.T.);
#190 = EDGE_CURVE('',#165,#191,#193,.T.);
#191 = VERTEX_POINT('',#192);
#192 = CARTESIAN_POINT('',(-48.,41.999999990506,11.));
#193 = SURFACE_CURVE('',#194,(#198,#205),.PCURVE_S1.);
#194 = LINE('',#195,#196);
#195 = CARTESIAN_POINT('',(-48.,1.026734253173E-12,11.));
#196 = VECTOR('',#197,1.);
#197 = DIRECTION('',(0.,1.,0.));
#198 = PCURVE('',#32,#199);
#199 = DEFINITIONAL_REPRESENTATION('',(#200),#204);
#200 = LINE('',#201,#202);
#201 = CARTESIAN_POINT('',(42.000000000002,-11.));
#202 = VECTOR('',#203,1.);
#203 = DIRECTION('',(1.,0.));
#204 = ( GEOMETRIC_REPRESENTATION_CONTEXT(2) 
PARAMETRIC_REPRESENTATION_CONTEXT() REPRESENTATION_CONTEXT('2D SPACE',''
  ) );
#205 = PCURVE('',#206,#211);
#206 = PLANE('',#207);
#207 = AXIS2_PLACEMENT_3D('',#208,#209,#210);
#208 = CARTESIAN_POINT('',(-1.305645692147E-09,-1.389027496117E-09,11.)
  );
#209 = DIRECTION('',(0.,0.,1.));
#210 = DIRECTION('',(1.,0.,0.));
#211 = DEFINITIONAL_REPRESENTATION('',(#212),#216);
#212 = LINE('',#213,#214);
#213 = CARTESIAN_POINT('',(-47.99999999869,1.39005423037E-09));
#214 = VECTOR('',#215,1.);
#215 = DIRECTION('',(0.,1.));
#216 = ( GEOMETRIC_REPRESENTATION_CONTEXT(2) 
PARAMETRIC_REPRESENTATION_CONTEXT() REPRESENTATION_CONTEXT('2D SPACE',''
  ) );
#217 = ORIENTED_EDGE('',*,*,#218,.F.);
#218 = EDGE_CURVE('',#24,#191,#219,.T.);
#219 = SURFACE_CURVE('',#220,(#224,#231),.PCURVE_S1.);
#220 = LINE('',#221,#222);
#221 = CARTESIAN_POINT('',(-48.,41.999999990506,0.));
#222 = VECTOR('',#223,1.);
#223 = DIRECTION('',(0.,0.,1.));
#224 = PCURVE('',#32,#225);
#225 = DEFINITIONAL_REPRESENTATION('',(#226),#230);
#226 = LINE('',#227,#228);
#227 = CARTESIAN_POINT('',(83.999999990507,0.));
#228 = VECTOR('',#229,1.);
#229 = DIRECTION('',(0.,-1.));
#230 = ( GEOMETRIC_REPRESENTATION_CONTEXT(2) 
PARAMETRIC_REPRESENTATION_CONTEXT() REPRESENTATION_CONTEXT('2D SPACE',''
  ) );
#231 = PCURVE('',#232,#237);
#232 = CYLINDRICAL_SURFACE('',#233,6.);
#233 = AXIS2_PLACEMENT_3D('',#234,#235,#236);
#234 = CARTESIAN_POINT('',(-42.,41.999999990506,0.));
#235 = DIRECTION('',(-0.,-0.,-1.));
#236 = DIRECTION('',(1.,0.,0.));
#237 = DEFINITIONAL_REPRESENTATION('',(#238),#242);
#238 = LINE('',#239,#240);
#239 = CARTESIAN_POINT('',(-3.14159265359,0.));
#240 = VECTOR('',#241,1.);
#241 = DIRECTION('',(-0.,-1.));
#242 = ( GEOMETRIC_REPRESENTATION_CONTEXT(2) 
PARAMETRIC_REPRESENTATION_CONTEXT() REPRESENTATION_CONTEXT('2D SPACE',''
  ) );
#243 = ADVANCED_FACE('',(#244,#435,#466),#44,.F.);
#244 = FACE_BOUND('',#245,.F.);
#245 = EDGE_LOOP('',(#246,#247,#271,#299,#328,#356,#385,#413));
#246 = ORIENTED_EDGE('',*,*,#21,.F.);
#247 = ORIENTED_EDGE('',*,*,#248,.T.);
#248 = EDGE_CURVE('',#22,#249,#251,.T.);
#249 = VERTEX_POINT('',#250);
#250 = CARTESIAN_POINT('',(-42.,-48.,0.));
#251 = SURFACE_CURVE('',#252,(#257,#264),.PCURVE_S1.);
#252 = CIRCLE('',#253,6.);
#253 = AXIS2_PLACEMENT_3D('',#254,#255,#256);
#254 = CARTESIAN_POINT('',(-42.,-42.,0.));
#255 = DIRECTION('',(0.,0.,1.));
#256 = DIRECTION('',(1.,0.,0.));
#257 = PCURVE('',#44,#258);
#258 = DEFINITIONAL_REPRESENTATION('',(#259),#263);
#259 = CIRCLE('',#260,6.);
#260 = AXIS2_PLACEMENT_2D('',#261,#262);
#261 = CARTESIAN_POINT('',(-41.99999999869,-41.99999999861));
#262 = DIRECTION('',(1.,0.));
#263 = ( GEOMETRIC_REPRESENTATION_CONTEXT(2) 
PARAMETRIC_REPRESENTATION_CONTEXT() REPRESENTATION_CONTEXT('2D SPACE',''
  ) );
#264 = PCURVE('',#72,#265);
#265 = DEFINITIONAL_REPRESENTATION('',(#266),#270);
#266 = LINE('',#267,#268);
#267 = CARTESIAN_POINT('',(-0.,0.));
#268 = VECTOR('',#269,1.);
#269 = DIRECTION('',(-1.,0.));
#270 = ( GEOMETRIC_REPRESENTATION_CONTEXT(2) 
PARAMETRIC_REPRESENTATION_CONTEXT() REPRESENTATION_CONTEXT('2D SPACE',''
  ) );
#271 = ORIENTED_EDGE('',*,*,#272,.T.);
#272 = EDGE_CURVE('',#249,#273,#275,.T.);
#273 = VERTEX_POINT('',#274);
#274 = CARTESIAN_POINT('',(41.999999990505,-47.99999999999,0.));
#275 = SURFACE_CURVE('',#276,(#280,#287),.PCURVE_S1.);
#276 = LINE('',#277,#278);
#277 = CARTESIAN_POINT('',(0.,-47.99999999999,0.));
#278 = VECTOR('',#279,1.);
#279 = DIRECTION('',(1.,0.,0.));
#280 = PCURVE('',#44,#281);
#281 = DEFINITIONAL_REPRESENTATION('',(#282),#286);
#282 = LINE('',#283,#284);
#283 = CARTESIAN_POINT('',(1.305645692147E-09,-47.99999999861));
#284 = VECTOR('',#285,1.);
#285 = DIRECTION('',(1.,0.));
#286 = ( GEOMETRIC_REPRESENTATION_CONTEXT(2) 
PARAMETRIC_REPRESENTATION_CONTEXT() REPRESENTATION_CONTEXT('2D SPACE',''
  ) );
#287 = PCURVE('',#288,#293);
#288 = PLANE('',#289);
#289 = AXIS2_PLACEMENT_3D('',#290,#291,#292);
#290 = CARTESIAN_POINT('',(-42.,-47.99999999999,0.));
#291 = DIRECTION('',(0.,1.,0.));
#292 = DIRECTION('',(1.,0.,0.));
#293 = DEFINITIONAL_REPRESENTATION('',(#294),#298);
#294 = LINE('',#295,#296);
#295 = CARTESIAN_POINT('',(42.,0.));
#296 = VECTOR('',#297,1.);
#297 = DIRECTION('',(1.,0.));
#298 = ( GEOMETRIC_REPRESENTATION_CONTEXT(2) 
PARAMETRIC_REPRESENTATION_CONTEXT() REPRESENTATION_CONTEXT('2D SPACE',''
  ) );
#299 = ORIENTED_EDGE('',*,*,#300,.T.);
#300 = EDGE_CURVE('',#273,#301,#303,.T.);
#301 = VERTEX_POINT('',#302);
#302 = CARTESIAN_POINT('',(47.999999995252,-41.99999999999,0.));
#303 = SURFACE_CURVE('',#304,(#309,#316),.PCURVE_S1.);
#304 = CIRCLE('',#305,6.);
#305 = AXIS2_PLACEMENT_3D('',#306,#307,#308);
#306 = CARTESIAN_POINT('',(41.999999990505,-41.99999999999,0.));
#307 = DIRECTION('',(0.,0.,1.));
#308 = DIRECTION('',(1.,0.,0.));
#309 = PCURVE('',#44,#310);
#310 = DEFINITIONAL_REPRESENTATION('',(#311),#315);
#311 = CIRCLE('',#312,6.);
#312 = AXIS2_PLACEMENT_2D('',#313,#314);
#313 = CARTESIAN_POINT('',(41.999999991811,-41.99999999861));
#314 = DIRECTION('',(1.,0.));
#315 = ( GEOMETRIC_REPRESENTATION_CONTEXT(2) 
PARAMETRIC_REPRESENTATION_CONTEXT() REPRESENTATION_CONTEXT('2D SPACE',''
  ) );
#316 = PCURVE('',#317,#322);
#317 = CYLINDRICAL_SURFACE('',#318,6.);
#318 = AXIS2_PLACEMENT_3D('',#319,#320,#321);
#319 = CARTESIAN_POINT('',(41.999999990505,-41.99999999999,0.));
#320 = DIRECTION('',(-0.,-0.,-1.));
#321 = DIRECTION('',(1.,0.,0.));
#322 = DEFINITIONAL_REPRESENTATION('',(#323),#327);
#323 = LINE('',#324,#325);
#324 = CARTESIAN_POINT('',(-0.,0.));
#325 = VECTOR('',#326,1.);
#326 = DIRECTION('',(-1.,0.));
#327 = ( GEOMETRIC_REPRESENTATION_CONTEXT(2) 
PARAMETRIC_REPRESENTATION_CONTEXT() REPRESENTATION_CONTEXT('2D SPACE',''
  ) );
#328 = ORIENTED_EDGE('',*,*,#329,.T.);
#329 = EDGE_CURVE('',#301,#330,#332,.T.);
#330 = VERTEX_POINT('',#331);
#331 = CARTESIAN_POINT('',(48.,41.999999990506,0.));
#332 = SURFACE_CURVE('',#333,(#337,#344),.PCURVE_S1.);
#333 = LINE('',#334,#335);
#334 = CARTESIAN_POINT('',(48.,1.026734253173E-12,0.));
#335 = VECTOR('',#336,1.);
#336 = DIRECTION('',(0.,1.,0.));
#337 = PCURVE('',#44,#338);
#338 = DEFINITIONAL_REPRESENTATION('',(#339),#343);
#339 = LINE('',#340,#341);
#340 = CARTESIAN_POINT('',(48.000000001306,1.39005423037E-09));
#341 = VECTOR('',#342,1.);
#342 = DIRECTION('',(0.,1.));
#343 = ( GEOMETRIC_REPRESENTATION_CONTEXT(2) 
PARAMETRIC_REPRESENTATION_CONTEXT() REPRESENTATION_CONTEXT('2D SPACE',''
  ) );
#344 = PCURVE('',#345,#350);
#345 = PLANE('',#346);
#346 = AXIS2_PLACEMENT_3D('',#347,#348,#349);
#347 = CARTESIAN_POINT('',(48.,-41.99999999999,0.));
#348 = DIRECTION('',(-1.,0.,0.));
#349 = DIRECTION('',(0.,1.,0.));
#350 = DEFINITIONAL_REPRESENTATION('',(#351),#355);
#351 = LINE('',#352,#353);
#352 = CARTESIAN_POINT('',(42.,0.));
#353 = VECTOR('',#354,1.);
#354 = DIRECTION('',(1.,0.));
#355 = ( GEOMETRIC_REPRESENTATION_CONTEXT(2) 
PARAMETRIC_REPRESENTATION_CONTEXT() REPRESENTATION_CONTEXT('2D SPACE',''
  ) );
#356 = ORIENTED_EDGE('',*,*,#357,.T.);
#357 = EDGE_CURVE('',#330,#358,#360,.T.);
#358 = VERTEX_POINT('',#359);
#359 = CARTESIAN_POINT('',(42.,47.999999995254,0.));
#360 = SURFACE_CURVE('',#361,(#366,#373),.PCURVE_S1.);
#361 = CIRCLE('',#362,6.);
#362 = AXIS2_PLACEMENT_3D('',#363,#364,#365);
#363 = CARTESIAN_POINT('',(42.,41.999999990506,0.));
#364 = DIRECTION('',(0.,0.,1.));
#365 = DIRECTION('',(1.,0.,0.));
#366 = PCURVE('',#44,#367);
#367 = DEFINITIONAL_REPRESENTATION('',(#368),#372);
#368 = CIRCLE('',#369,6.);
#369 = AXIS2_PLACEMENT_2D('',#370,#371);
#370 = CARTESIAN_POINT('',(42.000000001306,41.999999991895));
#371 = DIRECTION('',(1.,0.));
#372 = ( GEOMETRIC_REPRESENTATION_CONTEXT(2) 
PARAMETRIC_REPRESENTATION_CONTEXT() REPRESENTATION_CONTEXT('2D SPACE',''
  ) );
#373 = PCURVE('',#374,#379);
#374 = CYLINDRICAL_SURFACE('',#375,6.);
#375 = AXIS2_PLACEMENT_3D('',#376,#377,#378);
#376 = CARTESIAN_POINT('',(42.,41.999999990506,0.));
#377 = DIRECTION('',(-0.,-0.,-1.));
#378 = DIRECTION('',(1.,0.,0.));
#379 = DEFINITIONAL_REPRESENTATION('',(#380),#384);
#380 = LINE('',#381,#382);
#381 = CARTESIAN_POINT('',(-0.,0.));
#382 = VECTOR('',#383,1.);
#383 = DIRECTION('',(-1.,0.));
#384 = ( GEOMETRIC_REPRESENTATION_CONTEXT(2) 
PARAMETRIC_REPRESENTATION_CONTEXT() REPRESENTATION_CONTEXT('2D SPACE',''
  ) );
#385 = ORIENTED_EDGE('',*,*,#386,.F.);
#386 = EDGE_CURVE('',#387,#358,#389,.T.);
#387 = VERTEX_POINT('',#388);
#388 = CARTESIAN_POINT('',(-42.,47.999999995254,0.));
#389 = SURFACE_CURVE('',#390,(#394,#401),.PCURVE_S1.);
#390 = LINE('',#391,#392);
#391 = CARTESIAN_POINT('',(0.,48.000000000001,0.));
#392 = VECTOR('',#393,1.);
#393 = DIRECTION('',(1.,0.,0.));
#394 = PCURVE('',#44,#395);
#395 = DEFINITIONAL_REPRESENTATION('',(#396),#400);
#396 = LINE('',#397,#398);
#397 = CARTESIAN_POINT('',(1.305645692147E-09,48.00000000139));
#398 = VECTOR('',#399,1.);
#399 = DIRECTION('',(1.,0.));
#400 = ( GEOMETRIC_REPRESENTATION_CONTEXT(2) 
PARAMETRIC_REPRESENTATION_CONTEXT() REPRESENTATION_CONTEXT('2D SPACE',''
  ) );
#401 = PCURVE('',#402,#407);
#402 = PLANE('',#403);
#403 = AXIS2_PLACEMENT_3D('',#404,#405,#406);
#404 = CARTESIAN_POINT('',(-42.,48.000000000001,0.));
#405 = DIRECTION('',(0.,1.,0.));
#406 = DIRECTION('',(1.,0.,0.));
#407 = DEFINITIONAL_REPRESENTATION('',(#408),#412);
#408 = LINE('',#409,#410);
#409 = CARTESIAN_POINT('',(42.,0.));
#410 = VECTOR('',#411,1.);
#411 = DIRECTION('',(1.,0.));
#412 = ( GEOMETRIC_REPRESENTATION_CONTEXT(2) 
PARAMETRIC_REPRESENTATION_CONTEXT() REPRESENTATION_CONTEXT('2D SPACE',''
  ) );
#413 = ORIENTED_EDGE('',*,*,#414,.T.);
#414 = EDGE_CURVE('',#387,#24,#415,.T.);
#415 = SURFACE_CURVE('',#416,(#421,#428),.PCURVE_S1.);
#416 = CIRCLE('',#417,6.);
#417 = AXIS2_PLACEMENT_3D('',#418,#419,#420);
#418 = CARTESIAN_POINT('',(-42.,41.999999990506,0.));
#419 = DIRECTION('',(0.,0.,1.));
#420 = DIRECTION('',(1.,0.,0.));
#421 = PCURVE('',#44,#422);
#422 = DEFINITIONAL_REPRESENTATION('',(#423),#427);
#423 = CIRCLE('',#424,6.);
#424 = AXIS2_PLACEMENT_2D('',#425,#426);
#425 = CARTESIAN_POINT('',(-41.99999999869,41.999999991895));
#426 = DIRECTION('',(1.,0.));
#427 = ( GEOMETRIC_REPRESENTATION_CONTEXT(2) 
PARAMETRIC_REPRESENTATION_CONTEXT() REPRESENTATION_CONTEXT('2D SPACE',''
  ) );
#428 = PCURVE('',#232,#429);
#429 = DEFINITIONAL_REPRESENTATION('',(#430),#434);
#430 = LINE('',#431,#432);
#431 = CARTESIAN_POINT('',(-0.,0.));
#432 = VECTOR('',#433,1.);
#433 = DIRECTION('',(-1.,0.));
#434 = ( GEOMETRIC_REPRESENTATION_CONTEXT(2) 
PARAMETRIC_REPRESENTATION_CONTEXT() REPRESENTATION_CONTEXT('2D SPACE',''
  ) );
#435 = FACE_BOUND('',#436,.F.);
#436 = EDGE_LOOP('',(#437));
#437 = ORIENTED_EDGE('',*,*,#438,.F.);
#438 = EDGE_CURVE('',#439,#439,#441,.T.);
#439 = VERTEX_POINT('',#440);
#440 = CARTESIAN_POINT('',(2.2,-20.,0.));
#441 = SURFACE_CURVE('',#442,(#447,#454),.PCURVE_S1.);
#442 = CIRCLE('',#443,2.2);
#443 = AXIS2_PLACEMENT_3D('',#444,#445,#446);
#444 = CARTESIAN_POINT('',(0.,-20.,0.));
#445 = DIRECTION('',(0.,0.,1.));
#446 = DIRECTION('',(1.,0.,-0.));
#447 = PCURVE('',#44,#448);
#448 = DEFINITIONAL_REPRESENTATION('',(#449),#453);
#449 = CIRCLE('',#450,2.2);
#450 = AXIS2_PLACEMENT_2D('',#451,#452);
#451 = CARTESIAN_POINT('',(1.305645692147E-09,-19.99999999861));
#452 = DIRECTION('',(1.,0.));
#453 = ( GEOMETRIC_REPRESENTATION_CONTEXT(2) 
PARAMETRIC_REPRESENTATION_CONTEXT() REPRESENTATION_CONTEXT('2D SPACE',''
  ) );
#454 = PCURVE('',#455,#460);
#455 = CYLINDRICAL_SURFACE('',#456,2.2);
#456 = AXIS2_PLACEMENT_3D('',#457,#458,#459);
#457 = CARTESIAN_POINT('',(0.,-20.,-2.));
#458 = DIRECTION('',(0.,0.,1.));
#459 = DIRECTION('',(1.,0.,0.));
#460 = DEFINITIONAL_REPRESENTATION('',(#461),#465);
#461 = LINE('',#462,#463);
#462 = CARTESIAN_POINT('',(0.,2.));
#463 = VECTOR('',#464,1.);
#464 = DIRECTION('',(1.,0.));
#465 = ( GEOMETRIC_REPRESENTATION_CONTEXT(2) 
PARAMETRIC_REPRESENTATION_CONTEXT() REPRESENTATION_CONTEXT('2D SPACE',''
  ) );
#466 = FACE_BOUND('',#467,.F.);
#467 = EDGE_LOOP('',(#468));
#468 = ORIENTED_EDGE('',*,*,#469,.F.);
#469 = EDGE_CURVE('',#470,#470,#472,.T.);
#470 = VERTEX_POINT('',#471);
#471 = CARTESIAN_POINT('',(2.2,20.,0.));
#472 = SURFACE_CURVE('',#473,(#478,#485),.PCURVE_S1.);
#473 = CIRCLE('',#474,2.2);
#474 = AXIS2_PLACEMENT_3D('',#475,#476,#477);
#475 = CARTESIAN_POINT('',(0.,20.,0.));
#476 = DIRECTION('',(0.,0.,1.));
#477 = DIRECTION('',(1.,0.,-0.));
#478 = PCURVE('',#44,#479);
#479 = DEFINITIONAL_REPRESENTATION('',(#480),#484);
#480 = CIRCLE('',#481,2.2);
#481 = AXIS2_PLACEMENT_2D('',#482,#483);
#482 = CARTESIAN_POINT('',(1.305645692147E-09,20.000000001389));
#483 = DIRECTION('',(1.,0.));
#484 = ( GEOMETRIC_REPRESENTATION_CONTEXT(2) 
PARAMETRIC_REPRESENTATION_CONTEXT() REPRESENTATION_CONTEXT('2D SPACE',''
  ) );
#485 = PCURVE('',#486,#491);
#486 = CYLINDRICAL_SURFACE('',#487,2.2);
#487 = AXIS2_PLACEMENT_3D('',#488,#489,#490);
#488 = CARTESIAN_POINT('',(0.,20.,-2.));
#489 = DIRECTION('',(0.,0.,1.));
#490 = DIRECTION('',(1.,0.,0.));
#491 = DEFINITIONAL_REPRESENTATION('',(#492),#496);
#492 = LINE('',#493,#494);
#493 = CARTESIAN_POINT('',(0.,2.));
#494 = VECTOR('',#495,1.);
#495 = DIRECTION('',(1.,0.));
#496 = ( GEOMETRIC_REPRESENTATION_CONTEXT(2) 
PARAMETRIC_REPRESENTATION_CONTEXT() REPRESENTATION_CONTEXT('2D SPACE',''
  ) );
#497 = ADVANCED_FACE('',(#498),#232,.T.);
#498 = FACE_BOUND('',#499,.F.);
#499 = EDGE_LOOP('',(#500,#523,#545,#546));
#500 = ORIENTED_EDGE('',*,*,#501,.T.);
#501 = EDGE_CURVE('',#387,#502,#504,.T.);
#502 = VERTEX_POINT('',#503);
#503 = CARTESIAN_POINT('',(-42.,47.999999995254,11.));
#504 = SURFACE_CURVE('',#505,(#509,#516),.PCURVE_S1.);
#505 = LINE('',#506,#507);
#506 = CARTESIAN_POINT('',(-42.,47.999999995254,0.));
#507 = VECTOR('',#508,1.);
#508 = DIRECTION('',(0.,0.,1.));
#509 = PCURVE('',#232,#510);
#510 = DEFINITIONAL_REPRESENTATION('',(#511),#515);
#511 = LINE('',#512,#513);
#512 = CARTESIAN_POINT('',(-1.570796326795,0.));
#513 = VECTOR('',#514,1.);
#514 = DIRECTION('',(-0.,-1.));
#515 = ( GEOMETRIC_REPRESENTATION_CONTEXT(2) 
PARAMETRIC_REPRESENTATION_CONTEXT() REPRESENTATION_CONTEXT('2D SPACE',''
  ) );
#516 = PCURVE('',#402,#517);
#517 = DEFINITIONAL_REPRESENTATION('',(#518),#522);
#518 = LINE('',#519,#520);
#519 = CARTESIAN_POINT('',(0.,0.));
#520 = VECTOR('',#521,1.);
#521 = DIRECTION('',(0.,-1.));
#522 = ( GEOMETRIC_REPRESENTATION_CONTEXT(2) 
PARAMETRIC_REPRESENTATION_CONTEXT() REPRESENTATION_CONTEXT('2D SPACE',''
  ) );
#523 = ORIENTED_EDGE('',*,*,#524,.T.);
#524 = EDGE_CURVE('',#502,#191,#525,.T.);
#525 = SURFACE_CURVE('',#526,(#531,#538),.PCURVE_S1.);
#526 = CIRCLE('',#527,6.);
#527 = AXIS2_PLACEMENT_3D('',#528,#529,#530);
#528 = CARTESIAN_POINT('',(-42.,41.999999990506,11.));
#529 = DIRECTION('',(0.,0.,1.));
#530 = DIRECTION('',(1.,0.,0.));
#531 = PCURVE('',#232,#532);
#532 = DEFINITIONAL_REPRESENTATION('',(#533),#537);
#533 = LINE('',#534,#535);
#534 = CARTESIAN_POINT('',(-0.,-11.));
#535 = VECTOR('',#536,1.);
#536 = DIRECTION('',(-1.,0.));
#537 = ( GEOMETRIC_REPRESENTATION_CONTEXT(2) 
PARAMETRIC_REPRESENTATION_CONTEXT() REPRESENTATION_CONTEXT('2D SPACE',''
  ) );
#538 = PCURVE('',#206,#539);
#539 = DEFINITIONAL_REPRESENTATION('',(#540),#544);
#540 = CIRCLE('',#541,6.);
#541 = AXIS2_PLACEMENT_2D('',#542,#543);
#542 = CARTESIAN_POINT('',(-41.99999999869,41.999999991895));
#543 = DIRECTION('',(1.,0.));
#544 = ( GEOMETRIC_REPRESENTATION_CONTEXT(2) 
PARAMETRIC_REPRESENTATION_CONTEXT() REPRESENTATION_CONTEXT('2D SPACE',''
  ) );
#545 = ORIENTED_EDGE('',*,*,#218,.F.);
#546 = ORIENTED_EDGE('',*,*,#414,.F.);
#547 = ADVANCED_FACE('',(#548),#206,.T.);
#548 = FACE_BOUND('',#549,.T.);
#549 = EDGE_LOOP('',(#550,#551,#574,#602,#631,#659,#688,#716,#745,#768,
    #792,#813));
#550 = ORIENTED_EDGE('',*,*,#190,.F.);
#551 = ORIENTED_EDGE('',*,*,#552,.F.);
#552 = EDGE_CURVE('',#553,#165,#555,.T.);
#553 = VERTEX_POINT('',#554);
#554 = CARTESIAN_POINT('',(-44.9,15.696814963552,11.));
#555 = SURFACE_CURVE('',#556,(#561,#568),.PCURVE_S1.);
#556 = CIRCLE('',#557,16.);
#557 = AXIS2_PLACEMENT_3D('',#558,#559,#560);
#558 = CARTESIAN_POINT('',(-48.,0.,11.));
#559 = DIRECTION('',(0.,0.,1.));
#560 = DIRECTION('',(1.,0.,0.));
#561 = PCURVE('',#206,#562);
#562 = DEFINITIONAL_REPRESENTATION('',(#563),#567);
#563 = CIRCLE('',#564,16.);
#564 = AXIS2_PLACEMENT_2D('',#565,#566);
#565 = CARTESIAN_POINT('',(-47.99999999869,1.389027496117E-09));
#566 = DIRECTION('',(1.,0.));
#567 = ( GEOMETRIC_REPRESENTATION_CONTEXT(2) 
PARAMETRIC_REPRESENTATION_CONTEXT() REPRESENTATION_CONTEXT('2D SPACE',''
  ) );
#568 = PCURVE('',#179,#569);
#569 = DEFINITIONAL_REPRESENTATION('',(#570),#573);
#570 = B_SPLINE_CURVE_WITH_KNOTS('',1,(#571,#572),.UNSPECIFIED.,.F.,.F.,
  (2,2),(1.375813181159,1.570796326795),.PIECEWISE_BEZIER_KNOTS.);
#571 = CARTESIAN_POINT('',(7.658998488339,7.5));
#572 = CARTESIAN_POINT('',(7.853981633975,7.5));
#573 = ( GEOMETRIC_REPRESENTATION_CONTEXT(2) 
PARAMETRIC_REPRESENTATION_CONTEXT() REPRESENTATION_CONTEXT('2D SPACE',''
  ) );
#574 = ORIENTED_EDGE('',*,*,#575,.T.);
#575 = EDGE_CURVE('',#553,#576,#578,.T.);
#576 = VERTEX_POINT('',#577);
#577 = CARTESIAN_POINT('',(-44.9,40.899999988093,11.));
#578 = SURFACE_CURVE('',#579,(#583,#590),.PCURVE_S1.);
#579 = LINE('',#580,#581);
#580 = CARTESIAN_POINT('',(-44.9,1.946887095983E-12,11.));
#581 = VECTOR('',#582,1.);
#582 = DIRECTION('',(0.,1.,0.));
#583 = PCURVE('',#206,#584);
#584 = DEFINITIONAL_REPRESENTATION('',(#585),#589);
#585 = LINE('',#586,#587);
#586 = CARTESIAN_POINT('',(-44.89999999869,1.390974383213E-09));
#587 = VECTOR('',#588,1.);
#588 = DIRECTION('',(0.,1.));
#589 = ( GEOMETRIC_REPRESENTATION_CONTEXT(2) 
PARAMETRIC_REPRESENTATION_CONTEXT() REPRESENTATION_CONTEXT('2D SPACE',''
  ) );
#590 = PCURVE('',#591,#596);
#591 = PLANE('',#592);
#592 = AXIS2_PLACEMENT_3D('',#593,#594,#595);
#593 = CARTESIAN_POINT('',(-44.9,-40.9,11.));
#594 = DIRECTION('',(1.,0.,0.));
#595 = DIRECTION('',(-0.,1.,0.));
#596 = DEFINITIONAL_REPRESENTATION('',(#597),#601);
#597 = LINE('',#598,#599);
#598 = CARTESIAN_POINT('',(40.900000000004,0.));
#599 = VECTOR('',#600,1.);
#600 = DIRECTION('',(1.,0.));
#601 = ( GEOMETRIC_REPRESENTATION_CONTEXT(2) 
PARAMETRIC_REPRESENTATION_CONTEXT() REPRESENTATION_CONTEXT('2D SPACE',''
  ) );
#602 = ORIENTED_EDGE('',*,*,#603,.F.);
#603 = EDGE_CURVE('',#604,#576,#606,.T.);
#604 = VERTEX_POINT('',#605);
#605 = CARTESIAN_POINT('',(-40.9,44.899999994047,11.));
#606 = SURFACE_CURVE('',#607,(#612,#619),.PCURVE_S1.);
#607 = CIRCLE('',#608,4.);
#608 = AXIS2_PLACEMENT_3D('',#609,#610,#611);
#609 = CARTESIAN_POINT('',(-40.9,40.899999988093,11.));
#610 = DIRECTION('',(0.,0.,1.));
#611 = DIRECTION('',(1.,0.,0.));
#612 = PCURVE('',#206,#613);
#613 = DEFINITIONAL_REPRESENTATION('',(#614),#618);
#614 = CIRCLE('',#615,4.);
#615 = AXIS2_PLACEMENT_2D('',#616,#617);
#616 = CARTESIAN_POINT('',(-40.89999999869,40.899999989482));
#617 = DIRECTION('',(1.,0.));
#618 = ( GEOMETRIC_REPRESENTATION_CONTEXT(2) 
PARAMETRIC_REPRESENTATION_CONTEXT() REPRESENTATION_CONTEXT('2D SPACE',''
  ) );
#619 = PCURVE('',#620,#625);
#620 = CYLINDRICAL_SURFACE('',#621,4.);
#621 = AXIS2_PLACEMENT_3D('',#622,#623,#624);
#622 = CARTESIAN_POINT('',(-40.9,40.899999988093,11.));
#623 = DIRECTION('',(0.,0.,1.));
#624 = DIRECTION('',(1.,0.,0.));
#625 = DEFINITIONAL_REPRESENTATION('',(#626),#630);
#626 = LINE('',#627,#628);
#627 = CARTESIAN_POINT('',(0.,0.));
#628 = VECTOR('',#629,1.);
#629 = DIRECTION('',(1.,0.));
#630 = ( GEOMETRIC_REPRESENTATION_CONTEXT(2) 
PARAMETRIC_REPRESENTATION_CONTEXT() REPRESENTATION_CONTEXT('2D SPACE',''
  ) );
#631 = ORIENTED_EDGE('',*,*,#632,.T.);
#632 = EDGE_CURVE('',#604,#633,#635,.T.);
#633 = VERTEX_POINT('',#634);
#634 = CARTESIAN_POINT('',(40.9,44.899999994047,11.));
#635 = SURFACE_CURVE('',#636,(#640,#647),.PCURVE_S1.);
#636 = LINE('',#637,#638);
#637 = CARTESIAN_POINT('',(0.,44.900000000002,11.));
#638 = VECTOR('',#639,1.);
#639 = DIRECTION('',(1.,0.,0.));
#640 = PCURVE('',#206,#641);
#641 = DEFINITIONAL_REPRESENTATION('',(#642),#646);
#642 = LINE('',#643,#644);
#643 = CARTESIAN_POINT('',(1.305645692147E-09,44.900000001391));
#644 = VECTOR('',#645,1.);
#645 = DIRECTION('',(1.,0.));
#646 = ( GEOMETRIC_REPRESENTATION_CONTEXT(2) 
PARAMETRIC_REPRESENTATION_CONTEXT() REPRESENTATION_CONTEXT('2D SPACE',''
  ) );
#647 = PCURVE('',#648,#653);
#648 = PLANE('',#649);
#649 = AXIS2_PLACEMENT_3D('',#650,#651,#652);
#650 = CARTESIAN_POINT('',(-40.9,44.900000000002,11.));
#651 = DIRECTION('',(0.,-1.,0.));
#652 = DIRECTION('',(1.,0.,0.));
#653 = DEFINITIONAL_REPRESENTATION('',(#654),#658);
#654 = LINE('',#655,#656);
#655 = CARTESIAN_POINT('',(40.9,0.));
#656 = VECTOR('',#657,1.);
#657 = DIRECTION('',(1.,0.));
#658 = ( GEOMETRIC_REPRESENTATION_CONTEXT(2) 
PARAMETRIC_REPRESENTATION_CONTEXT() REPRESENTATION_CONTEXT('2D SPACE',''
  ) );
#659 = ORIENTED_EDGE('',*,*,#660,.F.);
#660 = EDGE_CURVE('',#661,#633,#663,.T.);
#661 = VERTEX_POINT('',#662);
#662 = CARTESIAN_POINT('',(44.9,40.899999988093,11.));
#663 = SURFACE_CURVE('',#664,(#669,#676),.PCURVE_S1.);
#664 = CIRCLE('',#665,4.);
#665 = AXIS2_PLACEMENT_3D('',#666,#667,#668);
#666 = CARTESIAN_POINT('',(40.9,40.899999988093,11.));
#667 = DIRECTION('',(0.,0.,1.));
#668 = DIRECTION('',(1.,0.,0.));
#669 = PCURVE('',#206,#670);
#670 = DEFINITIONAL_REPRESENTATION('',(#671),#675);
#671 = CIRCLE('',#672,4.);
#672 = AXIS2_PLACEMENT_2D('',#673,#674);
#673 = CARTESIAN_POINT('',(40.900000001306,40.899999989482));
#674 = DIRECTION('',(1.,0.));
#675 = ( GEOMETRIC_REPRESENTATION_CONTEXT(2) 
PARAMETRIC_REPRESENTATION_CONTEXT() REPRESENTATION_CONTEXT('2D SPACE',''
  ) );
#676 = PCURVE('',#677,#682);
#677 = CYLINDRICAL_SURFACE('',#678,4.);
#678 = AXIS2_PLACEMENT_3D('',#679,#680,#681);
#679 = CARTESIAN_POINT('',(40.9,40.899999988093,11.));
#680 = DIRECTION('',(0.,0.,1.));
#681 = DIRECTION('',(1.,0.,0.));
#682 = DEFINITIONAL_REPRESENTATION('',(#683),#687);
#683 = LINE('',#684,#685);
#684 = CARTESIAN_POINT('',(0.,0.));
#685 = VECTOR('',#686,1.);
#686 = DIRECTION('',(1.,0.));
#687 = ( GEOMETRIC_REPRESENTATION_CONTEXT(2) 
PARAMETRIC_REPRESENTATION_CONTEXT() REPRESENTATION_CONTEXT('2D SPACE',''
  ) );
#688 = ORIENTED_EDGE('',*,*,#689,.F.);
#689 = EDGE_CURVE('',#690,#661,#692,.T.);
#690 = VERTEX_POINT('',#691);
#691 = CARTESIAN_POINT('',(44.9,15.696814963552,11.));
#692 = SURFACE_CURVE('',#693,(#697,#704),.PCURVE_S1.);
#693 = LINE('',#694,#695);
#694 = CARTESIAN_POINT('',(44.9,1.946887095983E-12,11.));
#695 = VECTOR('',#696,1.);
#696 = DIRECTION('',(0.,1.,0.));
#697 = PCURVE('',#206,#698);
#698 = DEFINITIONAL_REPRESENTATION('',(#699),#703);
#699 = LINE('',#700,#701);
#700 = CARTESIAN_POINT('',(44.900000001306,1.390974383213E-09));
#701 = VECTOR('',#702,1.);
#702 = DIRECTION('',(0.,1.));
#703 = ( GEOMETRIC_REPRESENTATION_CONTEXT(2) 
PARAMETRIC_REPRESENTATION_CONTEXT() REPRESENTATION_CONTEXT('2D SPACE',''
  ) );
#704 = PCURVE('',#705,#710);
#705 = PLANE('',#706);
#706 = AXIS2_PLACEMENT_3D('',#707,#708,#709);
#707 = CARTESIAN_POINT('',(44.9,-40.89999999999,11.));
#708 = DIRECTION('',(1.,0.,0.));
#709 = DIRECTION('',(-0.,1.,0.));
#710 = DEFINITIONAL_REPRESENTATION('',(#711),#715);
#711 = LINE('',#712,#713);
#712 = CARTESIAN_POINT('',(40.9,0.));
#713 = VECTOR('',#714,1.);
#714 = DIRECTION('',(1.,0.));
#715 = ( GEOMETRIC_REPRESENTATION_CONTEXT(2) 
PARAMETRIC_REPRESENTATION_CONTEXT() REPRESENTATION_CONTEXT('2D SPACE',''
  ) );
#716 = ORIENTED_EDGE('',*,*,#717,.F.);
#717 = EDGE_CURVE('',#718,#690,#720,.T.);
#718 = VERTEX_POINT('',#719);
#719 = CARTESIAN_POINT('',(48.,16.,11.));
#720 = SURFACE_CURVE('',#721,(#726,#733),.PCURVE_S1.);
#721 = CIRCLE('',#722,16.);
#722 = AXIS2_PLACEMENT_3D('',#723,#724,#725);
#723 = CARTESIAN_POINT('',(48.,0.,11.));
#724 = DIRECTION('',(0.,0.,1.));
#725 = DIRECTION('',(1.,0.,0.));
#726 = PCURVE('',#206,#727);
#727 = DEFINITIONAL_REPRESENTATION('',(#728),#732);
#728 = CIRCLE('',#729,16.);
#729 = AXIS2_PLACEMENT_2D('',#730,#731);
#730 = CARTESIAN_POINT('',(48.000000001306,1.389027496117E-09));
#731 = DIRECTION('',(1.,0.));
#732 = ( GEOMETRIC_REPRESENTATION_CONTEXT(2) 
PARAMETRIC_REPRESENTATION_CONTEXT() REPRESENTATION_CONTEXT('2D SPACE',''
  ) );
#733 = PCURVE('',#734,#739);
#734 = CYLINDRICAL_SURFACE('',#735,16.);
#735 = AXIS2_PLACEMENT_3D('',#736,#737,#738);
#736 = CARTESIAN_POINT('',(48.,0.,3.5));
#737 = DIRECTION('',(0.,0.,1.));
#738 = DIRECTION('',(1.,0.,0.));
#739 = DEFINITIONAL_REPRESENTATION('',(#740),#744);
#740 = LINE('',#741,#742);
#741 = CARTESIAN_POINT('',(0.,7.5));
#742 = VECTOR('',#743,1.);
#743 = DIRECTION('',(1.,0.));
#744 = ( GEOMETRIC_REPRESENTATION_CONTEXT(2) 
PARAMETRIC_REPRESENTATION_CONTEXT() REPRESENTATION_CONTEXT('2D SPACE',''
  ) );
#745 = ORIENTED_EDGE('',*,*,#746,.T.);
#746 = EDGE_CURVE('',#718,#747,#749,.T.);
#747 = VERTEX_POINT('',#748);
#748 = CARTESIAN_POINT('',(48.,41.999999990506,11.));
#749 = SURFACE_CURVE('',#750,(#754,#761),.PCURVE_S1.);
#750 = LINE('',#751,#752);
#751 = CARTESIAN_POINT('',(48.,1.026734253173E-12,11.));
#752 = VECTOR('',#753,1.);
#753 = DIRECTION('',(0.,1.,0.));
#754 = PCURVE('',#206,#755);
#755 = DEFINITIONAL_REPRESENTATION('',(#756),#760);
#756 = LINE('',#757,#758);
#757 = CARTESIAN_POINT('',(48.000000001306,1.39005423037E-09));
#758 = VECTOR('',#759,1.);
#759 = DIRECTION('',(0.,1.));
#760 = ( GEOMETRIC_REPRESENTATION_CONTEXT(2) 
PARAMETRIC_REPRESENTATION_CONTEXT() REPRESENTATION_CONTEXT('2D SPACE',''
  ) );
#761 = PCURVE('',#345,#762);
#762 = DEFINITIONAL_REPRESENTATION('',(#763),#767);
#763 = LINE('',#764,#765);
#764 = CARTESIAN_POINT('',(42.,-11.));
#765 = VECTOR('',#766,1.);
#766 = DIRECTION('',(1.,0.));
#767 = ( GEOMETRIC_REPRESENTATION_CONTEXT(2) 
PARAMETRIC_REPRESENTATION_CONTEXT() REPRESENTATION_CONTEXT('2D SPACE',''
  ) );
#768 = ORIENTED_EDGE('',*,*,#769,.T.);
#769 = EDGE_CURVE('',#747,#770,#772,.T.);
#770 = VERTEX_POINT('',#771);
#771 = CARTESIAN_POINT('',(42.,47.999999995254,11.));
#772 = SURFACE_CURVE('',#773,(#778,#785),.PCURVE_S1.);
#773 = CIRCLE('',#774,6.);
#774 = AXIS2_PLACEMENT_3D('',#775,#776,#777);
#775 = CARTESIAN_POINT('',(42.,41.999999990506,11.));
#776 = DIRECTION('',(0.,0.,1.));
#777 = DIRECTION('',(1.,0.,0.));
#778 = PCURVE('',#206,#779);
#779 = DEFINITIONAL_REPRESENTATION('',(#780),#784);
#780 = CIRCLE('',#781,6.);
#781 = AXIS2_PLACEMENT_2D('',#782,#783);
#782 = CARTESIAN_POINT('',(42.000000001306,41.999999991895));
#783 = DIRECTION('',(1.,0.));
#784 = ( GEOMETRIC_REPRESENTATION_CONTEXT(2) 
PARAMETRIC_REPRESENTATION_CONTEXT() REPRESENTATION_CONTEXT('2D SPACE',''
  ) );
#785 = PCURVE('',#374,#786);
#786 = DEFINITIONAL_REPRESENTATION('',(#787),#791);
#787 = LINE('',#788,#789);
#788 = CARTESIAN_POINT('',(-0.,-11.));
#789 = VECTOR('',#790,1.);
#790 = DIRECTION('',(-1.,0.));
#791 = ( GEOMETRIC_REPRESENTATION_CONTEXT(2) 
PARAMETRIC_REPRESENTATION_CONTEXT() REPRESENTATION_CONTEXT('2D SPACE',''
  ) );
#792 = ORIENTED_EDGE('',*,*,#793,.F.);
#793 = EDGE_CURVE('',#502,#770,#794,.T.);
#794 = SURFACE_CURVE('',#795,(#799,#806),.PCURVE_S1.);
#795 = LINE('',#796,#797);
#796 = CARTESIAN_POINT('',(0.,48.000000000001,11.));
#797 = VECTOR('',#798,1.);
#798 = DIRECTION('',(1.,0.,0.));
#799 = PCURVE('',#206,#800);
#800 = DEFINITIONAL_REPRESENTATION('',(#801),#805);
#801 = LINE('',#802,#803);
#802 = CARTESIAN_POINT('',(1.305645692147E-09,48.00000000139));
#803 = VECTOR('',#804,1.);
#804 = DIRECTION('',(1.,0.));
#805 = ( GEOMETRIC_REPRESENTATION_CONTEXT(2) 
PARAMETRIC_REPRESENTATION_CONTEXT() REPRESENTATION_CONTEXT('2D SPACE',''
  ) );
#806 = PCURVE('',#402,#807);
#807 = DEFINITIONAL_REPRESENTATION('',(#808),#812);
#808 = LINE('',#809,#810);
#809 = CARTESIAN_POINT('',(42.,-11.));
#810 = VECTOR('',#811,1.);
#811 = DIRECTION('',(1.,0.));
#812 = ( GEOMETRIC_REPRESENTATION_CONTEXT(2) 
PARAMETRIC_REPRESENTATION_CONTEXT() REPRESENTATION_CONTEXT('2D SPACE',''
  ) );
#813 = ORIENTED_EDGE('',*,*,#524,.T.);
#814 = ADVANCED_FACE('',(#815),#179,.F.);
#815 = FACE_BOUND('',#816,.F.);
#816 = EDGE_LOOP('',(#817,#818,#839,#867,#893,#922,#948,#974));
#817 = ORIENTED_EDGE('',*,*,#552,.F.);
#818 = ORIENTED_EDGE('',*,*,#819,.F.);
#819 = EDGE_CURVE('',#820,#553,#822,.T.);
#820 = VERTEX_POINT('',#821);
#821 = CARTESIAN_POINT('',(-44.9,15.696814963552,9.5));
#822 = SURFACE_CURVE('',#823,(#827,#833),.PCURVE_S1.);
#823 = LINE('',#824,#825);
#824 = CARTESIAN_POINT('',(-44.9,15.696814963552,3.5));
#825 = VECTOR('',#826,1.);
#826 = DIRECTION('',(0.,0.,1.));
#827 = PCURVE('',#179,#828);
#828 = DEFINITIONAL_REPRESENTATION('',(#829),#832);
#829 = B_SPLINE_CURVE_WITH_KNOTS('',1,(#830,#831),.UNSPECIFIED.,.F.,.F.,
  (2,2),(6.,7.5),.PIECEWISE_BEZIER_KNOTS.);
#830 = CARTESIAN_POINT('',(7.658998488339,6.));
#831 = CARTESIAN_POINT('',(7.658998488339,7.5));
#832 = ( GEOMETRIC_REPRESENTATION_CONTEXT(2) 
PARAMETRIC_REPRESENTATION_CONTEXT() REPRESENTATION_CONTEXT('2D SPACE',''
  ) );
#833 = PCURVE('',#591,#834);
#834 = DEFINITIONAL_REPRESENTATION('',(#835),#838);
#835 = B_SPLINE_CURVE_WITH_KNOTS('',1,(#836,#837),.UNSPECIFIED.,.F.,.F.,
  (2,2),(5.85,7.5000006),.PIECEWISE_BEZIER_KNOTS.);
#836 = CARTESIAN_POINT('',(56.596814963554,-1.65));
#837 = CARTESIAN_POINT('',(56.596814963554,5.999999999062E-07));
#838 = ( GEOMETRIC_REPRESENTATION_CONTEXT(2) 
PARAMETRIC_REPRESENTATION_CONTEXT() REPRESENTATION_CONTEXT('2D SPACE',''
  ) );
#839 = ORIENTED_EDGE('',*,*,#840,.F.);
#840 = EDGE_CURVE('',#841,#820,#843,.T.);
#841 = VERTEX_POINT('',#842);
#842 = CARTESIAN_POINT('',(-43.4,15.324490203592,9.5));
#843 = SURFACE_CURVE('',#844,(#849,#855),.PCURVE_S1.);
#844 = CIRCLE('',#845,16.);
#845 = AXIS2_PLACEMENT_3D('',#846,#847,#848);
#846 = CARTESIAN_POINT('',(-48.,0.,9.5));
#847 = DIRECTION('',(0.,0.,1.));
#848 = DIRECTION('',(1.,0.,-0.));
#849 = PCURVE('',#179,#850);
#850 = DEFINITIONAL_REPRESENTATION('',(#851),#854);
#851 = B_SPLINE_CURVE_WITH_KNOTS('',1,(#852,#853),.UNSPECIFIED.,.F.,.F.,
  (2,2),(1.279180716402,1.375813181159),.PIECEWISE_BEZIER_KNOTS.);
#852 = CARTESIAN_POINT('',(7.562366023581,6.));
#853 = CARTESIAN_POINT('',(7.658998488339,6.));
#854 = ( GEOMETRIC_REPRESENTATION_CONTEXT(2) 
PARAMETRIC_REPRESENTATION_CONTEXT() REPRESENTATION_CONTEXT('2D SPACE',''
  ) );
#855 = PCURVE('',#856,#861);
#856 = PLANE('',#857);
#857 = AXIS2_PLACEMENT_3D('',#858,#859,#860);
#858 = CARTESIAN_POINT('',(-1.59417320716E-09,-1.667079368837E-09,9.5));
#859 = DIRECTION('',(0.,0.,1.));
#860 = DIRECTION('',(1.,0.,0.));
#861 = DEFINITIONAL_REPRESENTATION('',(#862),#866);
#862 = CIRCLE('',#863,16.);
#863 = AXIS2_PLACEMENT_2D('',#864,#865);
#864 = CARTESIAN_POINT('',(-47.9999999984,1.667079368837E-09));
#865 = DIRECTION('',(1.,0.));
#866 = ( GEOMETRIC_REPRESENTATION_CONTEXT(2) 
PARAMETRIC_REPRESENTATION_CONTEXT() REPRESENTATION_CONTEXT('2D SPACE',''
  ) );
#867 = ORIENTED_EDGE('',*,*,#868,.F.);
#868 = EDGE_CURVE('',#869,#841,#871,.T.);
#869 = VERTEX_POINT('',#870);
#870 = CARTESIAN_POINT('',(-43.4,15.324490203592,4.5));
#871 = SURFACE_CURVE('',#872,(#876,#882),.PCURVE_S1.);
#872 = LINE('',#873,#874);
#873 = CARTESIAN_POINT('',(-43.4,15.324490203592,3.5));
#874 = VECTOR('',#875,1.);
#875 = DIRECTION('',(0.,0.,1.));
#876 = PCURVE('',#179,#877);
#877 = DEFINITIONAL_REPRESENTATION('',(#878),#881);
#878 = B_SPLINE_CURVE_WITH_KNOTS('',1,(#879,#880),.UNSPECIFIED.,.F.,.F.,
  (2,2),(1.,6.),.PIECEWISE_BEZIER_KNOTS.);
#879 = CARTESIAN_POINT('',(7.562366023581,1.));
#880 = CARTESIAN_POINT('',(7.562366023581,6.));
#881 = ( GEOMETRIC_REPRESENTATION_CONTEXT(2) 
PARAMETRIC_REPRESENTATION_CONTEXT() REPRESENTATION_CONTEXT('2D SPACE',''
  ) );
#882 = PCURVE('',#883,#888);
#883 = PLANE('',#884);
#884 = AXIS2_PLACEMENT_3D('',#885,#886,#887);
#885 = CARTESIAN_POINT('',(-43.4,-40.4,11.));
#886 = DIRECTION('',(1.,0.,0.));
#887 = DIRECTION('',(-0.,1.,0.));
#888 = DEFINITIONAL_REPRESENTATION('',(#889),#892);
#889 = B_SPLINE_CURVE_WITH_KNOTS('',1,(#890,#891),.UNSPECIFIED.,.F.,.F.,
  (2,2),(0.5,6.5),.PIECEWISE_BEZIER_KNOTS.);
#890 = CARTESIAN_POINT('',(55.724490203596,-7.));
#891 = CARTESIAN_POINT('',(55.724490203596,-1.));
#892 = ( GEOMETRIC_REPRESENTATION_CONTEXT(2) 
PARAMETRIC_REPRESENTATION_CONTEXT() REPRESENTATION_CONTEXT('2D SPACE',''
  ) );
#893 = ORIENTED_EDGE('',*,*,#894,.F.);
#894 = EDGE_CURVE('',#895,#869,#897,.T.);
#895 = VERTEX_POINT('',#896);
#896 = CARTESIAN_POINT('',(-32.2630625,2.889428684203,4.5));
#897 = SURFACE_CURVE('',#898,(#903,#910),.PCURVE_S1.);
#898 = CIRCLE('',#899,16.);
#899 = AXIS2_PLACEMENT_3D('',#900,#901,#902);
#900 = CARTESIAN_POINT('',(-48.,0.,4.5));
#901 = DIRECTION('',(0.,0.,1.));
#902 = DIRECTION('',(0.2875,-0.957780637725,0.));
#903 = PCURVE('',#179,#904);
#904 = DEFINITIONAL_REPRESENTATION('',(#905),#909);
#905 = LINE('',#906,#907);
#906 = CARTESIAN_POINT('',(5.004004590778,1.));
#907 = VECTOR('',#908,1.);
#908 = DIRECTION('',(1.,0.));
#909 = ( GEOMETRIC_REPRESENTATION_CONTEXT(2) 
PARAMETRIC_REPRESENTATION_CONTEXT() REPRESENTATION_CONTEXT('2D SPACE',''
  ) );
#910 = PCURVE('',#911,#916);
#911 = PLANE('',#912);
#912 = AXIS2_PLACEMENT_3D('',#913,#914,#915);
#913 = CARTESIAN_POINT('',(-2.019429265499E-09,-2.090578250437E-09,4.5)
  );
#914 = DIRECTION('',(0.,0.,1.));
#915 = DIRECTION('',(1.,0.,0.));
#916 = DEFINITIONAL_REPRESENTATION('',(#917),#921);
#917 = CIRCLE('',#918,16.);
#918 = AXIS2_PLACEMENT_2D('',#919,#920);
#919 = CARTESIAN_POINT('',(-47.99999999798,2.090578250437E-09));
#920 = DIRECTION('',(0.2875,-0.957780637725));
#921 = ( GEOMETRIC_REPRESENTATION_CONTEXT(2) 
PARAMETRIC_REPRESENTATION_CONTEXT() REPRESENTATION_CONTEXT('2D SPACE',''
  ) );
#922 = ORIENTED_EDGE('',*,*,#923,.F.);
#923 = EDGE_CURVE('',#924,#895,#926,.T.);
#924 = VERTEX_POINT('',#925);
#925 = CARTESIAN_POINT('',(-32.2630625,2.889428684203,3.5));
#926 = SURFACE_CURVE('',#927,(#931,#937),.PCURVE_S1.);
#927 = LINE('',#928,#929);
#928 = CARTESIAN_POINT('',(-32.2630625,2.889428684203,3.5));
#929 = VECTOR('',#930,1.);
#930 = DIRECTION('',(0.,0.,1.));
#931 = PCURVE('',#179,#932);
#932 = DEFINITIONAL_REPRESENTATION('',(#933),#936);
#933 = B_SPLINE_CURVE_WITH_KNOTS('',1,(#934,#935),.UNSPECIFIED.,.F.,.F.,
  (2,2),(-5.999999999062E-07,1.0000006),.PIECEWISE_BEZIER_KNOTS.);
#934 = CARTESIAN_POINT('',(6.464770869035,-5.999999999062E-07));
#935 = CARTESIAN_POINT('',(6.464770869035,1.0000006));
#936 = ( GEOMETRIC_REPRESENTATION_CONTEXT(2) 
PARAMETRIC_REPRESENTATION_CONTEXT() REPRESENTATION_CONTEXT('2D SPACE',''
  ) );
#937 = PCURVE('',#938,#943);
#938 = CYLINDRICAL_SURFACE('',#939,5.15);
#939 = AXIS2_PLACEMENT_3D('',#940,#941,#942);
#940 = CARTESIAN_POINT('',(-28.,0.,2.4));
#941 = DIRECTION('',(0.,0.,1.));
#942 = DIRECTION('',(1.,0.,0.));
#943 = DEFINITIONAL_REPRESENTATION('',(#944),#947);
#944 = B_SPLINE_CURVE_WITH_KNOTS('',1,(#945,#946),.UNSPECIFIED.,.F.,.F.,
  (2,2),(-5.999999999062E-07,1.0000006),.PIECEWISE_BEZIER_KNOTS.);
#945 = CARTESIAN_POINT('',(2.545933978765,1.0999994));
#946 = CARTESIAN_POINT('',(2.545933978765,2.1000006));
#947 = ( GEOMETRIC_REPRESENTATION_CONTEXT(2) 
PARAMETRIC_REPRESENTATION_CONTEXT() REPRESENTATION_CONTEXT('2D SPACE',''
  ) );
#948 = ORIENTED_EDGE('',*,*,#949,.F.);
#949 = EDGE_CURVE('',#139,#924,#950,.T.);
#950 = SURFACE_CURVE('',#951,(#956,#963),.PCURVE_S1.);
#951 = CIRCLE('',#952,16.);
#952 = AXIS2_PLACEMENT_3D('',#953,#954,#955);
#953 = CARTESIAN_POINT('',(-48.,0.,3.5));
#954 = DIRECTION('',(0.,0.,-1.));
#955 = DIRECTION('',(0.,1.,0.));
#956 = PCURVE('',#179,#957);
#957 = DEFINITIONAL_REPRESENTATION('',(#958),#962);
#958 = LINE('',#959,#960);
#959 = CARTESIAN_POINT('',(7.853981633974,0.));
#960 = VECTOR('',#961,1.);
#961 = DIRECTION('',(-1.,-0.));
#962 = ( GEOMETRIC_REPRESENTATION_CONTEXT(2) 
PARAMETRIC_REPRESENTATION_CONTEXT() REPRESENTATION_CONTEXT('2D SPACE',''
  ) );
#963 = PCURVE('',#153,#964);
#964 = DEFINITIONAL_REPRESENTATION('',(#965),#973);
#965 = ( BOUNDED_CURVE() B_SPLINE_CURVE(2,(#966,#967,#968,#969,#970,#971
,#972),.UNSPECIFIED.,.T.,.F.) B_SPLINE_CURVE_WITH_KNOTS((1,2,2,2,2,1),(
    -2.094395102393,0.,2.094395102393,4.188790204786,6.28318530718,
8.377580409573),.UNSPECIFIED.) CURVE() GEOMETRIC_REPRESENTATION_ITEM() 
RATIONAL_B_SPLINE_CURVE((1.,0.5,1.,0.5,1.,0.5,1.)) REPRESENTATION_ITEM(
  '') );
#966 = CARTESIAN_POINT('',(0.,16.));
#967 = CARTESIAN_POINT('',(27.712812921102,16.));
#968 = CARTESIAN_POINT('',(13.856406460551,-8.));
#969 = CARTESIAN_POINT('',(3.918869757272E-15,-32.));
#970 = CARTESIAN_POINT('',(-13.85640646055,-8.));
#971 = CARTESIAN_POINT('',(-27.7128129211,16.));
#972 = CARTESIAN_POINT('',(0.,16.));
#973 = ( GEOMETRIC_REPRESENTATION_CONTEXT(2) 
PARAMETRIC_REPRESENTATION_CONTEXT() REPRESENTATION_CONTEXT('2D SPACE',''
  ) );
#974 = ORIENTED_EDGE('',*,*,#164,.T.);
#975 = ADVANCED_FACE('',(#976),#153,.T.);
#976 = FACE_BOUND('',#977,.T.);
#977 = EDGE_LOOP('',(#978,#979,#1007,#1029));
#978 = ORIENTED_EDGE('',*,*,#138,.F.);
#979 = ORIENTED_EDGE('',*,*,#980,.F.);
#980 = EDGE_CURVE('',#981,#113,#983,.T.);
#981 = VERTEX_POINT('',#982);
#982 = CARTESIAN_POINT('',(-32.2630625,-2.889428684203,3.5));
#983 = SURFACE_CURVE('',#984,(#989,#1000),.PCURVE_S1.);
#984 = CIRCLE('',#985,16.);
#985 = AXIS2_PLACEMENT_3D('',#986,#987,#988);
#986 = CARTESIAN_POINT('',(-48.,0.,3.5));
#987 = DIRECTION('',(0.,0.,-1.));
#988 = DIRECTION('',(0.,1.,0.));
#989 = PCURVE('',#153,#990);
#990 = DEFINITIONAL_REPRESENTATION('',(#991),#999);
#991 = ( BOUNDED_CURVE() B_SPLINE_CURVE(2,(#992,#993,#994,#995,#996,#997
,#998),.UNSPECIFIED.,.T.,.F.) B_SPLINE_CURVE_WITH_KNOTS((1,2,2,2,2,1),(
    -2.094395102393,0.,2.094395102393,4.188790204786,6.28318530718,
8.377580409573),.UNSPECIFIED.) CURVE() GEOMETRIC_REPRESENTATION_ITEM() 
RATIONAL_B_SPLINE_CURVE((1.,0.5,1.,0.5,1.,0.5,1.)) REPRESENTATION_ITEM(
  '') );
#992 = CARTESIAN_POINT('',(0.,16.));
#993 = CARTESIAN_POINT('',(27.712812921102,16.));
#994 = CARTESIAN_POINT('',(13.856406460551,-8.));
#995 = CARTESIAN_POINT('',(3.918869757272E-15,-32.));
#996 = CARTESIAN_POINT('',(-13.85640646055,-8.));
#997 = CARTESIAN_POINT('',(-27.7128129211,16.));
#998 = CARTESIAN_POINT('',(0.,16.));
#999 = ( GEOMETRIC_REPRESENTATION_CONTEXT(2) 
PARAMETRIC_REPRESENTATION_CONTEXT() REPRESENTATION_CONTEXT('2D SPACE',''
  ) );
#1000 = PCURVE('',#127,#1001);
#1001 = DEFINITIONAL_REPRESENTATION('',(#1002),#1006);
#1002 = LINE('',#1003,#1004);
#1003 = CARTESIAN_POINT('',(7.853981633974,0.));
#1004 = VECTOR('',#1005,1.);
#1005 = DIRECTION('',(-1.,-0.));
#1006 = ( GEOMETRIC_REPRESENTATION_CONTEXT(2) 
PARAMETRIC_REPRESENTATION_CONTEXT() REPRESENTATION_CONTEXT('2D SPACE',''
  ) );
#1007 = ORIENTED_EDGE('',*,*,#1008,.F.);
#1008 = EDGE_CURVE('',#924,#981,#1009,.T.);
#1009 = SURFACE_CURVE('',#1010,(#1015,#1022),.PCURVE_S1.);
#1010 = CIRCLE('',#1011,5.15);
#1011 = AXIS2_PLACEMENT_3D('',#1012,#1013,#1014);
#1012 = CARTESIAN_POINT('',(-28.,0.,3.5));
#1013 = DIRECTION('',(0.,0.,1.));
#1014 = DIRECTION('',(1.,0.,-0.));
#1015 = PCURVE('',#153,#1016);
#1016 = DEFINITIONAL_REPRESENTATION('',(#1017),#1021);
#1017 = CIRCLE('',#1018,5.15);
#1018 = AXIS2_PLACEMENT_2D('',#1019,#1020);
#1019 = CARTESIAN_POINT('',(20.,0.));
#1020 = DIRECTION('',(1.,0.));
#1021 = ( GEOMETRIC_REPRESENTATION_CONTEXT(2) 
PARAMETRIC_REPRESENTATION_CONTEXT() REPRESENTATION_CONTEXT('2D SPACE',''
  ) );
#1022 = PCURVE('',#938,#1023);
#1023 = DEFINITIONAL_REPRESENTATION('',(#1024),#1028);
#1024 = LINE('',#1025,#1026);
#1025 = CARTESIAN_POINT('',(0.,1.1));
#1026 = VECTOR('',#1027,1.);
#1027 = DIRECTION('',(1.,0.));
#1028 = ( GEOMETRIC_REPRESENTATION_CONTEXT(2) 
PARAMETRIC_REPRESENTATION_CONTEXT() REPRESENTATION_CONTEXT('2D SPACE',''
  ) );
#1029 = ORIENTED_EDGE('',*,*,#949,.F.);
#1030 = ADVANCED_FACE('',(#1031),#127,.F.);
#1031 = FACE_BOUND('',#1032,.F.);
#1032 = EDGE_LOOP('',(#1033,#1034,#1055,#1079,#1105,#1133,#1159,#1180));
#1033 = ORIENTED_EDGE('',*,*,#980,.F.);
#1034 = ORIENTED_EDGE('',*,*,#1035,.T.);
#1035 = EDGE_CURVE('',#981,#1036,#1038,.T.);
#1036 = VERTEX_POINT('',#1037);
#1037 = CARTESIAN_POINT('',(-32.2630625,-2.889428684203,4.5));
#1038 = SURFACE_CURVE('',#1039,(#1043,#1049),.PCURVE_S1.);
#1039 = LINE('',#1040,#1041);
#1040 = CARTESIAN_POINT('',(-32.2630625,-2.889428684203,3.5));
#1041 = VECTOR('',#1042,1.);
#1042 = DIRECTION('',(0.,0.,1.));
#1043 = PCURVE('',#127,#1044);
#1044 = DEFINITIONAL_REPRESENTATION('',(#1045),#1048);
#1045 = B_SPLINE_CURVE_WITH_KNOTS('',1,(#1046,#1047),.UNSPECIFIED.,.F.,
  .F.,(2,2),(-5.999999999062E-07,1.0000006),.PIECEWISE_BEZIER_KNOTS.);
#1046 = CARTESIAN_POINT('',(6.101599745324,-5.999999999062E-07));
#1047 = CARTESIAN_POINT('',(6.101599745324,1.0000006));
#1048 = ( GEOMETRIC_REPRESENTATION_CONTEXT(2) 
PARAMETRIC_REPRESENTATION_CONTEXT() REPRESENTATION_CONTEXT('2D SPACE',''
  ) );
#1049 = PCURVE('',#938,#1050);
#1050 = DEFINITIONAL_REPRESENTATION('',(#1051),#1054);
#1051 = B_SPLINE_CURVE_WITH_KNOTS('',1,(#1052,#1053),.UNSPECIFIED.,.F.,
  .F.,(2,2),(-5.999999999062E-07,1.0000006),.PIECEWISE_BEZIER_KNOTS.);
#1052 = CARTESIAN_POINT('',(3.737251328414,1.0999994));
#1053 = CARTESIAN_POINT('',(3.737251328414,2.1000006));
#1054 = ( GEOMETRIC_REPRESENTATION_CONTEXT(2) 
PARAMETRIC_REPRESENTATION_CONTEXT() REPRESENTATION_CONTEXT('2D SPACE',''
  ) );
#1055 = ORIENTED_EDGE('',*,*,#1056,.F.);
#1056 = EDGE_CURVE('',#1057,#1036,#1059,.T.);
#1057 = VERTEX_POINT('',#1058);
#1058 = CARTESIAN_POINT('',(-43.4,-15.32449020359,4.5));
#1059 = SURFACE_CURVE('',#1060,(#1065,#1072),.PCURVE_S1.);
#1060 = CIRCLE('',#1061,16.);
#1061 = AXIS2_PLACEMENT_3D('',#1062,#1063,#1064);
#1062 = CARTESIAN_POINT('',(-48.,0.,4.5));
#1063 = DIRECTION('',(0.,0.,1.));
#1064 = DIRECTION('',(0.2875,-0.957780637725,0.));
#1065 = PCURVE('',#127,#1066);
#1066 = DEFINITIONAL_REPRESENTATION('',(#1067),#1071);
#1067 = LINE('',#1068,#1069);
#1068 = CARTESIAN_POINT('',(5.004004590778,1.));
#1069 = VECTOR('',#1070,1.);
#1070 = DIRECTION('',(1.,0.));
#1071 = ( GEOMETRIC_REPRESENTATION_CONTEXT(2) 
PARAMETRIC_REPRESENTATION_CONTEXT() REPRESENTATION_CONTEXT('2D SPACE',''
  ) );
#1072 = PCURVE('',#911,#1073);
#1073 = DEFINITIONAL_REPRESENTATION('',(#1074),#1078);
#1074 = CIRCLE('',#1075,16.);
#1075 = AXIS2_PLACEMENT_2D('',#1076,#1077);
#1076 = CARTESIAN_POINT('',(-47.99999999798,2.090578250437E-09));
#1077 = DIRECTION('',(0.2875,-0.957780637725));
#1078 = ( GEOMETRIC_REPRESENTATION_CONTEXT(2) 
PARAMETRIC_REPRESENTATION_CONTEXT() REPRESENTATION_CONTEXT('2D SPACE',''
  ) );
#1079 = ORIENTED_EDGE('',*,*,#1080,.T.);
#1080 = EDGE_CURVE('',#1057,#1081,#1083,.T.);
#1081 = VERTEX_POINT('',#1082);
#1082 = CARTESIAN_POINT('',(-43.4,-15.32449020359,9.5));
#1083 = SURFACE_CURVE('',#1084,(#1088,#1094),.PCURVE_S1.);
#1084 = LINE('',#1085,#1086);
#1085 = CARTESIAN_POINT('',(-43.4,-15.32449020359,3.5));
#1086 = VECTOR('',#1087,1.);
#1087 = DIRECTION('',(0.,0.,1.));
#1088 = PCURVE('',#127,#1089);
#1089 = DEFINITIONAL_REPRESENTATION('',(#1090),#1093);
#1090 = B_SPLINE_CURVE_WITH_KNOTS('',1,(#1091,#1092),.UNSPECIFIED.,.F.,
  .F.,(2,2),(1.,6.),.PIECEWISE_BEZIER_KNOTS.);
#1091 = CARTESIAN_POINT('',(5.004004590778,1.));
#1092 = CARTESIAN_POINT('',(5.004004590778,6.));
#1093 = ( GEOMETRIC_REPRESENTATION_CONTEXT(2) 
PARAMETRIC_REPRESENTATION_CONTEXT() REPRESENTATION_CONTEXT('2D SPACE',''
  ) );
#1094 = PCURVE('',#1095,#1100);
#1095 = PLANE('',#1096);
#1096 = AXIS2_PLACEMENT_3D('',#1097,#1098,#1099);
#1097 = CARTESIAN_POINT('',(-43.4,-40.4,11.));
#1098 = DIRECTION('',(1.,0.,0.));
#1099 = DIRECTION('',(-0.,1.,0.));
#1100 = DEFINITIONAL_REPRESENTATION('',(#1101),#1104);
#1101 = B_SPLINE_CURVE_WITH_KNOTS('',1,(#1102,#1103),.UNSPECIFIED.,.F.,
  .F.,(2,2),(0.5,6.5),.PIECEWISE_BEZIER_KNOTS.);
#1102 = CARTESIAN_POINT('',(25.075509796411,-7.));
#1103 = CARTESIAN_POINT('',(25.075509796411,-1.));
#1104 = ( GEOMETRIC_REPRESENTATION_CONTEXT(2) 
PARAMETRIC_REPRESENTATION_CONTEXT() REPRESENTATION_CONTEXT('2D SPACE',''
  ) );
#1105 = ORIENTED_EDGE('',*,*,#1106,.F.);
#1106 = EDGE_CURVE('',#1107,#1081,#1109,.T.);
#1107 = VERTEX_POINT('',#1108);
#1108 = CARTESIAN_POINT('',(-44.9,-15.69681496355,9.5));
#1109 = SURFACE_CURVE('',#1110,(#1115,#1121),.PCURVE_S1.);
#1110 = CIRCLE('',#1111,16.);
#1111 = AXIS2_PLACEMENT_3D('',#1112,#1113,#1114);
#1112 = CARTESIAN_POINT('',(-48.,0.,9.5));
#1113 = DIRECTION('',(0.,0.,1.));
#1114 = DIRECTION('',(1.,0.,-0.));
#1115 = PCURVE('',#127,#1116);
#1116 = DEFINITIONAL_REPRESENTATION('',(#1117),#1120);
#1117 = B_SPLINE_CURVE_WITH_KNOTS('',1,(#1118,#1119),.UNSPECIFIED.,.F.,
  .F.,(2,2),(4.90737212602,5.004004590778),.PIECEWISE_BEZIER_KNOTS.);
#1118 = CARTESIAN_POINT('',(4.90737212602,6.));
#1119 = CARTESIAN_POINT('',(5.004004590778,6.));
#1120 = ( GEOMETRIC_REPRESENTATION_CONTEXT(2) 
PARAMETRIC_REPRESENTATION_CONTEXT() REPRESENTATION_CONTEXT('2D SPACE',''
  ) );
#1121 = PCURVE('',#1122,#1127);
#1122 = PLANE('',#1123);
#1123 = AXIS2_PLACEMENT_3D('',#1124,#1125,#1126);
#1124 = CARTESIAN_POINT('',(-1.59417320716E-09,-1.667079368837E-09,9.5)
  );
#1125 = DIRECTION('',(0.,0.,1.));
#1126 = DIRECTION('',(1.,0.,0.));
#1127 = DEFINITIONAL_REPRESENTATION('',(#1128),#1132);
#1128 = CIRCLE('',#1129,16.);
#1129 = AXIS2_PLACEMENT_2D('',#1130,#1131);
#1130 = CARTESIAN_POINT('',(-47.9999999984,1.667079368837E-09));
#1131 = DIRECTION('',(1.,0.));
#1132 = ( GEOMETRIC_REPRESENTATION_CONTEXT(2) 
PARAMETRIC_REPRESENTATION_CONTEXT() REPRESENTATION_CONTEXT('2D SPACE',''
  ) );
#1133 = ORIENTED_EDGE('',*,*,#1134,.T.);
#1134 = EDGE_CURVE('',#1107,#1135,#1137,.T.);
#1135 = VERTEX_POINT('',#1136);
#1136 = CARTESIAN_POINT('',(-44.9,-15.69681496355,11.));
#1137 = SURFACE_CURVE('',#1138,(#1142,#1148),.PCURVE_S1.);
#1138 = LINE('',#1139,#1140);
#1139 = CARTESIAN_POINT('',(-44.9,-15.69681496355,3.5));
#1140 = VECTOR('',#1141,1.);
#1141 = DIRECTION('',(0.,0.,1.));
#1142 = PCURVE('',#127,#1143);
#1143 = DEFINITIONAL_REPRESENTATION('',(#1144),#1147);
#1144 = B_SPLINE_CURVE_WITH_KNOTS('',1,(#1145,#1146),.UNSPECIFIED.,.F.,
  .F.,(2,2),(6.,7.5),.PIECEWISE_BEZIER_KNOTS.);
#1145 = CARTESIAN_POINT('',(4.90737212602,6.));
#1146 = CARTESIAN_POINT('',(4.90737212602,7.5));
#1147 = ( GEOMETRIC_REPRESENTATION_CONTEXT(2) 
PARAMETRIC_REPRESENTATION_CONTEXT() REPRESENTATION_CONTEXT('2D SPACE',''
  ) );
#1148 = PCURVE('',#1149,#1154);
#1149 = PLANE('',#1150);
#1150 = AXIS2_PLACEMENT_3D('',#1151,#1152,#1153);
#1151 = CARTESIAN_POINT('',(-44.9,-40.9,11.));
#1152 = DIRECTION('',(1.,0.,0.));
#1153 = DIRECTION('',(-0.,1.,0.));
#1154 = DEFINITIONAL_REPRESENTATION('',(#1155),#1158);
#1155 = B_SPLINE_CURVE_WITH_KNOTS('',1,(#1156,#1157),.UNSPECIFIED.,.F.,
  .F.,(2,2),(5.85,7.5000006),.PIECEWISE_BEZIER_KNOTS.);
#1156 = CARTESIAN_POINT('',(25.20318503645,-1.65));
#1157 = CARTESIAN_POINT('',(25.20318503645,5.999999999062E-07));
#1158 = ( GEOMETRIC_REPRESENTATION_CONTEXT(2) 
PARAMETRIC_REPRESENTATION_CONTEXT() REPRESENTATION_CONTEXT('2D SPACE',''
  ) );
#1159 = ORIENTED_EDGE('',*,*,#1160,.F.);
#1160 = EDGE_CURVE('',#85,#1135,#1161,.T.);
#1161 = SURFACE_CURVE('',#1162,(#1167,#1173),.PCURVE_S1.);
#1162 = CIRCLE('',#1163,16.);
#1163 = AXIS2_PLACEMENT_3D('',#1164,#1165,#1166);
#1164 = CARTESIAN_POINT('',(-48.,0.,11.));
#1165 = DIRECTION('',(0.,0.,1.));
#1166 = DIRECTION('',(1.,0.,0.));
#1167 = PCURVE('',#127,#1168);
#1168 = DEFINITIONAL_REPRESENTATION('',(#1169),#1172);
#1169 = B_SPLINE_CURVE_WITH_KNOTS('',1,(#1170,#1171),.UNSPECIFIED.,.F.,
  .F.,(2,2),(4.712388980385,4.90737212602),.PIECEWISE_BEZIER_KNOTS.);
#1170 = CARTESIAN_POINT('',(4.712388980385,7.5));
#1171 = CARTESIAN_POINT('',(4.90737212602,7.5));
#1172 = ( GEOMETRIC_REPRESENTATION_CONTEXT(2) 
PARAMETRIC_REPRESENTATION_CONTEXT() REPRESENTATION_CONTEXT('2D SPACE',''
  ) );
#1173 = PCURVE('',#100,#1174);
#1174 = DEFINITIONAL_REPRESENTATION('',(#1175),#1179);
#1175 = CIRCLE('',#1176,16.);
#1176 = AXIS2_PLACEMENT_2D('',#1177,#1178);
#1177 = CARTESIAN_POINT('',(-47.99999999869,1.389027496117E-09));
#1178 = DIRECTION('',(1.,0.));
#1179 = ( GEOMETRIC_REPRESENTATION_CONTEXT(2) 
PARAMETRIC_REPRESENTATION_CONTEXT() REPRESENTATION_CONTEXT('2D SPACE',''
  ) );
#1180 = ORIENTED_EDGE('',*,*,#112,.F.);
#1181 = ADVANCED_FACE('',(#1182),#100,.T.);
#1182 = FACE_BOUND('',#1183,.T.);
#1183 = EDGE_LOOP('',(#1184,#1185,#1209,#1232,#1256,#1279,#1308,#1336,
    #1365,#1393,#1422,#1443));
#1184 = ORIENTED_EDGE('',*,*,#84,.F.);
#1185 = ORIENTED_EDGE('',*,*,#1186,.T.);
#1186 = EDGE_CURVE('',#57,#1187,#1189,.T.);
#1187 = VERTEX_POINT('',#1188);
#1188 = CARTESIAN_POINT('',(-42.,-48.,11.));
#1189 = SURFACE_CURVE('',#1190,(#1195,#1202),.PCURVE_S1.);
#1190 = CIRCLE('',#1191,6.);
#1191 = AXIS2_PLACEMENT_3D('',#1192,#1193,#1194);
#1192 = CARTESIAN_POINT('',(-42.,-42.,11.));
#1193 = DIRECTION('',(0.,0.,1.));
#1194 = DIRECTION('',(1.,0.,0.));
#1195 = PCURVE('',#100,#1196);
#1196 = DEFINITIONAL_REPRESENTATION('',(#1197),#1201);
#1197 = CIRCLE('',#1198,6.);
#1198 = AXIS2_PLACEMENT_2D('',#1199,#1200);
#1199 = CARTESIAN_POINT('',(-41.99999999869,-41.99999999861));
#1200 = DIRECTION('',(1.,0.));
#1201 = ( GEOMETRIC_REPRESENTATION_CONTEXT(2) 
PARAMETRIC_REPRESENTATION_CONTEXT() REPRESENTATION_CONTEXT('2D SPACE',''
  ) );
#1202 = PCURVE('',#72,#1203);
#1203 = DEFINITIONAL_REPRESENTATION('',(#1204),#1208);
#1204 = LINE('',#1205,#1206);
#1205 = CARTESIAN_POINT('',(-0.,-11.));
#1206 = VECTOR('',#1207,1.);
#1207 = DIRECTION('',(-1.,0.));
#1208 = ( GEOMETRIC_REPRESENTATION_CONTEXT(2) 
PARAMETRIC_REPRESENTATION_CONTEXT() REPRESENTATION_CONTEXT('2D SPACE',''
  ) );
#1209 = ORIENTED_EDGE('',*,*,#1210,.T.);
#1210 = EDGE_CURVE('',#1187,#1211,#1213,.T.);
#1211 = VERTEX_POINT('',#1212);
#1212 = CARTESIAN_POINT('',(41.999999990505,-47.99999999999,11.));
#1213 = SURFACE_CURVE('',#1214,(#1218,#1225),.PCURVE_S1.);
#1214 = LINE('',#1215,#1216);
#1215 = CARTESIAN_POINT('',(0.,-47.99999999999,11.));
#1216 = VECTOR('',#1217,1.);
#1217 = DIRECTION('',(1.,0.,0.));
#1218 = PCURVE('',#100,#1219);
#1219 = DEFINITIONAL_REPRESENTATION('',(#1220),#1224);
#1220 = LINE('',#1221,#1222);
#1221 = CARTESIAN_POINT('',(1.305645692147E-09,-47.99999999861));
#1222 = VECTOR('',#1223,1.);
#1223 = DIRECTION('',(1.,0.));
#1224 = ( GEOMETRIC_REPRESENTATION_CONTEXT(2) 
PARAMETRIC_REPRESENTATION_CONTEXT() REPRESENTATION_CONTEXT('2D SPACE',''
  ) );
#1225 = PCURVE('',#288,#1226);
#1226 = DEFINITIONAL_REPRESENTATION('',(#1227),#1231);
#1227 = LINE('',#1228,#1229);
#1228 = CARTESIAN_POINT('',(42.,-11.));
#1229 = VECTOR('',#1230,1.);
#1230 = DIRECTION('',(1.,0.));
#1231 = ( GEOMETRIC_REPRESENTATION_CONTEXT(2) 
PARAMETRIC_REPRESENTATION_CONTEXT() REPRESENTATION_CONTEXT('2D SPACE',''
  ) );
#1232 = ORIENTED_EDGE('',*,*,#1233,.T.);
#1233 = EDGE_CURVE('',#1211,#1234,#1236,.T.);
#1234 = VERTEX_POINT('',#1235);
#1235 = CARTESIAN_POINT('',(47.999999995252,-41.99999999999,11.));
#1236 = SURFACE_CURVE('',#1237,(#1242,#1249),.PCURVE_S1.);
#1237 = CIRCLE('',#1238,6.);
#1238 = AXIS2_PLACEMENT_3D('',#1239,#1240,#1241);
#1239 = CARTESIAN_POINT('',(41.999999990505,-41.99999999999,11.));
#1240 = DIRECTION('',(0.,0.,1.));
#1241 = DIRECTION('',(1.,0.,0.));
#1242 = PCURVE('',#100,#1243);
#1243 = DEFINITIONAL_REPRESENTATION('',(#1244),#1248);
#1244 = CIRCLE('',#1245,6.);
#1245 = AXIS2_PLACEMENT_2D('',#1246,#1247);
#1246 = CARTESIAN_POINT('',(41.999999991811,-41.99999999861));
#1247 = DIRECTION('',(1.,0.));
#1248 = ( GEOMETRIC_REPRESENTATION_CONTEXT(2) 
PARAMETRIC_REPRESENTATION_CONTEXT() REPRESENTATION_CONTEXT('2D SPACE',''
  ) );
#1249 = PCURVE('',#317,#1250);
#1250 = DEFINITIONAL_REPRESENTATION('',(#1251),#1255);
#1251 = LINE('',#1252,#1253);
#1252 = CARTESIAN_POINT('',(-0.,-11.));
#1253 = VECTOR('',#1254,1.);
#1254 = DIRECTION('',(-1.,0.));
#1255 = ( GEOMETRIC_REPRESENTATION_CONTEXT(2) 
PARAMETRIC_REPRESENTATION_CONTEXT() REPRESENTATION_CONTEXT('2D SPACE',''
  ) );
#1256 = ORIENTED_EDGE('',*,*,#1257,.T.);
#1257 = EDGE_CURVE('',#1234,#1258,#1260,.T.);
#1258 = VERTEX_POINT('',#1259);
#1259 = CARTESIAN_POINT('',(48.,-16.,11.));
#1260 = SURFACE_CURVE('',#1261,(#1265,#1272),.PCURVE_S1.);
#1261 = LINE('',#1262,#1263);
#1262 = CARTESIAN_POINT('',(48.,1.026734253173E-12,11.));
#1263 = VECTOR('',#1264,1.);
#1264 = DIRECTION('',(0.,1.,0.));
#1265 = PCURVE('',#100,#1266);
#1266 = DEFINITIONAL_REPRESENTATION('',(#1267),#1271);
#1267 = LINE('',#1268,#1269);
#1268 = CARTESIAN_POINT('',(48.000000001306,1.39005423037E-09));
#1269 = VECTOR('',#1270,1.);
#1270 = DIRECTION('',(0.,1.));
#1271 = ( GEOMETRIC_REPRESENTATION_CONTEXT(2) 
PARAMETRIC_REPRESENTATION_CONTEXT() REPRESENTATION_CONTEXT('2D SPACE',''
  ) );
#1272 = PCURVE('',#345,#1273);
#1273 = DEFINITIONAL_REPRESENTATION('',(#1274),#1278);
#1274 = LINE('',#1275,#1276);
#1275 = CARTESIAN_POINT('',(42.,-11.));
#1276 = VECTOR('',#1277,1.);
#1277 = DIRECTION('',(1.,0.));
#1278 = ( GEOMETRIC_REPRESENTATION_CONTEXT(2) 
PARAMETRIC_REPRESENTATION_CONTEXT() REPRESENTATION_CONTEXT('2D SPACE',''
  ) );
#1279 = ORIENTED_EDGE('',*,*,#1280,.F.);
#1280 = EDGE_CURVE('',#1281,#1258,#1283,.T.);
#1281 = VERTEX_POINT('',#1282);
#1282 = CARTESIAN_POINT('',(44.9,-15.69681496355,11.));
#1283 = SURFACE_CURVE('',#1284,(#1289,#1296),.PCURVE_S1.);
#1284 = CIRCLE('',#1285,16.);
#1285 = AXIS2_PLACEMENT_3D('',#1286,#1287,#1288);
#1286 = CARTESIAN_POINT('',(48.,0.,11.));
#1287 = DIRECTION('',(0.,0.,1.));
#1288 = DIRECTION('',(1.,0.,0.));
#1289 = PCURVE('',#100,#1290);
#1290 = DEFINITIONAL_REPRESENTATION('',(#1291),#1295);
#1291 = CIRCLE('',#1292,16.);
#1292 = AXIS2_PLACEMENT_2D('',#1293,#1294);
#1293 = CARTESIAN_POINT('',(48.000000001306,1.389027496117E-09));
#1294 = DIRECTION('',(1.,0.));
#1295 = ( GEOMETRIC_REPRESENTATION_CONTEXT(2) 
PARAMETRIC_REPRESENTATION_CONTEXT() REPRESENTATION_CONTEXT('2D SPACE',''
  ) );
#1296 = PCURVE('',#1297,#1302);
#1297 = CYLINDRICAL_SURFACE('',#1298,16.);
#1298 = AXIS2_PLACEMENT_3D('',#1299,#1300,#1301);
#1299 = CARTESIAN_POINT('',(48.,0.,3.5));
#1300 = DIRECTION('',(0.,0.,1.));
#1301 = DIRECTION('',(1.,0.,0.));
#1302 = DEFINITIONAL_REPRESENTATION('',(#1303),#1307);
#1303 = LINE('',#1304,#1305);
#1304 = CARTESIAN_POINT('',(0.,7.5));
#1305 = VECTOR('',#1306,1.);
#1306 = DIRECTION('',(1.,0.));
#1307 = ( GEOMETRIC_REPRESENTATION_CONTEXT(2) 
PARAMETRIC_REPRESENTATION_CONTEXT() REPRESENTATION_CONTEXT('2D SPACE',''
  ) );
#1308 = ORIENTED_EDGE('',*,*,#1309,.F.);
#1309 = EDGE_CURVE('',#1310,#1281,#1312,.T.);
#1310 = VERTEX_POINT('',#1311);
#1311 = CARTESIAN_POINT('',(44.899999994046,-40.89999999999,11.));
#1312 = SURFACE_CURVE('',#1313,(#1317,#1324),.PCURVE_S1.);
#1313 = LINE('',#1314,#1315);
#1314 = CARTESIAN_POINT('',(44.9,1.946887095983E-12,11.));
#1315 = VECTOR('',#1316,1.);
#1316 = DIRECTION('',(0.,1.,0.));
#1317 = PCURVE('',#100,#1318);
#1318 = DEFINITIONAL_REPRESENTATION('',(#1319),#1323);
#1319 = LINE('',#1320,#1321);
#1320 = CARTESIAN_POINT('',(44.900000001306,1.390974383213E-09));
#1321 = VECTOR('',#1322,1.);
#1322 = DIRECTION('',(0.,1.));
#1323 = ( GEOMETRIC_REPRESENTATION_CONTEXT(2) 
PARAMETRIC_REPRESENTATION_CONTEXT() REPRESENTATION_CONTEXT('2D SPACE',''
  ) );
#1324 = PCURVE('',#1325,#1330);
#1325 = PLANE('',#1326);
#1326 = AXIS2_PLACEMENT_3D('',#1327,#1328,#1329);
#1327 = CARTESIAN_POINT('',(44.9,-40.89999999999,11.));
#1328 = DIRECTION('',(1.,0.,0.));
#1329 = DIRECTION('',(-0.,1.,0.));
#1330 = DEFINITIONAL_REPRESENTATION('',(#1331),#1335);
#1331 = LINE('',#1332,#1333);
#1332 = CARTESIAN_POINT('',(40.9,0.));
#1333 = VECTOR('',#1334,1.);
#1334 = DIRECTION('',(1.,0.));
#1335 = ( GEOMETRIC_REPRESENTATION_CONTEXT(2) 
PARAMETRIC_REPRESENTATION_CONTEXT() REPRESENTATION_CONTEXT('2D SPACE',''
  ) );
#1336 = ORIENTED_EDGE('',*,*,#1337,.F.);
#1337 = EDGE_CURVE('',#1338,#1310,#1340,.T.);
#1338 = VERTEX_POINT('',#1339);
#1339 = CARTESIAN_POINT('',(40.899999988091,-44.89999999999,11.));
#1340 = SURFACE_CURVE('',#1341,(#1346,#1353),.PCURVE_S1.);
#1341 = CIRCLE('',#1342,4.);
#1342 = AXIS2_PLACEMENT_3D('',#1343,#1344,#1345);
#1343 = CARTESIAN_POINT('',(40.899999988091,-40.89999999999,11.));
#1344 = DIRECTION('',(0.,0.,1.));
#1345 = DIRECTION('',(1.,0.,0.));
#1346 = PCURVE('',#100,#1347);
#1347 = DEFINITIONAL_REPRESENTATION('',(#1348),#1352);
#1348 = CIRCLE('',#1349,4.);
#1349 = AXIS2_PLACEMENT_2D('',#1350,#1351);
#1350 = CARTESIAN_POINT('',(40.899999989397,-40.8999999986));
#1351 = DIRECTION('',(1.,0.));
#1352 = ( GEOMETRIC_REPRESENTATION_CONTEXT(2) 
PARAMETRIC_REPRESENTATION_CONTEXT() REPRESENTATION_CONTEXT('2D SPACE',''
  ) );
#1353 = PCURVE('',#1354,#1359);
#1354 = CYLINDRICAL_SURFACE('',#1355,4.);
#1355 = AXIS2_PLACEMENT_3D('',#1356,#1357,#1358);
#1356 = CARTESIAN_POINT('',(40.899999988091,-40.89999999999,11.));
#1357 = DIRECTION('',(0.,0.,1.));
#1358 = DIRECTION('',(1.,0.,0.));
#1359 = DEFINITIONAL_REPRESENTATION('',(#1360),#1364);
#1360 = LINE('',#1361,#1362);
#1361 = CARTESIAN_POINT('',(0.,0.));
#1362 = VECTOR('',#1363,1.);
#1363 = DIRECTION('',(1.,0.));
#1364 = ( GEOMETRIC_REPRESENTATION_CONTEXT(2) 
PARAMETRIC_REPRESENTATION_CONTEXT() REPRESENTATION_CONTEXT('2D SPACE',''
  ) );
#1365 = ORIENTED_EDGE('',*,*,#1366,.F.);
#1366 = EDGE_CURVE('',#1367,#1338,#1369,.T.);
#1367 = VERTEX_POINT('',#1368);
#1368 = CARTESIAN_POINT('',(-40.9,-44.9,11.));
#1369 = SURFACE_CURVE('',#1370,(#1374,#1381),.PCURVE_S1.);
#1370 = LINE('',#1371,#1372);
#1371 = CARTESIAN_POINT('',(0.,-44.89999999999,11.));
#1372 = VECTOR('',#1373,1.);
#1373 = DIRECTION('',(1.,0.,0.));
#1374 = PCURVE('',#100,#1375);
#1375 = DEFINITIONAL_REPRESENTATION('',(#1376),#1380);
#1376 = LINE('',#1377,#1378);
#1377 = CARTESIAN_POINT('',(1.305645692147E-09,-44.8999999986));
#1378 = VECTOR('',#1379,1.);
#1379 = DIRECTION('',(1.,0.));
#1380 = ( GEOMETRIC_REPRESENTATION_CONTEXT(2) 
PARAMETRIC_REPRESENTATION_CONTEXT() REPRESENTATION_CONTEXT('2D SPACE',''
  ) );
#1381 = PCURVE('',#1382,#1387);
#1382 = PLANE('',#1383);
#1383 = AXIS2_PLACEMENT_3D('',#1384,#1385,#1386);
#1384 = CARTESIAN_POINT('',(-40.9,-44.89999999999,11.));
#1385 = DIRECTION('',(0.,-1.,0.));
#1386 = DIRECTION('',(1.,0.,0.));
#1387 = DEFINITIONAL_REPRESENTATION('',(#1388),#1392);
#1388 = LINE('',#1389,#1390);
#1389 = CARTESIAN_POINT('',(40.9,0.));
#1390 = VECTOR('',#1391,1.);
#1391 = DIRECTION('',(1.,0.));
#1392 = ( GEOMETRIC_REPRESENTATION_CONTEXT(2) 
PARAMETRIC_REPRESENTATION_CONTEXT() REPRESENTATION_CONTEXT('2D SPACE',''
  ) );
#1393 = ORIENTED_EDGE('',*,*,#1394,.F.);
#1394 = EDGE_CURVE('',#1395,#1367,#1397,.T.);
#1395 = VERTEX_POINT('',#1396);
#1396 = CARTESIAN_POINT('',(-44.9,-40.9,11.));
#1397 = SURFACE_CURVE('',#1398,(#1403,#1410),.PCURVE_S1.);
#1398 = CIRCLE('',#1399,4.);
#1399 = AXIS2_PLACEMENT_3D('',#1400,#1401,#1402);
#1400 = CARTESIAN_POINT('',(-40.9,-40.9,11.));
#1401 = DIRECTION('',(0.,0.,1.));
#1402 = DIRECTION('',(1.,0.,0.));
#1403 = PCURVE('',#100,#1404);
#1404 = DEFINITIONAL_REPRESENTATION('',(#1405),#1409);
#1405 = CIRCLE('',#1406,4.);
#1406 = AXIS2_PLACEMENT_2D('',#1407,#1408);
#1407 = CARTESIAN_POINT('',(-40.89999999869,-40.89999999861));
#1408 = DIRECTION('',(1.,0.));
#1409 = ( GEOMETRIC_REPRESENTATION_CONTEXT(2) 
PARAMETRIC_REPRESENTATION_CONTEXT() REPRESENTATION_CONTEXT('2D SPACE',''
  ) );
#1410 = PCURVE('',#1411,#1416);
#1411 = CYLINDRICAL_SURFACE('',#1412,4.);
#1412 = AXIS2_PLACEMENT_3D('',#1413,#1414,#1415);
#1413 = CARTESIAN_POINT('',(-40.9,-40.9,11.));
#1414 = DIRECTION('',(0.,0.,1.));
#1415 = DIRECTION('',(1.,0.,0.));
#1416 = DEFINITIONAL_REPRESENTATION('',(#1417),#1421);
#1417 = LINE('',#1418,#1419);
#1418 = CARTESIAN_POINT('',(0.,0.));
#1419 = VECTOR('',#1420,1.);
#1420 = DIRECTION('',(1.,0.));
#1421 = ( GEOMETRIC_REPRESENTATION_CONTEXT(2) 
PARAMETRIC_REPRESENTATION_CONTEXT() REPRESENTATION_CONTEXT('2D SPACE',''
  ) );
#1422 = ORIENTED_EDGE('',*,*,#1423,.T.);
#1423 = EDGE_CURVE('',#1395,#1135,#1424,.T.);
#1424 = SURFACE_CURVE('',#1425,(#1429,#1436),.PCURVE_S1.);
#1425 = LINE('',#1426,#1427);
#1426 = CARTESIAN_POINT('',(-44.9,1.946887095983E-12,11.));
#1427 = VECTOR('',#1428,1.);
#1428 = DIRECTION('',(0.,1.,0.));
#1429 = PCURVE('',#100,#1430);
#1430 = DEFINITIONAL_REPRESENTATION('',(#1431),#1435);
#1431 = LINE('',#1432,#1433);
#1432 = CARTESIAN_POINT('',(-44.89999999869,1.390974383213E-09));
#1433 = VECTOR('',#1434,1.);
#1434 = DIRECTION('',(0.,1.));
#1435 = ( GEOMETRIC_REPRESENTATION_CONTEXT(2) 
PARAMETRIC_REPRESENTATION_CONTEXT() REPRESENTATION_CONTEXT('2D SPACE',''
  ) );
#1436 = PCURVE('',#1149,#1437);
#1437 = DEFINITIONAL_REPRESENTATION('',(#1438),#1442);
#1438 = LINE('',#1439,#1440);
#1439 = CARTESIAN_POINT('',(40.900000000004,0.));
#1440 = VECTOR('',#1441,1.);
#1441 = DIRECTION('',(1.,0.));
#1442 = ( GEOMETRIC_REPRESENTATION_CONTEXT(2) 
PARAMETRIC_REPRESENTATION_CONTEXT() REPRESENTATION_CONTEXT('2D SPACE',''
  ) );
#1443 = ORIENTED_EDGE('',*,*,#1160,.F.);
#1444 = ADVANCED_FACE('',(#1445),#72,.T.);
#1445 = FACE_BOUND('',#1446,.F.);
#1446 = EDGE_LOOP('',(#1447,#1448,#1449,#1470));
#1447 = ORIENTED_EDGE('',*,*,#56,.T.);
#1448 = ORIENTED_EDGE('',*,*,#1186,.T.);
#1449 = ORIENTED_EDGE('',*,*,#1450,.F.);
#1450 = EDGE_CURVE('',#249,#1187,#1451,.T.);
#1451 = SURFACE_CURVE('',#1452,(#1456,#1463),.PCURVE_S1.);
#1452 = LINE('',#1453,#1454);
#1453 = CARTESIAN_POINT('',(-42.,-48.,0.));
#1454 = VECTOR('',#1455,1.);
#1455 = DIRECTION('',(0.,0.,1.));
#1456 = PCURVE('',#72,#1457);
#1457 = DEFINITIONAL_REPRESENTATION('',(#1458),#1462);
#1458 = LINE('',#1459,#1460);
#1459 = CARTESIAN_POINT('',(-4.712388980385,0.));
#1460 = VECTOR('',#1461,1.);
#1461 = DIRECTION('',(-0.,-1.));
#1462 = ( GEOMETRIC_REPRESENTATION_CONTEXT(2) 
PARAMETRIC_REPRESENTATION_CONTEXT() REPRESENTATION_CONTEXT('2D SPACE',''
  ) );
#1463 = PCURVE('',#288,#1464);
#1464 = DEFINITIONAL_REPRESENTATION('',(#1465),#1469);
#1465 = LINE('',#1466,#1467);
#1466 = CARTESIAN_POINT('',(0.,0.));
#1467 = VECTOR('',#1468,1.);
#1468 = DIRECTION('',(0.,-1.));
#1469 = ( GEOMETRIC_REPRESENTATION_CONTEXT(2) 
PARAMETRIC_REPRESENTATION_CONTEXT() REPRESENTATION_CONTEXT('2D SPACE',''
  ) );
#1470 = ORIENTED_EDGE('',*,*,#248,.F.);
#1471 = ADVANCED_FACE('',(#1472),#288,.F.);
#1472 = FACE_BOUND('',#1473,.F.);
#1473 = EDGE_LOOP('',(#1474,#1475,#1476,#1497));
#1474 = ORIENTED_EDGE('',*,*,#1450,.T.);
#1475 = ORIENTED_EDGE('',*,*,#1210,.T.);
#1476 = ORIENTED_EDGE('',*,*,#1477,.F.);
#1477 = EDGE_CURVE('',#273,#1211,#1478,.T.);
#1478 = SURFACE_CURVE('',#1479,(#1483,#1490),.PCURVE_S1.);
#1479 = LINE('',#1480,#1481);
#1480 = CARTESIAN_POINT('',(41.999999990505,-47.99999999999,0.));
#1481 = VECTOR('',#1482,1.);
#1482 = DIRECTION('',(0.,0.,1.));
#1483 = PCURVE('',#288,#1484);
#1484 = DEFINITIONAL_REPRESENTATION('',(#1485),#1489);
#1485 = LINE('',#1486,#1487);
#1486 = CARTESIAN_POINT('',(83.999999990505,0.));
#1487 = VECTOR('',#1488,1.);
#1488 = DIRECTION('',(0.,-1.));
#1489 = ( GEOMETRIC_REPRESENTATION_CONTEXT(2) 
PARAMETRIC_REPRESENTATION_CONTEXT() REPRESENTATION_CONTEXT('2D SPACE',''
  ) );
#1490 = PCURVE('',#317,#1491);
#1491 = DEFINITIONAL_REPRESENTATION('',(#1492),#1496);
#1492 = LINE('',#1493,#1494);
#1493 = CARTESIAN_POINT('',(-4.712388980385,0.));
#1494 = VECTOR('',#1495,1.);
#1495 = DIRECTION('',(-0.,-1.));
#1496 = ( GEOMETRIC_REPRESENTATION_CONTEXT(2) 
PARAMETRIC_REPRESENTATION_CONTEXT() REPRESENTATION_CONTEXT('2D SPACE',''
  ) );
#1497 = ORIENTED_EDGE('',*,*,#272,.F.);
#1498 = ADVANCED_FACE('',(#1499),#402,.T.);
#1499 = FACE_BOUND('',#1500,.T.);
#1500 = EDGE_LOOP('',(#1501,#1502,#1503,#1524));
#1501 = ORIENTED_EDGE('',*,*,#501,.T.);
#1502 = ORIENTED_EDGE('',*,*,#793,.T.);
#1503 = ORIENTED_EDGE('',*,*,#1504,.F.);
#1504 = EDGE_CURVE('',#358,#770,#1505,.T.);
#1505 = SURFACE_CURVE('',#1506,(#1510,#1517),.PCURVE_S1.);
#1506 = LINE('',#1507,#1508);
#1507 = CARTESIAN_POINT('',(42.,47.999999995254,0.));
#1508 = VECTOR('',#1509,1.);
#1509 = DIRECTION('',(0.,0.,1.));
#1510 = PCURVE('',#402,#1511);
#1511 = DEFINITIONAL_REPRESENTATION('',(#1512),#1516);
#1512 = LINE('',#1513,#1514);
#1513 = CARTESIAN_POINT('',(84.,0.));
#1514 = VECTOR('',#1515,1.);
#1515 = DIRECTION('',(0.,-1.));
#1516 = ( GEOMETRIC_REPRESENTATION_CONTEXT(2) 
PARAMETRIC_REPRESENTATION_CONTEXT() REPRESENTATION_CONTEXT('2D SPACE',''
  ) );
#1517 = PCURVE('',#374,#1518);
#1518 = DEFINITIONAL_REPRESENTATION('',(#1519),#1523);
#1519 = LINE('',#1520,#1521);
#1520 = CARTESIAN_POINT('',(-1.570796326795,0.));
#1521 = VECTOR('',#1522,1.);
#1522 = DIRECTION('',(-0.,-1.));
#1523 = ( GEOMETRIC_REPRESENTATION_CONTEXT(2) 
PARAMETRIC_REPRESENTATION_CONTEXT() REPRESENTATION_CONTEXT('2D SPACE',''
  ) );
#1524 = ORIENTED_EDGE('',*,*,#386,.F.);
#1525 = ADVANCED_FACE('',(#1526),#317,.T.);
#1526 = FACE_BOUND('',#1527,.F.);
#1527 = EDGE_LOOP('',(#1528,#1529,#1530,#1551));
#1528 = ORIENTED_EDGE('',*,*,#1477,.T.);
#1529 = ORIENTED_EDGE('',*,*,#1233,.T.);
#1530 = ORIENTED_EDGE('',*,*,#1531,.F.);
#1531 = EDGE_CURVE('',#301,#1234,#1532,.T.);
#1532 = SURFACE_CURVE('',#1533,(#1537,#1544),.PCURVE_S1.);
#1533 = LINE('',#1534,#1535);
#1534 = CARTESIAN_POINT('',(47.999999995252,-41.99999999999,0.));
#1535 = VECTOR('',#1536,1.);
#1536 = DIRECTION('',(0.,0.,1.));
#1537 = PCURVE('',#317,#1538);
#1538 = DEFINITIONAL_REPRESENTATION('',(#1539),#1543);
#1539 = LINE('',#1540,#1541);
#1540 = CARTESIAN_POINT('',(-6.28318530718,0.));
#1541 = VECTOR('',#1542,1.);
#1542 = DIRECTION('',(-0.,-1.));
#1543 = ( GEOMETRIC_REPRESENTATION_CONTEXT(2) 
PARAMETRIC_REPRESENTATION_CONTEXT() REPRESENTATION_CONTEXT('2D SPACE',''
  ) );
#1544 = PCURVE('',#345,#1545);
#1545 = DEFINITIONAL_REPRESENTATION('',(#1546),#1550);
#1546 = LINE('',#1547,#1548);
#1547 = CARTESIAN_POINT('',(0.,0.));
#1548 = VECTOR('',#1549,1.);
#1549 = DIRECTION('',(0.,-1.));
#1550 = ( GEOMETRIC_REPRESENTATION_CONTEXT(2) 
PARAMETRIC_REPRESENTATION_CONTEXT() REPRESENTATION_CONTEXT('2D SPACE',''
  ) );
#1551 = ORIENTED_EDGE('',*,*,#300,.F.);
#1552 = ADVANCED_FACE('',(#1553),#374,.T.);
#1553 = FACE_BOUND('',#1554,.F.);
#1554 = EDGE_LOOP('',(#1555,#1576,#1577,#1578));
#1555 = ORIENTED_EDGE('',*,*,#1556,.T.);
#1556 = EDGE_CURVE('',#330,#747,#1557,.T.);
#1557 = SURFACE_CURVE('',#1558,(#1562,#1569),.PCURVE_S1.);
#1558 = LINE('',#1559,#1560);
#1559 = CARTESIAN_POINT('',(48.,41.999999990506,0.));
#1560 = VECTOR('',#1561,1.);
#1561 = DIRECTION('',(0.,0.,1.));
#1562 = PCURVE('',#374,#1563);
#1563 = DEFINITIONAL_REPRESENTATION('',(#1564),#1568);
#1564 = LINE('',#1565,#1566);
#1565 = CARTESIAN_POINT('',(-0.,0.));
#1566 = VECTOR('',#1567,1.);
#1567 = DIRECTION('',(-0.,-1.));
#1568 = ( GEOMETRIC_REPRESENTATION_CONTEXT(2) 
PARAMETRIC_REPRESENTATION_CONTEXT() REPRESENTATION_CONTEXT('2D SPACE',''
  ) );
#1569 = PCURVE('',#345,#1570);
#1570 = DEFINITIONAL_REPRESENTATION('',(#1571),#1575);
#1571 = LINE('',#1572,#1573);
#1572 = CARTESIAN_POINT('',(83.999999990505,0.));
#1573 = VECTOR('',#1574,1.);
#1574 = DIRECTION('',(0.,-1.));
#1575 = ( GEOMETRIC_REPRESENTATION_CONTEXT(2) 
PARAMETRIC_REPRESENTATION_CONTEXT() REPRESENTATION_CONTEXT('2D SPACE',''
  ) );
#1576 = ORIENTED_EDGE('',*,*,#769,.T.);
#1577 = ORIENTED_EDGE('',*,*,#1504,.F.);
#1578 = ORIENTED_EDGE('',*,*,#357,.F.);
#1579 = ADVANCED_FACE('',(#1580),#345,.F.);
#1580 = FACE_BOUND('',#1581,.F.);
#1581 = EDGE_LOOP('',(#1582,#1583,#1584,#1585,#1606,#1632,#1651,#1652));
#1582 = ORIENTED_EDGE('',*,*,#329,.F.);
#1583 = ORIENTED_EDGE('',*,*,#1531,.T.);
#1584 = ORIENTED_EDGE('',*,*,#1257,.T.);
#1585 = ORIENTED_EDGE('',*,*,#1586,.F.);
#1586 = EDGE_CURVE('',#1587,#1258,#1589,.T.);
#1587 = VERTEX_POINT('',#1588);
#1588 = CARTESIAN_POINT('',(48.,-16.,3.5));
#1589 = SURFACE_CURVE('',#1590,(#1594,#1600),.PCURVE_S1.);
#1590 = LINE('',#1591,#1592);
#1591 = CARTESIAN_POINT('',(48.,-16.,3.5));
#1592 = VECTOR('',#1593,1.);
#1593 = DIRECTION('',(0.,0.,1.));
#1594 = PCURVE('',#345,#1595);
#1595 = DEFINITIONAL_REPRESENTATION('',(#1596),#1599);
#1596 = B_SPLINE_CURVE_WITH_KNOTS('',1,(#1597,#1598),.UNSPECIFIED.,.F.,
  .F.,(2,2),(-5.999999999062E-07,7.5000006),.PIECEWISE_BEZIER_KNOTS.);
#1597 = CARTESIAN_POINT('',(25.999999999999,-3.4999994));
#1598 = CARTESIAN_POINT('',(25.999999999999,-11.0000006));
#1599 = ( GEOMETRIC_REPRESENTATION_CONTEXT(2) 
PARAMETRIC_REPRESENTATION_CONTEXT() REPRESENTATION_CONTEXT('2D SPACE',''
  ) );
#1600 = PCURVE('',#1297,#1601);
#1601 = DEFINITIONAL_REPRESENTATION('',(#1602),#1605);
#1602 = B_SPLINE_CURVE_WITH_KNOTS('',1,(#1603,#1604),.UNSPECIFIED.,.F.,
  .F.,(2,2),(-5.999999999062E-07,7.5000006),.PIECEWISE_BEZIER_KNOTS.);
#1603 = CARTESIAN_POINT('',(4.712388980385,-5.999999999062E-07));
#1604 = CARTESIAN_POINT('',(4.712388980385,7.5000006));
#1605 = ( GEOMETRIC_REPRESENTATION_CONTEXT(2) 
PARAMETRIC_REPRESENTATION_CONTEXT() REPRESENTATION_CONTEXT('2D SPACE',''
  ) );
#1606 = ORIENTED_EDGE('',*,*,#1607,.T.);
#1607 = EDGE_CURVE('',#1587,#1608,#1610,.T.);
#1608 = VERTEX_POINT('',#1609);
#1609 = CARTESIAN_POINT('',(48.,16.,3.5));
#1610 = SURFACE_CURVE('',#1611,(#1615,#1621),.PCURVE_S1.);
#1611 = LINE('',#1612,#1613);
#1612 = CARTESIAN_POINT('',(48.,-20.99999999999,3.5));
#1613 = VECTOR('',#1614,1.);
#1614 = DIRECTION('',(0.,1.,-0.));
#1615 = PCURVE('',#345,#1616);
#1616 = DEFINITIONAL_REPRESENTATION('',(#1617),#1620);
#1617 = B_SPLINE_CURVE_WITH_KNOTS('',1,(#1618,#1619),.UNSPECIFIED.,.F.,
  .F.,(2,2),(4.999999999999,36.999999999999),.PIECEWISE_BEZIER_KNOTS.);
#1618 = CARTESIAN_POINT('',(25.999999999999,-3.5));
#1619 = CARTESIAN_POINT('',(57.999999999999,-3.5));
#1620 = ( GEOMETRIC_REPRESENTATION_CONTEXT(2) 
PARAMETRIC_REPRESENTATION_CONTEXT() REPRESENTATION_CONTEXT('2D SPACE',''
  ) );
#1621 = PCURVE('',#1622,#1627);
#1622 = PLANE('',#1623);
#1623 = AXIS2_PLACEMENT_3D('',#1624,#1625,#1626);
#1624 = CARTESIAN_POINT('',(48.,0.,3.5));
#1625 = DIRECTION('',(0.,0.,1.));
#1626 = DIRECTION('',(1.,0.,0.));
#1627 = DEFINITIONAL_REPRESENTATION('',(#1628),#1631);
#1628 = B_SPLINE_CURVE_WITH_KNOTS('',1,(#1629,#1630),.UNSPECIFIED.,.F.,
  .F.,(2,2),(4.999999999999,36.999999999999),.PIECEWISE_BEZIER_KNOTS.);
#1629 = CARTESIAN_POINT('',(0.,-16.));
#1630 = CARTESIAN_POINT('',(0.,16.));
#1631 = ( GEOMETRIC_REPRESENTATION_CONTEXT(2) 
PARAMETRIC_REPRESENTATION_CONTEXT() REPRESENTATION_CONTEXT('2D SPACE',''
  ) );
#1632 = ORIENTED_EDGE('',*,*,#1633,.T.);
#1633 = EDGE_CURVE('',#1608,#718,#1634,.T.);
#1634 = SURFACE_CURVE('',#1635,(#1639,#1645),.PCURVE_S1.);
#1635 = LINE('',#1636,#1637);
#1636 = CARTESIAN_POINT('',(48.,16.,3.5));
#1637 = VECTOR('',#1638,1.);
#1638 = DIRECTION('',(0.,0.,1.));
#1639 = PCURVE('',#345,#1640);
#1640 = DEFINITIONAL_REPRESENTATION('',(#1641),#1644);
#1641 = B_SPLINE_CURVE_WITH_KNOTS('',1,(#1642,#1643),.UNSPECIFIED.,.F.,
  .F.,(2,2),(-5.999999999062E-07,7.5000006),.PIECEWISE_BEZIER_KNOTS.);
#1642 = CARTESIAN_POINT('',(57.999999999999,-3.4999994));
#1643 = CARTESIAN_POINT('',(57.999999999999,-11.0000006));
#1644 = ( GEOMETRIC_REPRESENTATION_CONTEXT(2) 
PARAMETRIC_REPRESENTATION_CONTEXT() REPRESENTATION_CONTEXT('2D SPACE',''
  ) );
#1645 = PCURVE('',#734,#1646);
#1646 = DEFINITIONAL_REPRESENTATION('',(#1647),#1650);
#1647 = B_SPLINE_CURVE_WITH_KNOTS('',1,(#1648,#1649),.UNSPECIFIED.,.F.,
  .F.,(2,2),(-5.999999999062E-07,7.5000006),.PIECEWISE_BEZIER_KNOTS.);
#1648 = CARTESIAN_POINT('',(1.570796326795,-5.999999999062E-07));
#1649 = CARTESIAN_POINT('',(1.570796326795,7.5000006));
#1650 = ( GEOMETRIC_REPRESENTATION_CONTEXT(2) 
PARAMETRIC_REPRESENTATION_CONTEXT() REPRESENTATION_CONTEXT('2D SPACE',''
  ) );
#1651 = ORIENTED_EDGE('',*,*,#746,.T.);
#1652 = ORIENTED_EDGE('',*,*,#1556,.F.);
#1653 = ADVANCED_FACE('',(#1654),#455,.F.);
#1654 = FACE_BOUND('',#1655,.F.);
#1655 = EDGE_LOOP('',(#1656,#1657,#1680,#1707));
#1656 = ORIENTED_EDGE('',*,*,#438,.T.);
#1657 = ORIENTED_EDGE('',*,*,#1658,.T.);
#1658 = EDGE_CURVE('',#439,#1659,#1661,.T.);
#1659 = VERTEX_POINT('',#1660);
#1660 = CARTESIAN_POINT('',(2.2,-20.,2.5));
#1661 = SEAM_CURVE('',#1662,(#1666,#1673),.PCURVE_S1.);
#1662 = LINE('',#1663,#1664);
#1663 = CARTESIAN_POINT('',(2.2,-20.,-2.));
#1664 = VECTOR('',#1665,1.);
#1665 = DIRECTION('',(0.,0.,1.));
#1666 = PCURVE('',#455,#1667);
#1667 = DEFINITIONAL_REPRESENTATION('',(#1668),#1672);
#1668 = LINE('',#1669,#1670);
#1669 = CARTESIAN_POINT('',(0.,-0.));
#1670 = VECTOR('',#1671,1.);
#1671 = DIRECTION('',(0.,1.));
#1672 = ( GEOMETRIC_REPRESENTATION_CONTEXT(2) 
PARAMETRIC_REPRESENTATION_CONTEXT() REPRESENTATION_CONTEXT('2D SPACE',''
  ) );
#1673 = PCURVE('',#455,#1674);
#1674 = DEFINITIONAL_REPRESENTATION('',(#1675),#1679);
#1675 = LINE('',#1676,#1677);
#1676 = CARTESIAN_POINT('',(6.28318530718,-0.));
#1677 = VECTOR('',#1678,1.);
#1678 = DIRECTION('',(0.,1.));
#1679 = ( GEOMETRIC_REPRESENTATION_CONTEXT(2) 
PARAMETRIC_REPRESENTATION_CONTEXT() REPRESENTATION_CONTEXT('2D SPACE',''
  ) );
#1680 = ORIENTED_EDGE('',*,*,#1681,.F.);
#1681 = EDGE_CURVE('',#1659,#1659,#1682,.T.);
#1682 = SURFACE_CURVE('',#1683,(#1688,#1695),.PCURVE_S1.);
#1683 = CIRCLE('',#1684,2.2);
#1684 = AXIS2_PLACEMENT_3D('',#1685,#1686,#1687);
#1685 = CARTESIAN_POINT('',(0.,-20.,2.5));
#1686 = DIRECTION('',(0.,0.,1.));
#1687 = DIRECTION('',(1.,0.,0.));
#1688 = PCURVE('',#455,#1689);
#1689 = DEFINITIONAL_REPRESENTATION('',(#1690),#1694);
#1690 = LINE('',#1691,#1692);
#1691 = CARTESIAN_POINT('',(0.,4.5));
#1692 = VECTOR('',#1693,1.);
#1693 = DIRECTION('',(1.,0.));
#1694 = ( GEOMETRIC_REPRESENTATION_CONTEXT(2) 
PARAMETRIC_REPRESENTATION_CONTEXT() REPRESENTATION_CONTEXT('2D SPACE',''
  ) );
#1695 = PCURVE('',#1696,#1701);
#1696 = CONICAL_SURFACE('',#1697,2.2,0.785398163397);
#1697 = AXIS2_PLACEMENT_3D('',#1698,#1699,#1700);
#1698 = CARTESIAN_POINT('',(0.,-20.,2.5));
#1699 = DIRECTION('',(0.,0.,1.));
#1700 = DIRECTION('',(1.,0.,0.));
#1701 = DEFINITIONAL_REPRESENTATION('',(#1702),#1706);
#1702 = LINE('',#1703,#1704);
#1703 = CARTESIAN_POINT('',(0.,0.));
#1704 = VECTOR('',#1705,1.);
#1705 = DIRECTION('',(1.,0.));
#1706 = ( GEOMETRIC_REPRESENTATION_CONTEXT(2) 
PARAMETRIC_REPRESENTATION_CONTEXT() REPRESENTATION_CONTEXT('2D SPACE',''
  ) );
#1707 = ORIENTED_EDGE('',*,*,#1658,.F.);
#1708 = ADVANCED_FACE('',(#1709),#486,.F.);
#1709 = FACE_BOUND('',#1710,.F.);
#1710 = EDGE_LOOP('',(#1711,#1712,#1735,#1762));
#1711 = ORIENTED_EDGE('',*,*,#469,.T.);
#1712 = ORIENTED_EDGE('',*,*,#1713,.T.);
#1713 = EDGE_CURVE('',#470,#1714,#1716,.T.);
#1714 = VERTEX_POINT('',#1715);
#1715 = CARTESIAN_POINT('',(2.2,20.,2.5));
#1716 = SEAM_CURVE('',#1717,(#1721,#1728),.PCURVE_S1.);
#1717 = LINE('',#1718,#1719);
#1718 = CARTESIAN_POINT('',(2.2,20.,-2.));
#1719 = VECTOR('',#1720,1.);
#1720 = DIRECTION('',(0.,0.,1.));
#1721 = PCURVE('',#486,#1722);
#1722 = DEFINITIONAL_REPRESENTATION('',(#1723),#1727);
#1723 = LINE('',#1724,#1725);
#1724 = CARTESIAN_POINT('',(0.,-0.));
#1725 = VECTOR('',#1726,1.);
#1726 = DIRECTION('',(0.,1.));
#1727 = ( GEOMETRIC_REPRESENTATION_CONTEXT(2) 
PARAMETRIC_REPRESENTATION_CONTEXT() REPRESENTATION_CONTEXT('2D SPACE',''
  ) );
#1728 = PCURVE('',#486,#1729);
#1729 = DEFINITIONAL_REPRESENTATION('',(#1730),#1734);
#1730 = LINE('',#1731,#1732);
#1731 = CARTESIAN_POINT('',(6.28318530718,-0.));
#1732 = VECTOR('',#1733,1.);
#1733 = DIRECTION('',(0.,1.));
#1734 = ( GEOMETRIC_REPRESENTATION_CONTEXT(2) 
PARAMETRIC_REPRESENTATION_CONTEXT() REPRESENTATION_CONTEXT('2D SPACE',''
  ) );
#1735 = ORIENTED_EDGE('',*,*,#1736,.F.);
#1736 = EDGE_CURVE('',#1714,#1714,#1737,.T.);
#1737 = SURFACE_CURVE('',#1738,(#1743,#1750),.PCURVE_S1.);
#1738 = CIRCLE('',#1739,2.2);
#1739 = AXIS2_PLACEMENT_3D('',#1740,#1741,#1742);
#1740 = CARTESIAN_POINT('',(0.,20.,2.5));
#1741 = DIRECTION('',(0.,0.,1.));
#1742 = DIRECTION('',(1.,0.,0.));
#1743 = PCURVE('',#486,#1744);
#1744 = DEFINITIONAL_REPRESENTATION('',(#1745),#1749);
#1745 = LINE('',#1746,#1747);
#1746 = CARTESIAN_POINT('',(0.,4.5));
#1747 = VECTOR('',#1748,1.);
#1748 = DIRECTION('',(1.,0.));
#1749 = ( GEOMETRIC_REPRESENTATION_CONTEXT(2) 
PARAMETRIC_REPRESENTATION_CONTEXT() REPRESENTATION_CONTEXT('2D SPACE',''
  ) );
#1750 = PCURVE('',#1751,#1756);
#1751 = CONICAL_SURFACE('',#1752,2.2,0.785398163397);
#1752 = AXIS2_PLACEMENT_3D('',#1753,#1754,#1755);
#1753 = CARTESIAN_POINT('',(0.,20.,2.5));
#1754 = DIRECTION('',(0.,0.,1.));
#1755 = DIRECTION('',(1.,0.,0.));
#1756 = DEFINITIONAL_REPRESENTATION('',(#1757),#1761);
#1757 = LINE('',#1758,#1759);
#1758 = CARTESIAN_POINT('',(0.,0.));
#1759 = VECTOR('',#1760,1.);
#1760 = DIRECTION('',(1.,0.));
#1761 = ( GEOMETRIC_REPRESENTATION_CONTEXT(2) 
PARAMETRIC_REPRESENTATION_CONTEXT() REPRESENTATION_CONTEXT('2D SPACE',''
  ) );
#1762 = ORIENTED_EDGE('',*,*,#1713,.F.);
#1763 = ADVANCED_FACE('',(#1764),#734,.F.);
#1764 = FACE_BOUND('',#1765,.F.);
#1765 = EDGE_LOOP('',(#1766,#1767,#1768,#1792,#1818,#1842,#1868,#1892));
#1766 = ORIENTED_EDGE('',*,*,#717,.F.);
#1767 = ORIENTED_EDGE('',*,*,#1633,.F.);
#1768 = ORIENTED_EDGE('',*,*,#1769,.T.);
#1769 = EDGE_CURVE('',#1608,#1770,#1772,.T.);
#1770 = VERTEX_POINT('',#1771);
#1771 = CARTESIAN_POINT('',(32.2630625,2.889428684203,3.5));
#1772 = SURFACE_CURVE('',#1773,(#1778,#1785),.PCURVE_S1.);
#1773 = CIRCLE('',#1774,16.);
#1774 = AXIS2_PLACEMENT_3D('',#1775,#1776,#1777);
#1775 = CARTESIAN_POINT('',(48.,0.,3.5));
#1776 = DIRECTION('',(0.,0.,1.));
#1777 = DIRECTION('',(1.,0.,0.));
#1778 = PCURVE('',#734,#1779);
#1779 = DEFINITIONAL_REPRESENTATION('',(#1780),#1784);
#1780 = LINE('',#1781,#1782);
#1781 = CARTESIAN_POINT('',(0.,0.));
#1782 = VECTOR('',#1783,1.);
#1783 = DIRECTION('',(1.,0.));
#1784 = ( GEOMETRIC_REPRESENTATION_CONTEXT(2) 
PARAMETRIC_REPRESENTATION_CONTEXT() REPRESENTATION_CONTEXT('2D SPACE',''
  ) );
#1785 = PCURVE('',#1622,#1786);
#1786 = DEFINITIONAL_REPRESENTATION('',(#1787),#1791);
#1787 = CIRCLE('',#1788,16.);
#1788 = AXIS2_PLACEMENT_2D('',#1789,#1790);
#1789 = CARTESIAN_POINT('',(0.,0.));
#1790 = DIRECTION('',(1.,0.));
#1791 = ( GEOMETRIC_REPRESENTATION_CONTEXT(2) 
PARAMETRIC_REPRESENTATION_CONTEXT() REPRESENTATION_CONTEXT('2D SPACE',''
  ) );
#1792 = ORIENTED_EDGE('',*,*,#1793,.T.);
#1793 = EDGE_CURVE('',#1770,#1794,#1796,.T.);
#1794 = VERTEX_POINT('',#1795);
#1795 = CARTESIAN_POINT('',(32.2630625,2.889428684203,4.5));
#1796 = SURFACE_CURVE('',#1797,(#1801,#1807),.PCURVE_S1.);
#1797 = LINE('',#1798,#1799);
#1798 = CARTESIAN_POINT('',(32.2630625,2.889428684203,3.5));
#1799 = VECTOR('',#1800,1.);
#1800 = DIRECTION('',(0.,0.,1.));
#1801 = PCURVE('',#734,#1802);
#1802 = DEFINITIONAL_REPRESENTATION('',(#1803),#1806);
#1803 = B_SPLINE_CURVE_WITH_KNOTS('',1,(#1804,#1805),.UNSPECIFIED.,.F.,
  .F.,(2,2),(-5.999999999062E-07,1.0000006),.PIECEWISE_BEZIER_KNOTS.);
#1804 = CARTESIAN_POINT('',(2.960007091734,-5.999999999062E-07));
#1805 = CARTESIAN_POINT('',(2.960007091734,1.0000006));
#1806 = ( GEOMETRIC_REPRESENTATION_CONTEXT(2) 
PARAMETRIC_REPRESENTATION_CONTEXT() REPRESENTATION_CONTEXT('2D SPACE',''
  ) );
#1807 = PCURVE('',#1808,#1813);
#1808 = CYLINDRICAL_SURFACE('',#1809,5.15);
#1809 = AXIS2_PLACEMENT_3D('',#1810,#1811,#1812);
#1810 = CARTESIAN_POINT('',(28.,0.,2.4));
#1811 = DIRECTION('',(0.,0.,1.));
#1812 = DIRECTION('',(1.,0.,0.));
#1813 = DEFINITIONAL_REPRESENTATION('',(#1814),#1817);
#1814 = B_SPLINE_CURVE_WITH_KNOTS('',1,(#1815,#1816),.UNSPECIFIED.,.F.,
  .F.,(2,2),(-5.999999999062E-07,1.0000006),.PIECEWISE_BEZIER_KNOTS.);
#1815 = CARTESIAN_POINT('',(0.595658674825,1.0999994));
#1816 = CARTESIAN_POINT('',(0.595658674825,2.1000006));
#1817 = ( GEOMETRIC_REPRESENTATION_CONTEXT(2) 
PARAMETRIC_REPRESENTATION_CONTEXT() REPRESENTATION_CONTEXT('2D SPACE',''
  ) );
#1818 = ORIENTED_EDGE('',*,*,#1819,.F.);
#1819 = EDGE_CURVE('',#1820,#1794,#1822,.T.);
#1820 = VERTEX_POINT('',#1821);
#1821 = CARTESIAN_POINT('',(43.4,15.324490203592,4.5));
#1822 = SURFACE_CURVE('',#1823,(#1828,#1835),.PCURVE_S1.);
#1823 = CIRCLE('',#1824,16.);
#1824 = AXIS2_PLACEMENT_3D('',#1825,#1826,#1827);
#1825 = CARTESIAN_POINT('',(48.,0.,4.5));
#1826 = DIRECTION('',(0.,0.,1.));
#1827 = DIRECTION('',(1.,0.,-0.));
#1828 = PCURVE('',#734,#1829);
#1829 = DEFINITIONAL_REPRESENTATION('',(#1830),#1834);
#1830 = LINE('',#1831,#1832);
#1831 = CARTESIAN_POINT('',(0.,1.));
#1832 = VECTOR('',#1833,1.);
#1833 = DIRECTION('',(1.,0.));
#1834 = ( GEOMETRIC_REPRESENTATION_CONTEXT(2) 
PARAMETRIC_REPRESENTATION_CONTEXT() REPRESENTATION_CONTEXT('2D SPACE',''
  ) );
#1835 = PCURVE('',#911,#1836);
#1836 = DEFINITIONAL_REPRESENTATION('',(#1837),#1841);
#1837 = CIRCLE('',#1838,16.);
#1838 = AXIS2_PLACEMENT_2D('',#1839,#1840);
#1839 = CARTESIAN_POINT('',(48.000000002019,2.090578250437E-09));
#1840 = DIRECTION('',(1.,0.));
#1841 = ( GEOMETRIC_REPRESENTATION_CONTEXT(2) 
PARAMETRIC_REPRESENTATION_CONTEXT() REPRESENTATION_CONTEXT('2D SPACE',''
  ) );
#1842 = ORIENTED_EDGE('',*,*,#1843,.T.);
#1843 = EDGE_CURVE('',#1820,#1844,#1846,.T.);
#1844 = VERTEX_POINT('',#1845);
#1845 = CARTESIAN_POINT('',(43.4,15.324490203592,9.5));
#1846 = SURFACE_CURVE('',#1847,(#1851,#1857),.PCURVE_S1.);
#1847 = LINE('',#1848,#1849);
#1848 = CARTESIAN_POINT('',(43.4,15.324490203592,3.5));
#1849 = VECTOR('',#1850,1.);
#1850 = DIRECTION('',(0.,0.,1.));
#1851 = PCURVE('',#734,#1852);
#1852 = DEFINITIONAL_REPRESENTATION('',(#1853),#1856);
#1853 = B_SPLINE_CURVE_WITH_KNOTS('',1,(#1854,#1855),.UNSPECIFIED.,.F.,
  .F.,(2,2),(0.5,6.5),.PIECEWISE_BEZIER_KNOTS.);
#1854 = CARTESIAN_POINT('',(1.862411937188,0.5));
#1855 = CARTESIAN_POINT('',(1.862411937188,6.5));
#1856 = ( GEOMETRIC_REPRESENTATION_CONTEXT(2) 
PARAMETRIC_REPRESENTATION_CONTEXT() REPRESENTATION_CONTEXT('2D SPACE',''
  ) );
#1857 = PCURVE('',#1858,#1863);
#1858 = PLANE('',#1859);
#1859 = AXIS2_PLACEMENT_3D('',#1860,#1861,#1862);
#1860 = CARTESIAN_POINT('',(43.4,-40.39999999999,11.));
#1861 = DIRECTION('',(1.,0.,0.));
#1862 = DIRECTION('',(-0.,1.,0.));
#1863 = DEFINITIONAL_REPRESENTATION('',(#1864),#1867);
#1864 = B_SPLINE_CURVE_WITH_KNOTS('',1,(#1865,#1866),.UNSPECIFIED.,.F.,
  .F.,(2,2),(0.5,6.5),.PIECEWISE_BEZIER_KNOTS.);
#1865 = CARTESIAN_POINT('',(55.724490203589,-7.));
#1866 = CARTESIAN_POINT('',(55.724490203589,-1.));
#1867 = ( GEOMETRIC_REPRESENTATION_CONTEXT(2) 
PARAMETRIC_REPRESENTATION_CONTEXT() REPRESENTATION_CONTEXT('2D SPACE',''
  ) );
#1868 = ORIENTED_EDGE('',*,*,#1869,.F.);
#1869 = EDGE_CURVE('',#1870,#1844,#1872,.T.);
#1870 = VERTEX_POINT('',#1871);
#1871 = CARTESIAN_POINT('',(44.9,15.696814963552,9.5));
#1872 = SURFACE_CURVE('',#1873,(#1878,#1885),.PCURVE_S1.);
#1873 = CIRCLE('',#1874,16.);
#1874 = AXIS2_PLACEMENT_3D('',#1875,#1876,#1877);
#1875 = CARTESIAN_POINT('',(48.,0.,9.5));
#1876 = DIRECTION('',(0.,0.,1.));
#1877 = DIRECTION('',(1.,0.,-0.));
#1878 = PCURVE('',#734,#1879);
#1879 = DEFINITIONAL_REPRESENTATION('',(#1880),#1884);
#1880 = LINE('',#1881,#1882);
#1881 = CARTESIAN_POINT('',(0.,6.));
#1882 = VECTOR('',#1883,1.);
#1883 = DIRECTION('',(1.,0.));
#1884 = ( GEOMETRIC_REPRESENTATION_CONTEXT(2) 
PARAMETRIC_REPRESENTATION_CONTEXT() REPRESENTATION_CONTEXT('2D SPACE',''
  ) );
#1885 = PCURVE('',#856,#1886);
#1886 = DEFINITIONAL_REPRESENTATION('',(#1887),#1891);
#1887 = CIRCLE('',#1888,16.);
#1888 = AXIS2_PLACEMENT_2D('',#1889,#1890);
#1889 = CARTESIAN_POINT('',(48.000000001594,1.667079368837E-09));
#1890 = DIRECTION('',(1.,0.));
#1891 = ( GEOMETRIC_REPRESENTATION_CONTEXT(2) 
PARAMETRIC_REPRESENTATION_CONTEXT() REPRESENTATION_CONTEXT('2D SPACE',''
  ) );
#1892 = ORIENTED_EDGE('',*,*,#1893,.T.);
#1893 = EDGE_CURVE('',#1870,#690,#1894,.T.);
#1894 = SURFACE_CURVE('',#1895,(#1899,#1905),.PCURVE_S1.);
#1895 = LINE('',#1896,#1897);
#1896 = CARTESIAN_POINT('',(44.9,15.696814963552,3.5));
#1897 = VECTOR('',#1898,1.);
#1898 = DIRECTION('',(0.,0.,1.));
#1899 = PCURVE('',#734,#1900);
#1900 = DEFINITIONAL_REPRESENTATION('',(#1901),#1904);
#1901 = B_SPLINE_CURVE_WITH_KNOTS('',1,(#1902,#1903),.UNSPECIFIED.,.F.,
  .F.,(2,2),(5.85,7.5000006),.PIECEWISE_BEZIER_KNOTS.);
#1902 = CARTESIAN_POINT('',(1.765779472431,5.85));
#1903 = CARTESIAN_POINT('',(1.765779472431,7.5000006));
#1904 = ( GEOMETRIC_REPRESENTATION_CONTEXT(2) 
PARAMETRIC_REPRESENTATION_CONTEXT() REPRESENTATION_CONTEXT('2D SPACE',''
  ) );
#1905 = PCURVE('',#705,#1906);
#1906 = DEFINITIONAL_REPRESENTATION('',(#1907),#1910);
#1907 = B_SPLINE_CURVE_WITH_KNOTS('',1,(#1908,#1909),.UNSPECIFIED.,.F.,
  .F.,(2,2),(5.85,7.5000006),.PIECEWISE_BEZIER_KNOTS.);
#1908 = CARTESIAN_POINT('',(56.59681496355,-1.65));
#1909 = CARTESIAN_POINT('',(56.59681496355,5.999999999062E-07));
#1910 = ( GEOMETRIC_REPRESENTATION_CONTEXT(2) 
PARAMETRIC_REPRESENTATION_CONTEXT() REPRESENTATION_CONTEXT('2D SPACE',''
  ) );
#1911 = ADVANCED_FACE('',(#1912),#705,.F.);
#1912 = FACE_BOUND('',#1913,.F.);
#1913 = EDGE_LOOP('',(#1914,#1915,#1916,#1939));
#1914 = ORIENTED_EDGE('',*,*,#689,.F.);
#1915 = ORIENTED_EDGE('',*,*,#1893,.F.);
#1916 = ORIENTED_EDGE('',*,*,#1917,.T.);
#1917 = EDGE_CURVE('',#1870,#1918,#1920,.T.);
#1918 = VERTEX_POINT('',#1919);
#1919 = CARTESIAN_POINT('',(44.9,40.899999988093,9.5));
#1920 = SURFACE_CURVE('',#1921,(#1925,#1932),.PCURVE_S1.);
#1921 = LINE('',#1922,#1923);
#1922 = CARTESIAN_POINT('',(44.9,1.946887095983E-12,9.5));
#1923 = VECTOR('',#1924,1.);
#1924 = DIRECTION('',(0.,1.,0.));
#1925 = PCURVE('',#705,#1926);
#1926 = DEFINITIONAL_REPRESENTATION('',(#1927),#1931);
#1927 = LINE('',#1928,#1929);
#1928 = CARTESIAN_POINT('',(40.9,-1.5));
#1929 = VECTOR('',#1930,1.);
#1930 = DIRECTION('',(1.,0.));
#1931 = ( GEOMETRIC_REPRESENTATION_CONTEXT(2) 
PARAMETRIC_REPRESENTATION_CONTEXT() REPRESENTATION_CONTEXT('2D SPACE',''
  ) );
#1932 = PCURVE('',#856,#1933);
#1933 = DEFINITIONAL_REPRESENTATION('',(#1934),#1938);
#1934 = LINE('',#1935,#1936);
#1935 = CARTESIAN_POINT('',(44.900000001594,1.669026255933E-09));
#1936 = VECTOR('',#1937,1.);
#1937 = DIRECTION('',(0.,1.));
#1938 = ( GEOMETRIC_REPRESENTATION_CONTEXT(2) 
PARAMETRIC_REPRESENTATION_CONTEXT() REPRESENTATION_CONTEXT('2D SPACE',''
  ) );
#1939 = ORIENTED_EDGE('',*,*,#1940,.F.);
#1940 = EDGE_CURVE('',#661,#1918,#1941,.T.);
#1941 = SURFACE_CURVE('',#1942,(#1946,#1953),.PCURVE_S1.);
#1942 = LINE('',#1943,#1944);
#1943 = CARTESIAN_POINT('',(44.9,40.899999988093,11.));
#1944 = VECTOR('',#1945,1.);
#1945 = DIRECTION('',(-0.,-0.,-1.));
#1946 = PCURVE('',#705,#1947);
#1947 = DEFINITIONAL_REPRESENTATION('',(#1948),#1952);
#1948 = LINE('',#1949,#1950);
#1949 = CARTESIAN_POINT('',(81.799999988091,0.));
#1950 = VECTOR('',#1951,1.);
#1951 = DIRECTION('',(0.,-1.));
#1952 = ( GEOMETRIC_REPRESENTATION_CONTEXT(2) 
PARAMETRIC_REPRESENTATION_CONTEXT() REPRESENTATION_CONTEXT('2D SPACE',''
  ) );
#1953 = PCURVE('',#677,#1954);
#1954 = DEFINITIONAL_REPRESENTATION('',(#1955),#1959);
#1955 = LINE('',#1956,#1957);
#1956 = CARTESIAN_POINT('',(0.,0.));
#1957 = VECTOR('',#1958,1.);
#1958 = DIRECTION('',(0.,-1.));
#1959 = ( GEOMETRIC_REPRESENTATION_CONTEXT(2) 
PARAMETRIC_REPRESENTATION_CONTEXT() REPRESENTATION_CONTEXT('2D SPACE',''
  ) );
#1960 = ADVANCED_FACE('',(#1961),#677,.F.);
#1961 = FACE_BOUND('',#1962,.F.);
#1962 = EDGE_LOOP('',(#1963,#1964,#1988,#2009));
#1963 = ORIENTED_EDGE('',*,*,#1940,.T.);
#1964 = ORIENTED_EDGE('',*,*,#1965,.T.);
#1965 = EDGE_CURVE('',#1918,#1966,#1968,.T.);
#1966 = VERTEX_POINT('',#1967);
#1967 = CARTESIAN_POINT('',(40.9,44.899999994047,9.5));
#1968 = SURFACE_CURVE('',#1969,(#1974,#1981),.PCURVE_S1.);
#1969 = CIRCLE('',#1970,4.);
#1970 = AXIS2_PLACEMENT_3D('',#1971,#1972,#1973);
#1971 = CARTESIAN_POINT('',(40.9,40.899999988093,9.5));
#1972 = DIRECTION('',(0.,0.,1.));
#1973 = DIRECTION('',(1.,0.,0.));
#1974 = PCURVE('',#677,#1975);
#1975 = DEFINITIONAL_REPRESENTATION('',(#1976),#1980);
#1976 = LINE('',#1977,#1978);
#1977 = CARTESIAN_POINT('',(0.,-1.5));
#1978 = VECTOR('',#1979,1.);
#1979 = DIRECTION('',(1.,0.));
#1980 = ( GEOMETRIC_REPRESENTATION_CONTEXT(2) 
PARAMETRIC_REPRESENTATION_CONTEXT() REPRESENTATION_CONTEXT('2D SPACE',''
  ) );
#1981 = PCURVE('',#856,#1982);
#1982 = DEFINITIONAL_REPRESENTATION('',(#1983),#1987);
#1983 = CIRCLE('',#1984,4.);
#1984 = AXIS2_PLACEMENT_2D('',#1985,#1986);
#1985 = CARTESIAN_POINT('',(40.900000001594,40.89999998976));
#1986 = DIRECTION('',(1.,0.));
#1987 = ( GEOMETRIC_REPRESENTATION_CONTEXT(2) 
PARAMETRIC_REPRESENTATION_CONTEXT() REPRESENTATION_CONTEXT('2D SPACE',''
  ) );
#1988 = ORIENTED_EDGE('',*,*,#1989,.F.);
#1989 = EDGE_CURVE('',#633,#1966,#1990,.T.);
#1990 = SURFACE_CURVE('',#1991,(#1995,#2002),.PCURVE_S1.);
#1991 = LINE('',#1992,#1993);
#1992 = CARTESIAN_POINT('',(40.9,44.899999994047,11.));
#1993 = VECTOR('',#1994,1.);
#1994 = DIRECTION('',(-0.,-0.,-1.));
#1995 = PCURVE('',#677,#1996);
#1996 = DEFINITIONAL_REPRESENTATION('',(#1997),#2001);
#1997 = LINE('',#1998,#1999);
#1998 = CARTESIAN_POINT('',(1.570796326795,0.));
#1999 = VECTOR('',#2000,1.);
#2000 = DIRECTION('',(0.,-1.));
#2001 = ( GEOMETRIC_REPRESENTATION_CONTEXT(2) 
PARAMETRIC_REPRESENTATION_CONTEXT() REPRESENTATION_CONTEXT('2D SPACE',''
  ) );
#2002 = PCURVE('',#648,#2003);
#2003 = DEFINITIONAL_REPRESENTATION('',(#2004),#2008);
#2004 = LINE('',#2005,#2006);
#2005 = CARTESIAN_POINT('',(81.8,0.));
#2006 = VECTOR('',#2007,1.);
#2007 = DIRECTION('',(0.,-1.));
#2008 = ( GEOMETRIC_REPRESENTATION_CONTEXT(2) 
PARAMETRIC_REPRESENTATION_CONTEXT() REPRESENTATION_CONTEXT('2D SPACE',''
  ) );
#2009 = ORIENTED_EDGE('',*,*,#660,.F.);
#2010 = ADVANCED_FACE('',(#2011),#648,.T.);
#2011 = FACE_BOUND('',#2012,.T.);
#2012 = EDGE_LOOP('',(#2013,#2036,#2057,#2058));
#2013 = ORIENTED_EDGE('',*,*,#2014,.T.);
#2014 = EDGE_CURVE('',#604,#2015,#2017,.T.);
#2015 = VERTEX_POINT('',#2016);
#2016 = CARTESIAN_POINT('',(-40.9,44.899999994047,9.5));
#2017 = SURFACE_CURVE('',#2018,(#2022,#2029),.PCURVE_S1.);
#2018 = LINE('',#2019,#2020);
#2019 = CARTESIAN_POINT('',(-40.9,44.899999994047,11.));
#2020 = VECTOR('',#2021,1.);
#2021 = DIRECTION('',(-0.,-0.,-1.));
#2022 = PCURVE('',#648,#2023);
#2023 = DEFINITIONAL_REPRESENTATION('',(#2024),#2028);
#2024 = LINE('',#2025,#2026);
#2025 = CARTESIAN_POINT('',(0.,0.));
#2026 = VECTOR('',#2027,1.);
#2027 = DIRECTION('',(0.,-1.));
#2028 = ( GEOMETRIC_REPRESENTATION_CONTEXT(2) 
PARAMETRIC_REPRESENTATION_CONTEXT() REPRESENTATION_CONTEXT('2D SPACE',''
  ) );
#2029 = PCURVE('',#620,#2030);
#2030 = DEFINITIONAL_REPRESENTATION('',(#2031),#2035);
#2031 = LINE('',#2032,#2033);
#2032 = CARTESIAN_POINT('',(1.570796326795,0.));
#2033 = VECTOR('',#2034,1.);
#2034 = DIRECTION('',(0.,-1.));
#2035 = ( GEOMETRIC_REPRESENTATION_CONTEXT(2) 
PARAMETRIC_REPRESENTATION_CONTEXT() REPRESENTATION_CONTEXT('2D SPACE',''
  ) );
#2036 = ORIENTED_EDGE('',*,*,#2037,.T.);
#2037 = EDGE_CURVE('',#2015,#1966,#2038,.T.);
#2038 = SURFACE_CURVE('',#2039,(#2043,#2050),.PCURVE_S1.);
#2039 = LINE('',#2040,#2041);
#2040 = CARTESIAN_POINT('',(0.,44.900000000002,9.5));
#2041 = VECTOR('',#2042,1.);
#2042 = DIRECTION('',(1.,0.,0.));
#2043 = PCURVE('',#648,#2044);
#2044 = DEFINITIONAL_REPRESENTATION('',(#2045),#2049);
#2045 = LINE('',#2046,#2047);
#2046 = CARTESIAN_POINT('',(40.9,-1.5));
#2047 = VECTOR('',#2048,1.);
#2048 = DIRECTION('',(1.,0.));
#2049 = ( GEOMETRIC_REPRESENTATION_CONTEXT(2) 
PARAMETRIC_REPRESENTATION_CONTEXT() REPRESENTATION_CONTEXT('2D SPACE',''
  ) );
#2050 = PCURVE('',#856,#2051);
#2051 = DEFINITIONAL_REPRESENTATION('',(#2052),#2056);
#2052 = LINE('',#2053,#2054);
#2053 = CARTESIAN_POINT('',(1.59417320716E-09,44.900000001669));
#2054 = VECTOR('',#2055,1.);
#2055 = DIRECTION('',(1.,0.));
#2056 = ( GEOMETRIC_REPRESENTATION_CONTEXT(2) 
PARAMETRIC_REPRESENTATION_CONTEXT() REPRESENTATION_CONTEXT('2D SPACE',''
  ) );
#2057 = ORIENTED_EDGE('',*,*,#1989,.F.);
#2058 = ORIENTED_EDGE('',*,*,#632,.F.);
#2059 = ADVANCED_FACE('',(#2060),#620,.F.);
#2060 = FACE_BOUND('',#2061,.F.);
#2061 = EDGE_LOOP('',(#2062,#2063,#2087,#2108));
#2062 = ORIENTED_EDGE('',*,*,#2014,.T.);
#2063 = ORIENTED_EDGE('',*,*,#2064,.T.);
#2064 = EDGE_CURVE('',#2015,#2065,#2067,.T.);
#2065 = VERTEX_POINT('',#2066);
#2066 = CARTESIAN_POINT('',(-44.9,40.899999988093,9.5));
#2067 = SURFACE_CURVE('',#2068,(#2073,#2080),.PCURVE_S1.);
#2068 = CIRCLE('',#2069,4.);
#2069 = AXIS2_PLACEMENT_3D('',#2070,#2071,#2072);
#2070 = CARTESIAN_POINT('',(-40.9,40.899999988093,9.5));
#2071 = DIRECTION('',(0.,0.,1.));
#2072 = DIRECTION('',(1.,0.,0.));
#2073 = PCURVE('',#620,#2074);
#2074 = DEFINITIONAL_REPRESENTATION('',(#2075),#2079);
#2075 = LINE('',#2076,#2077);
#2076 = CARTESIAN_POINT('',(0.,-1.5));
#2077 = VECTOR('',#2078,1.);
#2078 = DIRECTION('',(1.,0.));
#2079 = ( GEOMETRIC_REPRESENTATION_CONTEXT(2) 
PARAMETRIC_REPRESENTATION_CONTEXT() REPRESENTATION_CONTEXT('2D SPACE',''
  ) );
#2080 = PCURVE('',#856,#2081);
#2081 = DEFINITIONAL_REPRESENTATION('',(#2082),#2086);
#2082 = CIRCLE('',#2083,4.);
#2083 = AXIS2_PLACEMENT_2D('',#2084,#2085);
#2084 = CARTESIAN_POINT('',(-40.8999999984,40.89999998976));
#2085 = DIRECTION('',(1.,0.));
#2086 = ( GEOMETRIC_REPRESENTATION_CONTEXT(2) 
PARAMETRIC_REPRESENTATION_CONTEXT() REPRESENTATION_CONTEXT('2D SPACE',''
  ) );
#2087 = ORIENTED_EDGE('',*,*,#2088,.F.);
#2088 = EDGE_CURVE('',#576,#2065,#2089,.T.);
#2089 = SURFACE_CURVE('',#2090,(#2094,#2101),.PCURVE_S1.);
#2090 = LINE('',#2091,#2092);
#2091 = CARTESIAN_POINT('',(-44.9,40.899999988093,11.));
#2092 = VECTOR('',#2093,1.);
#2093 = DIRECTION('',(-0.,-0.,-1.));
#2094 = PCURVE('',#620,#2095);
#2095 = DEFINITIONAL_REPRESENTATION('',(#2096),#2100);
#2096 = LINE('',#2097,#2098);
#2097 = CARTESIAN_POINT('',(3.14159265359,0.));
#2098 = VECTOR('',#2099,1.);
#2099 = DIRECTION('',(0.,-1.));
#2100 = ( GEOMETRIC_REPRESENTATION_CONTEXT(2) 
PARAMETRIC_REPRESENTATION_CONTEXT() REPRESENTATION_CONTEXT('2D SPACE',''
  ) );
#2101 = PCURVE('',#591,#2102);
#2102 = DEFINITIONAL_REPRESENTATION('',(#2103),#2107);
#2103 = LINE('',#2104,#2105);
#2104 = CARTESIAN_POINT('',(81.799999988095,0.));
#2105 = VECTOR('',#2106,1.);
#2106 = DIRECTION('',(0.,-1.));
#2107 = ( GEOMETRIC_REPRESENTATION_CONTEXT(2) 
PARAMETRIC_REPRESENTATION_CONTEXT() REPRESENTATION_CONTEXT('2D SPACE',''
  ) );
#2108 = ORIENTED_EDGE('',*,*,#603,.F.);
#2109 = ADVANCED_FACE('',(#2110),#591,.T.);
#2110 = FACE_BOUND('',#2111,.T.);
#2111 = EDGE_LOOP('',(#2112,#2113,#2114,#2135));
#2112 = ORIENTED_EDGE('',*,*,#575,.F.);
#2113 = ORIENTED_EDGE('',*,*,#819,.F.);
#2114 = ORIENTED_EDGE('',*,*,#2115,.T.);
#2115 = EDGE_CURVE('',#820,#2065,#2116,.T.);
#2116 = SURFACE_CURVE('',#2117,(#2121,#2128),.PCURVE_S1.);
#2117 = LINE('',#2118,#2119);
#2118 = CARTESIAN_POINT('',(-44.9,1.946887095983E-12,9.5));
#2119 = VECTOR('',#2120,1.);
#2120 = DIRECTION('',(0.,1.,0.));
#2121 = PCURVE('',#591,#2122);
#2122 = DEFINITIONAL_REPRESENTATION('',(#2123),#2127);
#2123 = LINE('',#2124,#2125);
#2124 = CARTESIAN_POINT('',(40.900000000004,-1.5));
#2125 = VECTOR('',#2126,1.);
#2126 = DIRECTION('',(1.,0.));
#2127 = ( GEOMETRIC_REPRESENTATION_CONTEXT(2) 
PARAMETRIC_REPRESENTATION_CONTEXT() REPRESENTATION_CONTEXT('2D SPACE',''
  ) );
#2128 = PCURVE('',#856,#2129);
#2129 = DEFINITIONAL_REPRESENTATION('',(#2130),#2134);
#2130 = LINE('',#2131,#2132);
#2131 = CARTESIAN_POINT('',(-44.8999999984,1.669026255933E-09));
#2132 = VECTOR('',#2133,1.);
#2133 = DIRECTION('',(0.,1.));
#2134 = ( GEOMETRIC_REPRESENTATION_CONTEXT(2) 
PARAMETRIC_REPRESENTATION_CONTEXT() REPRESENTATION_CONTEXT('2D SPACE',''
  ) );
#2135 = ORIENTED_EDGE('',*,*,#2088,.F.);
#2136 = ADVANCED_FACE('',(#2137),#938,.F.);
#2137 = FACE_BOUND('',#2138,.F.);
#2138 = EDGE_LOOP('',(#2139,#2164,#2186,#2187,#2188,#2189,#2211,#2212));
#2139 = ORIENTED_EDGE('',*,*,#2140,.T.);
#2140 = EDGE_CURVE('',#2141,#2143,#2145,.T.);
#2141 = VERTEX_POINT('',#2142);
#2142 = CARTESIAN_POINT('',(-22.85,-1.261386203122E-15,2.4));
#2143 = VERTEX_POINT('',#2144);
#2144 = CARTESIAN_POINT('',(-22.85,-1.261386203122E-15,4.5));
#2145 = SEAM_CURVE('',#2146,(#2150,#2157),.PCURVE_S1.);
#2146 = LINE('',#2147,#2148);
#2147 = CARTESIAN_POINT('',(-22.85,-1.261386203122E-15,2.4));
#2148 = VECTOR('',#2149,1.);
#2149 = DIRECTION('',(0.,0.,1.));
#2150 = PCURVE('',#938,#2151);
#2151 = DEFINITIONAL_REPRESENTATION('',(#2152),#2156);
#2152 = LINE('',#2153,#2154);
#2153 = CARTESIAN_POINT('',(6.28318530718,-0.));
#2154 = VECTOR('',#2155,1.);
#2155 = DIRECTION('',(0.,1.));
#2156 = ( GEOMETRIC_REPRESENTATION_CONTEXT(2) 
PARAMETRIC_REPRESENTATION_CONTEXT() REPRESENTATION_CONTEXT('2D SPACE',''
  ) );
#2157 = PCURVE('',#938,#2158);
#2158 = DEFINITIONAL_REPRESENTATION('',(#2159),#2163);
#2159 = LINE('',#2160,#2161);
#2160 = CARTESIAN_POINT('',(0.,-0.));
#2161 = VECTOR('',#2162,1.);
#2162 = DIRECTION('',(0.,1.));
#2163 = ( GEOMETRIC_REPRESENTATION_CONTEXT(2) 
PARAMETRIC_REPRESENTATION_CONTEXT() REPRESENTATION_CONTEXT('2D SPACE',''
  ) );
#2164 = ORIENTED_EDGE('',*,*,#2165,.F.);
#2165 = EDGE_CURVE('',#1036,#2143,#2166,.T.);
#2166 = SURFACE_CURVE('',#2167,(#2172,#2179),.PCURVE_S1.);
#2167 = CIRCLE('',#2168,5.15);
#2168 = AXIS2_PLACEMENT_3D('',#2169,#2170,#2171);
#2169 = CARTESIAN_POINT('',(-28.,0.,4.5));
#2170 = DIRECTION('',(0.,0.,1.));
#2171 = DIRECTION('',(1.,0.,0.));
#2172 = PCURVE('',#938,#2173);
#2173 = DEFINITIONAL_REPRESENTATION('',(#2174),#2178);
#2174 = LINE('',#2175,#2176);
#2175 = CARTESIAN_POINT('',(0.,2.1));
#2176 = VECTOR('',#2177,1.);
#2177 = DIRECTION('',(1.,0.));
#2178 = ( GEOMETRIC_REPRESENTATION_CONTEXT(2) 
PARAMETRIC_REPRESENTATION_CONTEXT() REPRESENTATION_CONTEXT('2D SPACE',''
  ) );
#2179 = PCURVE('',#911,#2180);
#2180 = DEFINITIONAL_REPRESENTATION('',(#2181),#2185);
#2181 = CIRCLE('',#2182,5.15);
#2182 = AXIS2_PLACEMENT_2D('',#2183,#2184);
#2183 = CARTESIAN_POINT('',(-27.99999999798,2.090578250437E-09));
#2184 = DIRECTION('',(1.,0.));
#2185 = ( GEOMETRIC_REPRESENTATION_CONTEXT(2) 
PARAMETRIC_REPRESENTATION_CONTEXT() REPRESENTATION_CONTEXT('2D SPACE',''
  ) );
#2186 = ORIENTED_EDGE('',*,*,#1035,.F.);
#2187 = ORIENTED_EDGE('',*,*,#1008,.F.);
#2188 = ORIENTED_EDGE('',*,*,#923,.T.);
#2189 = ORIENTED_EDGE('',*,*,#2190,.F.);
#2190 = EDGE_CURVE('',#2143,#895,#2191,.T.);
#2191 = SURFACE_CURVE('',#2192,(#2197,#2204),.PCURVE_S1.);
#2192 = CIRCLE('',#2193,5.15);
#2193 = AXIS2_PLACEMENT_3D('',#2194,#2195,#2196);
#2194 = CARTESIAN_POINT('',(-28.,0.,4.5));
#2195 = DIRECTION('',(0.,0.,1.));
#2196 = DIRECTION('',(1.,0.,0.));
#2197 = PCURVE('',#938,#2198);
#2198 = DEFINITIONAL_REPRESENTATION('',(#2199),#2203);
#2199 = LINE('',#2200,#2201);
#2200 = CARTESIAN_POINT('',(0.,2.1));
#2201 = VECTOR('',#2202,1.);
#2202 = DIRECTION('',(1.,0.));
#2203 = ( GEOMETRIC_REPRESENTATION_CONTEXT(2) 
PARAMETRIC_REPRESENTATION_CONTEXT() REPRESENTATION_CONTEXT('2D SPACE',''
  ) );
#2204 = PCURVE('',#911,#2205);
#2205 = DEFINITIONAL_REPRESENTATION('',(#2206),#2210);
#2206 = CIRCLE('',#2207,5.15);
#2207 = AXIS2_PLACEMENT_2D('',#2208,#2209);
#2208 = CARTESIAN_POINT('',(-27.99999999798,2.090578250437E-09));
#2209 = DIRECTION('',(1.,0.));
#2210 = ( GEOMETRIC_REPRESENTATION_CONTEXT(2) 
PARAMETRIC_REPRESENTATION_CONTEXT() REPRESENTATION_CONTEXT('2D SPACE',''
  ) );
#2211 = ORIENTED_EDGE('',*,*,#2140,.F.);
#2212 = ORIENTED_EDGE('',*,*,#2213,.T.);
#2213 = EDGE_CURVE('',#2141,#2141,#2214,.T.);
#2214 = SURFACE_CURVE('',#2215,(#2220,#2227),.PCURVE_S1.);
#2215 = CIRCLE('',#2216,5.15);
#2216 = AXIS2_PLACEMENT_3D('',#2217,#2218,#2219);
#2217 = CARTESIAN_POINT('',(-28.,0.,2.4));
#2218 = DIRECTION('',(0.,0.,1.));
#2219 = DIRECTION('',(1.,0.,0.));
#2220 = PCURVE('',#938,#2221);
#2221 = DEFINITIONAL_REPRESENTATION('',(#2222),#2226);
#2222 = LINE('',#2223,#2224);
#2223 = CARTESIAN_POINT('',(0.,0.));
#2224 = VECTOR('',#2225,1.);
#2225 = DIRECTION('',(1.,0.));
#2226 = ( GEOMETRIC_REPRESENTATION_CONTEXT(2) 
PARAMETRIC_REPRESENTATION_CONTEXT() REPRESENTATION_CONTEXT('2D SPACE',''
  ) );
#2227 = PCURVE('',#2228,#2233);
#2228 = PLANE('',#2229);
#2229 = AXIS2_PLACEMENT_3D('',#2230,#2231,#2232);
#2230 = CARTESIAN_POINT('',(-28.,0.,2.4));
#2231 = DIRECTION('',(0.,0.,1.));
#2232 = DIRECTION('',(1.,0.,0.));
#2233 = DEFINITIONAL_REPRESENTATION('',(#2234),#2238);
#2234 = CIRCLE('',#2235,5.15);
#2235 = AXIS2_PLACEMENT_2D('',#2236,#2237);
#2236 = CARTESIAN_POINT('',(0.,0.));
#2237 = DIRECTION('',(1.,0.));
#2238 = ( GEOMETRIC_REPRESENTATION_CONTEXT(2) 
PARAMETRIC_REPRESENTATION_CONTEXT() REPRESENTATION_CONTEXT('2D SPACE',''
  ) );
#2239 = ADVANCED_FACE('',(#2240,#2576,#2679),#911,.T.);
#2240 = FACE_BOUND('',#2241,.T.);
#2241 = EDGE_LOOP('',(#2242,#2265,#2298,#2326,#2359,#2387,#2411,#2433,
    #2434,#2457,#2490,#2518,#2551,#2572,#2573,#2574,#2575));
#2242 = ORIENTED_EDGE('',*,*,#2243,.F.);
#2243 = EDGE_CURVE('',#2244,#1057,#2246,.T.);
#2244 = VERTEX_POINT('',#2245);
#2245 = CARTESIAN_POINT('',(-43.4,-40.4,4.5));
#2246 = SURFACE_CURVE('',#2247,(#2251,#2258),.PCURVE_S1.);
#2247 = LINE('',#2248,#2249);
#2248 = CARTESIAN_POINT('',(-43.4,3.193889597242E-12,4.5));
#2249 = VECTOR('',#2250,1.);
#2250 = DIRECTION('',(0.,1.,0.));
#2251 = PCURVE('',#911,#2252);
#2252 = DEFINITIONAL_REPRESENTATION('',(#2253),#2257);
#2253 = LINE('',#2254,#2255);
#2254 = CARTESIAN_POINT('',(-43.39999999798,2.093772140034E-09));
#2255 = VECTOR('',#2256,1.);
#2256 = DIRECTION('',(0.,1.));
#2257 = ( GEOMETRIC_REPRESENTATION_CONTEXT(2) 
PARAMETRIC_REPRESENTATION_CONTEXT() REPRESENTATION_CONTEXT('2D SPACE',''
  ) );
#2258 = PCURVE('',#1095,#2259);
#2259 = DEFINITIONAL_REPRESENTATION('',(#2260),#2264);
#2260 = LINE('',#2261,#2262);
#2261 = CARTESIAN_POINT('',(40.400000000006,-6.5));
#2262 = VECTOR('',#2263,1.);
#2263 = DIRECTION('',(1.,0.));
#2264 = ( GEOMETRIC_REPRESENTATION_CONTEXT(2) 
PARAMETRIC_REPRESENTATION_CONTEXT() REPRESENTATION_CONTEXT('2D SPACE',''
  ) );
#2265 = ORIENTED_EDGE('',*,*,#2266,.F.);
#2266 = EDGE_CURVE('',#2267,#2244,#2269,.T.);
#2267 = VERTEX_POINT('',#2268);
#2268 = CARTESIAN_POINT('',(-40.4,-43.4,4.5));
#2269 = SURFACE_CURVE('',#2270,(#2275,#2286),.PCURVE_S1.);
#2270 = CIRCLE('',#2271,3.);
#2271 = AXIS2_PLACEMENT_3D('',#2272,#2273,#2274);
#2272 = CARTESIAN_POINT('',(-40.4,-40.4,4.5));
#2273 = DIRECTION('',(0.,0.,-1.));
#2274 = DIRECTION('',(-1.,0.,0.));
#2275 = PCURVE('',#911,#2276);
#2276 = DEFINITIONAL_REPRESENTATION('',(#2277),#2285);
#2277 = ( BOUNDED_CURVE() B_SPLINE_CURVE(2,(#2278,#2279,#2280,#2281,
#2282,#2283,#2284),.UNSPECIFIED.,.T.,.F.) B_SPLINE_CURVE_WITH_KNOTS((1,2
    ,2,2,2,1),(-2.094395102393,0.,2.094395102393,4.188790204786,
6.28318530718,8.377580409573),.UNSPECIFIED.) CURVE() 
GEOMETRIC_REPRESENTATION_ITEM() RATIONAL_B_SPLINE_CURVE((1.,0.5,1.,0.5,
1.,0.5,1.)) REPRESENTATION_ITEM('') );
#2278 = CARTESIAN_POINT('',(-43.39999999798,-40.39999999791));
#2279 = CARTESIAN_POINT('',(-43.39999999798,-35.2038475752));
#2280 = CARTESIAN_POINT('',(-38.89999999798,-37.80192378655));
#2281 = CARTESIAN_POINT('',(-34.39999999798,-40.39999999791));
#2282 = CARTESIAN_POINT('',(-38.89999999798,-42.99807620926));
#2283 = CARTESIAN_POINT('',(-43.39999999798,-45.59615242061));
#2284 = CARTESIAN_POINT('',(-43.39999999798,-40.39999999791));
#2285 = ( GEOMETRIC_REPRESENTATION_CONTEXT(2) 
PARAMETRIC_REPRESENTATION_CONTEXT() REPRESENTATION_CONTEXT('2D SPACE',''
  ) );
#2286 = PCURVE('',#2287,#2292);
#2287 = CYLINDRICAL_SURFACE('',#2288,3.);
#2288 = AXIS2_PLACEMENT_3D('',#2289,#2290,#2291);
#2289 = CARTESIAN_POINT('',(-40.4,-40.4,11.));
#2290 = DIRECTION('',(-0.,-0.,1.));
#2291 = DIRECTION('',(-1.,0.,0.));
#2292 = DEFINITIONAL_REPRESENTATION('',(#2293),#2297);
#2293 = LINE('',#2294,#2295);
#2294 = CARTESIAN_POINT('',(-0.,-6.5));
#2295 = VECTOR('',#2296,1.);
#2296 = DIRECTION('',(-1.,0.));
#2297 = ( GEOMETRIC_REPRESENTATION_CONTEXT(2) 
PARAMETRIC_REPRESENTATION_CONTEXT() REPRESENTATION_CONTEXT('2D SPACE',''
  ) );
#2298 = ORIENTED_EDGE('',*,*,#2299,.T.);
#2299 = EDGE_CURVE('',#2267,#2300,#2302,.T.);
#2300 = VERTEX_POINT('',#2301);
#2301 = CARTESIAN_POINT('',(40.399999984686,-43.39999999999,4.5));
#2302 = SURFACE_CURVE('',#2303,(#2307,#2314),.PCURVE_S1.);
#2303 = LINE('',#2304,#2305);
#2304 = CARTESIAN_POINT('',(0.,-43.39999999999,4.5));
#2305 = VECTOR('',#2306,1.);
#2306 = DIRECTION('',(1.,0.,0.));
#2307 = PCURVE('',#911,#2308);
#2308 = DEFINITIONAL_REPRESENTATION('',(#2309),#2313);
#2309 = LINE('',#2310,#2311);
#2310 = CARTESIAN_POINT('',(2.019429265499E-09,-43.3999999979));
#2311 = VECTOR('',#2312,1.);
#2312 = DIRECTION('',(1.,0.));
#2313 = ( GEOMETRIC_REPRESENTATION_CONTEXT(2) 
PARAMETRIC_REPRESENTATION_CONTEXT() REPRESENTATION_CONTEXT('2D SPACE',''
  ) );
#2314 = PCURVE('',#2315,#2320);
#2315 = PLANE('',#2316);
#2316 = AXIS2_PLACEMENT_3D('',#2317,#2318,#2319);
#2317 = CARTESIAN_POINT('',(-40.4,-43.39999999999,11.));
#2318 = DIRECTION('',(0.,-1.,0.));
#2319 = DIRECTION('',(1.,0.,0.));
#2320 = DEFINITIONAL_REPRESENTATION('',(#2321),#2325);
#2321 = LINE('',#2322,#2323);
#2322 = CARTESIAN_POINT('',(40.4,-6.5));
#2323 = VECTOR('',#2324,1.);
#2324 = DIRECTION('',(1.,0.));
#2325 = ( GEOMETRIC_REPRESENTATION_CONTEXT(2) 
PARAMETRIC_REPRESENTATION_CONTEXT() REPRESENTATION_CONTEXT('2D SPACE',''
  ) );
#2326 = ORIENTED_EDGE('',*,*,#2327,.F.);
#2327 = EDGE_CURVE('',#2328,#2300,#2330,.T.);
#2328 = VERTEX_POINT('',#2329);
#2329 = CARTESIAN_POINT('',(43.399999992343,-40.39999999999,4.5));
#2330 = SURFACE_CURVE('',#2331,(#2336,#2347),.PCURVE_S1.);
#2331 = CIRCLE('',#2332,3.);
#2332 = AXIS2_PLACEMENT_3D('',#2333,#2334,#2335);
#2333 = CARTESIAN_POINT('',(40.399999984686,-40.39999999999,4.5));
#2334 = DIRECTION('',(0.,0.,-1.));
#2335 = DIRECTION('',(-1.,0.,0.));
#2336 = PCURVE('',#911,#2337);
#2337 = DEFINITIONAL_REPRESENTATION('',(#2338),#2346);
#2338 = ( BOUNDED_CURVE() B_SPLINE_CURVE(2,(#2339,#2340,#2341,#2342,
#2343,#2344,#2345),.UNSPECIFIED.,.T.,.F.) B_SPLINE_CURVE_WITH_KNOTS((1,2
    ,2,2,2,1),(-2.094395102393,0.,2.094395102393,4.188790204786,
6.28318530718,8.377580409573),.UNSPECIFIED.) CURVE() 
GEOMETRIC_REPRESENTATION_ITEM() RATIONAL_B_SPLINE_CURVE((1.,0.5,1.,0.5,
1.,0.5,1.)) REPRESENTATION_ITEM('') );
#2339 = CARTESIAN_POINT('',(37.399999986705,-40.3999999979));
#2340 = CARTESIAN_POINT('',(37.399999986705,-35.2038475752));
#2341 = CARTESIAN_POINT('',(41.899999986705,-37.80192378655));
#2342 = CARTESIAN_POINT('',(46.399999986705,-40.3999999979));
#2343 = CARTESIAN_POINT('',(41.899999986705,-42.99807620926));
#2344 = CARTESIAN_POINT('',(37.399999986705,-45.59615242061));
#2345 = CARTESIAN_POINT('',(37.399999986705,-40.3999999979));
#2346 = ( GEOMETRIC_REPRESENTATION_CONTEXT(2) 
PARAMETRIC_REPRESENTATION_CONTEXT() REPRESENTATION_CONTEXT('2D SPACE',''
  ) );
#2347 = PCURVE('',#2348,#2353);
#2348 = CYLINDRICAL_SURFACE('',#2349,3.);
#2349 = AXIS2_PLACEMENT_3D('',#2350,#2351,#2352);
#2350 = CARTESIAN_POINT('',(40.399999984686,-40.39999999999,11.));
#2351 = DIRECTION('',(-0.,-0.,1.));
#2352 = DIRECTION('',(-1.,0.,0.));
#2353 = DEFINITIONAL_REPRESENTATION('',(#2354),#2358);
#2354 = LINE('',#2355,#2356);
#2355 = CARTESIAN_POINT('',(-0.,-6.5));
#2356 = VECTOR('',#2357,1.);
#2357 = DIRECTION('',(-1.,0.));
#2358 = ( GEOMETRIC_REPRESENTATION_CONTEXT(2) 
PARAMETRIC_REPRESENTATION_CONTEXT() REPRESENTATION_CONTEXT('2D SPACE',''
  ) );
#2359 = ORIENTED_EDGE('',*,*,#2360,.T.);
#2360 = EDGE_CURVE('',#2328,#2361,#2363,.T.);
#2361 = VERTEX_POINT('',#2362);
#2362 = CARTESIAN_POINT('',(43.4,-15.32449020359,4.5));
#2363 = SURFACE_CURVE('',#2364,(#2368,#2375),.PCURVE_S1.);
#2364 = LINE('',#2365,#2366);
#2365 = CARTESIAN_POINT('',(43.4,3.193889597242E-12,4.5));
#2366 = VECTOR('',#2367,1.);
#2367 = DIRECTION('',(0.,1.,0.));
#2368 = PCURVE('',#911,#2369);
#2369 = DEFINITIONAL_REPRESENTATION('',(#2370),#2374);
#2370 = LINE('',#2371,#2372);
#2371 = CARTESIAN_POINT('',(43.400000002019,2.093772140034E-09));
#2372 = VECTOR('',#2373,1.);
#2373 = DIRECTION('',(0.,1.));
#2374 = ( GEOMETRIC_REPRESENTATION_CONTEXT(2) 
PARAMETRIC_REPRESENTATION_CONTEXT() REPRESENTATION_CONTEXT('2D SPACE',''
  ) );
#2375 = PCURVE('',#2376,#2381);
#2376 = PLANE('',#2377);
#2377 = AXIS2_PLACEMENT_3D('',#2378,#2379,#2380);
#2378 = CARTESIAN_POINT('',(43.4,-40.39999999999,11.));
#2379 = DIRECTION('',(1.,0.,0.));
#2380 = DIRECTION('',(-0.,1.,0.));
#2381 = DEFINITIONAL_REPRESENTATION('',(#2382),#2386);
#2382 = LINE('',#2383,#2384);
#2383 = CARTESIAN_POINT('',(40.4,-6.5));
#2384 = VECTOR('',#2385,1.);
#2385 = DIRECTION('',(1.,0.));
#2386 = ( GEOMETRIC_REPRESENTATION_CONTEXT(2) 
PARAMETRIC_REPRESENTATION_CONTEXT() REPRESENTATION_CONTEXT('2D SPACE',''
  ) );
#2387 = ORIENTED_EDGE('',*,*,#2388,.F.);
#2388 = EDGE_CURVE('',#2389,#2361,#2391,.T.);
#2389 = VERTEX_POINT('',#2390);
#2390 = CARTESIAN_POINT('',(32.2630625,-2.889428684203,4.5));
#2391 = SURFACE_CURVE('',#2392,(#2397,#2404),.PCURVE_S1.);
#2392 = CIRCLE('',#2393,16.);
#2393 = AXIS2_PLACEMENT_3D('',#2394,#2395,#2396);
#2394 = CARTESIAN_POINT('',(48.,0.,4.5));
#2395 = DIRECTION('',(0.,0.,1.));
#2396 = DIRECTION('',(1.,0.,-0.));
#2397 = PCURVE('',#911,#2398);
#2398 = DEFINITIONAL_REPRESENTATION('',(#2399),#2403);
#2399 = CIRCLE('',#2400,16.);
#2400 = AXIS2_PLACEMENT_2D('',#2401,#2402);
#2401 = CARTESIAN_POINT('',(48.000000002019,2.090578250437E-09));
#2402 = DIRECTION('',(1.,0.));
#2403 = ( GEOMETRIC_REPRESENTATION_CONTEXT(2) 
PARAMETRIC_REPRESENTATION_CONTEXT() REPRESENTATION_CONTEXT('2D SPACE',''
  ) );
#2404 = PCURVE('',#1297,#2405);
#2405 = DEFINITIONAL_REPRESENTATION('',(#2406),#2410);
#2406 = LINE('',#2407,#2408);
#2407 = CARTESIAN_POINT('',(0.,1.));
#2408 = VECTOR('',#2409,1.);
#2409 = DIRECTION('',(1.,0.));
#2410 = ( GEOMETRIC_REPRESENTATION_CONTEXT(2) 
PARAMETRIC_REPRESENTATION_CONTEXT() REPRESENTATION_CONTEXT('2D SPACE',''
  ) );
#2411 = ORIENTED_EDGE('',*,*,#2412,.F.);
#2412 = EDGE_CURVE('',#1794,#2389,#2413,.T.);
#2413 = SURFACE_CURVE('',#2414,(#2419,#2426),.PCURVE_S1.);
#2414 = CIRCLE('',#2415,5.15);
#2415 = AXIS2_PLACEMENT_3D('',#2416,#2417,#2418);
#2416 = CARTESIAN_POINT('',(28.,0.,4.5));
#2417 = DIRECTION('',(0.,0.,1.));
#2418 = DIRECTION('',(1.,0.,0.));
#2419 = PCURVE('',#911,#2420);
#2420 = DEFINITIONAL_REPRESENTATION('',(#2421),#2425);
#2421 = CIRCLE('',#2422,5.15);
#2422 = AXIS2_PLACEMENT_2D('',#2423,#2424);
#2423 = CARTESIAN_POINT('',(28.000000002019,2.090578250437E-09));
#2424 = DIRECTION('',(1.,0.));
#2425 = ( GEOMETRIC_REPRESENTATION_CONTEXT(2) 
PARAMETRIC_REPRESENTATION_CONTEXT() REPRESENTATION_CONTEXT('2D SPACE',''
  ) );
#2426 = PCURVE('',#1808,#2427);
#2427 = DEFINITIONAL_REPRESENTATION('',(#2428),#2432);
#2428 = LINE('',#2429,#2430);
#2429 = CARTESIAN_POINT('',(0.,2.1));
#2430 = VECTOR('',#2431,1.);
#2431 = DIRECTION('',(1.,0.));
#2432 = ( GEOMETRIC_REPRESENTATION_CONTEXT(2) 
PARAMETRIC_REPRESENTATION_CONTEXT() REPRESENTATION_CONTEXT('2D SPACE',''
  ) );
#2433 = ORIENTED_EDGE('',*,*,#1819,.F.);
#2434 = ORIENTED_EDGE('',*,*,#2435,.T.);
#2435 = EDGE_CURVE('',#1820,#2436,#2438,.T.);
#2436 = VERTEX_POINT('',#2437);
#2437 = CARTESIAN_POINT('',(43.4,40.399999984689,4.5));
#2438 = SURFACE_CURVE('',#2439,(#2443,#2450),.PCURVE_S1.);
#2439 = LINE('',#2440,#2441);
#2440 = CARTESIAN_POINT('',(43.4,3.193889597242E-12,4.5));
#2441 = VECTOR('',#2442,1.);
#2442 = DIRECTION('',(0.,1.,0.));
#2443 = PCURVE('',#911,#2444);
#2444 = DEFINITIONAL_REPRESENTATION('',(#2445),#2449);
#2445 = LINE('',#2446,#2447);
#2446 = CARTESIAN_POINT('',(43.400000002019,2.093772140034E-09));
#2447 = VECTOR('',#2448,1.);
#2448 = DIRECTION('',(0.,1.));
#2449 = ( GEOMETRIC_REPRESENTATION_CONTEXT(2) 
PARAMETRIC_REPRESENTATION_CONTEXT() REPRESENTATION_CONTEXT('2D SPACE',''
  ) );
#2450 = PCURVE('',#1858,#2451);
#2451 = DEFINITIONAL_REPRESENTATION('',(#2452),#2456);
#2452 = LINE('',#2453,#2454);
#2453 = CARTESIAN_POINT('',(40.4,-6.5));
#2454 = VECTOR('',#2455,1.);
#2455 = DIRECTION('',(1.,0.));
#2456 = ( GEOMETRIC_REPRESENTATION_CONTEXT(2) 
PARAMETRIC_REPRESENTATION_CONTEXT() REPRESENTATION_CONTEXT('2D SPACE',''
  ) );
#2457 = ORIENTED_EDGE('',*,*,#2458,.F.);
#2458 = EDGE_CURVE('',#2459,#2436,#2461,.T.);
#2459 = VERTEX_POINT('',#2460);
#2460 = CARTESIAN_POINT('',(40.4,43.399999992346,4.5));
#2461 = SURFACE_CURVE('',#2462,(#2467,#2478),.PCURVE_S1.);
#2462 = CIRCLE('',#2463,3.);
#2463 = AXIS2_PLACEMENT_3D('',#2464,#2465,#2466);
#2464 = CARTESIAN_POINT('',(40.4,40.399999984689,4.5));
#2465 = DIRECTION('',(0.,0.,-1.));
#2466 = DIRECTION('',(-1.,0.,0.));
#2467 = PCURVE('',#911,#2468);
#2468 = DEFINITIONAL_REPRESENTATION('',(#2469),#2477);
#2469 = ( BOUNDED_CURVE() B_SPLINE_CURVE(2,(#2470,#2471,#2472,#2473,
#2474,#2475,#2476),.UNSPECIFIED.,.T.,.F.) B_SPLINE_CURVE_WITH_KNOTS((1,2
    ,2,2,2,1),(-2.094395102393,0.,2.094395102393,4.188790204786,
6.28318530718,8.377580409573),.UNSPECIFIED.) CURVE() 
GEOMETRIC_REPRESENTATION_ITEM() RATIONAL_B_SPLINE_CURVE((1.,0.5,1.,0.5,
1.,0.5,1.)) REPRESENTATION_ITEM('') );
#2470 = CARTESIAN_POINT('',(37.400000002019,40.39999998678));
#2471 = CARTESIAN_POINT('',(37.400000002019,45.596152409486));
#2472 = CARTESIAN_POINT('',(41.900000002019,42.998076198133));
#2473 = CARTESIAN_POINT('',(46.400000002019,40.39999998678));
#2474 = CARTESIAN_POINT('',(41.900000002019,37.801923775426));
#2475 = CARTESIAN_POINT('',(37.400000002019,35.203847564073));
#2476 = CARTESIAN_POINT('',(37.400000002019,40.39999998678));
#2477 = ( GEOMETRIC_REPRESENTATION_CONTEXT(2) 
PARAMETRIC_REPRESENTATION_CONTEXT() REPRESENTATION_CONTEXT('2D SPACE',''
  ) );
#2478 = PCURVE('',#2479,#2484);
#2479 = CYLINDRICAL_SURFACE('',#2480,3.);
#2480 = AXIS2_PLACEMENT_3D('',#2481,#2482,#2483);
#2481 = CARTESIAN_POINT('',(40.4,40.399999984689,11.));
#2482 = DIRECTION('',(-0.,-0.,1.));
#2483 = DIRECTION('',(-1.,0.,0.));
#2484 = DEFINITIONAL_REPRESENTATION('',(#2485),#2489);
#2485 = LINE('',#2486,#2487);
#2486 = CARTESIAN_POINT('',(-0.,-6.5));
#2487 = VECTOR('',#2488,1.);
#2488 = DIRECTION('',(-1.,0.));
#2489 = ( GEOMETRIC_REPRESENTATION_CONTEXT(2) 
PARAMETRIC_REPRESENTATION_CONTEXT() REPRESENTATION_CONTEXT('2D SPACE',''
  ) );
#2490 = ORIENTED_EDGE('',*,*,#2491,.F.);
#2491 = EDGE_CURVE('',#2492,#2459,#2494,.T.);
#2492 = VERTEX_POINT('',#2493);
#2493 = CARTESIAN_POINT('',(-40.4,43.399999992346,4.5));
#2494 = SURFACE_CURVE('',#2495,(#2499,#2506),.PCURVE_S1.);
#2495 = LINE('',#2496,#2497);
#2496 = CARTESIAN_POINT('',(0.,43.400000000003,4.5));
#2497 = VECTOR('',#2498,1.);
#2498 = DIRECTION('',(1.,0.,0.));
#2499 = PCURVE('',#911,#2500);
#2500 = DEFINITIONAL_REPRESENTATION('',(#2501),#2505);
#2501 = LINE('',#2502,#2503);
#2502 = CARTESIAN_POINT('',(2.019429265499E-09,43.400000002094));
#2503 = VECTOR('',#2504,1.);
#2504 = DIRECTION('',(1.,0.));
#2505 = ( GEOMETRIC_REPRESENTATION_CONTEXT(2) 
PARAMETRIC_REPRESENTATION_CONTEXT() REPRESENTATION_CONTEXT('2D SPACE',''
  ) );
#2506 = PCURVE('',#2507,#2512);
#2507 = PLANE('',#2508);
#2508 = AXIS2_PLACEMENT_3D('',#2509,#2510,#2511);
#2509 = CARTESIAN_POINT('',(-40.4,43.400000000003,11.));
#2510 = DIRECTION('',(0.,-1.,0.));
#2511 = DIRECTION('',(1.,0.,0.));
#2512 = DEFINITIONAL_REPRESENTATION('',(#2513),#2517);
#2513 = LINE('',#2514,#2515);
#2514 = CARTESIAN_POINT('',(40.4,-6.5));
#2515 = VECTOR('',#2516,1.);
#2516 = DIRECTION('',(1.,0.));
#2517 = ( GEOMETRIC_REPRESENTATION_CONTEXT(2) 
PARAMETRIC_REPRESENTATION_CONTEXT() REPRESENTATION_CONTEXT('2D SPACE',''
  ) );
#2518 = ORIENTED_EDGE('',*,*,#2519,.F.);
#2519 = EDGE_CURVE('',#2520,#2492,#2522,.T.);
#2520 = VERTEX_POINT('',#2521);
#2521 = CARTESIAN_POINT('',(-43.4,40.399999984689,4.5));
#2522 = SURFACE_CURVE('',#2523,(#2528,#2539),.PCURVE_S1.);
#2523 = CIRCLE('',#2524,3.);
#2524 = AXIS2_PLACEMENT_3D('',#2525,#2526,#2527);
#2525 = CARTESIAN_POINT('',(-40.4,40.399999984689,4.5));
#2526 = DIRECTION('',(0.,0.,-1.));
#2527 = DIRECTION('',(-1.,0.,0.));
#2528 = PCURVE('',#911,#2529);
#2529 = DEFINITIONAL_REPRESENTATION('',(#2530),#2538);
#2530 = ( BOUNDED_CURVE() B_SPLINE_CURVE(2,(#2531,#2532,#2533,#2534,
#2535,#2536,#2537),.UNSPECIFIED.,.T.,.F.) B_SPLINE_CURVE_WITH_KNOTS((1,2
    ,2,2,2,1),(-2.094395102393,0.,2.094395102393,4.188790204786,
6.28318530718,8.377580409573),.UNSPECIFIED.) CURVE() 
GEOMETRIC_REPRESENTATION_ITEM() RATIONAL_B_SPLINE_CURVE((1.,0.5,1.,0.5,
1.,0.5,1.)) REPRESENTATION_ITEM('') );
#2531 = CARTESIAN_POINT('',(-43.39999999798,40.39999998678));
#2532 = CARTESIAN_POINT('',(-43.39999999798,45.596152409486));
#2533 = CARTESIAN_POINT('',(-38.89999999798,42.998076198133));
#2534 = CARTESIAN_POINT('',(-34.39999999798,40.39999998678));
#2535 = CARTESIAN_POINT('',(-38.89999999798,37.801923775426));
#2536 = CARTESIAN_POINT('',(-43.39999999798,35.203847564073));
#2537 = CARTESIAN_POINT('',(-43.39999999798,40.39999998678));
#2538 = ( GEOMETRIC_REPRESENTATION_CONTEXT(2) 
PARAMETRIC_REPRESENTATION_CONTEXT() REPRESENTATION_CONTEXT('2D SPACE',''
  ) );
#2539 = PCURVE('',#2540,#2545);
#2540 = CYLINDRICAL_SURFACE('',#2541,3.);
#2541 = AXIS2_PLACEMENT_3D('',#2542,#2543,#2544);
#2542 = CARTESIAN_POINT('',(-40.4,40.399999984689,11.));
#2543 = DIRECTION('',(-0.,-0.,1.));
#2544 = DIRECTION('',(-1.,0.,0.));
#2545 = DEFINITIONAL_REPRESENTATION('',(#2546),#2550);
#2546 = LINE('',#2547,#2548);
#2547 = CARTESIAN_POINT('',(-0.,-6.5));
#2548 = VECTOR('',#2549,1.);
#2549 = DIRECTION('',(-1.,0.));
#2550 = ( GEOMETRIC_REPRESENTATION_CONTEXT(2) 
PARAMETRIC_REPRESENTATION_CONTEXT() REPRESENTATION_CONTEXT('2D SPACE',''
  ) );
#2551 = ORIENTED_EDGE('',*,*,#2552,.F.);
#2552 = EDGE_CURVE('',#869,#2520,#2553,.T.);
#2553 = SURFACE_CURVE('',#2554,(#2558,#2565),.PCURVE_S1.);
#2554 = LINE('',#2555,#2556);
#2555 = CARTESIAN_POINT('',(-43.4,3.193889597242E-12,4.5));
#2556 = VECTOR('',#2557,1.);
#2557 = DIRECTION('',(0.,1.,0.));
#2558 = PCURVE('',#911,#2559);
#2559 = DEFINITIONAL_REPRESENTATION('',(#2560),#2564);
#2560 = LINE('',#2561,#2562);
#2561 = CARTESIAN_POINT('',(-43.39999999798,2.093772140034E-09));
#2562 = VECTOR('',#2563,1.);
#2563 = DIRECTION('',(0.,1.));
#2564 = ( GEOMETRIC_REPRESENTATION_CONTEXT(2) 
PARAMETRIC_REPRESENTATION_CONTEXT() REPRESENTATION_CONTEXT('2D SPACE',''
  ) );
#2565 = PCURVE('',#883,#2566);
#2566 = DEFINITIONAL_REPRESENTATION('',(#2567),#2571);
#2567 = LINE('',#2568,#2569);
#2568 = CARTESIAN_POINT('',(40.400000000006,-6.5));
#2569 = VECTOR('',#2570,1.);
#2570 = DIRECTION('',(1.,0.));
#2571 = ( GEOMETRIC_REPRESENTATION_CONTEXT(2) 
PARAMETRIC_REPRESENTATION_CONTEXT() REPRESENTATION_CONTEXT('2D SPACE',''
  ) );
#2572 = ORIENTED_EDGE('',*,*,#894,.F.);
#2573 = ORIENTED_EDGE('',*,*,#2190,.F.);
#2574 = ORIENTED_EDGE('',*,*,#2165,.F.);
#2575 = ORIENTED_EDGE('',*,*,#1056,.F.);
#2576 = FACE_BOUND('',#2577,.T.);
#2577 = EDGE_LOOP('',(#2578,#2609,#2633,#2657));
#2578 = ORIENTED_EDGE('',*,*,#2579,.F.);
#2579 = EDGE_CURVE('',#2580,#2582,#2584,.T.);
#2580 = VERTEX_POINT('',#2581);
#2581 = CARTESIAN_POINT('',(5.15,-28.,4.5));
#2582 = VERTEX_POINT('',#2583);
#2583 = CARTESIAN_POINT('',(2.402717531897,-23.44484375,4.5));
#2584 = SURFACE_CURVE('',#2585,(#2590,#2597),.PCURVE_S1.);
#2585 = CIRCLE('',#2586,5.15);
#2586 = AXIS2_PLACEMENT_3D('',#2587,#2588,#2589);
#2587 = CARTESIAN_POINT('',(0.,-28.,4.5));
#2588 = DIRECTION('',(0.,0.,1.));
#2589 = DIRECTION('',(1.,0.,0.));
#2590 = PCURVE('',#911,#2591);
#2591 = DEFINITIONAL_REPRESENTATION('',(#2592),#2596);
#2592 = CIRCLE('',#2593,5.15);
#2593 = AXIS2_PLACEMENT_2D('',#2594,#2595);
#2594 = CARTESIAN_POINT('',(2.019429265499E-09,-27.9999999979));
#2595 = DIRECTION('',(1.,0.));
#2596 = ( GEOMETRIC_REPRESENTATION_CONTEXT(2) 
PARAMETRIC_REPRESENTATION_CONTEXT() REPRESENTATION_CONTEXT('2D SPACE',''
  ) );
#2597 = PCURVE('',#2598,#2603);
#2598 = CYLINDRICAL_SURFACE('',#2599,5.15);
#2599 = AXIS2_PLACEMENT_3D('',#2600,#2601,#2602);
#2600 = CARTESIAN_POINT('',(0.,-28.,2.4));
#2601 = DIRECTION('',(0.,0.,1.));
#2602 = DIRECTION('',(1.,0.,0.));
#2603 = DEFINITIONAL_REPRESENTATION('',(#2604),#2608);
#2604 = LINE('',#2605,#2606);
#2605 = CARTESIAN_POINT('',(0.,2.1));
#2606 = VECTOR('',#2607,1.);
#2607 = DIRECTION('',(1.,0.));
#2608 = ( GEOMETRIC_REPRESENTATION_CONTEXT(2) 
PARAMETRIC_REPRESENTATION_CONTEXT() REPRESENTATION_CONTEXT('2D SPACE',''
  ) );
#2609 = ORIENTED_EDGE('',*,*,#2610,.F.);
#2610 = EDGE_CURVE('',#2611,#2580,#2613,.T.);
#2611 = VERTEX_POINT('',#2612);
#2612 = CARTESIAN_POINT('',(-2.402717531897,-23.44484375,4.5));
#2613 = SURFACE_CURVE('',#2614,(#2619,#2626),.PCURVE_S1.);
#2614 = CIRCLE('',#2615,5.15);
#2615 = AXIS2_PLACEMENT_3D('',#2616,#2617,#2618);
#2616 = CARTESIAN_POINT('',(0.,-28.,4.5));
#2617 = DIRECTION('',(0.,0.,1.));
#2618 = DIRECTION('',(1.,0.,0.));
#2619 = PCURVE('',#911,#2620);
#2620 = DEFINITIONAL_REPRESENTATION('',(#2621),#2625);
#2621 = CIRCLE('',#2622,5.15);
#2622 = AXIS2_PLACEMENT_2D('',#2623,#2624);
#2623 = CARTESIAN_POINT('',(2.019429265499E-09,-27.9999999979));
#2624 = DIRECTION('',(1.,0.));
#2625 = ( GEOMETRIC_REPRESENTATION_CONTEXT(2) 
PARAMETRIC_REPRESENTATION_CONTEXT() REPRESENTATION_CONTEXT('2D SPACE',''
  ) );
#2626 = PCURVE('',#2598,#2627);
#2627 = DEFINITIONAL_REPRESENTATION('',(#2628),#2632);
#2628 = LINE('',#2629,#2630);
#2629 = CARTESIAN_POINT('',(0.,2.1));
#2630 = VECTOR('',#2631,1.);
#2631 = DIRECTION('',(1.,0.));
#2632 = ( GEOMETRIC_REPRESENTATION_CONTEXT(2) 
PARAMETRIC_REPRESENTATION_CONTEXT() REPRESENTATION_CONTEXT('2D SPACE',''
  ) );
#2633 = ORIENTED_EDGE('',*,*,#2634,.F.);
#2634 = EDGE_CURVE('',#2635,#2611,#2637,.T.);
#2635 = VERTEX_POINT('',#2636);
#2636 = CARTESIAN_POINT('',(4.2,-20.,4.5));
#2637 = SURFACE_CURVE('',#2638,(#2643,#2650),.PCURVE_S1.);
#2638 = CIRCLE('',#2639,4.2);
#2639 = AXIS2_PLACEMENT_3D('',#2640,#2641,#2642);
#2640 = CARTESIAN_POINT('',(0.,-20.,4.5));
#2641 = DIRECTION('',(0.,0.,1.));
#2642 = DIRECTION('',(1.,0.,0.));
#2643 = PCURVE('',#911,#2644);
#2644 = DEFINITIONAL_REPRESENTATION('',(#2645),#2649);
#2645 = CIRCLE('',#2646,4.2);
#2646 = AXIS2_PLACEMENT_2D('',#2647,#2648);
#2647 = CARTESIAN_POINT('',(2.019429265499E-09,-19.9999999979));
#2648 = DIRECTION('',(1.,0.));
#2649 = ( GEOMETRIC_REPRESENTATION_CONTEXT(2) 
PARAMETRIC_REPRESENTATION_CONTEXT() REPRESENTATION_CONTEXT('2D SPACE',''
  ) );
#2650 = PCURVE('',#1696,#2651);
#2651 = DEFINITIONAL_REPRESENTATION('',(#2652),#2656);
#2652 = LINE('',#2653,#2654);
#2653 = CARTESIAN_POINT('',(0.,2.));
#2654 = VECTOR('',#2655,1.);
#2655 = DIRECTION('',(1.,0.));
#2656 = ( GEOMETRIC_REPRESENTATION_CONTEXT(2) 
PARAMETRIC_REPRESENTATION_CONTEXT() REPRESENTATION_CONTEXT('2D SPACE',''
  ) );
#2657 = ORIENTED_EDGE('',*,*,#2658,.F.);
#2658 = EDGE_CURVE('',#2582,#2635,#2659,.T.);
#2659 = SURFACE_CURVE('',#2660,(#2665,#2672),.PCURVE_S1.);
#2660 = CIRCLE('',#2661,4.2);
#2661 = AXIS2_PLACEMENT_3D('',#2662,#2663,#2664);
#2662 = CARTESIAN_POINT('',(0.,-20.,4.5));
#2663 = DIRECTION('',(0.,0.,1.));
#2664 = DIRECTION('',(1.,0.,0.));
#2665 = PCURVE('',#911,#2666);
#2666 = DEFINITIONAL_REPRESENTATION('',(#2667),#2671);
#2667 = CIRCLE('',#2668,4.2);
#2668 = AXIS2_PLACEMENT_2D('',#2669,#2670);
#2669 = CARTESIAN_POINT('',(2.019429265499E-09,-19.9999999979));
#2670 = DIRECTION('',(1.,0.));
#2671 = ( GEOMETRIC_REPRESENTATION_CONTEXT(2) 
PARAMETRIC_REPRESENTATION_CONTEXT() REPRESENTATION_CONTEXT('2D SPACE',''
  ) );
#2672 = PCURVE('',#1696,#2673);
#2673 = DEFINITIONAL_REPRESENTATION('',(#2674),#2678);
#2674 = LINE('',#2675,#2676);
#2675 = CARTESIAN_POINT('',(0.,2.));
#2676 = VECTOR('',#2677,1.);
#2677 = DIRECTION('',(1.,0.));
#2678 = ( GEOMETRIC_REPRESENTATION_CONTEXT(2) 
PARAMETRIC_REPRESENTATION_CONTEXT() REPRESENTATION_CONTEXT('2D SPACE',''
  ) );
#2679 = FACE_BOUND('',#2680,.T.);
#2680 = EDGE_LOOP('',(#2681,#2712,#2736,#2760));
#2681 = ORIENTED_EDGE('',*,*,#2682,.F.);
#2682 = EDGE_CURVE('',#2683,#2685,#2687,.T.);
#2683 = VERTEX_POINT('',#2684);
#2684 = CARTESIAN_POINT('',(5.15,28.,4.5));
#2685 = VERTEX_POINT('',#2686);
#2686 = CARTESIAN_POINT('',(-2.402717531897,23.44484375,4.5));
#2687 = SURFACE_CURVE('',#2688,(#2693,#2700),.PCURVE_S1.);
#2688 = CIRCLE('',#2689,5.15);
#2689 = AXIS2_PLACEMENT_3D('',#2690,#2691,#2692);
#2690 = CARTESIAN_POINT('',(0.,28.,4.5));
#2691 = DIRECTION('',(0.,0.,1.));
#2692 = DIRECTION('',(1.,0.,0.));
#2693 = PCURVE('',#911,#2694);
#2694 = DEFINITIONAL_REPRESENTATION('',(#2695),#2699);
#2695 = CIRCLE('',#2696,5.15);
#2696 = AXIS2_PLACEMENT_2D('',#2697,#2698);
#2697 = CARTESIAN_POINT('',(2.019429265499E-09,28.000000002091));
#2698 = DIRECTION('',(1.,0.));
#2699 = ( GEOMETRIC_REPRESENTATION_CONTEXT(2) 
PARAMETRIC_REPRESENTATION_CONTEXT() REPRESENTATION_CONTEXT('2D SPACE',''
  ) );
#2700 = PCURVE('',#2701,#2706);
#2701 = CYLINDRICAL_SURFACE('',#2702,5.15);
#2702 = AXIS2_PLACEMENT_3D('',#2703,#2704,#2705);
#2703 = CARTESIAN_POINT('',(0.,28.,2.4));
#2704 = DIRECTION('',(0.,0.,1.));
#2705 = DIRECTION('',(1.,0.,0.));
#2706 = DEFINITIONAL_REPRESENTATION('',(#2707),#2711);
#2707 = LINE('',#2708,#2709);
#2708 = CARTESIAN_POINT('',(0.,2.1));
#2709 = VECTOR('',#2710,1.);
#2710 = DIRECTION('',(1.,0.));
#2711 = ( GEOMETRIC_REPRESENTATION_CONTEXT(2) 
PARAMETRIC_REPRESENTATION_CONTEXT() REPRESENTATION_CONTEXT('2D SPACE',''
  ) );
#2712 = ORIENTED_EDGE('',*,*,#2713,.F.);
#2713 = EDGE_CURVE('',#2714,#2683,#2716,.T.);
#2714 = VERTEX_POINT('',#2715);
#2715 = CARTESIAN_POINT('',(2.402717531897,23.44484375,4.5));
#2716 = SURFACE_CURVE('',#2717,(#2722,#2729),.PCURVE_S1.);
#2717 = CIRCLE('',#2718,5.15);
#2718 = AXIS2_PLACEMENT_3D('',#2719,#2720,#2721);
#2719 = CARTESIAN_POINT('',(0.,28.,4.5));
#2720 = DIRECTION('',(0.,0.,1.));
#2721 = DIRECTION('',(1.,0.,0.));
#2722 = PCURVE('',#911,#2723);
#2723 = DEFINITIONAL_REPRESENTATION('',(#2724),#2728);
#2724 = CIRCLE('',#2725,5.15);
#2725 = AXIS2_PLACEMENT_2D('',#2726,#2727);
#2726 = CARTESIAN_POINT('',(2.019429265499E-09,28.000000002091));
#2727 = DIRECTION('',(1.,0.));
#2728 = ( GEOMETRIC_REPRESENTATION_CONTEXT(2) 
PARAMETRIC_REPRESENTATION_CONTEXT() REPRESENTATION_CONTEXT('2D SPACE',''
  ) );
#2729 = PCURVE('',#2701,#2730);
#2730 = DEFINITIONAL_REPRESENTATION('',(#2731),#2735);
#2731 = LINE('',#2732,#2733);
#2732 = CARTESIAN_POINT('',(0.,2.1));
#2733 = VECTOR('',#2734,1.);
#2734 = DIRECTION('',(1.,0.));
#2735 = ( GEOMETRIC_REPRESENTATION_CONTEXT(2) 
PARAMETRIC_REPRESENTATION_CONTEXT() REPRESENTATION_CONTEXT('2D SPACE',''
  ) );
#2736 = ORIENTED_EDGE('',*,*,#2737,.F.);
#2737 = EDGE_CURVE('',#2738,#2714,#2740,.T.);
#2738 = VERTEX_POINT('',#2739);
#2739 = CARTESIAN_POINT('',(4.2,20.,4.5));
#2740 = SURFACE_CURVE('',#2741,(#2746,#2753),.PCURVE_S1.);
#2741 = CIRCLE('',#2742,4.2);
#2742 = AXIS2_PLACEMENT_3D('',#2743,#2744,#2745);
#2743 = CARTESIAN_POINT('',(0.,20.,4.5));
#2744 = DIRECTION('',(0.,0.,1.));
#2745 = DIRECTION('',(1.,0.,0.));
#2746 = PCURVE('',#911,#2747);
#2747 = DEFINITIONAL_REPRESENTATION('',(#2748),#2752);
#2748 = CIRCLE('',#2749,4.2);
#2749 = AXIS2_PLACEMENT_2D('',#2750,#2751);
#2750 = CARTESIAN_POINT('',(2.019429265499E-09,20.000000002091));
#2751 = DIRECTION('',(1.,0.));
#2752 = ( GEOMETRIC_REPRESENTATION_CONTEXT(2) 
PARAMETRIC_REPRESENTATION_CONTEXT() REPRESENTATION_CONTEXT('2D SPACE',''
  ) );
#2753 = PCURVE('',#1751,#2754);
#2754 = DEFINITIONAL_REPRESENTATION('',(#2755),#2759);
#2755 = LINE('',#2756,#2757);
#2756 = CARTESIAN_POINT('',(0.,2.));
#2757 = VECTOR('',#2758,1.);
#2758 = DIRECTION('',(1.,0.));
#2759 = ( GEOMETRIC_REPRESENTATION_CONTEXT(2) 
PARAMETRIC_REPRESENTATION_CONTEXT() REPRESENTATION_CONTEXT('2D SPACE',''
  ) );
#2760 = ORIENTED_EDGE('',*,*,#2761,.F.);
#2761 = EDGE_CURVE('',#2685,#2738,#2762,.T.);
#2762 = SURFACE_CURVE('',#2763,(#2768,#2775),.PCURVE_S1.);
#2763 = CIRCLE('',#2764,4.2);
#2764 = AXIS2_PLACEMENT_3D('',#2765,#2766,#2767);
#2765 = CARTESIAN_POINT('',(0.,20.,4.5));
#2766 = DIRECTION('',(0.,0.,1.));
#2767 = DIRECTION('',(1.,0.,0.));
#2768 = PCURVE('',#911,#2769);
#2769 = DEFINITIONAL_REPRESENTATION('',(#2770),#2774);
#2770 = CIRCLE('',#2771,4.2);
#2771 = AXIS2_PLACEMENT_2D('',#2772,#2773);
#2772 = CARTESIAN_POINT('',(2.019429265499E-09,20.000000002091));
#2773 = DIRECTION('',(1.,0.));
#2774 = ( GEOMETRIC_REPRESENTATION_CONTEXT(2) 
PARAMETRIC_REPRESENTATION_CONTEXT() REPRESENTATION_CONTEXT('2D SPACE',''
  ) );
#2775 = PCURVE('',#1751,#2776);
#2776 = DEFINITIONAL_REPRESENTATION('',(#2777),#2781);
#2777 = LINE('',#2778,#2779);
#2778 = CARTESIAN_POINT('',(0.,2.));
#2779 = VECTOR('',#2780,1.);
#2780 = DIRECTION('',(1.,0.));
#2781 = ( GEOMETRIC_REPRESENTATION_CONTEXT(2) 
PARAMETRIC_REPRESENTATION_CONTEXT() REPRESENTATION_CONTEXT('2D SPACE',''
  ) );
#2782 = ADVANCED_FACE('',(#2783),#883,.T.);
#2783 = FACE_BOUND('',#2784,.T.);
#2784 = EDGE_LOOP('',(#2785,#2808,#2809,#2810));
#2785 = ORIENTED_EDGE('',*,*,#2786,.F.);
#2786 = EDGE_CURVE('',#841,#2787,#2789,.T.);
#2787 = VERTEX_POINT('',#2788);
#2788 = CARTESIAN_POINT('',(-43.4,40.399999984689,9.5));
#2789 = SURFACE_CURVE('',#2790,(#2794,#2801),.PCURVE_S1.);
#2790 = LINE('',#2791,#2792);
#2791 = CARTESIAN_POINT('',(-43.4,3.193889597242E-12,9.5));
#2792 = VECTOR('',#2793,1.);
#2793 = DIRECTION('',(0.,1.,0.));
#2794 = PCURVE('',#883,#2795);
#2795 = DEFINITIONAL_REPRESENTATION('',(#2796),#2800);
#2796 = LINE('',#2797,#2798);
#2797 = CARTESIAN_POINT('',(40.400000000006,-1.5));
#2798 = VECTOR('',#2799,1.);
#2799 = DIRECTION('',(1.,0.));
#2800 = ( GEOMETRIC_REPRESENTATION_CONTEXT(2) 
PARAMETRIC_REPRESENTATION_CONTEXT() REPRESENTATION_CONTEXT('2D SPACE',''
  ) );
#2801 = PCURVE('',#856,#2802);
#2802 = DEFINITIONAL_REPRESENTATION('',(#2803),#2807);
#2803 = LINE('',#2804,#2805);
#2804 = CARTESIAN_POINT('',(-43.3999999984,1.670273258434E-09));
#2805 = VECTOR('',#2806,1.);
#2806 = DIRECTION('',(0.,1.));
#2807 = ( GEOMETRIC_REPRESENTATION_CONTEXT(2) 
PARAMETRIC_REPRESENTATION_CONTEXT() REPRESENTATION_CONTEXT('2D SPACE',''
  ) );
#2808 = ORIENTED_EDGE('',*,*,#868,.F.);
#2809 = ORIENTED_EDGE('',*,*,#2552,.T.);
#2810 = ORIENTED_EDGE('',*,*,#2811,.F.);
#2811 = EDGE_CURVE('',#2787,#2520,#2812,.T.);
#2812 = SURFACE_CURVE('',#2813,(#2817,#2824),.PCURVE_S1.);
#2813 = LINE('',#2814,#2815);
#2814 = CARTESIAN_POINT('',(-43.4,40.399999984689,11.));
#2815 = VECTOR('',#2816,1.);
#2816 = DIRECTION('',(-0.,-0.,-1.));
#2817 = PCURVE('',#883,#2818);
#2818 = DEFINITIONAL_REPRESENTATION('',(#2819),#2823);
#2819 = LINE('',#2820,#2821);
#2820 = CARTESIAN_POINT('',(80.799999984692,0.));
#2821 = VECTOR('',#2822,1.);
#2822 = DIRECTION('',(0.,-1.));
#2823 = ( GEOMETRIC_REPRESENTATION_CONTEXT(2) 
PARAMETRIC_REPRESENTATION_CONTEXT() REPRESENTATION_CONTEXT('2D SPACE',''
  ) );
#2824 = PCURVE('',#2540,#2825);
#2825 = DEFINITIONAL_REPRESENTATION('',(#2826),#2830);
#2826 = LINE('',#2827,#2828);
#2827 = CARTESIAN_POINT('',(-0.,0.));
#2828 = VECTOR('',#2829,1.);
#2829 = DIRECTION('',(-0.,-1.));
#2830 = ( GEOMETRIC_REPRESENTATION_CONTEXT(2) 
PARAMETRIC_REPRESENTATION_CONTEXT() REPRESENTATION_CONTEXT('2D SPACE',''
  ) );
#2831 = ADVANCED_FACE('',(#2832),#856,.T.);
#2832 = FACE_BOUND('',#2833,.T.);
#2833 = EDGE_LOOP('',(#2834,#2835,#2836,#2837,#2865,#2888,#2916,#2937,
    #2938,#2939,#2940,#2941));
#2834 = ORIENTED_EDGE('',*,*,#2115,.F.);
#2835 = ORIENTED_EDGE('',*,*,#840,.F.);
#2836 = ORIENTED_EDGE('',*,*,#2786,.T.);
#2837 = ORIENTED_EDGE('',*,*,#2838,.T.);
#2838 = EDGE_CURVE('',#2787,#2839,#2841,.T.);
#2839 = VERTEX_POINT('',#2840);
#2840 = CARTESIAN_POINT('',(-40.4,43.399999992346,9.5));
#2841 = SURFACE_CURVE('',#2842,(#2847,#2858),.PCURVE_S1.);
#2842 = CIRCLE('',#2843,3.);
#2843 = AXIS2_PLACEMENT_3D('',#2844,#2845,#2846);
#2844 = CARTESIAN_POINT('',(-40.4,40.399999984689,9.5));
#2845 = DIRECTION('',(0.,0.,-1.));
#2846 = DIRECTION('',(-1.,0.,0.));
#2847 = PCURVE('',#856,#2848);
#2848 = DEFINITIONAL_REPRESENTATION('',(#2849),#2857);
#2849 = ( BOUNDED_CURVE() B_SPLINE_CURVE(2,(#2850,#2851,#2852,#2853,
#2854,#2855,#2856),.UNSPECIFIED.,.T.,.F.) B_SPLINE_CURVE_WITH_KNOTS((1,2
    ,2,2,2,1),(-2.094395102393,0.,2.094395102393,4.188790204786,
6.28318530718,8.377580409573),.UNSPECIFIED.) CURVE() 
GEOMETRIC_REPRESENTATION_ITEM() RATIONAL_B_SPLINE_CURVE((1.,0.5,1.,0.5,
1.,0.5,1.)) REPRESENTATION_ITEM('') );
#2850 = CARTESIAN_POINT('',(-43.3999999984,40.399999986356));
#2851 = CARTESIAN_POINT('',(-43.3999999984,45.596152409063));
#2852 = CARTESIAN_POINT('',(-38.8999999984,42.998076197709));
#2853 = CARTESIAN_POINT('',(-34.3999999984,40.399999986356));
#2854 = CARTESIAN_POINT('',(-38.8999999984,37.801923775003));
#2855 = CARTESIAN_POINT('',(-43.3999999984,35.203847563649));
#2856 = CARTESIAN_POINT('',(-43.3999999984,40.399999986356));
#2857 = ( GEOMETRIC_REPRESENTATION_CONTEXT(2) 
PARAMETRIC_REPRESENTATION_CONTEXT() REPRESENTATION_CONTEXT('2D SPACE',''
  ) );
#2858 = PCURVE('',#2540,#2859);
#2859 = DEFINITIONAL_REPRESENTATION('',(#2860),#2864);
#2860 = LINE('',#2861,#2862);
#2861 = CARTESIAN_POINT('',(-0.,-1.5));
#2862 = VECTOR('',#2863,1.);
#2863 = DIRECTION('',(-1.,0.));
#2864 = ( GEOMETRIC_REPRESENTATION_CONTEXT(2) 
PARAMETRIC_REPRESENTATION_CONTEXT() REPRESENTATION_CONTEXT('2D SPACE',''
  ) );
#2865 = ORIENTED_EDGE('',*,*,#2866,.T.);
#2866 = EDGE_CURVE('',#2839,#2867,#2869,.T.);
#2867 = VERTEX_POINT('',#2868);
#2868 = CARTESIAN_POINT('',(40.4,43.399999992346,9.5));
#2869 = SURFACE_CURVE('',#2870,(#2874,#2881),.PCURVE_S1.);
#2870 = LINE('',#2871,#2872);
#2871 = CARTESIAN_POINT('',(0.,43.400000000003,9.5));
#2872 = VECTOR('',#2873,1.);
#2873 = DIRECTION('',(1.,0.,0.));
#2874 = PCURVE('',#856,#2875);
#2875 = DEFINITIONAL_REPRESENTATION('',(#2876),#2880);
#2876 = LINE('',#2877,#2878);
#2877 = CARTESIAN_POINT('',(1.59417320716E-09,43.40000000167));
#2878 = VECTOR('',#2879,1.);
#2879 = DIRECTION('',(1.,0.));
#2880 = ( GEOMETRIC_REPRESENTATION_CONTEXT(2) 
PARAMETRIC_REPRESENTATION_CONTEXT() REPRESENTATION_CONTEXT('2D SPACE',''
  ) );
#2881 = PCURVE('',#2507,#2882);
#2882 = DEFINITIONAL_REPRESENTATION('',(#2883),#2887);
#2883 = LINE('',#2884,#2885);
#2884 = CARTESIAN_POINT('',(40.4,-1.5));
#2885 = VECTOR('',#2886,1.);
#2886 = DIRECTION('',(1.,0.));
#2887 = ( GEOMETRIC_REPRESENTATION_CONTEXT(2) 
PARAMETRIC_REPRESENTATION_CONTEXT() REPRESENTATION_CONTEXT('2D SPACE',''
  ) );
#2888 = ORIENTED_EDGE('',*,*,#2889,.T.);
#2889 = EDGE_CURVE('',#2867,#2890,#2892,.T.);
#2890 = VERTEX_POINT('',#2891);
#2891 = CARTESIAN_POINT('',(43.4,40.399999984689,9.5));
#2892 = SURFACE_CURVE('',#2893,(#2898,#2909),.PCURVE_S1.);
#2893 = CIRCLE('',#2894,3.);
#2894 = AXIS2_PLACEMENT_3D('',#2895,#2896,#2897);
#2895 = CARTESIAN_POINT('',(40.4,40.399999984689,9.5));
#2896 = DIRECTION('',(0.,0.,-1.));
#2897 = DIRECTION('',(-1.,0.,0.));
#2898 = PCURVE('',#856,#2899);
#2899 = DEFINITIONAL_REPRESENTATION('',(#2900),#2908);
#2900 = ( BOUNDED_CURVE() B_SPLINE_CURVE(2,(#2901,#2902,#2903,#2904,
#2905,#2906,#2907),.UNSPECIFIED.,.T.,.F.) B_SPLINE_CURVE_WITH_KNOTS((1,2
    ,2,2,2,1),(-2.094395102393,0.,2.094395102393,4.188790204786,
6.28318530718,8.377580409573),.UNSPECIFIED.) CURVE() 
GEOMETRIC_REPRESENTATION_ITEM() RATIONAL_B_SPLINE_CURVE((1.,0.5,1.,0.5,
1.,0.5,1.)) REPRESENTATION_ITEM('') );
#2901 = CARTESIAN_POINT('',(37.400000001594,40.399999986356));
#2902 = CARTESIAN_POINT('',(37.400000001594,45.596152409063));
#2903 = CARTESIAN_POINT('',(41.900000001594,42.99807619771));
#2904 = CARTESIAN_POINT('',(46.400000001594,40.399999986356));
#2905 = CARTESIAN_POINT('',(41.900000001594,37.801923775003));
#2906 = CARTESIAN_POINT('',(37.400000001594,35.20384756365));
#2907 = CARTESIAN_POINT('',(37.400000001594,40.399999986356));
#2908 = ( GEOMETRIC_REPRESENTATION_CONTEXT(2) 
PARAMETRIC_REPRESENTATION_CONTEXT() REPRESENTATION_CONTEXT('2D SPACE',''
  ) );
#2909 = PCURVE('',#2479,#2910);
#2910 = DEFINITIONAL_REPRESENTATION('',(#2911),#2915);
#2911 = LINE('',#2912,#2913);
#2912 = CARTESIAN_POINT('',(-0.,-1.5));
#2913 = VECTOR('',#2914,1.);
#2914 = DIRECTION('',(-1.,0.));
#2915 = ( GEOMETRIC_REPRESENTATION_CONTEXT(2) 
PARAMETRIC_REPRESENTATION_CONTEXT() REPRESENTATION_CONTEXT('2D SPACE',''
  ) );
#2916 = ORIENTED_EDGE('',*,*,#2917,.F.);
#2917 = EDGE_CURVE('',#1844,#2890,#2918,.T.);
#2918 = SURFACE_CURVE('',#2919,(#2923,#2930),.PCURVE_S1.);
#2919 = LINE('',#2920,#2921);
#2920 = CARTESIAN_POINT('',(43.4,3.193889597242E-12,9.5));
#2921 = VECTOR('',#2922,1.);
#2922 = DIRECTION('',(0.,1.,0.));
#2923 = PCURVE('',#856,#2924);
#2924 = DEFINITIONAL_REPRESENTATION('',(#2925),#2929);
#2925 = LINE('',#2926,#2927);
#2926 = CARTESIAN_POINT('',(43.400000001594,1.670273258434E-09));
#2927 = VECTOR('',#2928,1.);
#2928 = DIRECTION('',(0.,1.));
#2929 = ( GEOMETRIC_REPRESENTATION_CONTEXT(2) 
PARAMETRIC_REPRESENTATION_CONTEXT() REPRESENTATION_CONTEXT('2D SPACE',''
  ) );
#2930 = PCURVE('',#1858,#2931);
#2931 = DEFINITIONAL_REPRESENTATION('',(#2932),#2936);
#2932 = LINE('',#2933,#2934);
#2933 = CARTESIAN_POINT('',(40.4,-1.5));
#2934 = VECTOR('',#2935,1.);
#2935 = DIRECTION('',(1.,0.));
#2936 = ( GEOMETRIC_REPRESENTATION_CONTEXT(2) 
PARAMETRIC_REPRESENTATION_CONTEXT() REPRESENTATION_CONTEXT('2D SPACE',''
  ) );
#2937 = ORIENTED_EDGE('',*,*,#1869,.F.);
#2938 = ORIENTED_EDGE('',*,*,#1917,.T.);
#2939 = ORIENTED_EDGE('',*,*,#1965,.T.);
#2940 = ORIENTED_EDGE('',*,*,#2037,.F.);
#2941 = ORIENTED_EDGE('',*,*,#2064,.T.);
#2942 = ADVANCED_FACE('',(#2943),#1149,.T.);
#2943 = FACE_BOUND('',#2944,.T.);
#2944 = EDGE_LOOP('',(#2945,#2946,#2969,#2990));
#2945 = ORIENTED_EDGE('',*,*,#1423,.F.);
#2946 = ORIENTED_EDGE('',*,*,#2947,.T.);
#2947 = EDGE_CURVE('',#1395,#2948,#2950,.T.);
#2948 = VERTEX_POINT('',#2949);
#2949 = CARTESIAN_POINT('',(-44.9,-40.9,9.5));
#2950 = SURFACE_CURVE('',#2951,(#2955,#2962),.PCURVE_S1.);
#2951 = LINE('',#2952,#2953);
#2952 = CARTESIAN_POINT('',(-44.9,-40.9,11.));
#2953 = VECTOR('',#2954,1.);
#2954 = DIRECTION('',(-0.,-0.,-1.));
#2955 = PCURVE('',#1149,#2956);
#2956 = DEFINITIONAL_REPRESENTATION('',(#2957),#2961);
#2957 = LINE('',#2958,#2959);
#2958 = CARTESIAN_POINT('',(0.,0.));
#2959 = VECTOR('',#2960,1.);
#2960 = DIRECTION('',(0.,-1.));
#2961 = ( GEOMETRIC_REPRESENTATION_CONTEXT(2) 
PARAMETRIC_REPRESENTATION_CONTEXT() REPRESENTATION_CONTEXT('2D SPACE',''
  ) );
#2962 = PCURVE('',#1411,#2963);
#2963 = DEFINITIONAL_REPRESENTATION('',(#2964),#2968);
#2964 = LINE('',#2965,#2966);
#2965 = CARTESIAN_POINT('',(3.14159265359,0.));
#2966 = VECTOR('',#2967,1.);
#2967 = DIRECTION('',(0.,-1.));
#2968 = ( GEOMETRIC_REPRESENTATION_CONTEXT(2) 
PARAMETRIC_REPRESENTATION_CONTEXT() REPRESENTATION_CONTEXT('2D SPACE',''
  ) );
#2969 = ORIENTED_EDGE('',*,*,#2970,.T.);
#2970 = EDGE_CURVE('',#2948,#1107,#2971,.T.);
#2971 = SURFACE_CURVE('',#2972,(#2976,#2983),.PCURVE_S1.);
#2972 = LINE('',#2973,#2974);
#2973 = CARTESIAN_POINT('',(-44.9,1.946887095983E-12,9.5));
#2974 = VECTOR('',#2975,1.);
#2975 = DIRECTION('',(0.,1.,0.));
#2976 = PCURVE('',#1149,#2977);
#2977 = DEFINITIONAL_REPRESENTATION('',(#2978),#2982);
#2978 = LINE('',#2979,#2980);
#2979 = CARTESIAN_POINT('',(40.900000000004,-1.5));
#2980 = VECTOR('',#2981,1.);
#2981 = DIRECTION('',(1.,0.));
#2982 = ( GEOMETRIC_REPRESENTATION_CONTEXT(2) 
PARAMETRIC_REPRESENTATION_CONTEXT() REPRESENTATION_CONTEXT('2D SPACE',''
  ) );
#2983 = PCURVE('',#1122,#2984);
#2984 = DEFINITIONAL_REPRESENTATION('',(#2985),#2989);
#2985 = LINE('',#2986,#2987);
#2986 = CARTESIAN_POINT('',(-44.8999999984,1.669026255933E-09));
#2987 = VECTOR('',#2988,1.);
#2988 = DIRECTION('',(0.,1.));
#2989 = ( GEOMETRIC_REPRESENTATION_CONTEXT(2) 
PARAMETRIC_REPRESENTATION_CONTEXT() REPRESENTATION_CONTEXT('2D SPACE',''
  ) );
#2990 = ORIENTED_EDGE('',*,*,#1134,.T.);
#2991 = ADVANCED_FACE('',(#2992),#1122,.T.);
#2992 = FACE_BOUND('',#2993,.T.);
#2993 = EDGE_LOOP('',(#2994,#2995,#3019,#3042,#3066,#3089,#3113,#3136,
    #3164,#3187,#3215,#3236));
#2994 = ORIENTED_EDGE('',*,*,#2970,.F.);
#2995 = ORIENTED_EDGE('',*,*,#2996,.T.);
#2996 = EDGE_CURVE('',#2948,#2997,#2999,.T.);
#2997 = VERTEX_POINT('',#2998);
#2998 = CARTESIAN_POINT('',(-40.9,-44.9,9.5));
#2999 = SURFACE_CURVE('',#3000,(#3005,#3012),.PCURVE_S1.);
#3000 = CIRCLE('',#3001,4.);
#3001 = AXIS2_PLACEMENT_3D('',#3002,#3003,#3004);
#3002 = CARTESIAN_POINT('',(-40.9,-40.9,9.5));
#3003 = DIRECTION('',(0.,0.,1.));
#3004 = DIRECTION('',(1.,0.,0.));
#3005 = PCURVE('',#1122,#3006);
#3006 = DEFINITIONAL_REPRESENTATION('',(#3007),#3011);
#3007 = CIRCLE('',#3008,4.);
#3008 = AXIS2_PLACEMENT_2D('',#3009,#3010);
#3009 = CARTESIAN_POINT('',(-40.8999999984,-40.89999999833));
#3010 = DIRECTION('',(1.,0.));
#3011 = ( GEOMETRIC_REPRESENTATION_CONTEXT(2) 
PARAMETRIC_REPRESENTATION_CONTEXT() REPRESENTATION_CONTEXT('2D SPACE',''
  ) );
#3012 = PCURVE('',#1411,#3013);
#3013 = DEFINITIONAL_REPRESENTATION('',(#3014),#3018);
#3014 = LINE('',#3015,#3016);
#3015 = CARTESIAN_POINT('',(0.,-1.5));
#3016 = VECTOR('',#3017,1.);
#3017 = DIRECTION('',(1.,0.));
#3018 = ( GEOMETRIC_REPRESENTATION_CONTEXT(2) 
PARAMETRIC_REPRESENTATION_CONTEXT() REPRESENTATION_CONTEXT('2D SPACE',''
  ) );
#3019 = ORIENTED_EDGE('',*,*,#3020,.T.);
#3020 = EDGE_CURVE('',#2997,#3021,#3023,.T.);
#3021 = VERTEX_POINT('',#3022);
#3022 = CARTESIAN_POINT('',(40.899999988091,-44.89999999999,9.5));
#3023 = SURFACE_CURVE('',#3024,(#3028,#3035),.PCURVE_S1.);
#3024 = LINE('',#3025,#3026);
#3025 = CARTESIAN_POINT('',(0.,-44.89999999999,9.5));
#3026 = VECTOR('',#3027,1.);
#3027 = DIRECTION('',(1.,0.,0.));
#3028 = PCURVE('',#1122,#3029);
#3029 = DEFINITIONAL_REPRESENTATION('',(#3030),#3034);
#3030 = LINE('',#3031,#3032);
#3031 = CARTESIAN_POINT('',(1.59417320716E-09,-44.89999999833));
#3032 = VECTOR('',#3033,1.);
#3033 = DIRECTION('',(1.,0.));
#3034 = ( GEOMETRIC_REPRESENTATION_CONTEXT(2) 
PARAMETRIC_REPRESENTATION_CONTEXT() REPRESENTATION_CONTEXT('2D SPACE',''
  ) );
#3035 = PCURVE('',#1382,#3036);
#3036 = DEFINITIONAL_REPRESENTATION('',(#3037),#3041);
#3037 = LINE('',#3038,#3039);
#3038 = CARTESIAN_POINT('',(40.9,-1.5));
#3039 = VECTOR('',#3040,1.);
#3040 = DIRECTION('',(1.,0.));
#3041 = ( GEOMETRIC_REPRESENTATION_CONTEXT(2) 
PARAMETRIC_REPRESENTATION_CONTEXT() REPRESENTATION_CONTEXT('2D SPACE',''
  ) );
#3042 = ORIENTED_EDGE('',*,*,#3043,.T.);
#3043 = EDGE_CURVE('',#3021,#3044,#3046,.T.);
#3044 = VERTEX_POINT('',#3045);
#3045 = CARTESIAN_POINT('',(44.899999994046,-40.89999999999,9.5));
#3046 = SURFACE_CURVE('',#3047,(#3052,#3059),.PCURVE_S1.);
#3047 = CIRCLE('',#3048,4.);
#3048 = AXIS2_PLACEMENT_3D('',#3049,#3050,#3051);
#3049 = CARTESIAN_POINT('',(40.899999988091,-40.89999999999,9.5));
#3050 = DIRECTION('',(0.,0.,1.));
#3051 = DIRECTION('',(1.,0.,0.));
#3052 = PCURVE('',#1122,#3053);
#3053 = DEFINITIONAL_REPRESENTATION('',(#3054),#3058);
#3054 = CIRCLE('',#3055,4.);
#3055 = AXIS2_PLACEMENT_2D('',#3056,#3057);
#3056 = CARTESIAN_POINT('',(40.899999989685,-40.89999999833));
#3057 = DIRECTION('',(1.,0.));
#3058 = ( GEOMETRIC_REPRESENTATION_CONTEXT(2) 
PARAMETRIC_REPRESENTATION_CONTEXT() REPRESENTATION_CONTEXT('2D SPACE',''
  ) );
#3059 = PCURVE('',#1354,#3060);
#3060 = DEFINITIONAL_REPRESENTATION('',(#3061),#3065);
#3061 = LINE('',#3062,#3063);
#3062 = CARTESIAN_POINT('',(0.,-1.5));
#3063 = VECTOR('',#3064,1.);
#3064 = DIRECTION('',(1.,0.));
#3065 = ( GEOMETRIC_REPRESENTATION_CONTEXT(2) 
PARAMETRIC_REPRESENTATION_CONTEXT() REPRESENTATION_CONTEXT('2D SPACE',''
  ) );
#3066 = ORIENTED_EDGE('',*,*,#3067,.T.);
#3067 = EDGE_CURVE('',#3044,#3068,#3070,.T.);
#3068 = VERTEX_POINT('',#3069);
#3069 = CARTESIAN_POINT('',(44.9,-15.69681496355,9.5));
#3070 = SURFACE_CURVE('',#3071,(#3075,#3082),.PCURVE_S1.);
#3071 = LINE('',#3072,#3073);
#3072 = CARTESIAN_POINT('',(44.9,1.946887095983E-12,9.5));
#3073 = VECTOR('',#3074,1.);
#3074 = DIRECTION('',(0.,1.,0.));
#3075 = PCURVE('',#1122,#3076);
#3076 = DEFINITIONAL_REPRESENTATION('',(#3077),#3081);
#3077 = LINE('',#3078,#3079);
#3078 = CARTESIAN_POINT('',(44.900000001594,1.669026255933E-09));
#3079 = VECTOR('',#3080,1.);
#3080 = DIRECTION('',(0.,1.));
#3081 = ( GEOMETRIC_REPRESENTATION_CONTEXT(2) 
PARAMETRIC_REPRESENTATION_CONTEXT() REPRESENTATION_CONTEXT('2D SPACE',''
  ) );
#3082 = PCURVE('',#1325,#3083);
#3083 = DEFINITIONAL_REPRESENTATION('',(#3084),#3088);
#3084 = LINE('',#3085,#3086);
#3085 = CARTESIAN_POINT('',(40.9,-1.5));
#3086 = VECTOR('',#3087,1.);
#3087 = DIRECTION('',(1.,0.));
#3088 = ( GEOMETRIC_REPRESENTATION_CONTEXT(2) 
PARAMETRIC_REPRESENTATION_CONTEXT() REPRESENTATION_CONTEXT('2D SPACE',''
  ) );
#3089 = ORIENTED_EDGE('',*,*,#3090,.F.);
#3090 = EDGE_CURVE('',#3091,#3068,#3093,.T.);
#3091 = VERTEX_POINT('',#3092);
#3092 = CARTESIAN_POINT('',(43.4,-15.32449020359,9.5));
#3093 = SURFACE_CURVE('',#3094,(#3099,#3106),.PCURVE_S1.);
#3094 = CIRCLE('',#3095,16.);
#3095 = AXIS2_PLACEMENT_3D('',#3096,#3097,#3098);
#3096 = CARTESIAN_POINT('',(48.,0.,9.5));
#3097 = DIRECTION('',(0.,0.,1.));
#3098 = DIRECTION('',(1.,0.,-0.));
#3099 = PCURVE('',#1122,#3100);
#3100 = DEFINITIONAL_REPRESENTATION('',(#3101),#3105);
#3101 = CIRCLE('',#3102,16.);
#3102 = AXIS2_PLACEMENT_2D('',#3103,#3104);
#3103 = CARTESIAN_POINT('',(48.000000001594,1.667079368837E-09));
#3104 = DIRECTION('',(1.,0.));
#3105 = ( GEOMETRIC_REPRESENTATION_CONTEXT(2) 
PARAMETRIC_REPRESENTATION_CONTEXT() REPRESENTATION_CONTEXT('2D SPACE',''
  ) );
#3106 = PCURVE('',#1297,#3107);
#3107 = DEFINITIONAL_REPRESENTATION('',(#3108),#3112);
#3108 = LINE('',#3109,#3110);
#3109 = CARTESIAN_POINT('',(0.,6.));
#3110 = VECTOR('',#3111,1.);
#3111 = DIRECTION('',(1.,0.));
#3112 = ( GEOMETRIC_REPRESENTATION_CONTEXT(2) 
PARAMETRIC_REPRESENTATION_CONTEXT() REPRESENTATION_CONTEXT('2D SPACE',''
  ) );
#3113 = ORIENTED_EDGE('',*,*,#3114,.F.);
#3114 = EDGE_CURVE('',#3115,#3091,#3117,.T.);
#3115 = VERTEX_POINT('',#3116);
#3116 = CARTESIAN_POINT('',(43.399999992343,-40.39999999999,9.5));
#3117 = SURFACE_CURVE('',#3118,(#3122,#3129),.PCURVE_S1.);
#3118 = LINE('',#3119,#3120);
#3119 = CARTESIAN_POINT('',(43.4,3.193889597242E-12,9.5));
#3120 = VECTOR('',#3121,1.);
#3121 = DIRECTION('',(0.,1.,0.));
#3122 = PCURVE('',#1122,#3123);
#3123 = DEFINITIONAL_REPRESENTATION('',(#3124),#3128);
#3124 = LINE('',#3125,#3126);
#3125 = CARTESIAN_POINT('',(43.400000001594,1.670273258434E-09));
#3126 = VECTOR('',#3127,1.);
#3127 = DIRECTION('',(0.,1.));
#3128 = ( GEOMETRIC_REPRESENTATION_CONTEXT(2) 
PARAMETRIC_REPRESENTATION_CONTEXT() REPRESENTATION_CONTEXT('2D SPACE',''
  ) );
#3129 = PCURVE('',#2376,#3130);
#3130 = DEFINITIONAL_REPRESENTATION('',(#3131),#3135);
#3131 = LINE('',#3132,#3133);
#3132 = CARTESIAN_POINT('',(40.4,-1.5));
#3133 = VECTOR('',#3134,1.);
#3134 = DIRECTION('',(1.,0.));
#3135 = ( GEOMETRIC_REPRESENTATION_CONTEXT(2) 
PARAMETRIC_REPRESENTATION_CONTEXT() REPRESENTATION_CONTEXT('2D SPACE',''
  ) );
#3136 = ORIENTED_EDGE('',*,*,#3137,.T.);
#3137 = EDGE_CURVE('',#3115,#3138,#3140,.T.);
#3138 = VERTEX_POINT('',#3139);
#3139 = CARTESIAN_POINT('',(40.399999984686,-43.39999999999,9.5));
#3140 = SURFACE_CURVE('',#3141,(#3146,#3157),.PCURVE_S1.);
#3141 = CIRCLE('',#3142,3.);
#3142 = AXIS2_PLACEMENT_3D('',#3143,#3144,#3145);
#3143 = CARTESIAN_POINT('',(40.399999984686,-40.39999999999,9.5));
#3144 = DIRECTION('',(0.,0.,-1.));
#3145 = DIRECTION('',(-1.,0.,0.));
#3146 = PCURVE('',#1122,#3147);
#3147 = DEFINITIONAL_REPRESENTATION('',(#3148),#3156);
#3148 = ( BOUNDED_CURVE() B_SPLINE_CURVE(2,(#3149,#3150,#3151,#3152,
#3153,#3154,#3155),.UNSPECIFIED.,.T.,.F.) B_SPLINE_CURVE_WITH_KNOTS((1,2
    ,2,2,2,1),(-2.094395102393,0.,2.094395102393,4.188790204786,
6.28318530718,8.377580409573),.UNSPECIFIED.) CURVE() 
GEOMETRIC_REPRESENTATION_ITEM() RATIONAL_B_SPLINE_CURVE((1.,0.5,1.,0.5,
1.,0.5,1.)) REPRESENTATION_ITEM('') );
#3149 = CARTESIAN_POINT('',(37.39999998628,-40.39999999833));
#3150 = CARTESIAN_POINT('',(37.39999998628,-35.20384757562));
#3151 = CARTESIAN_POINT('',(41.89999998628,-37.80192378697));
#3152 = CARTESIAN_POINT('',(46.39999998628,-40.39999999833));
#3153 = CARTESIAN_POINT('',(41.89999998628,-42.99807620968));
#3154 = CARTESIAN_POINT('',(37.39999998628,-45.59615242103));
#3155 = CARTESIAN_POINT('',(37.39999998628,-40.39999999833));
#3156 = ( GEOMETRIC_REPRESENTATION_CONTEXT(2) 
PARAMETRIC_REPRESENTATION_CONTEXT() REPRESENTATION_CONTEXT('2D SPACE',''
  ) );
#3157 = PCURVE('',#2348,#3158);
#3158 = DEFINITIONAL_REPRESENTATION('',(#3159),#3163);
#3159 = LINE('',#3160,#3161);
#3160 = CARTESIAN_POINT('',(-0.,-1.5));
#3161 = VECTOR('',#3162,1.);
#3162 = DIRECTION('',(-1.,0.));
#3163 = ( GEOMETRIC_REPRESENTATION_CONTEXT(2) 
PARAMETRIC_REPRESENTATION_CONTEXT() REPRESENTATION_CONTEXT('2D SPACE',''
  ) );
#3164 = ORIENTED_EDGE('',*,*,#3165,.F.);
#3165 = EDGE_CURVE('',#3166,#3138,#3168,.T.);
#3166 = VERTEX_POINT('',#3167);
#3167 = CARTESIAN_POINT('',(-40.4,-43.4,9.5));
#3168 = SURFACE_CURVE('',#3169,(#3173,#3180),.PCURVE_S1.);
#3169 = LINE('',#3170,#3171);
#3170 = CARTESIAN_POINT('',(0.,-43.39999999999,9.5));
#3171 = VECTOR('',#3172,1.);
#3172 = DIRECTION('',(1.,0.,0.));
#3173 = PCURVE('',#1122,#3174);
#3174 = DEFINITIONAL_REPRESENTATION('',(#3175),#3179);
#3175 = LINE('',#3176,#3177);
#3176 = CARTESIAN_POINT('',(1.59417320716E-09,-43.39999999833));
#3177 = VECTOR('',#3178,1.);
#3178 = DIRECTION('',(1.,0.));
#3179 = ( GEOMETRIC_REPRESENTATION_CONTEXT(2) 
PARAMETRIC_REPRESENTATION_CONTEXT() REPRESENTATION_CONTEXT('2D SPACE',''
  ) );
#3180 = PCURVE('',#2315,#3181);
#3181 = DEFINITIONAL_REPRESENTATION('',(#3182),#3186);
#3182 = LINE('',#3183,#3184);
#3183 = CARTESIAN_POINT('',(40.4,-1.5));
#3184 = VECTOR('',#3185,1.);
#3185 = DIRECTION('',(1.,0.));
#3186 = ( GEOMETRIC_REPRESENTATION_CONTEXT(2) 
PARAMETRIC_REPRESENTATION_CONTEXT() REPRESENTATION_CONTEXT('2D SPACE',''
  ) );
#3187 = ORIENTED_EDGE('',*,*,#3188,.T.);
#3188 = EDGE_CURVE('',#3166,#3189,#3191,.T.);
#3189 = VERTEX_POINT('',#3190);
#3190 = CARTESIAN_POINT('',(-43.4,-40.4,9.5));
#3191 = SURFACE_CURVE('',#3192,(#3197,#3208),.PCURVE_S1.);
#3192 = CIRCLE('',#3193,3.);
#3193 = AXIS2_PLACEMENT_3D('',#3194,#3195,#3196);
#3194 = CARTESIAN_POINT('',(-40.4,-40.4,9.5));
#3195 = DIRECTION('',(0.,0.,-1.));
#3196 = DIRECTION('',(-1.,0.,0.));
#3197 = PCURVE('',#1122,#3198);
#3198 = DEFINITIONAL_REPRESENTATION('',(#3199),#3207);
#3199 = ( BOUNDED_CURVE() B_SPLINE_CURVE(2,(#3200,#3201,#3202,#3203,
#3204,#3205,#3206),.UNSPECIFIED.,.T.,.F.) B_SPLINE_CURVE_WITH_KNOTS((1,2
    ,2,2,2,1),(-2.094395102393,0.,2.094395102393,4.188790204786,
6.28318530718,8.377580409573),.UNSPECIFIED.) CURVE() 
GEOMETRIC_REPRESENTATION_ITEM() RATIONAL_B_SPLINE_CURVE((1.,0.5,1.,0.5,
1.,0.5,1.)) REPRESENTATION_ITEM('') );
#3200 = CARTESIAN_POINT('',(-43.3999999984,-40.39999999833));
#3201 = CARTESIAN_POINT('',(-43.3999999984,-35.20384757562));
#3202 = CARTESIAN_POINT('',(-38.8999999984,-37.80192378698));
#3203 = CARTESIAN_POINT('',(-34.3999999984,-40.39999999833));
#3204 = CARTESIAN_POINT('',(-38.8999999984,-42.99807620968));
#3205 = CARTESIAN_POINT('',(-43.3999999984,-45.59615242104));
#3206 = CARTESIAN_POINT('',(-43.3999999984,-40.39999999833));
#3207 = ( GEOMETRIC_REPRESENTATION_CONTEXT(2) 
PARAMETRIC_REPRESENTATION_CONTEXT() REPRESENTATION_CONTEXT('2D SPACE',''
  ) );
#3208 = PCURVE('',#2287,#3209);
#3209 = DEFINITIONAL_REPRESENTATION('',(#3210),#3214);
#3210 = LINE('',#3211,#3212);
#3211 = CARTESIAN_POINT('',(-0.,-1.5));
#3212 = VECTOR('',#3213,1.);
#3213 = DIRECTION('',(-1.,0.));
#3214 = ( GEOMETRIC_REPRESENTATION_CONTEXT(2) 
PARAMETRIC_REPRESENTATION_CONTEXT() REPRESENTATION_CONTEXT('2D SPACE',''
  ) );
#3215 = ORIENTED_EDGE('',*,*,#3216,.T.);
#3216 = EDGE_CURVE('',#3189,#1081,#3217,.T.);
#3217 = SURFACE_CURVE('',#3218,(#3222,#3229),.PCURVE_S1.);
#3218 = LINE('',#3219,#3220);
#3219 = CARTESIAN_POINT('',(-43.4,3.193889597242E-12,9.5));
#3220 = VECTOR('',#3221,1.);
#3221 = DIRECTION('',(0.,1.,0.));
#3222 = PCURVE('',#1122,#3223);
#3223 = DEFINITIONAL_REPRESENTATION('',(#3224),#3228);
#3224 = LINE('',#3225,#3226);
#3225 = CARTESIAN_POINT('',(-43.3999999984,1.670273258434E-09));
#3226 = VECTOR('',#3227,1.);
#3227 = DIRECTION('',(0.,1.));
#3228 = ( GEOMETRIC_REPRESENTATION_CONTEXT(2) 
PARAMETRIC_REPRESENTATION_CONTEXT() REPRESENTATION_CONTEXT('2D SPACE',''
  ) );
#3229 = PCURVE('',#1095,#3230);
#3230 = DEFINITIONAL_REPRESENTATION('',(#3231),#3235);
#3231 = LINE('',#3232,#3233);
#3232 = CARTESIAN_POINT('',(40.400000000006,-1.5));
#3233 = VECTOR('',#3234,1.);
#3234 = DIRECTION('',(1.,0.));
#3235 = ( GEOMETRIC_REPRESENTATION_CONTEXT(2) 
PARAMETRIC_REPRESENTATION_CONTEXT() REPRESENTATION_CONTEXT('2D SPACE',''
  ) );
#3236 = ORIENTED_EDGE('',*,*,#1106,.F.);
#3237 = ADVANCED_FACE('',(#3238),#1095,.T.);
#3238 = FACE_BOUND('',#3239,.T.);
#3239 = EDGE_LOOP('',(#3240,#3241,#3262,#3263));
#3240 = ORIENTED_EDGE('',*,*,#3216,.F.);
#3241 = ORIENTED_EDGE('',*,*,#3242,.T.);
#3242 = EDGE_CURVE('',#3189,#2244,#3243,.T.);
#3243 = SURFACE_CURVE('',#3244,(#3248,#3255),.PCURVE_S1.);
#3244 = LINE('',#3245,#3246);
#3245 = CARTESIAN_POINT('',(-43.4,-40.4,11.));
#3246 = VECTOR('',#3247,1.);
#3247 = DIRECTION('',(-0.,-0.,-1.));
#3248 = PCURVE('',#1095,#3249);
#3249 = DEFINITIONAL_REPRESENTATION('',(#3250),#3254);
#3250 = LINE('',#3251,#3252);
#3251 = CARTESIAN_POINT('',(0.,0.));
#3252 = VECTOR('',#3253,1.);
#3253 = DIRECTION('',(0.,-1.));
#3254 = ( GEOMETRIC_REPRESENTATION_CONTEXT(2) 
PARAMETRIC_REPRESENTATION_CONTEXT() REPRESENTATION_CONTEXT('2D SPACE',''
  ) );
#3255 = PCURVE('',#2287,#3256);
#3256 = DEFINITIONAL_REPRESENTATION('',(#3257),#3261);
#3257 = LINE('',#3258,#3259);
#3258 = CARTESIAN_POINT('',(-6.28318530718,0.));
#3259 = VECTOR('',#3260,1.);
#3260 = DIRECTION('',(-0.,-1.));
#3261 = ( GEOMETRIC_REPRESENTATION_CONTEXT(2) 
PARAMETRIC_REPRESENTATION_CONTEXT() REPRESENTATION_CONTEXT('2D SPACE',''
  ) );
#3262 = ORIENTED_EDGE('',*,*,#2243,.T.);
#3263 = ORIENTED_EDGE('',*,*,#1080,.T.);
#3264 = ADVANCED_FACE('',(#3265),#1411,.F.);
#3265 = FACE_BOUND('',#3266,.F.);
#3266 = EDGE_LOOP('',(#3267,#3268,#3269,#3290));
#3267 = ORIENTED_EDGE('',*,*,#2947,.T.);
#3268 = ORIENTED_EDGE('',*,*,#2996,.T.);
#3269 = ORIENTED_EDGE('',*,*,#3270,.F.);
#3270 = EDGE_CURVE('',#1367,#2997,#3271,.T.);
#3271 = SURFACE_CURVE('',#3272,(#3276,#3283),.PCURVE_S1.);
#3272 = LINE('',#3273,#3274);
#3273 = CARTESIAN_POINT('',(-40.9,-44.9,11.));
#3274 = VECTOR('',#3275,1.);
#3275 = DIRECTION('',(-0.,-0.,-1.));
#3276 = PCURVE('',#1411,#3277);
#3277 = DEFINITIONAL_REPRESENTATION('',(#3278),#3282);
#3278 = LINE('',#3279,#3280);
#3279 = CARTESIAN_POINT('',(4.712388980385,0.));
#3280 = VECTOR('',#3281,1.);
#3281 = DIRECTION('',(0.,-1.));
#3282 = ( GEOMETRIC_REPRESENTATION_CONTEXT(2) 
PARAMETRIC_REPRESENTATION_CONTEXT() REPRESENTATION_CONTEXT('2D SPACE',''
  ) );
#3283 = PCURVE('',#1382,#3284);
#3284 = DEFINITIONAL_REPRESENTATION('',(#3285),#3289);
#3285 = LINE('',#3286,#3287);
#3286 = CARTESIAN_POINT('',(0.,0.));
#3287 = VECTOR('',#3288,1.);
#3288 = DIRECTION('',(0.,-1.));
#3289 = ( GEOMETRIC_REPRESENTATION_CONTEXT(2) 
PARAMETRIC_REPRESENTATION_CONTEXT() REPRESENTATION_CONTEXT('2D SPACE',''
  ) );
#3290 = ORIENTED_EDGE('',*,*,#1394,.F.);
#3291 = ADVANCED_FACE('',(#3292),#1382,.F.);
#3292 = FACE_BOUND('',#3293,.F.);
#3293 = EDGE_LOOP('',(#3294,#3295,#3296,#3317));
#3294 = ORIENTED_EDGE('',*,*,#3270,.T.);
#3295 = ORIENTED_EDGE('',*,*,#3020,.T.);
#3296 = ORIENTED_EDGE('',*,*,#3297,.F.);
#3297 = EDGE_CURVE('',#1338,#3021,#3298,.T.);
#3298 = SURFACE_CURVE('',#3299,(#3303,#3310),.PCURVE_S1.);
#3299 = LINE('',#3300,#3301);
#3300 = CARTESIAN_POINT('',(40.899999988091,-44.89999999999,11.));
#3301 = VECTOR('',#3302,1.);
#3302 = DIRECTION('',(-0.,-0.,-1.));
#3303 = PCURVE('',#1382,#3304);
#3304 = DEFINITIONAL_REPRESENTATION('',(#3305),#3309);
#3305 = LINE('',#3306,#3307);
#3306 = CARTESIAN_POINT('',(81.799999988091,0.));
#3307 = VECTOR('',#3308,1.);
#3308 = DIRECTION('',(0.,-1.));
#3309 = ( GEOMETRIC_REPRESENTATION_CONTEXT(2) 
PARAMETRIC_REPRESENTATION_CONTEXT() REPRESENTATION_CONTEXT('2D SPACE',''
  ) );
#3310 = PCURVE('',#1354,#3311);
#3311 = DEFINITIONAL_REPRESENTATION('',(#3312),#3316);
#3312 = LINE('',#3313,#3314);
#3313 = CARTESIAN_POINT('',(4.712388980385,0.));
#3314 = VECTOR('',#3315,1.);
#3315 = DIRECTION('',(0.,-1.));
#3316 = ( GEOMETRIC_REPRESENTATION_CONTEXT(2) 
PARAMETRIC_REPRESENTATION_CONTEXT() REPRESENTATION_CONTEXT('2D SPACE',''
  ) );
#3317 = ORIENTED_EDGE('',*,*,#1366,.F.);
#3318 = ADVANCED_FACE('',(#3319),#1354,.F.);
#3319 = FACE_BOUND('',#3320,.F.);
#3320 = EDGE_LOOP('',(#3321,#3322,#3323,#3344));
#3321 = ORIENTED_EDGE('',*,*,#3297,.T.);
#3322 = ORIENTED_EDGE('',*,*,#3043,.T.);
#3323 = ORIENTED_EDGE('',*,*,#3324,.F.);
#3324 = EDGE_CURVE('',#1310,#3044,#3325,.T.);
#3325 = SURFACE_CURVE('',#3326,(#3330,#3337),.PCURVE_S1.);
#3326 = LINE('',#3327,#3328);
#3327 = CARTESIAN_POINT('',(44.899999994046,-40.89999999999,11.));
#3328 = VECTOR('',#3329,1.);
#3329 = DIRECTION('',(-0.,-0.,-1.));
#3330 = PCURVE('',#1354,#3331);
#3331 = DEFINITIONAL_REPRESENTATION('',(#3332),#3336);
#3332 = LINE('',#3333,#3334);
#3333 = CARTESIAN_POINT('',(6.28318530718,0.));
#3334 = VECTOR('',#3335,1.);
#3335 = DIRECTION('',(0.,-1.));
#3336 = ( GEOMETRIC_REPRESENTATION_CONTEXT(2) 
PARAMETRIC_REPRESENTATION_CONTEXT() REPRESENTATION_CONTEXT('2D SPACE',''
  ) );
#3337 = PCURVE('',#1325,#3338);
#3338 = DEFINITIONAL_REPRESENTATION('',(#3339),#3343);
#3339 = LINE('',#3340,#3341);
#3340 = CARTESIAN_POINT('',(0.,0.));
#3341 = VECTOR('',#3342,1.);
#3342 = DIRECTION('',(0.,-1.));
#3343 = ( GEOMETRIC_REPRESENTATION_CONTEXT(2) 
PARAMETRIC_REPRESENTATION_CONTEXT() REPRESENTATION_CONTEXT('2D SPACE',''
  ) );
#3344 = ORIENTED_EDGE('',*,*,#1337,.F.);
#3345 = ADVANCED_FACE('',(#3346),#1325,.F.);
#3346 = FACE_BOUND('',#3347,.F.);
#3347 = EDGE_LOOP('',(#3348,#3349,#3350,#3351));
#3348 = ORIENTED_EDGE('',*,*,#1309,.F.);
#3349 = ORIENTED_EDGE('',*,*,#3324,.T.);
#3350 = ORIENTED_EDGE('',*,*,#3067,.T.);
#3351 = ORIENTED_EDGE('',*,*,#3352,.T.);
#3352 = EDGE_CURVE('',#3068,#1281,#3353,.T.);
#3353 = SURFACE_CURVE('',#3354,(#3358,#3364),.PCURVE_S1.);
#3354 = LINE('',#3355,#3356);
#3355 = CARTESIAN_POINT('',(44.9,-15.69681496355,3.5));
#3356 = VECTOR('',#3357,1.);
#3357 = DIRECTION('',(0.,0.,1.));
#3358 = PCURVE('',#1325,#3359);
#3359 = DEFINITIONAL_REPRESENTATION('',(#3360),#3363);
#3360 = B_SPLINE_CURVE_WITH_KNOTS('',1,(#3361,#3362),.UNSPECIFIED.,.F.,
  .F.,(2,2),(5.85,7.5000006),.PIECEWISE_BEZIER_KNOTS.);
#3361 = CARTESIAN_POINT('',(25.203185036446,-1.65));
#3362 = CARTESIAN_POINT('',(25.203185036446,5.999999999062E-07));
#3363 = ( GEOMETRIC_REPRESENTATION_CONTEXT(2) 
PARAMETRIC_REPRESENTATION_CONTEXT() REPRESENTATION_CONTEXT('2D SPACE',''
  ) );
#3364 = PCURVE('',#1297,#3365);
#3365 = DEFINITIONAL_REPRESENTATION('',(#3366),#3369);
#3366 = B_SPLINE_CURVE_WITH_KNOTS('',1,(#3367,#3368),.UNSPECIFIED.,.F.,
  .F.,(2,2),(5.85,7.5000006),.PIECEWISE_BEZIER_KNOTS.);
#3367 = CARTESIAN_POINT('',(4.517405834749,5.85));
#3368 = CARTESIAN_POINT('',(4.517405834749,7.5000006));
#3369 = ( GEOMETRIC_REPRESENTATION_CONTEXT(2) 
PARAMETRIC_REPRESENTATION_CONTEXT() REPRESENTATION_CONTEXT('2D SPACE',''
  ) );
#3370 = ADVANCED_FACE('',(#3371),#1297,.F.);
#3371 = FACE_BOUND('',#3372,.F.);
#3372 = EDGE_LOOP('',(#3373,#3394,#3416,#3417,#3418,#3419,#3420,#3439));
#3373 = ORIENTED_EDGE('',*,*,#3374,.F.);
#3374 = EDGE_CURVE('',#3375,#2389,#3377,.T.);
#3375 = VERTEX_POINT('',#3376);
#3376 = CARTESIAN_POINT('',(32.2630625,-2.889428684203,3.5));
#3377 = SURFACE_CURVE('',#3378,(#3382,#3388),.PCURVE_S1.);
#3378 = LINE('',#3379,#3380);
#3379 = CARTESIAN_POINT('',(32.2630625,-2.889428684203,3.5));
#3380 = VECTOR('',#3381,1.);
#3381 = DIRECTION('',(0.,0.,1.));
#3382 = PCURVE('',#1297,#3383);
#3383 = DEFINITIONAL_REPRESENTATION('',(#3384),#3387);
#3384 = B_SPLINE_CURVE_WITH_KNOTS('',1,(#3385,#3386),.UNSPECIFIED.,.F.,
  .F.,(2,2),(-5.999999999062E-07,1.0000006),.PIECEWISE_BEZIER_KNOTS.);
#3385 = CARTESIAN_POINT('',(3.323178215445,-5.999999999062E-07));
#3386 = CARTESIAN_POINT('',(3.323178215445,1.0000006));
#3387 = ( GEOMETRIC_REPRESENTATION_CONTEXT(2) 
PARAMETRIC_REPRESENTATION_CONTEXT() REPRESENTATION_CONTEXT('2D SPACE',''
  ) );
#3388 = PCURVE('',#1808,#3389);
#3389 = DEFINITIONAL_REPRESENTATION('',(#3390),#3393);
#3390 = B_SPLINE_CURVE_WITH_KNOTS('',1,(#3391,#3392),.UNSPECIFIED.,.F.,
  .F.,(2,2),(-5.999999999062E-07,1.0000006),.PIECEWISE_BEZIER_KNOTS.);
#3391 = CARTESIAN_POINT('',(5.687526632355,1.0999994));
#3392 = CARTESIAN_POINT('',(5.687526632355,2.1000006));
#3393 = ( GEOMETRIC_REPRESENTATION_CONTEXT(2) 
PARAMETRIC_REPRESENTATION_CONTEXT() REPRESENTATION_CONTEXT('2D SPACE',''
  ) );
#3394 = ORIENTED_EDGE('',*,*,#3395,.T.);
#3395 = EDGE_CURVE('',#3375,#1587,#3396,.T.);
#3396 = SURFACE_CURVE('',#3397,(#3402,#3409),.PCURVE_S1.);
#3397 = CIRCLE('',#3398,16.);
#3398 = AXIS2_PLACEMENT_3D('',#3399,#3400,#3401);
#3399 = CARTESIAN_POINT('',(48.,0.,3.5));
#3400 = DIRECTION('',(0.,0.,1.));
#3401 = DIRECTION('',(1.,0.,0.));
#3402 = PCURVE('',#1297,#3403);
#3403 = DEFINITIONAL_REPRESENTATION('',(#3404),#3408);
#3404 = LINE('',#3405,#3406);
#3405 = CARTESIAN_POINT('',(0.,0.));
#3406 = VECTOR('',#3407,1.);
#3407 = DIRECTION('',(1.,0.));
#3408 = ( GEOMETRIC_REPRESENTATION_CONTEXT(2) 
PARAMETRIC_REPRESENTATION_CONTEXT() REPRESENTATION_CONTEXT('2D SPACE',''
  ) );
#3409 = PCURVE('',#1622,#3410);
#3410 = DEFINITIONAL_REPRESENTATION('',(#3411),#3415);
#3411 = CIRCLE('',#3412,16.);
#3412 = AXIS2_PLACEMENT_2D('',#3413,#3414);
#3413 = CARTESIAN_POINT('',(0.,0.));
#3414 = DIRECTION('',(1.,0.));
#3415 = ( GEOMETRIC_REPRESENTATION_CONTEXT(2) 
PARAMETRIC_REPRESENTATION_CONTEXT() REPRESENTATION_CONTEXT('2D SPACE',''
  ) );
#3416 = ORIENTED_EDGE('',*,*,#1586,.T.);
#3417 = ORIENTED_EDGE('',*,*,#1280,.F.);
#3418 = ORIENTED_EDGE('',*,*,#3352,.F.);
#3419 = ORIENTED_EDGE('',*,*,#3090,.F.);
#3420 = ORIENTED_EDGE('',*,*,#3421,.F.);
#3421 = EDGE_CURVE('',#2361,#3091,#3422,.T.);
#3422 = SURFACE_CURVE('',#3423,(#3427,#3433),.PCURVE_S1.);
#3423 = LINE('',#3424,#3425);
#3424 = CARTESIAN_POINT('',(43.4,-15.32449020359,3.5));
#3425 = VECTOR('',#3426,1.);
#3426 = DIRECTION('',(0.,0.,1.));
#3427 = PCURVE('',#1297,#3428);
#3428 = DEFINITIONAL_REPRESENTATION('',(#3429),#3432);
#3429 = B_SPLINE_CURVE_WITH_KNOTS('',1,(#3430,#3431),.UNSPECIFIED.,.F.,
  .F.,(2,2),(0.5,6.5),.PIECEWISE_BEZIER_KNOTS.);
#3430 = CARTESIAN_POINT('',(4.420773369992,0.5));
#3431 = CARTESIAN_POINT('',(4.420773369992,6.5));
#3432 = ( GEOMETRIC_REPRESENTATION_CONTEXT(2) 
PARAMETRIC_REPRESENTATION_CONTEXT() REPRESENTATION_CONTEXT('2D SPACE',''
  ) );
#3433 = PCURVE('',#2376,#3434);
#3434 = DEFINITIONAL_REPRESENTATION('',(#3435),#3438);
#3435 = B_SPLINE_CURVE_WITH_KNOTS('',1,(#3436,#3437),.UNSPECIFIED.,.F.,
  .F.,(2,2),(0.5,6.5),.PIECEWISE_BEZIER_KNOTS.);
#3436 = CARTESIAN_POINT('',(25.075509796404,-7.));
#3437 = CARTESIAN_POINT('',(25.075509796404,-1.));
#3438 = ( GEOMETRIC_REPRESENTATION_CONTEXT(2) 
PARAMETRIC_REPRESENTATION_CONTEXT() REPRESENTATION_CONTEXT('2D SPACE',''
  ) );
#3439 = ORIENTED_EDGE('',*,*,#2388,.F.);
#3440 = ADVANCED_FACE('',(#3441),#1622,.T.);
#3441 = FACE_BOUND('',#3442,.T.);
#3442 = EDGE_LOOP('',(#3443,#3444,#3445,#3446,#3470));
#3443 = ORIENTED_EDGE('',*,*,#3395,.T.);
#3444 = ORIENTED_EDGE('',*,*,#1607,.T.);
#3445 = ORIENTED_EDGE('',*,*,#1769,.T.);
#3446 = ORIENTED_EDGE('',*,*,#3447,.F.);
#3447 = EDGE_CURVE('',#3448,#1770,#3450,.T.);
#3448 = VERTEX_POINT('',#3449);
#3449 = CARTESIAN_POINT('',(33.15,-1.261386203122E-15,3.5));
#3450 = SURFACE_CURVE('',#3451,(#3456,#3463),.PCURVE_S1.);
#3451 = CIRCLE('',#3452,5.15);
#3452 = AXIS2_PLACEMENT_3D('',#3453,#3454,#3455);
#3453 = CARTESIAN_POINT('',(28.,0.,3.5));
#3454 = DIRECTION('',(0.,0.,1.));
#3455 = DIRECTION('',(1.,0.,-0.));
#3456 = PCURVE('',#1622,#3457);
#3457 = DEFINITIONAL_REPRESENTATION('',(#3458),#3462);
#3458 = CIRCLE('',#3459,5.15);
#3459 = AXIS2_PLACEMENT_2D('',#3460,#3461);
#3460 = CARTESIAN_POINT('',(-20.,0.));
#3461 = DIRECTION('',(1.,0.));
#3462 = ( GEOMETRIC_REPRESENTATION_CONTEXT(2) 
PARAMETRIC_REPRESENTATION_CONTEXT() REPRESENTATION_CONTEXT('2D SPACE',''
  ) );
#3463 = PCURVE('',#1808,#3464);
#3464 = DEFINITIONAL_REPRESENTATION('',(#3465),#3469);
#3465 = LINE('',#3466,#3467);
#3466 = CARTESIAN_POINT('',(0.,1.1));
#3467 = VECTOR('',#3468,1.);
#3468 = DIRECTION('',(1.,0.));
#3469 = ( GEOMETRIC_REPRESENTATION_CONTEXT(2) 
PARAMETRIC_REPRESENTATION_CONTEXT() REPRESENTATION_CONTEXT('2D SPACE',''
  ) );
#3470 = ORIENTED_EDGE('',*,*,#3471,.F.);
#3471 = EDGE_CURVE('',#3375,#3448,#3472,.T.);
#3472 = SURFACE_CURVE('',#3473,(#3478,#3485),.PCURVE_S1.);
#3473 = CIRCLE('',#3474,5.15);
#3474 = AXIS2_PLACEMENT_3D('',#3475,#3476,#3477);
#3475 = CARTESIAN_POINT('',(28.,0.,3.5));
#3476 = DIRECTION('',(0.,0.,1.));
#3477 = DIRECTION('',(1.,0.,-0.));
#3478 = PCURVE('',#1622,#3479);
#3479 = DEFINITIONAL_REPRESENTATION('',(#3480),#3484);
#3480 = CIRCLE('',#3481,5.15);
#3481 = AXIS2_PLACEMENT_2D('',#3482,#3483);
#3482 = CARTESIAN_POINT('',(-20.,0.));
#3483 = DIRECTION('',(1.,0.));
#3484 = ( GEOMETRIC_REPRESENTATION_CONTEXT(2) 
PARAMETRIC_REPRESENTATION_CONTEXT() REPRESENTATION_CONTEXT('2D SPACE',''
  ) );
#3485 = PCURVE('',#1808,#3486);
#3486 = DEFINITIONAL_REPRESENTATION('',(#3487),#3491);
#3487 = LINE('',#3488,#3489);
#3488 = CARTESIAN_POINT('',(0.,1.1));
#3489 = VECTOR('',#3490,1.);
#3490 = DIRECTION('',(1.,0.));
#3491 = ( GEOMETRIC_REPRESENTATION_CONTEXT(2) 
PARAMETRIC_REPRESENTATION_CONTEXT() REPRESENTATION_CONTEXT('2D SPACE',''
  ) );
#3492 = ADVANCED_FACE('',(#3493),#1696,.F.);
#3493 = FACE_BOUND('',#3494,.F.);
#3494 = EDGE_LOOP('',(#3495,#3516,#3517,#3703,#3704,#3705));
#3495 = ORIENTED_EDGE('',*,*,#3496,.T.);
#3496 = EDGE_CURVE('',#1659,#2635,#3497,.T.);
#3497 = SEAM_CURVE('',#3498,(#3502,#3509),.PCURVE_S1.);
#3498 = LINE('',#3499,#3500);
#3499 = CARTESIAN_POINT('',(2.2,-20.,2.5));
#3500 = VECTOR('',#3501,1.);
#3501 = DIRECTION('',(0.707106781187,-1.731912112471E-16,0.707106781187)
  );
#3502 = PCURVE('',#1696,#3503);
#3503 = DEFINITIONAL_REPRESENTATION('',(#3504),#3508);
#3504 = LINE('',#3505,#3506);
#3505 = CARTESIAN_POINT('',(6.28318530718,-0.));
#3506 = VECTOR('',#3507,1.);
#3507 = DIRECTION('',(0.,1.));
#3508 = ( GEOMETRIC_REPRESENTATION_CONTEXT(2) 
PARAMETRIC_REPRESENTATION_CONTEXT() REPRESENTATION_CONTEXT('2D SPACE',''
  ) );
#3509 = PCURVE('',#1696,#3510);
#3510 = DEFINITIONAL_REPRESENTATION('',(#3511),#3515);
#3511 = LINE('',#3512,#3513);
#3512 = CARTESIAN_POINT('',(0.,-0.));
#3513 = VECTOR('',#3514,1.);
#3514 = DIRECTION('',(0.,1.));
#3515 = ( GEOMETRIC_REPRESENTATION_CONTEXT(2) 
PARAMETRIC_REPRESENTATION_CONTEXT() REPRESENTATION_CONTEXT('2D SPACE',''
  ) );
#3516 = ORIENTED_EDGE('',*,*,#2658,.F.);
#3517 = ORIENTED_EDGE('',*,*,#3518,.T.);
#3518 = EDGE_CURVE('',#2582,#2611,#3519,.T.);
#3519 = SURFACE_CURVE('',#3520,(#3579,#3641),.PCURVE_S1.);
#3520 = B_SPLINE_CURVE_WITH_KNOTS('',8,(#3521,#3522,#3523,#3524,#3525,
    #3526,#3527,#3528,#3529,#3530,#3531,#3532,#3533,#3534,#3535,#3536,
    #3537,#3538,#3539,#3540,#3541,#3542,#3543,#3544,#3545,#3546,#3547,
    #3548,#3549,#3550,#3551,#3552,#3553,#3554,#3555,#3556,#3557,#3558,
    #3559,#3560,#3561,#3562,#3563,#3564,#3565,#3566,#3567,#3568,#3569,
    #3570,#3571,#3572,#3573,#3574,#3575,#3576,#3577,#3578),
  .UNSPECIFIED.,.F.,.F.,(9,7,7,7,7,7,7,7,9),(0.,0.273531439974,
    0.412358830637,0.46472263007,0.50032319101,0.539781222059,
    0.601449824608,0.747456010832,1.),.UNSPECIFIED.);
#3521 = CARTESIAN_POINT('',(2.402717531897,-23.44484375,4.5));
#3522 = CARTESIAN_POINT('',(2.287487863903,-23.38406332265,
    4.384227757444));
#3523 = CARTESIAN_POINT('',(2.168664109121,-23.32564598892,
    4.269309649978));
#3524 = CARTESIAN_POINT('',(2.045723398444,-23.26954823029,
    4.155255880687));
#3525 = CARTESIAN_POINT('',(1.918044909941,-23.21581104656,
    4.042243784552));
#3526 = CARTESIAN_POINT('',(1.784987499565,-23.16453034027,
    3.930586306967));
#3527 = CARTESIAN_POINT('',(1.645502360942,-23.1158884861,3.820876974249
    ));
#3528 = CARTESIAN_POINT('',(1.498415860323,-23.07009870934,
    3.713888295554));
#3529 = CARTESIAN_POINT('',(1.260679370173,-23.00599766548,
    3.559015385225));
#3530 = CARTESIAN_POINT('',(1.178126201766,-22.9853180243,3.508113513677
    ));
#3531 = CARTESIAN_POINT('',(1.092525360242,-22.96554326396,
    3.458537421816));
#3532 = CARTESIAN_POINT('',(1.003392654254,-22.94674904303,
    3.410554547903));
#3533 = CARTESIAN_POINT('',(0.910258281553,-22.92908137949,
    3.364635130677));
#3534 = CARTESIAN_POINT('',(0.812653799547,-22.91274677615,
    3.321457581254));
#3535 = CARTESIAN_POINT('',(0.710050585703,-22.89801658516,
    3.281939423462));
#3536 = CARTESIAN_POINT('',(0.560804751355,-22.88045978846,
    3.234284744827));
#3537 = CARTESIAN_POINT('',(0.519147993708,-22.87593791208,
    3.221944894888));
#3538 = CARTESIAN_POINT('',(0.476695159237,-22.87172482561,
    3.210389750316));
#3539 = CARTESIAN_POINT('',(0.433447341483,-22.86784584264,
    3.199701731992));
#3540 = CARTESIAN_POINT('',(0.389423128661,-22.86432865828,
    3.189970777276));
#3541 = CARTESIAN_POINT('',(0.344661643929,-22.86120202779,
    3.181290199496));
#3542 = CARTESIAN_POINT('',(0.299227271182,-22.8584938781,3.173750508212
    ));
#3543 = CARTESIAN_POINT('',(0.221934442122,-22.85468892925,
    3.163134877422));
#3544 = CARTESIAN_POINT('',(0.190385565207,-22.85335379656,3.15940254904
    ));
#3545 = CARTESIAN_POINT('',(0.158605069653,-22.85223144865,
    3.156259930798));
#3546 = CARTESIAN_POINT('',(0.126632123733,-22.85132880385,
    3.153729304802));
#3547 = CARTESIAN_POINT('',(9.450972314121E-02,-22.8506514281,
    3.151828608734));
#3548 = CARTESIAN_POINT('',(6.228498415016E-02,-22.85020325916,
    3.150570535007));
#3549 = CARTESIAN_POINT('',(3.000943675851E-02,-22.84998633065,
    3.149961629917));
#3550 = CARTESIAN_POINT('',(-3.802740381733E-02,-22.85001619661,
    3.150045464145));
#3551 = CARTESIAN_POINT('',(-7.379481387768E-02,-22.85031579265,
    3.150886407905));
#3552 = CARTESIAN_POINT('',(-0.109485465896,-22.85089924242,
    3.152524146029));
#3553 = CARTESIAN_POINT('',(-0.145029798726,-22.85176320308,
    3.154947916379));
#3554 = CARTESIAN_POINT('',(-0.180365580354,-22.85290152932,
    3.158137902025));
#3555 = CARTESIAN_POINT('',(-0.215437351731,-22.85430577185,
    3.162066860556));
#3556 = CARTESIAN_POINT('',(-0.250195870609,-22.8559656759,
    3.166701753387));
#3557 = CARTESIAN_POINT('',(-0.338363639702,-22.86084543001,
    3.180294357771));
#3558 = CARTESIAN_POINT('',(-0.391254789136,-22.86441724708,
    3.190216347062));
#3559 = CARTESIAN_POINT('',(-0.443144763467,-22.86854277267,
    3.201634519608));
#3560 = CARTESIAN_POINT('',(-0.493960115678,-22.87317561386,
    3.214398065066));
#3561 = CARTESIAN_POINT('',(-0.54366730783,-22.87826975121,
    3.228357291109));
#3562 = CARTESIAN_POINT('',(-0.59226369891,-22.88378280048,
    3.243374361754));
#3563 = CARTESIAN_POINT('',(-0.639772404669,-22.88967812785,
    3.259329668986));
#3564 = CARTESIAN_POINT('',(-0.796259846152,-22.91071781088,
    3.315885603287));
#3565 = CARTESIAN_POINT('',(-0.900186859521,-22.92744970257,
    3.360254860749));
#3566 = CARTESIAN_POINT('',(-0.999008991598,-22.94575337286,
    3.407995551656));
#3567 = CARTESIAN_POINT('',(-1.093338536986,-22.9653768477,
    3.458250916354));
#3568 = CARTESIAN_POINT('',(-1.183687547025,-22.98613066203,
    3.510397176026));
#3569 = CARTESIAN_POINT('',(-1.270547819153,-23.00788179104,
    3.564004427682));
#3570 = CARTESIAN_POINT('',(-1.354396167204,-23.03056479397,
    3.618835699189));
#3571 = CARTESIAN_POINT('',(-1.576451494578,-23.09502624546,
    3.771641584808));
#3572 = CARTESIAN_POINT('',(-1.709102264718,-23.1384942525,
    3.871507560296));
#3573 = CARTESIAN_POINT('',(-1.835647465358,-23.18432196111,
    3.973443794321));
#3574 = CARTESIAN_POINT('',(-1.957001543996,-23.2323585504,
    4.076905211196));
#3575 = CARTESIAN_POINT('',(-2.073908111211,-23.28248233176,
    4.181486008768));
#3576 = CARTESIAN_POINT('',(-2.186872532716,-23.33462038261,
    4.286942920367));
#3577 = CARTESIAN_POINT('',(-2.296347591489,-23.38873656336,
    4.393129183576));
#3578 = CARTESIAN_POINT('',(-2.402718129085,-23.444844065,4.5000006));
#3579 = PCURVE('',#1696,#3580);
#3580 = DEFINITIONAL_REPRESENTATION('',(#3581),#3640);
#3581 = B_SPLINE_CURVE_WITH_KNOTS('',8,(#3582,#3583,#3584,#3585,#3586,
    #3587,#3588,#3589,#3590,#3591,#3592,#3593,#3594,#3595,#3596,#3597,
    #3598,#3599,#3600,#3601,#3602,#3603,#3604,#3605,#3606,#3607,#3608,
    #3609,#3610,#3611,#3612,#3613,#3614,#3615,#3616,#3617,#3618,#3619,
    #3620,#3621,#3622,#3623,#3624,#3625,#3626,#3627,#3628,#3629,#3630,
    #3631,#3632,#3633,#3634,#3635,#3636,#3637,#3638,#3639),
  .UNSPECIFIED.,.F.,.F.,(9,7,7,7,7,7,7,7,9),(0.,0.273531439974,
    0.412358830637,0.46472263007,0.50032319101,0.539781222059,
    0.601449824608,0.747456010832,1.),.UNSPECIFIED.);
#3582 = CARTESIAN_POINT('',(5.321423211891,2.));
#3583 = CARTESIAN_POINT('',(5.307199288805,1.884227757444));
#3584 = CARTESIAN_POINT('',(5.291055295064,1.769309649978));
#3585 = CARTESIAN_POINT('',(5.272691626361,1.655255880687));
#3586 = CARTESIAN_POINT('',(5.251720237126,1.542243784552));
#3587 = CARTESIAN_POINT('',(5.227684353687,1.430586306967));
#3588 = CARTESIAN_POINT('',(5.199914551737,1.320876974249));
#3589 = CARTESIAN_POINT('',(5.16761634359,1.213888295554));
#3590 = CARTESIAN_POINT('',(5.109805441821,1.059015385225));
#3591 = CARTESIAN_POINT('',(5.08883714576,1.008113513677));
#3592 = CARTESIAN_POINT('',(5.066139207701,0.958537421816));
#3593 = CARTESIAN_POINT('',(5.041472334915,0.910554547903));
#3594 = CARTESIAN_POINT('',(5.014581500628,0.864635130677));
#3595 = CARTESIAN_POINT('',(4.985206045827,0.821457581254));
#3596 = CARTESIAN_POINT('',(4.953089504081,0.781939423462));
#3597 = CARTESIAN_POINT('',(4.904734407193,0.734284744827));
#3598 = CARTESIAN_POINT('',(4.891077492904,0.721944894888));
#3599 = CARTESIAN_POINT('',(4.87700271125,0.710389750316));
#3600 = CARTESIAN_POINT('',(4.862512760277,0.699701731992));
#3601 = CARTESIAN_POINT('',(4.847619324169,0.689970777276));
#3602 = CARTESIAN_POINT('',(4.832345012952,0.681290199496));
#3603 = CARTESIAN_POINT('',(4.816725490927,0.673750508212));
#3604 = CARTESIAN_POINT('',(4.789992553277,0.663134877422));
#3605 = CARTESIAN_POINT('',(4.779037134345,0.65940254904));
#3606 = CARTESIAN_POINT('',(4.767963371043,0.656259930798));
#3607 = CARTESIAN_POINT('',(4.756791379998,0.653729304802));
#3608 = CARTESIAN_POINT('',(4.745543424678,0.651828608734));
#3609 = CARTESIAN_POINT('',(4.734243779609,0.650570535007));
#3610 = CARTESIAN_POINT('',(4.722918594584,0.649961629917));
#3611 = CARTESIAN_POINT('',(4.699046046432,0.650045464145));
#3612 = CARTESIAN_POINT('',(4.686496576711,0.650886407905));
#3613 = CARTESIAN_POINT('',(4.673985669627,0.652524146029));
#3614 = CARTESIAN_POINT('',(4.661548657769,0.654947916379));
#3615 = CARTESIAN_POINT('',(4.649217721307,0.658137902025));
#3616 = CARTESIAN_POINT('',(4.637021722898,0.662066860556));
#3617 = CARTESIAN_POINT('',(4.624986042585,0.666701753387));
#3618 = CARTESIAN_POINT('',(4.594606480967,0.680294357771));
#3619 = CARTESIAN_POINT('',(4.576526435828,0.690216347062));
#3620 = CARTESIAN_POINT('',(4.558962021842,0.701634519608));
#3621 = CARTESIAN_POINT('',(4.541956092467,0.714398065066));
#3622 = CARTESIAN_POINT('',(4.52552999622,0.728357291109));
#3623 = CARTESIAN_POINT('',(4.509688189363,0.743374361754));
#3624 = CARTESIAN_POINT('',(4.494422075126,0.759329668986));
#3625 = CARTESIAN_POINT('',(4.444888122389,0.815885603287));
#3626 = CARTESIAN_POINT('',(4.413268738361,0.860254860749));
#3627 = CARTESIAN_POINT('',(4.384483344044,0.907995551656));
#3628 = CARTESIAN_POINT('',(4.358221179755,0.958250916354));
#3629 = CARTESIAN_POINT('',(4.334193216754,1.010397176026));
#3630 = CARTESIAN_POINT('',(4.312130110515,1.064004427682));
#3631 = CARTESIAN_POINT('',(4.291790500784,1.118835699189));
#3632 = CARTESIAN_POINT('',(4.240370066397,1.271641584808));
#3633 = CARTESIAN_POINT('',(4.2124146814,1.371507560296));
#3634 = CARTESIAN_POINT('',(4.188064673253,1.473443794323));
#3635 = CARTESIAN_POINT('',(4.166722453787,1.576905211194));
#3636 = CARTESIAN_POINT('',(4.147904277103,1.681486008769));
#3637 = CARTESIAN_POINT('',(4.131256610253,1.786942920367));
#3638 = CARTESIAN_POINT('',(4.116485023098,1.893129183576));
#3639 = CARTESIAN_POINT('',(4.103354675162,2.0000006));
#3640 = ( GEOMETRIC_REPRESENTATION_CONTEXT(2) 
PARAMETRIC_REPRESENTATION_CONTEXT() REPRESENTATION_CONTEXT('2D SPACE',''
  ) );
#3641 = PCURVE('',#2598,#3642);
#3642 = DEFINITIONAL_REPRESENTATION('',(#3643),#3702);
#3643 = B_SPLINE_CURVE_WITH_KNOTS('',8,(#3644,#3645,#3646,#3647,#3648,
    #3649,#3650,#3651,#3652,#3653,#3654,#3655,#3656,#3657,#3658,#3659,
    #3660,#3661,#3662,#3663,#3664,#3665,#3666,#3667,#3668,#3669,#3670,
    #3671,#3672,#3673,#3674,#3675,#3676,#3677,#3678,#3679,#3680,#3681,
    #3682,#3683,#3684,#3685,#3686,#3687,#3688,#3689,#3690,#3691,#3692,
    #3693,#3694,#3695,#3696,#3697,#3698,#3699,#3700,#3701),
  .UNSPECIFIED.,.F.,.F.,(9,7,7,7,7,7,7,7,9),(0.,0.273531439974,
    0.412358830637,0.46472263007,0.50032319101,0.539781222059,
    0.601449824608,0.747456010832,1.),.UNSPECIFIED.);
#3644 = CARTESIAN_POINT('',(1.085413397095,2.1));
#3645 = CARTESIAN_POINT('',(1.110709931762,1.984227757444));
#3646 = CARTESIAN_POINT('',(1.136409698308,1.869309649978));
#3647 = CARTESIAN_POINT('',(1.162630839558,1.755255880687));
#3648 = CARTESIAN_POINT('',(1.189505202603,1.642243784552));
#3649 = CARTESIAN_POINT('',(1.217165840619,1.530586306967));
#3650 = CARTESIAN_POINT('',(1.245823747854,1.420876974249));
#3651 = CARTESIAN_POINT('',(1.275714135569,1.313888295554));
#3652 = CARTESIAN_POINT('',(1.32352514322,1.159015385225));
#3653 = CARTESIAN_POINT('',(1.34004750992,1.108113513677));
#3654 = CARTESIAN_POINT('',(1.357101910421,1.058537421816));
#3655 = CARTESIAN_POINT('',(1.374782928888,1.010554547903));
#3656 = CARTESIAN_POINT('',(1.393181650458,0.964635130677));
#3657 = CARTESIAN_POINT('',(1.412389212149,0.921457581254));
#3658 = CARTESIAN_POINT('',(1.432509900473,0.881939423462));
#3659 = CARTESIAN_POINT('',(1.461689502145,0.834284744827));
#3660 = CARTESIAN_POINT('',(1.469825381037,0.821944894888));
#3661 = CARTESIAN_POINT('',(1.478108554238,0.810389750316));
#3662 = CARTESIAN_POINT('',(1.486539127715,0.799701731992));
#3663 = CARTESIAN_POINT('',(1.495113919274,0.789970777276));
#3664 = CARTESIAN_POINT('',(1.503825900093,0.781290199496));
#3665 = CARTESIAN_POINT('',(1.512663292821,0.773750508212));
#3666 = CARTESIAN_POINT('',(1.527689783471,0.763134877422));
#3667 = CARTESIAN_POINT('',(1.533821117193,0.75940254904));
#3668 = CARTESIAN_POINT('',(1.539995680693,0.756259930798));
#3669 = CARTESIAN_POINT('',(1.546206179691,0.753729304802));
#3670 = CARTESIAN_POINT('',(1.552444606516,0.751828608734));
#3671 = CARTESIAN_POINT('',(1.55870217429,0.750570535007));
#3672 = CARTESIAN_POINT('',(1.564969251107,0.749961629917));
#3673 = CARTESIAN_POINT('',(1.578180289384,0.750045464145));
#3674 = CARTESIAN_POINT('',(1.585125441081,0.750886407905));
#3675 = CARTESIAN_POINT('',(1.592056225907,0.752524146029));
#3676 = CARTESIAN_POINT('',(1.598959643717,0.754947916379));
#3677 = CARTESIAN_POINT('',(1.605824096155,0.758137902025));
#3678 = CARTESIAN_POINT('',(1.612639265178,0.762066860556));
#3679 = CARTESIAN_POINT('',(1.619395991591,0.766701753387));
#3680 = CARTESIAN_POINT('',(1.636542147678,0.780294357771));
#3681 = CARTESIAN_POINT('',(1.646834905884,0.790216347062));
#3682 = CARTESIAN_POINT('',(1.656941246516,0.801634519608));
#3683 = CARTESIAN_POINT('',(1.666847934164,0.814398065066));
#3684 = CARTESIAN_POINT('',(1.676549200169,0.828357291109));
#3685 = CARTESIAN_POINT('',(1.686045042072,0.843374361754));
#3686 = CARTESIAN_POINT('',(1.695340302013,0.859329668986));
#3687 = CARTESIAN_POINT('',(1.725999621592,0.915885603287));
#3688 = CARTESIAN_POINT('',(1.74643259584,0.960254860749));
#3689 = CARTESIAN_POINT('',(1.765939042884,1.007995551656));
#3690 = CARTESIAN_POINT('',(1.784639073709,1.058250916354));
#3691 = CARTESIAN_POINT('',(1.802632196414,1.110397176026));
#3692 = CARTESIAN_POINT('',(1.820013878554,1.164004427682));
#3693 = CARTESIAN_POINT('',(1.836877502666,1.218835699189));
#3694 = CARTESIAN_POINT('',(1.881775076589,1.371641584808));
#3695 = CARTESIAN_POINT('',(1.908864379752,1.471507560296));
#3696 = CARTESIAN_POINT('',(1.934977898945,1.573443794321));
#3697 = CARTESIAN_POINT('',(1.960299317933,1.676905211196));
#3698 = CARTESIAN_POINT('',(1.984979336769,1.781486008768));
#3699 = CARTESIAN_POINT('',(2.009123222004,1.886942920367));
#3700 = CARTESIAN_POINT('',(2.032827708946,1.993129183576));
#3701 = CARTESIAN_POINT('',(2.056179387597,2.1000006));
#3702 = ( GEOMETRIC_REPRESENTATION_CONTEXT(2) 
PARAMETRIC_REPRESENTATION_CONTEXT() REPRESENTATION_CONTEXT('2D SPACE',''
  ) );
#3703 = ORIENTED_EDGE('',*,*,#2634,.F.);
#3704 = ORIENTED_EDGE('',*,*,#3496,.F.);
#3705 = ORIENTED_EDGE('',*,*,#1681,.T.);
#3706 = ADVANCED_FACE('',(#3707),#1751,.F.);
#3707 = FACE_BOUND('',#3708,.F.);
#3708 = EDGE_LOOP('',(#3709,#3730,#3731,#3959,#3960,#3961));
#3709 = ORIENTED_EDGE('',*,*,#3710,.T.);
#3710 = EDGE_CURVE('',#1714,#2738,#3711,.T.);
#3711 = SEAM_CURVE('',#3712,(#3716,#3723),.PCURVE_S1.);
#3712 = LINE('',#3713,#3714);
#3713 = CARTESIAN_POINT('',(2.2,20.,2.5));
#3714 = VECTOR('',#3715,1.);
#3715 = DIRECTION('',(0.707106781187,-1.731912112471E-16,0.707106781187)
  );
#3716 = PCURVE('',#1751,#3717);
#3717 = DEFINITIONAL_REPRESENTATION('',(#3718),#3722);
#3718 = LINE('',#3719,#3720);
#3719 = CARTESIAN_POINT('',(6.28318530718,-0.));
#3720 = VECTOR('',#3721,1.);
#3721 = DIRECTION('',(0.,1.));
#3722 = ( GEOMETRIC_REPRESENTATION_CONTEXT(2) 
PARAMETRIC_REPRESENTATION_CONTEXT() REPRESENTATION_CONTEXT('2D SPACE',''
  ) );
#3723 = PCURVE('',#1751,#3724);
#3724 = DEFINITIONAL_REPRESENTATION('',(#3725),#3729);
#3725 = LINE('',#3726,#3727);
#3726 = CARTESIAN_POINT('',(0.,-0.));
#3727 = VECTOR('',#3728,1.);
#3728 = DIRECTION('',(0.,1.));
#3729 = ( GEOMETRIC_REPRESENTATION_CONTEXT(2) 
PARAMETRIC_REPRESENTATION_CONTEXT() REPRESENTATION_CONTEXT('2D SPACE',''
  ) );
#3730 = ORIENTED_EDGE('',*,*,#2761,.F.);
#3731 = ORIENTED_EDGE('',*,*,#3732,.T.);
#3732 = EDGE_CURVE('',#2685,#2714,#3733,.T.);
#3733 = SURFACE_CURVE('',#3734,(#3807,#3883),.PCURVE_S1.);
#3734 = B_SPLINE_CURVE_WITH_KNOTS('',8,(#3735,#3736,#3737,#3738,#3739,
    #3740,#3741,#3742,#3743,#3744,#3745,#3746,#3747,#3748,#3749,#3750,
    #3751,#3752,#3753,#3754,#3755,#3756,#3757,#3758,#3759,#3760,#3761,
    #3762,#3763,#3764,#3765,#3766,#3767,#3768,#3769,#3770,#3771,#3772,
    #3773,#3774,#3775,#3776,#3777,#3778,#3779,#3780,#3781,#3782,#3783,
    #3784,#3785,#3786,#3787,#3788,#3789,#3790,#3791,#3792,#3793,#3794,
    #3795,#3796,#3797,#3798,#3799,#3800,#3801,#3802,#3803,#3804,#3805,
    #3806),.UNSPECIFIED.,.F.,.F.,(9,7,7,7,7,7,7,7,7,7,9),(0.,
    0.271446763481,0.410296024588,0.446155368162,0.464607169286,
    0.500193708171,0.53882527095,0.558979856899,0.600492225815,
    0.743800518448,1.),.UNSPECIFIED.);
#3735 = CARTESIAN_POINT('',(-2.402717531897,23.44484375,4.5));
#3736 = CARTESIAN_POINT('',(-2.288370271536,23.384528768007,
    4.385114320013));
#3737 = CARTESIAN_POINT('',(-2.170478021009,23.32653775025,
    4.271063874985));
#3738 = CARTESIAN_POINT('',(-2.048533527579,23.270831194779,
    4.157863826094));
#3739 = CARTESIAN_POINT('',(-1.921935261582,23.217449712849,
    4.045688497056));
#3740 = CARTESIAN_POINT('',(-1.790055791291,23.166486810846,
    3.93484375036));
#3741 = CARTESIAN_POINT('',(-1.651881808244,23.118117600817,
    3.825900984632));
#3742 = CARTESIAN_POINT('',(-1.506265122736,23.072548400282,
    3.719607370805));
#3743 = CARTESIAN_POINT('',(-1.27055293638,23.008504443711,
    3.565165041828));
#3744 = CARTESIAN_POINT('',(-1.188292949073,22.987725112858,
    3.514114549782));
#3745 = CARTESIAN_POINT('',(-1.103020985903,22.967844003541,
    3.464365493577));
#3746 = CARTESIAN_POINT('',(-1.014262040906,22.948934650452,
    3.416178344951));
#3747 = CARTESIAN_POINT('',(-0.921551070078,22.931138881379,
    3.370010391942));
#3748 = CARTESIAN_POINT('',(-0.824420933529,22.914657179703,
    3.326520597143));
#3749 = CARTESIAN_POINT('',(-0.722339913398,22.899753251354,
    3.286601002113));
#3750 = CARTESIAN_POINT('',(-0.586681239192,22.883449245364,
    3.242408911133));
#3751 = CARTESIAN_POINT('',(-0.558472658742,22.880234829576,
    3.233664374411));
#3752 = CARTESIAN_POINT('',(-0.529894472726,22.877159345903,
    3.225268537898));
#3753 = CARTESIAN_POINT('',(-0.50094435399,22.874230456165,
    3.217246450671));
#3754 = CARTESIAN_POINT('',(-0.471623397991,22.87145639312,
    3.209624943657));
#3755 = CARTESIAN_POINT('',(-0.441936592059,22.868845782687,
    3.202432070864));
#3756 = CARTESIAN_POINT('',(-0.411893284656,22.866407466183,
    3.195696550611));
#3757 = CARTESIAN_POINT('',(-0.365872410201,22.862988885621,
    3.186231541376));
#3758 = CARTESIAN_POINT('',(-0.350146783308,22.861875418857,
    3.183144594737));
#3759 = CARTESIAN_POINT('',(-0.334332874472,22.860811165084,
    3.18019039298));
#3760 = CARTESIAN_POINT('',(-0.31843323081,22.859797339703,
    3.177372870764));
#3761 = CARTESIAN_POINT('',(-0.302450846043,22.858835130689,
    3.174695871274));
#3762 = CARTESIAN_POINT('',(-0.286389160491,22.857925698585,
    3.172163146222));
#3763 = CARTESIAN_POINT('',(-0.270252061082,22.857070176506,
    3.169778355844));
#3764 = CARTESIAN_POINT('',(-0.222784438713,22.854725796406,
    3.163237903872));
#3765 = CARTESIAN_POINT('',(-0.191257416386,22.853386349677,
    3.159493651151));
#3766 = CARTESIAN_POINT('',(-0.159498265939,22.852259324454,
    3.156338036226));
#3767 = CARTESIAN_POINT('',(-0.127545985677,22.851351648401,
    3.153793371841));
#3768 = CARTESIAN_POINT('',(-9.544341518936E-02,22.850668905696,
    3.151877654668));
#3769 = CARTESIAN_POINT('',(-6.323752990227E-02,22.850215060381,
    3.150603661981));
#3770 = CARTESIAN_POINT('',(-3.097973563852E-02,22.849992179717,
    3.149978048331));
#3771 = CARTESIAN_POINT('',(3.62872421353E-02,22.850008817999,
    3.150024752275));
#3772 = CARTESIAN_POINT('',(7.130256562439E-02,22.850289540084,
    3.150812719812));
#3773 = CARTESIAN_POINT('',(0.106247321724,22.850842334635,3.15236442944
    ));
#3774 = CARTESIAN_POINT('',(0.141056117898,22.851664182267,3.15467016063
    ));
#3775 = CARTESIAN_POINT('',(0.175670167114,22.852749474966,
    3.157711830816));
#3776 = CARTESIAN_POINT('',(0.210036800319,22.854090457697,
    3.161464438487));
#3777 = CARTESIAN_POINT('',(0.244108978915,22.855677670011,
    3.165897506297));
#3778 = CARTESIAN_POINT('',(0.295445225186,22.858451323005,3.17362631347
    ));
#3779 = CARTESIAN_POINT('',(0.312955328957,22.859466445292,
    3.176452173926));
#3780 = CARTESIAN_POINT('',(0.330370071423,22.860544248716,
    3.179449241986));
#3781 = CARTESIAN_POINT('',(0.347685015329,22.861683206034,
    3.182612580337));
#3782 = CARTESIAN_POINT('',(0.364896333282,22.862881768548,
    3.185937177899));
#3783 = CARTESIAN_POINT('',(0.382000807752,22.864138366103,
    3.189417949818));
#3784 = CARTESIAN_POINT('',(0.398995831067,22.865451407091,
    3.193049737473));
#3785 = CARTESIAN_POINT('',(0.450654476905,22.869636680916,
    3.204607965507));
#3786 = CARTESIAN_POINT('',(0.484954558574,22.872686633285,
    3.213006981989));
#3787 = CARTESIAN_POINT('',(0.518764864848,22.875955498513,
    3.221979978439));
#3788 = CARTESIAN_POINT('',(0.552077613605,22.879429964327,
    3.231483628646));
#3789 = CARTESIAN_POINT('',(0.58489128561,22.883097312507,3.241476490139
    ));
#3790 = CARTESIAN_POINT('',(0.617209883957,22.886945688177,
    3.251919834661));
#3791 = CARTESIAN_POINT('',(0.649042193502,22.890964369088,
    3.262778478639));
#3792 = CARTESIAN_POINT('',(0.788657516888,22.909573006025,
    3.312834972788));
#3793 = CARTESIAN_POINT('',(0.891028290855,22.925887562655,
    3.356141614119));
#3794 = CARTESIAN_POINT('',(0.988435748993,22.943734387731,
    3.402756278872));
#3795 = CARTESIAN_POINT('',(1.0814633773,22.962869041354,3.451848836661)
  );
#3796 = CARTESIAN_POINT('',(1.170602294953,22.983107222108,
    3.502812292506));
#3797 = CARTESIAN_POINT('',(1.256325260215,23.004319045502,
    3.555226367336));
#3798 = CARTESIAN_POINT('',(1.339093596843,23.026439097556,
    3.608855500768));
#3799 = CARTESIAN_POINT('',(1.562974758057,23.090629630291,
    3.761525612969));
#3800 = CARTESIAN_POINT('',(1.698090684317,23.134519178115,
    3.862655156448));
#3801 = CARTESIAN_POINT('',(1.826855949516,23.18084949885,3.965957943142
    ));
#3802 = CARTESIAN_POINT('',(1.950229840111,23.229460007,4.070853493306)
  );
#3803 = CARTESIAN_POINT('',(2.069001826894,23.280220171348,
    4.176908215891));
#3804 = CARTESIAN_POINT('',(2.183700333194,23.333053280001,
    4.283867102442));
#3805 = CARTESIAN_POINT('',(2.294803725215,23.38792221682,4.391578047528
    ));
#3806 = CARTESIAN_POINT('',(2.402718129085,23.444844065,4.5000006));
#3807 = PCURVE('',#1751,#3808);
#3808 = DEFINITIONAL_REPRESENTATION('',(#3809),#3882);
#3809 = B_SPLINE_CURVE_WITH_KNOTS('',8,(#3810,#3811,#3812,#3813,#3814,
    #3815,#3816,#3817,#3818,#3819,#3820,#3821,#3822,#3823,#3824,#3825,
    #3826,#3827,#3828,#3829,#3830,#3831,#3832,#3833,#3834,#3835,#3836,
    #3837,#3838,#3839,#3840,#3841,#3842,#3843,#3844,#3845,#3846,#3847,
    #3848,#3849,#3850,#3851,#3852,#3853,#3854,#3855,#3856,#3857,#3858,
    #3859,#3860,#3861,#3862,#3863,#3864,#3865,#3866,#3867,#3868,#3869,
    #3870,#3871,#3872,#3873,#3874,#3875,#3876,#3877,#3878,#3879,#3880,
    #3881),.UNSPECIFIED.,.F.,.F.,(9,7,7,7,7,7,7,7,7,7,9),(0.,
    0.271446763481,0.410296024588,0.446155368162,0.464607169286,
    0.500193708171,0.53882527095,0.558979856899,0.600492225815,
    0.743800518448,1.),.UNSPECIFIED.);
#3810 = CARTESIAN_POINT('',(2.179830558301,2.));
#3811 = CARTESIAN_POINT('',(2.165715559406,1.885114320013));
#3812 = CARTESIAN_POINT('',(2.149709092169,1.771063874985));
#3813 = CARTESIAN_POINT('',(2.131518471945,1.657863826095));
#3814 = CARTESIAN_POINT('',(2.110766018876,1.545688497055));
#3815 = CARTESIAN_POINT('',(2.087005838759,1.434843750361));
#3816 = CARTESIAN_POINT('',(2.059589684309,1.325900984632));
#3817 = CARTESIAN_POINT('',(2.027743944027,1.219607370805));
#3818 = CARTESIAN_POINT('',(1.970701660098,1.065165041828));
#3819 = CARTESIAN_POINT('',(1.949906844246,1.014114549782));
#3820 = CARTESIAN_POINT('',(1.927400786664,0.964365493577));
#3821 = CARTESIAN_POINT('',(1.902947938192,0.916178344951));
#3822 = CARTESIAN_POINT('',(1.876295817166,0.870010391942));
#3823 = CARTESIAN_POINT('',(1.847184483474,0.826520597143));
#3824 = CARTESIAN_POINT('',(1.815354418061,0.786601002113));
#3825 = CARTESIAN_POINT('',(1.77154893839,0.742408911133));
#3826 = CARTESIAN_POINT('',(1.762364562152,0.733664374411));
#3827 = CARTESIAN_POINT('',(1.752985225782,0.725268537898));
#3828 = CARTESIAN_POINT('',(1.743410583755,0.717246450671));
#3829 = CARTESIAN_POINT('',(1.73364199535,0.709624943657));
#3830 = CARTESIAN_POINT('',(1.723682815464,0.702432070864));
#3831 = CARTESIAN_POINT('',(1.713538685435,0.695696550611));
#3832 = CARTESIAN_POINT('',(1.697907116355,0.686231541376));
#3833 = CARTESIAN_POINT('',(1.692549702103,0.683144594737));
#3834 = CARTESIAN_POINT('',(1.687146753247,0.68019039298));
#3835 = CARTESIAN_POINT('',(1.681699662282,0.677372870764));
#3836 = CARTESIAN_POINT('',(1.676210042056,0.674695871274));
#3837 = CARTESIAN_POINT('',(1.670679725772,0.672163146221));
#3838 = CARTESIAN_POINT('',(1.665110766988,0.669778355844));
#3839 = CARTESIAN_POINT('',(1.648694885173,0.663237903872));
#3840 = CARTESIAN_POINT('',(1.637747973628,0.659493651151));
#3841 = CARTESIAN_POINT('',(1.626682452169,0.656338036226));
#3842 = CARTESIAN_POINT('',(1.615518353686,0.653793371841));
#3843 = CARTESIAN_POINT('',(1.604277863192,0.651877654668));
#3844 = CARTESIAN_POINT('',(1.592985184248,0.650603661981));
#3845 = CARTESIAN_POINT('',(1.581666405392,0.649978048331));
#3846 = CARTESIAN_POINT('',(1.558063965679,0.650024752275));
#3847 = CARTESIAN_POINT('',(1.54577814069,0.650812719812));
#3848 = CARTESIAN_POINT('',(1.533527772755,0.652364429439));
#3849 = CARTESIAN_POINT('',(1.52134606976,0.65467016063));
#3850 = CARTESIAN_POINT('',(1.509263405806,0.657711830816));
#3851 = CARTESIAN_POINT('',(1.497307160704,0.661464438487));
#3852 = CARTESIAN_POINT('',(1.485501559472,0.665897506297));
#3853 = CARTESIAN_POINT('',(1.467797878704,0.67362631347));
#3854 = CARTESIAN_POINT('',(1.461774525811,0.676452173926));
#3855 = CARTESIAN_POINT('',(1.455800125779,0.679449241986));
#3856 = CARTESIAN_POINT('',(1.44987704875,0.682612580337));
#3857 = CARTESIAN_POINT('',(1.444007362379,0.685937177899));
#3858 = CARTESIAN_POINT('',(1.438192831838,0.689417949818));
#3859 = CARTESIAN_POINT('',(1.43243491981,0.693049737473));
#3860 = CARTESIAN_POINT('',(1.414994230891,0.704607965507));
#3861 = CARTESIAN_POINT('',(1.403499542809,0.713006981989));
#3862 = CARTESIAN_POINT('',(1.392260035554,0.721979978439));
#3863 = CARTESIAN_POINT('',(1.381281097291,0.731483628646));
#3864 = CARTESIAN_POINT('',(1.370564711368,0.741476490139));
#3865 = CARTESIAN_POINT('',(1.360109976644,0.751919834661));
#3866 = CARTESIAN_POINT('',(1.349913627814,0.762778478639));
#3867 = CARTESIAN_POINT('',(1.305645251711,0.812834972788));
#3868 = CARTESIAN_POINT('',(1.274415536251,0.856141614119));
#3869 = CARTESIAN_POINT('',(1.245936201144,0.902756278872));
#3870 = CARTESIAN_POINT('',(1.219913048654,0.951848836661));
#3871 = CARTESIAN_POINT('',(1.196070280298,1.002812292506));
#3872 = CARTESIAN_POINT('',(1.174149596635,1.055226367336));
#3873 = CARTESIAN_POINT('',(1.153917951622,1.108855500768));
#3874 = CARTESIAN_POINT('',(1.101627984546,1.261525612969));
#3875 = CARTESIAN_POINT('',(1.072947099454,1.362655156448));
#3876 = CARTESIAN_POINT('',(1.048021611574,1.465957943142));
#3877 = CARTESIAN_POINT('',(1.02622182098,1.570853493307));
#3878 = CARTESIAN_POINT('',(1.007035558246,1.676908215891));
#3879 = CARTESIAN_POINT('',(0.990092328776,1.783867102442));
#3880 = CARTESIAN_POINT('',(0.975082943907,1.891578047528));
#3881 = CARTESIAN_POINT('',(0.961762021572,2.0000006));
#3882 = ( GEOMETRIC_REPRESENTATION_CONTEXT(2) 
PARAMETRIC_REPRESENTATION_CONTEXT() REPRESENTATION_CONTEXT('2D SPACE',''
  ) );
#3883 = PCURVE('',#2701,#3884);
#3884 = DEFINITIONAL_REPRESENTATION('',(#3885),#3958);
#3885 = B_SPLINE_CURVE_WITH_KNOTS('',8,(#3886,#3887,#3888,#3889,#3890,
    #3891,#3892,#3893,#3894,#3895,#3896,#3897,#3898,#3899,#3900,#3901,
    #3902,#3903,#3904,#3905,#3906,#3907,#3908,#3909,#3910,#3911,#3912,
    #3913,#3914,#3915,#3916,#3917,#3918,#3919,#3920,#3921,#3922,#3923,
    #3924,#3925,#3926,#3927,#3928,#3929,#3930,#3931,#3932,#3933,#3934,
    #3935,#3936,#3937,#3938,#3939,#3940,#3941,#3942,#3943,#3944,#3945,
    #3946,#3947,#3948,#3949,#3950,#3951,#3952,#3953,#3954,#3955,#3956,
    #3957),.UNSPECIFIED.,.F.,.F.,(9,7,7,7,7,7,7,7,7,7,9),(0.,
    0.271446763481,0.410296024588,0.446155368162,0.464607169286,
    0.500193708171,0.53882527095,0.558979856899,0.600492225815,
    0.743800518448,1.),.UNSPECIFIED.);
#3886 = CARTESIAN_POINT('',(4.227006050684,2.1));
#3887 = CARTESIAN_POINT('',(4.252108869136,1.985114320013));
#3888 = CARTESIAN_POINT('',(4.27761002896,1.871063874985));
#3889 = CARTESIAN_POINT('',(4.30362408814,1.757863826094));
#3890 = CARTESIAN_POINT('',(4.330278879281,1.645688497056));
#3891 = CARTESIAN_POINT('',(4.357704653476,1.53484375036));
#3892 = CARTESIAN_POINT('',(4.38610541764,1.425900984632));
#3893 = CARTESIAN_POINT('',(4.415711322281,1.319607370805));
#3894 = CARTESIAN_POINT('',(4.463140017458,1.165165041828));
#3895 = CARTESIAN_POINT('',(4.479611919862,1.114114549782));
#3896 = CARTESIAN_POINT('',(4.496608826729,1.064365493577));
#3897 = CARTESIAN_POINT('',(4.514223553536,1.016178344951));
#3898 = CARTESIAN_POINT('',(4.532546282872,0.970010391942));
#3899 = CARTESIAN_POINT('',(4.551667885303,0.926520597143));
#3900 = CARTESIAN_POINT('',(4.571693151989,0.886601002113));
#3901 = CARTESIAN_POINT('',(4.59822420096,0.842408911133));
#3902 = CARTESIAN_POINT('',(4.603736938765,0.833664374411));
#3903 = CARTESIAN_POINT('',(4.609317957896,0.825268537898));
#3904 = CARTESIAN_POINT('',(4.614967802043,0.817246450671));
#3905 = CARTESIAN_POINT('',(4.620686369641,0.809624943657));
#3906 = CARTESIAN_POINT('',(4.626472827359,0.802432070864));
#3907 = CARTESIAN_POINT('',(4.632325523599,0.795696550611));
#3908 = CARTESIAN_POINT('',(4.641286236498,0.786231541376));
#3909 = CARTESIAN_POINT('',(4.644347382605,0.783144594737));
#3910 = CARTESIAN_POINT('',(4.647424958976,0.78019039298));
#3911 = CARTESIAN_POINT('',(4.650518499933,0.777372870764));
#3912 = CARTESIAN_POINT('',(4.653627455446,0.774695871274));
#3913 = CARTESIAN_POINT('',(4.656751191136,0.772163146222));
#3914 = CARTESIAN_POINT('',(4.659888988271,0.769778355844));
#3915 = CARTESIAN_POINT('',(4.669117236901,0.763237903872));
#3916 = CARTESIAN_POINT('',(4.675244366622,0.759493651151));
#3917 = CARTESIAN_POINT('',(4.681414820686,0.756338036226));
#3918 = CARTESIAN_POINT('',(4.68762133681,0.753793371841));
#3919 = CARTESIAN_POINT('',(4.693855936644,0.751877654668));
#3920 = CARTESIAN_POINT('',(4.700109859744,0.750603661981));
#3921 = CARTESIAN_POINT('',(4.706373497547,0.749978048331));
#3922 = CARTESIAN_POINT('',(4.719435047029,0.750024752275));
#3923 = CARTESIAN_POINT('',(4.726234151083,0.750812719812));
#3924 = CARTESIAN_POINT('',(4.733020047233,0.75236442944));
#3925 = CARTESIAN_POINT('',(4.739780513921,0.75467016063));
#3926 = CARTESIAN_POINT('',(4.746504593243,0.757711830816));
#3927 = CARTESIAN_POINT('',(4.75318248389,0.761464438487));
#3928 = CARTESIAN_POINT('',(4.759805434091,0.765897506297));
#3929 = CARTESIAN_POINT('',(4.769788175975,0.77362631347));
#3930 = CARTESIAN_POINT('',(4.77319387848,0.776452173926));
#3931 = CARTESIAN_POINT('',(4.776581809091,0.779449241986));
#3932 = CARTESIAN_POINT('',(4.779951149958,0.782612580337));
#3933 = CARTESIAN_POINT('',(4.783301198349,0.785937177899));
#3934 = CARTESIAN_POINT('',(4.786631366652,0.789417949818));
#3935 = CARTESIAN_POINT('',(4.789941182377,0.793049737473));
#3936 = CARTESIAN_POINT('',(4.800004854131,0.804607965507));
#3937 = CARTESIAN_POINT('',(4.80669113604,0.813006981989));
#3938 = CARTESIAN_POINT('',(4.813286534538,0.821979978439));
#3939 = CARTESIAN_POINT('',(4.819789754539,0.831483628646));
#3940 = CARTESIAN_POINT('',(4.826200671047,0.841476490139));
#3941 = CARTESIAN_POINT('',(4.832520194988,0.851919834661));
#3942 = CARTESIAN_POINT('',(4.838750139055,0.862778478639));
#3943 = CARTESIAN_POINT('',(4.866099651821,0.912834972788));
#3944 = CARTESIAN_POINT('',(4.886221764312,0.956141614119));
#3945 = CARTESIAN_POINT('',(4.905442365562,1.002756278872));
#3946 = CARTESIAN_POINT('',(4.923875964486,1.051848836661));
#3947 = CARTESIAN_POINT('',(4.941618024731,1.102812292506));
#3948 = CARTESIAN_POINT('',(4.95876031807,1.155226367336));
#3949 = CARTESIAN_POINT('',(4.975393156966,1.208855500768));
#3950 = CARTESIAN_POINT('',(5.020616786773,1.361525612969));
#3951 = CARTESIAN_POINT('',(5.048185580081,1.462655156448));
#3952 = CARTESIAN_POINT('',(5.074736711036,1.565957943142));
#3953 = CARTESIAN_POINT('',(5.100462776938,1.670853493306));
#3954 = CARTESIAN_POINT('',(5.125523572857,1.776908215891));
#3955 = CARTESIAN_POINT('',(5.150029091306,1.883867102442));
#3956 = CARTESIAN_POINT('',(5.17408143533,1.991578047528));
#3957 = CARTESIAN_POINT('',(5.197772041187,2.1000006));
#3958 = ( GEOMETRIC_REPRESENTATION_CONTEXT(2) 
PARAMETRIC_REPRESENTATION_CONTEXT() REPRESENTATION_CONTEXT('2D SPACE',''
  ) );
#3959 = ORIENTED_EDGE('',*,*,#2737,.F.);
#3960 = ORIENTED_EDGE('',*,*,#3710,.F.);
#3961 = ORIENTED_EDGE('',*,*,#1736,.T.);
#3962 = ADVANCED_FACE('',(#3963),#1858,.F.);
#3963 = FACE_BOUND('',#3964,.F.);
#3964 = EDGE_LOOP('',(#3965,#3966,#3967,#3968));
#3965 = ORIENTED_EDGE('',*,*,#2917,.F.);
#3966 = ORIENTED_EDGE('',*,*,#1843,.F.);
#3967 = ORIENTED_EDGE('',*,*,#2435,.T.);
#3968 = ORIENTED_EDGE('',*,*,#3969,.F.);
#3969 = EDGE_CURVE('',#2890,#2436,#3970,.T.);
#3970 = SURFACE_CURVE('',#3971,(#3975,#3982),.PCURVE_S1.);
#3971 = LINE('',#3972,#3973);
#3972 = CARTESIAN_POINT('',(43.4,40.399999984689,11.));
#3973 = VECTOR('',#3974,1.);
#3974 = DIRECTION('',(-0.,-0.,-1.));
#3975 = PCURVE('',#1858,#3976);
#3976 = DEFINITIONAL_REPRESENTATION('',(#3977),#3981);
#3977 = LINE('',#3978,#3979);
#3978 = CARTESIAN_POINT('',(80.799999984686,0.));
#3979 = VECTOR('',#3980,1.);
#3980 = DIRECTION('',(0.,-1.));
#3981 = ( GEOMETRIC_REPRESENTATION_CONTEXT(2) 
PARAMETRIC_REPRESENTATION_CONTEXT() REPRESENTATION_CONTEXT('2D SPACE',''
  ) );
#3982 = PCURVE('',#2479,#3983);
#3983 = DEFINITIONAL_REPRESENTATION('',(#3984),#3988);
#3984 = LINE('',#3985,#3986);
#3985 = CARTESIAN_POINT('',(-3.14159265359,0.));
#3986 = VECTOR('',#3987,1.);
#3987 = DIRECTION('',(-0.,-1.));
#3988 = ( GEOMETRIC_REPRESENTATION_CONTEXT(2) 
PARAMETRIC_REPRESENTATION_CONTEXT() REPRESENTATION_CONTEXT('2D SPACE',''
  ) );
#3989 = ADVANCED_FACE('',(#3990),#1808,.F.);
#3990 = FACE_BOUND('',#3991,.F.);
#3991 = EDGE_LOOP('',(#3992,#3993,#3994,#3995,#4018,#4045,#4046,#4047));
#3992 = ORIENTED_EDGE('',*,*,#2412,.F.);
#3993 = ORIENTED_EDGE('',*,*,#1793,.F.);
#3994 = ORIENTED_EDGE('',*,*,#3447,.F.);
#3995 = ORIENTED_EDGE('',*,*,#3996,.F.);
#3996 = EDGE_CURVE('',#3997,#3448,#3999,.T.);
#3997 = VERTEX_POINT('',#3998);
#3998 = CARTESIAN_POINT('',(33.15,-1.261386203122E-15,2.4));
#3999 = SEAM_CURVE('',#4000,(#4004,#4011),.PCURVE_S1.);
#4000 = LINE('',#4001,#4002);
#4001 = CARTESIAN_POINT('',(33.15,-1.261386203122E-15,2.4));
#4002 = VECTOR('',#4003,1.);
#4003 = DIRECTION('',(0.,0.,1.));
#4004 = PCURVE('',#1808,#4005);
#4005 = DEFINITIONAL_REPRESENTATION('',(#4006),#4010);
#4006 = LINE('',#4007,#4008);
#4007 = CARTESIAN_POINT('',(6.28318530718,-0.));
#4008 = VECTOR('',#4009,1.);
#4009 = DIRECTION('',(0.,1.));
#4010 = ( GEOMETRIC_REPRESENTATION_CONTEXT(2) 
PARAMETRIC_REPRESENTATION_CONTEXT() REPRESENTATION_CONTEXT('2D SPACE',''
  ) );
#4011 = PCURVE('',#1808,#4012);
#4012 = DEFINITIONAL_REPRESENTATION('',(#4013),#4017);
#4013 = LINE('',#4014,#4015);
#4014 = CARTESIAN_POINT('',(0.,-0.));
#4015 = VECTOR('',#4016,1.);
#4016 = DIRECTION('',(0.,1.));
#4017 = ( GEOMETRIC_REPRESENTATION_CONTEXT(2) 
PARAMETRIC_REPRESENTATION_CONTEXT() REPRESENTATION_CONTEXT('2D SPACE',''
  ) );
#4018 = ORIENTED_EDGE('',*,*,#4019,.T.);
#4019 = EDGE_CURVE('',#3997,#3997,#4020,.T.);
#4020 = SURFACE_CURVE('',#4021,(#4026,#4033),.PCURVE_S1.);
#4021 = CIRCLE('',#4022,5.15);
#4022 = AXIS2_PLACEMENT_3D('',#4023,#4024,#4025);
#4023 = CARTESIAN_POINT('',(28.,0.,2.4));
#4024 = DIRECTION('',(0.,0.,1.));
#4025 = DIRECTION('',(1.,0.,0.));
#4026 = PCURVE('',#1808,#4027);
#4027 = DEFINITIONAL_REPRESENTATION('',(#4028),#4032);
#4028 = LINE('',#4029,#4030);
#4029 = CARTESIAN_POINT('',(0.,0.));
#4030 = VECTOR('',#4031,1.);
#4031 = DIRECTION('',(1.,0.));
#4032 = ( GEOMETRIC_REPRESENTATION_CONTEXT(2) 
PARAMETRIC_REPRESENTATION_CONTEXT() REPRESENTATION_CONTEXT('2D SPACE',''
  ) );
#4033 = PCURVE('',#4034,#4039);
#4034 = PLANE('',#4035);
#4035 = AXIS2_PLACEMENT_3D('',#4036,#4037,#4038);
#4036 = CARTESIAN_POINT('',(28.,0.,2.4));
#4037 = DIRECTION('',(0.,0.,1.));
#4038 = DIRECTION('',(1.,0.,0.));
#4039 = DEFINITIONAL_REPRESENTATION('',(#4040),#4044);
#4040 = CIRCLE('',#4041,5.15);
#4041 = AXIS2_PLACEMENT_2D('',#4042,#4043);
#4042 = CARTESIAN_POINT('',(0.,0.));
#4043 = DIRECTION('',(1.,0.));
#4044 = ( GEOMETRIC_REPRESENTATION_CONTEXT(2) 
PARAMETRIC_REPRESENTATION_CONTEXT() REPRESENTATION_CONTEXT('2D SPACE',''
  ) );
#4045 = ORIENTED_EDGE('',*,*,#3996,.T.);
#4046 = ORIENTED_EDGE('',*,*,#3471,.F.);
#4047 = ORIENTED_EDGE('',*,*,#3374,.T.);
#4048 = ADVANCED_FACE('',(#4049),#2228,.T.);
#4049 = FACE_BOUND('',#4050,.F.);
#4050 = EDGE_LOOP('',(#4051));
#4051 = ORIENTED_EDGE('',*,*,#2213,.F.);
#4052 = ADVANCED_FACE('',(#4053),#2287,.F.);
#4053 = FACE_BOUND('',#4054,.T.);
#4054 = EDGE_LOOP('',(#4055,#4056,#4077,#4078));
#4055 = ORIENTED_EDGE('',*,*,#3188,.F.);
#4056 = ORIENTED_EDGE('',*,*,#4057,.T.);
#4057 = EDGE_CURVE('',#3166,#2267,#4058,.T.);
#4058 = SURFACE_CURVE('',#4059,(#4063,#4070),.PCURVE_S1.);
#4059 = LINE('',#4060,#4061);
#4060 = CARTESIAN_POINT('',(-40.4,-43.4,11.));
#4061 = VECTOR('',#4062,1.);
#4062 = DIRECTION('',(-0.,-0.,-1.));
#4063 = PCURVE('',#2287,#4064);
#4064 = DEFINITIONAL_REPRESENTATION('',(#4065),#4069);
#4065 = LINE('',#4066,#4067);
#4066 = CARTESIAN_POINT('',(-4.712388980385,0.));
#4067 = VECTOR('',#4068,1.);
#4068 = DIRECTION('',(-0.,-1.));
#4069 = ( GEOMETRIC_REPRESENTATION_CONTEXT(2) 
PARAMETRIC_REPRESENTATION_CONTEXT() REPRESENTATION_CONTEXT('2D SPACE',''
  ) );
#4070 = PCURVE('',#2315,#4071);
#4071 = DEFINITIONAL_REPRESENTATION('',(#4072),#4076);
#4072 = LINE('',#4073,#4074);
#4073 = CARTESIAN_POINT('',(0.,0.));
#4074 = VECTOR('',#4075,1.);
#4075 = DIRECTION('',(0.,-1.));
#4076 = ( GEOMETRIC_REPRESENTATION_CONTEXT(2) 
PARAMETRIC_REPRESENTATION_CONTEXT() REPRESENTATION_CONTEXT('2D SPACE',''
  ) );
#4077 = ORIENTED_EDGE('',*,*,#2266,.T.);
#4078 = ORIENTED_EDGE('',*,*,#3242,.F.);
#4079 = ADVANCED_FACE('',(#4080),#2315,.F.);
#4080 = FACE_BOUND('',#4081,.F.);
#4081 = EDGE_LOOP('',(#4082,#4083,#4084,#4085));
#4082 = ORIENTED_EDGE('',*,*,#3165,.F.);
#4083 = ORIENTED_EDGE('',*,*,#4057,.T.);
#4084 = ORIENTED_EDGE('',*,*,#2299,.T.);
#4085 = ORIENTED_EDGE('',*,*,#4086,.F.);
#4086 = EDGE_CURVE('',#3138,#2300,#4087,.T.);
#4087 = SURFACE_CURVE('',#4088,(#4092,#4099),.PCURVE_S1.);
#4088 = LINE('',#4089,#4090);
#4089 = CARTESIAN_POINT('',(40.399999984686,-43.39999999999,11.));
#4090 = VECTOR('',#4091,1.);
#4091 = DIRECTION('',(-0.,-0.,-1.));
#4092 = PCURVE('',#2315,#4093);
#4093 = DEFINITIONAL_REPRESENTATION('',(#4094),#4098);
#4094 = LINE('',#4095,#4096);
#4095 = CARTESIAN_POINT('',(80.799999984686,0.));
#4096 = VECTOR('',#4097,1.);
#4097 = DIRECTION('',(0.,-1.));
#4098 = ( GEOMETRIC_REPRESENTATION_CONTEXT(2) 
PARAMETRIC_REPRESENTATION_CONTEXT() REPRESENTATION_CONTEXT('2D SPACE',''
  ) );
#4099 = PCURVE('',#2348,#4100);
#4100 = DEFINITIONAL_REPRESENTATION('',(#4101),#4105);
#4101 = LINE('',#4102,#4103);
#4102 = CARTESIAN_POINT('',(-4.712388980385,0.));
#4103 = VECTOR('',#4104,1.);
#4104 = DIRECTION('',(-0.,-1.));
#4105 = ( GEOMETRIC_REPRESENTATION_CONTEXT(2) 
PARAMETRIC_REPRESENTATION_CONTEXT() REPRESENTATION_CONTEXT('2D SPACE',''
  ) );
#4106 = ADVANCED_FACE('',(#4107),#2348,.F.);
#4107 = FACE_BOUND('',#4108,.T.);
#4108 = EDGE_LOOP('',(#4109,#4110,#4131,#4132));
#4109 = ORIENTED_EDGE('',*,*,#3137,.F.);
#4110 = ORIENTED_EDGE('',*,*,#4111,.T.);
#4111 = EDGE_CURVE('',#3115,#2328,#4112,.T.);
#4112 = SURFACE_CURVE('',#4113,(#4117,#4124),.PCURVE_S1.);
#4113 = LINE('',#4114,#4115);
#4114 = CARTESIAN_POINT('',(43.399999992343,-40.39999999999,11.));
#4115 = VECTOR('',#4116,1.);
#4116 = DIRECTION('',(-0.,-0.,-1.));
#4117 = PCURVE('',#2348,#4118);
#4118 = DEFINITIONAL_REPRESENTATION('',(#4119),#4123);
#4119 = LINE('',#4120,#4121);
#4120 = CARTESIAN_POINT('',(-3.14159265359,0.));
#4121 = VECTOR('',#4122,1.);
#4122 = DIRECTION('',(-0.,-1.));
#4123 = ( GEOMETRIC_REPRESENTATION_CONTEXT(2) 
PARAMETRIC_REPRESENTATION_CONTEXT() REPRESENTATION_CONTEXT('2D SPACE',''
  ) );
#4124 = PCURVE('',#2376,#4125);
#4125 = DEFINITIONAL_REPRESENTATION('',(#4126),#4130);
#4126 = LINE('',#4127,#4128);
#4127 = CARTESIAN_POINT('',(0.,0.));
#4128 = VECTOR('',#4129,1.);
#4129 = DIRECTION('',(0.,-1.));
#4130 = ( GEOMETRIC_REPRESENTATION_CONTEXT(2) 
PARAMETRIC_REPRESENTATION_CONTEXT() REPRESENTATION_CONTEXT('2D SPACE',''
  ) );
#4131 = ORIENTED_EDGE('',*,*,#2327,.T.);
#4132 = ORIENTED_EDGE('',*,*,#4086,.F.);
#4133 = ADVANCED_FACE('',(#4134),#2376,.F.);
#4134 = FACE_BOUND('',#4135,.F.);
#4135 = EDGE_LOOP('',(#4136,#4137,#4138,#4139));
#4136 = ORIENTED_EDGE('',*,*,#3114,.F.);
#4137 = ORIENTED_EDGE('',*,*,#4111,.T.);
#4138 = ORIENTED_EDGE('',*,*,#2360,.T.);
#4139 = ORIENTED_EDGE('',*,*,#3421,.T.);
#4140 = ADVANCED_FACE('',(#4141),#2540,.F.);
#4141 = FACE_BOUND('',#4142,.T.);
#4142 = EDGE_LOOP('',(#4143,#4144,#4145,#4146));
#4143 = ORIENTED_EDGE('',*,*,#2838,.F.);
#4144 = ORIENTED_EDGE('',*,*,#2811,.T.);
#4145 = ORIENTED_EDGE('',*,*,#2519,.T.);
#4146 = ORIENTED_EDGE('',*,*,#4147,.F.);
#4147 = EDGE_CURVE('',#2839,#2492,#4148,.T.);
#4148 = SURFACE_CURVE('',#4149,(#4153,#4160),.PCURVE_S1.);
#4149 = LINE('',#4150,#4151);
#4150 = CARTESIAN_POINT('',(-40.4,43.399999992346,11.));
#4151 = VECTOR('',#4152,1.);
#4152 = DIRECTION('',(-0.,-0.,-1.));
#4153 = PCURVE('',#2540,#4154);
#4154 = DEFINITIONAL_REPRESENTATION('',(#4155),#4159);
#4155 = LINE('',#4156,#4157);
#4156 = CARTESIAN_POINT('',(-1.570796326795,0.));
#4157 = VECTOR('',#4158,1.);
#4158 = DIRECTION('',(-0.,-1.));
#4159 = ( GEOMETRIC_REPRESENTATION_CONTEXT(2) 
PARAMETRIC_REPRESENTATION_CONTEXT() REPRESENTATION_CONTEXT('2D SPACE',''
  ) );
#4160 = PCURVE('',#2507,#4161);
#4161 = DEFINITIONAL_REPRESENTATION('',(#4162),#4166);
#4162 = LINE('',#4163,#4164);
#4163 = CARTESIAN_POINT('',(0.,0.));
#4164 = VECTOR('',#4165,1.);
#4165 = DIRECTION('',(0.,-1.));
#4166 = ( GEOMETRIC_REPRESENTATION_CONTEXT(2) 
PARAMETRIC_REPRESENTATION_CONTEXT() REPRESENTATION_CONTEXT('2D SPACE',''
  ) );
#4167 = ADVANCED_FACE('',(#4168),#2507,.T.);
#4168 = FACE_BOUND('',#4169,.T.);
#4169 = EDGE_LOOP('',(#4170,#4171,#4172,#4173));
#4170 = ORIENTED_EDGE('',*,*,#2866,.F.);
#4171 = ORIENTED_EDGE('',*,*,#4147,.T.);
#4172 = ORIENTED_EDGE('',*,*,#2491,.T.);
#4173 = ORIENTED_EDGE('',*,*,#4174,.F.);
#4174 = EDGE_CURVE('',#2867,#2459,#4175,.T.);
#4175 = SURFACE_CURVE('',#4176,(#4180,#4187),.PCURVE_S1.);
#4176 = LINE('',#4177,#4178);
#4177 = CARTESIAN_POINT('',(40.4,43.399999992346,11.));
#4178 = VECTOR('',#4179,1.);
#4179 = DIRECTION('',(-0.,-0.,-1.));
#4180 = PCURVE('',#2507,#4181);
#4181 = DEFINITIONAL_REPRESENTATION('',(#4182),#4186);
#4182 = LINE('',#4183,#4184);
#4183 = CARTESIAN_POINT('',(80.8,0.));
#4184 = VECTOR('',#4185,1.);
#4185 = DIRECTION('',(0.,-1.));
#4186 = ( GEOMETRIC_REPRESENTATION_CONTEXT(2) 
PARAMETRIC_REPRESENTATION_CONTEXT() REPRESENTATION_CONTEXT('2D SPACE',''
  ) );
#4187 = PCURVE('',#2479,#4188);
#4188 = DEFINITIONAL_REPRESENTATION('',(#4189),#4193);
#4189 = LINE('',#4190,#4191);
#4190 = CARTESIAN_POINT('',(-1.570796326795,0.));
#4191 = VECTOR('',#4192,1.);
#4192 = DIRECTION('',(-0.,-1.));
#4193 = ( GEOMETRIC_REPRESENTATION_CONTEXT(2) 
PARAMETRIC_REPRESENTATION_CONTEXT() REPRESENTATION_CONTEXT('2D SPACE',''
  ) );
#4194 = ADVANCED_FACE('',(#4195),#2479,.F.);
#4195 = FACE_BOUND('',#4196,.T.);
#4196 = EDGE_LOOP('',(#4197,#4198,#4199,#4200));
#4197 = ORIENTED_EDGE('',*,*,#2889,.F.);
#4198 = ORIENTED_EDGE('',*,*,#4174,.T.);
#4199 = ORIENTED_EDGE('',*,*,#2458,.T.);
#4200 = ORIENTED_EDGE('',*,*,#3969,.F.);
#4201 = ADVANCED_FACE('',(#4202),#2598,.F.);
#4202 = FACE_BOUND('',#4203,.F.);
#4203 = EDGE_LOOP('',(#4204,#4227,#4228,#4229,#4230,#4231));
#4204 = ORIENTED_EDGE('',*,*,#4205,.T.);
#4205 = EDGE_CURVE('',#4206,#2580,#4208,.T.);
#4206 = VERTEX_POINT('',#4207);
#4207 = CARTESIAN_POINT('',(5.15,-28.,2.4));
#4208 = SEAM_CURVE('',#4209,(#4213,#4220),.PCURVE_S1.);
#4209 = LINE('',#4210,#4211);
#4210 = CARTESIAN_POINT('',(5.15,-28.,2.4));
#4211 = VECTOR('',#4212,1.);
#4212 = DIRECTION('',(0.,0.,1.));
#4213 = PCURVE('',#2598,#4214);
#4214 = DEFINITIONAL_REPRESENTATION('',(#4215),#4219);
#4215 = LINE('',#4216,#4217);
#4216 = CARTESIAN_POINT('',(6.28318530718,-0.));
#4217 = VECTOR('',#4218,1.);
#4218 = DIRECTION('',(0.,1.));
#4219 = ( GEOMETRIC_REPRESENTATION_CONTEXT(2) 
PARAMETRIC_REPRESENTATION_CONTEXT() REPRESENTATION_CONTEXT('2D SPACE',''
  ) );
#4220 = PCURVE('',#2598,#4221);
#4221 = DEFINITIONAL_REPRESENTATION('',(#4222),#4226);
#4222 = LINE('',#4223,#4224);
#4223 = CARTESIAN_POINT('',(0.,-0.));
#4224 = VECTOR('',#4225,1.);
#4225 = DIRECTION('',(0.,1.));
#4226 = ( GEOMETRIC_REPRESENTATION_CONTEXT(2) 
PARAMETRIC_REPRESENTATION_CONTEXT() REPRESENTATION_CONTEXT('2D SPACE',''
  ) );
#4227 = ORIENTED_EDGE('',*,*,#2610,.F.);
#4228 = ORIENTED_EDGE('',*,*,#3518,.F.);
#4229 = ORIENTED_EDGE('',*,*,#2579,.F.);
#4230 = ORIENTED_EDGE('',*,*,#4205,.F.);
#4231 = ORIENTED_EDGE('',*,*,#4232,.T.);
#4232 = EDGE_CURVE('',#4206,#4206,#4233,.T.);
#4233 = SURFACE_CURVE('',#4234,(#4239,#4246),.PCURVE_S1.);
#4234 = CIRCLE('',#4235,5.15);
#4235 = AXIS2_PLACEMENT_3D('',#4236,#4237,#4238);
#4236 = CARTESIAN_POINT('',(0.,-28.,2.4));
#4237 = DIRECTION('',(0.,0.,1.));
#4238 = DIRECTION('',(1.,0.,0.));
#4239 = PCURVE('',#2598,#4240);
#4240 = DEFINITIONAL_REPRESENTATION('',(#4241),#4245);
#4241 = LINE('',#4242,#4243);
#4242 = CARTESIAN_POINT('',(0.,0.));
#4243 = VECTOR('',#4244,1.);
#4244 = DIRECTION('',(1.,0.));
#4245 = ( GEOMETRIC_REPRESENTATION_CONTEXT(2) 
PARAMETRIC_REPRESENTATION_CONTEXT() REPRESENTATION_CONTEXT('2D SPACE',''
  ) );
#4246 = PCURVE('',#4247,#4252);
#4247 = PLANE('',#4248);
#4248 = AXIS2_PLACEMENT_3D('',#4249,#4250,#4251);
#4249 = CARTESIAN_POINT('',(0.,-28.,2.4));
#4250 = DIRECTION('',(0.,0.,1.));
#4251 = DIRECTION('',(1.,0.,0.));
#4252 = DEFINITIONAL_REPRESENTATION('',(#4253),#4257);
#4253 = CIRCLE('',#4254,5.15);
#4254 = AXIS2_PLACEMENT_2D('',#4255,#4256);
#4255 = CARTESIAN_POINT('',(0.,0.));
#4256 = DIRECTION('',(1.,0.));
#4257 = ( GEOMETRIC_REPRESENTATION_CONTEXT(2) 
PARAMETRIC_REPRESENTATION_CONTEXT() REPRESENTATION_CONTEXT('2D SPACE',''
  ) );
#4258 = ADVANCED_FACE('',(#4259),#2701,.F.);
#4259 = FACE_BOUND('',#4260,.F.);
#4260 = EDGE_LOOP('',(#4261,#4284,#4285,#4286,#4287,#4288));
#4261 = ORIENTED_EDGE('',*,*,#4262,.T.);
#4262 = EDGE_CURVE('',#4263,#2683,#4265,.T.);
#4263 = VERTEX_POINT('',#4264);
#4264 = CARTESIAN_POINT('',(5.15,28.,2.4));
#4265 = SEAM_CURVE('',#4266,(#4270,#4277),.PCURVE_S1.);
#4266 = LINE('',#4267,#4268);
#4267 = CARTESIAN_POINT('',(5.15,28.,2.4));
#4268 = VECTOR('',#4269,1.);
#4269 = DIRECTION('',(0.,0.,1.));
#4270 = PCURVE('',#2701,#4271);
#4271 = DEFINITIONAL_REPRESENTATION('',(#4272),#4276);
#4272 = LINE('',#4273,#4274);
#4273 = CARTESIAN_POINT('',(6.28318530718,-0.));
#4274 = VECTOR('',#4275,1.);
#4275 = DIRECTION('',(0.,1.));
#4276 = ( GEOMETRIC_REPRESENTATION_CONTEXT(2) 
PARAMETRIC_REPRESENTATION_CONTEXT() REPRESENTATION_CONTEXT('2D SPACE',''
  ) );
#4277 = PCURVE('',#2701,#4278);
#4278 = DEFINITIONAL_REPRESENTATION('',(#4279),#4283);
#4279 = LINE('',#4280,#4281);
#4280 = CARTESIAN_POINT('',(0.,-0.));
#4281 = VECTOR('',#4282,1.);
#4282 = DIRECTION('',(0.,1.));
#4283 = ( GEOMETRIC_REPRESENTATION_CONTEXT(2) 
PARAMETRIC_REPRESENTATION_CONTEXT() REPRESENTATION_CONTEXT('2D SPACE',''
  ) );
#4284 = ORIENTED_EDGE('',*,*,#2713,.F.);
#4285 = ORIENTED_EDGE('',*,*,#3732,.F.);
#4286 = ORIENTED_EDGE('',*,*,#2682,.F.);
#4287 = ORIENTED_EDGE('',*,*,#4262,.F.);
#4288 = ORIENTED_EDGE('',*,*,#4289,.T.);
#4289 = EDGE_CURVE('',#4263,#4263,#4290,.T.);
#4290 = SURFACE_CURVE('',#4291,(#4296,#4303),.PCURVE_S1.);
#4291 = CIRCLE('',#4292,5.15);
#4292 = AXIS2_PLACEMENT_3D('',#4293,#4294,#4295);
#4293 = CARTESIAN_POINT('',(0.,28.,2.4));
#4294 = DIRECTION('',(0.,0.,1.));
#4295 = DIRECTION('',(1.,0.,0.));
#4296 = PCURVE('',#2701,#4297);
#4297 = DEFINITIONAL_REPRESENTATION('',(#4298),#4302);
#4298 = LINE('',#4299,#4300);
#4299 = CARTESIAN_POINT('',(0.,0.));
#4300 = VECTOR('',#4301,1.);
#4301 = DIRECTION('',(1.,0.));
#4302 = ( GEOMETRIC_REPRESENTATION_CONTEXT(2) 
PARAMETRIC_REPRESENTATION_CONTEXT() REPRESENTATION_CONTEXT('2D SPACE',''
  ) );
#4303 = PCURVE('',#4304,#4309);
#4304 = PLANE('',#4305);
#4305 = AXIS2_PLACEMENT_3D('',#4306,#4307,#4308);
#4306 = CARTESIAN_POINT('',(0.,28.,2.4));
#4307 = DIRECTION('',(0.,0.,1.));
#4308 = DIRECTION('',(1.,0.,0.));
#4309 = DEFINITIONAL_REPRESENTATION('',(#4310),#4314);
#4310 = CIRCLE('',#4311,5.15);
#4311 = AXIS2_PLACEMENT_2D('',#4312,#4313);
#4312 = CARTESIAN_POINT('',(0.,0.));
#4313 = DIRECTION('',(1.,0.));
#4314 = ( GEOMETRIC_REPRESENTATION_CONTEXT(2) 
PARAMETRIC_REPRESENTATION_CONTEXT() REPRESENTATION_CONTEXT('2D SPACE',''
  ) );
#4315 = ADVANCED_FACE('',(#4316),#4034,.T.);
#4316 = FACE_BOUND('',#4317,.F.);
#4317 = EDGE_LOOP('',(#4318));
#4318 = ORIENTED_EDGE('',*,*,#4019,.F.);
#4319 = ADVANCED_FACE('',(#4320),#4247,.T.);
#4320 = FACE_BOUND('',#4321,.F.);
#4321 = EDGE_LOOP('',(#4322));
#4322 = ORIENTED_EDGE('',*,*,#4232,.F.);
#4323 = ADVANCED_FACE('',(#4324),#4304,.T.);
#4324 = FACE_BOUND('',#4325,.F.);
#4325 = EDGE_LOOP('',(#4326));
#4326 = ORIENTED_EDGE('',*,*,#4289,.F.);
#4327 = ( GEOMETRIC_REPRESENTATION_CONTEXT(3) 
GLOBAL_UNCERTAINTY_ASSIGNED_CONTEXT((#4331)) 
GLOBAL_UNIT_ASSIGNED_CONTEXT((#4328,#4329,#4330)) REPRESENTATION_CONTEXT
('Context #1','3D Context with UNIT and UNCERTAINTY') );
#4328 = ( LENGTH_UNIT() NAMED_UNIT(*) SI_UNIT(.MILLI.,.METRE.) );
#4329 = ( NAMED_UNIT(*) PLANE_ANGLE_UNIT() SI_UNIT($,.RADIAN.) );
#4330 = ( NAMED_UNIT(*) SI_UNIT($,.STERADIAN.) SOLID_ANGLE_UNIT() );
#4331 = UNCERTAINTY_MEASURE_WITH_UNIT(LENGTH_MEASURE(1.E-07),#4328,
  'distance_accuracy_value','confusion accuracy');
#4332 = PRODUCT_RELATED_PRODUCT_CATEGORY('part',$,(#7));
ENDSEC;
END-ISO-10303-21;
